{
"type": "FeatureCollection",
"name": "DGAV_surface_utilisation_today_lausanne",
"crs": { "type": "name", "properties": { "name": "urn:ogc:def:crs:EPSG::2056" } },
"features": [
{ "type": "Feature", "properties": { "ANNEE_DE_R": 2025, "CODE_PROGR": "Bio", "CODE_UTILI": 617, "IDENTIFICA": "VD_2025_44458", "NOMBRE_ARB": 0, "PROGRAMME": "Production bio", "SHAPE_AREA": 2024.35, "SHAPE_LEN": 203.684, "SURFACE_M2": 4049, "UTILISATIO": "Pâturages extensifs" }, "geometry": { "type": "MultiPolygon", "coordinates": [ [ [ [ 2534854.02, 1156563.163 ], [ 2534828.975, 1156541.368 ], [ 2534814.364, 1156546.061 ], [ 2534812.744, 1156546.964 ], [ 2534800.06900000013411, 1156554.03 ], [ 2534798.535000000149012, 1156555.678 ], [ 2534808.528, 1156568.405 ], [ 2534821.828000000212342, 1156581.405 ], [ 2534830.159, 1156599.345 ], [ 2534829.765000000130385, 1156608.736 ], [ 2534829.549000000115484, 1156613.906 ], [ 2534850.566000000108033, 1156602.05 ], [ 2534844.234999999869615, 1156594.749 ], [ 2534849.969, 1156583.058999999891967 ], [ 2534852.575000000186265, 1156577.739 ], [ 2534854.02, 1156563.163 ] ] ] ] } },
{ "type": "Feature", "properties": { "ANNEE_DE_R": 2025, "CODE_PROGR": "Bio", "CODE_UTILI": 616, "IDENTIFICA": "VD_2025_170082", "NOMBRE_ARB": 13, "PROGRAMME": "Production bio", "SHAPE_AREA": 1179.755, "SHAPE_LEN": 227.395, "SURFACE_M2": 2360, "UTILISATIO": "Pâturages (pâturages attenants à la ferme, autres pâturages sauf les pâturages d’estivage)" }, "geometry": { "type": "MultiPolygon", "coordinates": [ [ [ [ 2534731.333000000100583, 1156707.446 ], [ 2534730.506, 1156703.579 ], [ 2534718.765000000130385, 1156703.977 ], [ 2534711.742999999783933, 1156704.215 ], [ 2534704.657999999821186, 1156704.455 ], [ 2534701.990000000223517, 1156704.545 ], [ 2534693.575999999884516, 1156704.83 ], [ 2534680.299999999813735, 1156705.28 ], [ 2534664.721, 1156705.808 ], [ 2534645.116, 1156706.472 ], [ 2534625.648, 1156707.575999999884516 ], [ 2534626.358, 1156710.31 ], [ 2534626.830999999772757, 1156712.135 ], [ 2534627.68099999986589, 1156713.665 ], [ 2534629.026, 1156716.085 ], [ 2534631.080999999772757, 1156719.785 ], [ 2534632.646000000182539, 1156722.352 ], [ 2534633.528, 1156723.8 ], [ 2534634.490000000223517, 1156725.379 ], [ 2534651.963, 1156722.232 ], [ 2534731.333000000100583, 1156707.446 ] ] ] ] } },
{ "type": "Feature", "properties": { "ANNEE_DE_R": 2025, "CODE_PROGR": "Bio", "CODE_UTILI": 513, "IDENTIFICA": "VD_2025_472256", "NOMBRE_ARB": 0, "PROGRAMME": "Production bio", "SHAPE_AREA": 1336.273, "SHAPE_LEN": 198.936, "SURFACE_M2": 2673, "UTILISATIO": "Blé d'automne (sans blé fourrager de la liste swiss granum)" }, "geometry": { "type": "MultiPolygon", "coordinates": [ [ [ [ 2534743.873999999836087, 1156731.433 ], [ 2534739.660000000149012, 1156723.158 ], [ 2534659.313, 1156737.377 ], [ 2534662.704, 1156744.365 ], [ 2534669.313999999780208, 1156751.954 ], [ 2534749.46, 1156738.415 ], [ 2534743.873999999836087, 1156731.433 ] ] ] ] } },
{ "type": "Feature", "properties": { "ANNEE_DE_R": 2025, "CODE_PROGR": "Bio", "CODE_UTILI": 545, "IDENTIFICA": "VD_2025_502348", "NOMBRE_ARB": 0, "PROGRAMME": "Production bio", "SHAPE_AREA": 1181.988, "SHAPE_LEN": 194.902, "SURFACE_M2": 3546, "UTILISATIO": "Cultures maraîchères de plein champ annuelles (sauf les légumes de conserve)" }, "geometry": { "type": "MultiPolygon", "coordinates": [ [ [ [ 2534759.461999999824911, 1156750.916 ], [ 2534749.46, 1156738.415 ], [ 2534669.313999999780208, 1156751.954 ], [ 2534681.048, 1156765.426 ], [ 2534759.461999999824911, 1156750.916 ] ] ] ] } },
{ "type": "Feature", "properties": { "ANNEE_DE_R": 2025, "CODE_PROGR": "Non", "CODE_UTILI": 611, "IDENTIFICA": "VD_2025_55982", "NOMBRE_ARB": 1, "PROGRAMME": "Aucun programme", "SHAPE_AREA": 3307.514, "SHAPE_LEN": 427.875, "SURFACE_M2": 3308, "UTILISATIO": "Prairies extensives (sans les pâturages)" }, "geometry": { "type": "MultiPolygon", "coordinates": [ [ [ [ 2535089.461999999824911, 1157480.487999999895692 ], [ 2535090.552000000141561, 1157485.384 ], [ 2535105.812, 1157476.766 ], [ 2535116.455999999772757, 1157470.192 ], [ 2535144.203000000212342, 1157453.057 ], [ 2535147.776, 1157460.528 ], [ 2535165.015999999828637, 1157449.022000000113621 ], [ 2535163.616, 1157447.011 ], [ 2535177.291000000201166, 1157438.748 ], [ 2535216.646999999880791, 1157497.106 ], [ 2535238.646999999880791, 1157482.543 ], [ 2535237.183000000193715, 1157480.878 ], [ 2535230.873000000137836, 1157473.704 ], [ 2535235.504999999888241, 1157468.466 ], [ 2535237.685, 1157466.0 ], [ 2535228.125, 1157458.444 ], [ 2535218.258, 1157450.645 ], [ 2535221.103999999817461, 1157444.51 ], [ 2535186.595000000204891, 1157415.114 ], [ 2535156.901, 1157435.26 ], [ 2535139.284, 1157447.644 ], [ 2535089.461999999824911, 1157480.487999999895692 ] ] ] ] } },
{ "type": "Feature", "properties": { "ANNEE_DE_R": 2025, "CODE_PROGR": "Non", "CODE_UTILI": 704, "IDENTIFICA": "VD_2025_517317", "NOMBRE_ARB": 0, "PROGRAMME": "Aucun programme", "SHAPE_AREA": 4131.38, "SHAPE_LEN": 258.75, "SURFACE_M2": 4132, "UTILISATIO": "Cultures fruitières (fruits à noyau)" }, "geometry": { "type": "MultiPolygon", "coordinates": [ [ [ [ 2534925.859000000171363, 1157601.724 ], [ 2534935.486, 1157640.948 ], [ 2534938.629999999888241, 1157653.436 ], [ 2534941.478999999817461, 1157661.288 ], [ 2534945.231000000145286, 1157671.658 ], [ 2534977.671999999787658, 1157656.555 ], [ 2534998.018000000156462, 1157647.051 ], [ 2534976.11200000019744, 1157578.110000000102445 ], [ 2534925.859000000171363, 1157601.724 ] ] ] ] } },
{ "type": "Feature", "properties": { "ANNEE_DE_R": 2025, "CODE_PROGR": "Non", "CODE_UTILI": 554, "IDENTIFICA": "VD_2025_469561", "NOMBRE_ARB": 0, "PROGRAMME": "Aucun programme", "SHAPE_AREA": 204.528, "SHAPE_LEN": 68.545, "SURFACE_M2": 205, "UTILISATIO": "Cultures horticoles annuelles de plein champ (fleurs, gazon en rouleaux, etc.)" }, "geometry": { "type": "MultiPolygon", "coordinates": [ [ [ [ 2535247.734999999869615, 1157492.441000000108033 ], [ 2535252.463, 1157489.428 ], [ 2535248.316999999806285, 1157483.191000000108033 ], [ 2535225.707, 1157497.1 ], [ 2535230.029, 1157503.723 ], [ 2535247.734999999869615, 1157492.441000000108033 ] ] ] ] } },
{ "type": "Feature", "properties": { "ANNEE_DE_R": 2025, "CODE_PROGR": "Non", "CODE_UTILI": 611, "IDENTIFICA": "VD_2025_32686", "NOMBRE_ARB": 0, "PROGRAMME": "Aucun programme", "SHAPE_AREA": 2479.309, "SHAPE_LEN": 545.307, "SURFACE_M2": 2480, "UTILISATIO": "Prairies extensives (sans les pâturages)" }, "geometry": { "type": "MultiPolygon", "coordinates": [ [ [ [ 2535571.955563856288791, 1157710.079664522781968 ], [ 2535571.958999999798834, 1157710.079 ], [ 2535592.646999999880791, 1157704.119 ], [ 2535592.647000029217452, 1157704.118999910308048 ], [ 2535571.955563856288791, 1157710.079664522781968 ] ] ] ] } },
{ "type": "Feature", "properties": { "ANNEE_DE_R": 2025, "CODE_PROGR": "psmArableFarming", "CODE_UTILI": 527, "IDENTIFICA": "VD_2025_495587", "NOMBRE_ARB": 0, "PROGRAMME": "Non-recours aux produits phytosanitaires dans les grandes cultures", "SHAPE_AREA": 14777.687, "SHAPE_LEN": 517.277, "SURFACE_M2": 73889, "UTILISATIO": "Colza d’automne destiné à la fabrication d’huile comestible" }, "geometry": { "type": "MultiPolygon", "coordinates": [ [ [ [ 2536090.648, 1158189.555 ], [ 2536089.634, 1158174.609 ], [ 2536034.410999999847263, 1158181.563 ], [ 2536034.367, 1158196.82 ], [ 2536014.389, 1158220.023 ], [ 2536010.509999999776483, 1158224.946 ], [ 2536004.850999999791384, 1158230.579 ], [ 2536000.717999999877065, 1158242.952 ], [ 2536001.247, 1158249.432 ], [ 2535999.747, 1158258.182 ], [ 2535998.253, 1158264.256 ], [ 2536001.691000000108033, 1158272.069 ], [ 2536007.731000000145286, 1158283.968000000109896 ], [ 2536020.21, 1158310.152 ], [ 2536047.626000000163913, 1158366.383 ], [ 2536047.779, 1158367.843000000109896 ], [ 2536052.080999999772757, 1158372.384 ], [ 2536053.717000000178814, 1158372.223 ], [ 2536104.291999999899417, 1158367.23 ], [ 2536090.648, 1158189.555 ] ] ] ] } },
{ "type": "Feature", "properties": { "ANNEE_DE_R": 2025, "CODE_PROGR": "psmArableFarming", "CODE_UTILI": 513, "IDENTIFICA": "VD_2025_426144", "NOMBRE_ARB": 0, "PROGRAMME": "Non-recours aux produits phytosanitaires dans les grandes cultures", "SHAPE_AREA": 30306.062, "SHAPE_LEN": 698.56, "SURFACE_M2": 151531, "UTILISATIO": "Blé d'automne (sans blé fourrager de la liste swiss granum)" }, "geometry": { "type": "MultiPolygon", "coordinates": [ [ [ [ 2536068.233, 1159111.677 ], [ 2536064.883, 1158946.699 ], [ 2535847.024000000208616, 1158963.189 ], [ 2535849.812, 1158983.679 ], [ 2535859.541999999899417, 1159007.966 ], [ 2535864.383, 1159020.049000000115484 ], [ 2535868.893000000156462, 1159061.649 ], [ 2535898.765999999828637, 1159085.69 ], [ 2535903.301, 1159089.332 ], [ 2535909.00400000018999, 1159092.84 ], [ 2535920.933999999891967, 1159097.74 ], [ 2535934.583999999798834, 1159101.014999999897555 ], [ 2535976.705, 1159108.498 ], [ 2535992.409, 1159111.288 ], [ 2536023.324, 1159116.78 ], [ 2536035.344, 1159117.5 ], [ 2536068.233, 1159111.677 ] ] ] ] } },
{ "type": "Feature", "properties": { "ANNEE_DE_R": 2025, "CODE_PROGR": "Non", "CODE_UTILI": 902, "IDENTIFICA": "VD_2025_63532", "NOMBRE_ARB": 0, "PROGRAMME": "Aucun programme", "SHAPE_AREA": 34252.239, "SHAPE_LEN": 940.322, "SURFACE_M2": 34253, "UTILISATIO": "Surfaces improductives (p. ex. haies sans les bandes tampons, surfaces broyées, surfaces avec un degré élevé de mauvaises herbes)" }, "geometry": { "type": "MultiPolygon", "coordinates": [ [ [ [ 2536617.063, 1158101.554 ], [ 2536618.541000000201166, 1158100.94 ], [ 2536618.791000000201166, 1157992.94 ], [ 2536613.54, 1157988.376 ], [ 2536607.79, 1157987.126 ], [ 2536601.04, 1157987.376 ], [ 2536486.79, 1158035.376 ], [ 2536479.79, 1158043.376 ], [ 2536456.79, 1158054.876 ], [ 2536412.288000000175089, 1158073.832 ], [ 2536393.157000000122935, 1158077.314 ], [ 2536362.594, 1158082.126 ], [ 2536323.532000000122935, 1158088.001 ], [ 2536320.532000000122935, 1158090.189 ], [ 2536317.969, 1158095.501 ], [ 2536316.344, 1158100.439 ], [ 2536341.444999999832362, 1158228.598 ], [ 2536409.208999999798834, 1158223.599 ], [ 2536411.143000000156462, 1158223.450999999884516 ], [ 2536416.436000000219792, 1158223.066000000108033 ], [ 2536418.156, 1158222.933 ], [ 2536420.163000000175089, 1158222.777 ], [ 2536436.929, 1158221.477999999886379 ], [ 2536441.296999999787658, 1158221.139999999897555 ], [ 2536442.441000000108033, 1158221.051 ], [ 2536441.308000000193715, 1158133.835 ], [ 2536617.063, 1158101.554 ] ] ] ] } },
{ "type": "Feature", "properties": { "ANNEE_DE_R": 2025, "CODE_PROGR": "psmArableFarming", "CODE_UTILI": 513, "IDENTIFICA": "VD_2025_5760", "NOMBRE_ARB": 0, "PROGRAMME": "Non-recours aux produits phytosanitaires dans les grandes cultures", "SHAPE_AREA": 18224.857, "SHAPE_LEN": 662.966, "SURFACE_M2": 72900, "UTILISATIO": "Blé d'automne (sans blé fourrager de la liste swiss granum)" }, "geometry": { "type": "MultiPolygon", "coordinates": [ [ [ [ 2536346.106999999843538, 1158677.21 ], [ 2536344.52, 1158669.368 ], [ 2536244.098000000230968, 1158699.439 ], [ 2536151.674000000115484, 1158727.07 ], [ 2536160.566000000108033, 1158782.794 ], [ 2536164.395, 1158812.171 ], [ 2536167.329, 1158848.484 ], [ 2536185.910999999847263, 1158842.404 ], [ 2536225.626999999862164, 1158828.873 ], [ 2536270.929, 1158813.183999999891967 ], [ 2536314.75, 1158798.273 ], [ 2536301.106999999843538, 1158761.937 ], [ 2536296.21, 1158747.825999999884516 ], [ 2536290.294000000227243, 1158731.159 ], [ 2536283.521000000182539, 1158711.477 ], [ 2536331.044000000227243, 1158696.648 ], [ 2536349.707, 1158690.493 ], [ 2536346.106999999843538, 1158677.21 ] ] ] ] } },
{ "type": "Feature", "properties": { "ANNEE_DE_R": 2025, "CODE_PROGR": "Non", "CODE_UTILI": 611, "IDENTIFICA": "VD_2025_182564", "NOMBRE_ARB": 0, "PROGRAMME": "Aucun programme", "SHAPE_AREA": 5326.991, "SHAPE_LEN": 389.896, "SURFACE_M2": 5327, "UTILISATIO": "Prairies extensives (sans les pâturages)" }, "geometry": { "type": "MultiPolygon", "coordinates": [ [ [ [ 2536268.883, 1159120.479 ], [ 2536266.714000000152737, 1159108.034 ], [ 2536266.348000000230968, 1159105.84 ], [ 2536263.964000000152737, 1159091.534 ], [ 2536262.379999999888241, 1159084.838 ], [ 2536258.464000000152737, 1159068.284 ], [ 2536257.846, 1159065.761 ], [ 2536252.214000000152737, 1159042.784 ], [ 2536251.838, 1159041.501 ], [ 2536242.026, 1159008.01 ], [ 2536223.654999999795109, 1159012.814 ], [ 2536180.796999999787658, 1159023.873 ], [ 2536176.171999999787658, 1159028.748 ], [ 2536177.802999999839813, 1159079.861 ], [ 2536238.25, 1159064.637000000104308 ], [ 2536243.5, 1159090.512000000104308 ], [ 2536245.774000000208616, 1159100.215 ], [ 2536245.875, 1159106.512000000104308 ], [ 2536245.903, 1159118.036 ], [ 2536248.271999999880791, 1159131.018 ], [ 2536253.046999999787658, 1159129.873 ], [ 2536268.883, 1159120.479 ] ] ] ] } },
{ "type": "Feature", "properties": { "ANNEE_DE_R": 2025, "CODE_PROGR": "psArableSoilCoverage", "CODE_UTILI": 556, "IDENTIFICA": "VD_2025_502596", "NOMBRE_ARB": 0, "PROGRAMME": "Couverture appropriée du sol (les cultures principales sur terres ouvertes)", "SHAPE_AREA": 4911.884, "SHAPE_LEN": 359.362, "SURFACE_M2": 14736, "UTILISATIO": "Jachère florale" }, "geometry": { "type": "MultiPolygon", "coordinates": [ [ [ [ 2536640.700000000186265, 1154979.721 ], [ 2536637.958000000100583, 1154974.18 ], [ 2536634.11200000019744, 1154966.408 ], [ 2536631.677000000141561, 1154960.735000000102445 ], [ 2536629.895, 1154956.585 ], [ 2536627.848000000230968, 1154951.816000000108033 ], [ 2536625.580999999772757, 1154944.751 ], [ 2536625.126000000163913, 1154943.333000000100583 ], [ 2536623.957, 1154939.689 ], [ 2536622.142, 1154934.033 ], [ 2536618.393999999854714, 1154915.504999999888241 ], [ 2536621.271999999880791, 1154900.747 ], [ 2536603.805000000167638, 1154896.878 ], [ 2536592.992999999783933, 1154894.128 ], [ 2536590.225999999791384, 1154898.203 ], [ 2536587.663000000175089, 1154900.264999999897555 ], [ 2536585.881, 1154901.563 ], [ 2536578.538000000175089, 1154927.229 ], [ 2536568.86200000019744, 1154961.053 ], [ 2536567.844, 1154964.611 ], [ 2536560.085, 1154991.733 ], [ 2536575.697000000160187, 1154992.58 ], [ 2536576.921, 1154987.803 ], [ 2536615.793, 1154976.619 ], [ 2536620.54, 1154995.011 ], [ 2536622.643999999854714, 1154995.125 ], [ 2536657.052000000141561, 1154999.316000000108033 ], [ 2536653.048, 1154996.628 ], [ 2536650.26299999980256, 1154994.264999999897555 ], [ 2536648.473000000230968, 1154992.658 ], [ 2536644.758, 1154986.635 ], [ 2536642.574, 1154983.093000000109896 ], [ 2536641.535000000149012, 1154981.408 ], [ 2536640.700000000186265, 1154979.721 ] ] ] ] } },
{ "type": "Feature", "properties": { "ANNEE_DE_R": 2025, "CODE_PROGR": "psmArableFarming", "CODE_UTILI": 527, "IDENTIFICA": "VD_2025_63536", "NOMBRE_ARB": 1, "PROGRAMME": "Non-recours aux produits phytosanitaires dans les grandes cultures", "SHAPE_AREA": 42667.425, "SHAPE_LEN": 905.389, "SURFACE_M2": 213338, "UTILISATIO": "Colza d’automne destiné à la fabrication d’huile comestible" }, "geometry": { "type": "MultiPolygon", "coordinates": [ [ [ [ 2536612.083999999798834, 1157890.418 ], [ 2536593.560452805832028, 1157897.1954145738855 ], [ 2536594.461999999824911, 1157897.091 ], [ 2536613.231999999843538, 1157892.102 ], [ 2536613.178531833458692, 1157890.013259451370686 ], [ 2536612.083999999798834, 1157890.418 ] ] ], [ [ [ 2536502.417682855855674, 1157900.69511664356105 ], [ 2536510.061000000219792, 1157941.742 ], [ 2536518.561000000219792, 1157939.628 ], [ 2536559.853000000119209, 1157933.569 ], [ 2536573.336999999824911, 1157912.091 ], [ 2536573.922370262909681, 1157900.266520686913282 ], [ 2536502.417682855855674, 1157900.69511664356105 ] ] ] ] } },
{ "type": "Feature", "properties": { "ANNEE_DE_R": 2025, "CODE_PROGR": "Non", "CODE_UTILI": 617, "IDENTIFICA": "VD_2025_96043", "NOMBRE_ARB": 17, "PROGRAMME": "Aucun programme", "SHAPE_AREA": 21125.616, "SHAPE_LEN": 1634.727, "SURFACE_M2": 21126, "UTILISATIO": "Pâturages extensifs" }, "geometry": { "type": "MultiPolygon", "coordinates": [ [ [ [ 2536861.685, 1158276.149 ], [ 2536860.346, 1158276.79 ], [ 2536840.096, 1158282.79 ], [ 2536814.721, 1158282.915 ], [ 2536808.802000000141561, 1158280.937 ], [ 2536802.307, 1158278.54 ], [ 2536801.182, 1158278.143 ], [ 2536790.33600000012666, 1158274.121 ], [ 2536782.447999999858439, 1158271.209 ], [ 2536767.322999999858439, 1158257.709 ], [ 2536750.399000000208616, 1158240.42 ], [ 2536743.273, 1158236.327 ], [ 2536732.947999999858439, 1158230.709 ], [ 2536728.622, 1158224.703 ], [ 2536727.645, 1158224.447 ], [ 2536726.558999999891967, 1158224.033 ], [ 2536721.145, 1158214.322 ], [ 2536705.31900000013411, 1158170.942 ], [ 2536700.795, 1158158.544 ], [ 2536679.384999999776483, 1158095.688 ], [ 2536677.77, 1158090.947 ], [ 2536675.074, 1158081.324 ], [ 2536671.721, 1158069.360000000102445 ], [ 2536671.395, 1158068.197 ], [ 2536668.56, 1158044.325999999884516 ], [ 2536664.617, 1158011.116 ], [ 2536663.640000000130385, 1158004.102 ], [ 2536660.87099999981001, 1157984.217 ], [ 2536656.389, 1157964.962 ], [ 2536652.764, 1157958.073 ], [ 2536646.186000000219792, 1157948.724 ], [ 2536641.193, 1157934.111 ], [ 2536637.447999999858439, 1157924.916 ], [ 2536639.611, 1157935.214 ], [ 2536644.186000000219792, 1157957.367 ], [ 2536644.30599999986589, 1157960.483 ], [ 2536645.174000000115484, 1157983.0 ], [ 2536640.566999999806285, 1157981.796 ], [ 2536640.720000000204891, 1157999.715 ], [ 2536634.166999999899417, 1158058.788 ], [ 2536630.742999999783933, 1158159.610000000102445 ], [ 2536629.515000000130385, 1158199.319 ], [ 2536632.705, 1158202.818 ], [ 2536636.839999999850988, 1158205.372 ], [ 2536650.285999999847263, 1158213.372 ], [ 2536652.591, 1158215.599 ], [ 2536651.71100000012666, 1158216.569 ], [ 2536653.819999999832362, 1158218.121 ], [ 2536675.793, 1158234.132 ], [ 2536743.021999999880791, 1158283.382 ], [ 2536777.296, 1158300.121 ], [ 2536788.349, 1158305.519 ], [ 2536833.728999999817461, 1158329.374 ], [ 2536856.004999999888241, 1158341.16 ], [ 2536879.612999999895692, 1158352.999 ], [ 2536871.691999999806285, 1158334.589 ], [ 2536865.21100000012666, 1158323.154 ], [ 2536861.822000000160187, 1158314.702 ], [ 2536850.197000000160187, 1158292.271 ], [ 2536866.001999999862164, 1158283.408 ], [ 2536902.007000000216067, 1158264.754 ], [ 2536915.714999999850988, 1158292.443 ], [ 2536918.222, 1158297.24 ], [ 2536918.973000000230968, 1158298.704 ], [ 2536920.916000000201166, 1158302.493 ], [ 2536941.148, 1158292.529 ], [ 2536942.904999999795109, 1158296.134 ], [ 2536944.876999999862164, 1158300.234 ], [ 2536946.490000000223517, 1158303.647000000113621 ], [ 2536956.089999999850988, 1158298.843000000109896 ], [ 2536957.53899999987334, 1158297.584 ], [ 2536958.55599999986589, 1158296.77 ], [ 2536937.358, 1158244.914000000106171 ], [ 2536935.722, 1158240.142 ], [ 2536934.204, 1158238.762000000104308 ], [ 2536933.471, 1158241.79 ], [ 2536861.685, 1158276.149 ] ], [ [ 2536662.444999999832362, 1158060.971 ], [ 2536667.683999999891967, 1158095.024 ], [ 2536670.173, 1158108.033 ], [ 2536670.915, 1158112.551 ], [ 2536673.691000000108033, 1158118.668 ], [ 2536687.762000000104308, 1158154.993 ], [ 2536675.486, 1158157.572 ], [ 2536662.271999999880791, 1158137.066000000108033 ], [ 2536656.575000000186265, 1158119.028 ], [ 2536652.978000000119209, 1158095.051 ], [ 2536651.967999999877065, 1158074.668 ], [ 2536651.80599999986589, 1158060.741 ], [ 2536662.444999999832362, 1158060.971 ] ] ] ] } },
{ "type": "Feature", "properties": { "ANNEE_DE_R": 2025, "CODE_PROGR": "psClimateEfficientNUse", "CODE_UTILI": 601, "IDENTIFICA": "VD_2025_446680", "NOMBRE_ARB": 0, "PROGRAMME": "Utilisation efficiente de l’azote dans les grandes cultures", "SHAPE_AREA": 16761.807, "SHAPE_LEN": 544.049, "SURFACE_M2": 16762, "UTILISATIO": "Prairies artificielles (sans les pâturages)" }, "geometry": { "type": "MultiPolygon", "coordinates": [ [ [ [ 2536617.063, 1158101.554 ], [ 2536441.308000000193715, 1158133.835 ], [ 2536442.441000000108033, 1158221.051 ], [ 2536445.677999999839813, 1158220.8 ], [ 2536458.245000000111759, 1158219.827 ], [ 2536465.271999999880791, 1158219.277 ], [ 2536535.49599999981001, 1158213.818 ], [ 2536543.268000000156462, 1158213.174000000115484 ], [ 2536554.018000000156462, 1158212.522000000113621 ], [ 2536611.136, 1158209.056 ], [ 2536613.126000000163913, 1158208.385 ], [ 2536617.063, 1158101.554 ] ] ] ] } },
{ "type": "Feature", "properties": { "ANNEE_DE_R": 2025, "CODE_PROGR": "psGmf", "CODE_UTILI": 613, "IDENTIFICA": "VD_2025_147639", "NOMBRE_ARB": 0, "PROGRAMME": "Production de lait et de viande basée sur les herbages", "SHAPE_AREA": 22349.468, "SHAPE_LEN": 2879.695, "SURFACE_M2": 22350, "UTILISATIO": "Autres prairies permanentes (sans les pâturages)" }, "geometry": { "type": "MultiPolygon", "coordinates": [ [ [ [ 2536736.912, 1158692.346 ], [ 2536745.412, 1158683.346 ], [ 2536748.44400000013411, 1158677.616 ], [ 2536746.754999999888241, 1158654.158 ], [ 2536733.025, 1158573.572 ], [ 2536728.486, 1158563.921 ], [ 2536725.799999999813735, 1158564.825 ], [ 2536722.970000000204891, 1158558.346 ], [ 2536718.950000000186265, 1158544.986 ], [ 2536716.523, 1158538.483 ], [ 2536713.822999999858439, 1158538.945 ], [ 2536716.751999999862164, 1158546.543 ], [ 2536718.987999999895692, 1158553.468000000109896 ], [ 2536720.626999999862164, 1158558.543 ], [ 2536723.126999999862164, 1158565.105 ], [ 2536725.228999999817461, 1158573.23 ], [ 2536727.603999999817461, 1158587.23 ], [ 2536727.119, 1158613.105 ], [ 2536723.12900000018999, 1158631.662 ], [ 2536721.62900000018999, 1158639.662 ], [ 2536720.00400000018999, 1158649.287 ], [ 2536718.936000000219792, 1158655.159 ], [ 2536718.518999999854714, 1158657.449 ], [ 2536711.535000000149012, 1158701.436 ], [ 2536705.740000000223517, 1158737.93 ], [ 2536736.912, 1158692.346 ] ] ], [ [ [ 2536624.46, 1158742.772000000113621 ], [ 2536688.785999999847263, 1158741.085999999893829 ], [ 2536675.208999999798834, 1158774.191000000108033 ], [ 2536671.645, 1158782.881 ], [ 2536653.521000000182539, 1158827.072 ], [ 2536643.208000000100583, 1158852.219 ], [ 2536637.171, 1158873.862999999895692 ], [ 2536670.561000000219792, 1158807.3 ], [ 2536693.599, 1158760.017 ], [ 2536694.344, 1158758.487999999895692 ], [ 2536695.36200000019744, 1158756.4 ], [ 2536699.399000000208616, 1158749.416 ], [ 2536705.05599999986589, 1158739.983 ], [ 2536705.634, 1158739.118 ], [ 2536705.740000000223517, 1158737.93 ], [ 2536622.981999999843538, 1158739.976 ], [ 2536558.94, 1158741.558999999891967 ], [ 2536558.705999999772757, 1158744.541999999899417 ], [ 2536624.46, 1158742.772000000113621 ] ] ], [ [ [ 2536577.572000000160187, 1158922.847 ], [ 2536617.583999999798834, 1158928.727999999886379 ], [ 2536656.71, 1159110.665 ], [ 2536643.21, 1159111.278 ], [ 2536651.183000000193715, 1159111.991 ], [ 2536688.688999999780208, 1159115.343000000109896 ], [ 2536706.057, 1159118.606 ], [ 2536744.998999999836087, 1159124.15 ], [ 2536764.444999999832362, 1159127.386 ], [ 2536767.188999999780208, 1159127.843000000109896 ], [ 2536773.176, 1159128.442 ], [ 2536787.188999999780208, 1159129.843000000109896 ], [ 2536809.585, 1159130.974 ], [ 2536765.376000000163913, 1158923.382 ], [ 2536727.876000000163913, 1158749.382 ], [ 2536724.955, 1158743.935 ], [ 2536723.089999999850988, 1158745.623 ], [ 2536712.529999999795109, 1158755.183999999891967 ], [ 2536700.193, 1158780.0 ], [ 2536697.967999999877065, 1158784.476 ], [ 2536687.191000000108033, 1158806.154 ], [ 2536681.975, 1158816.645 ], [ 2536670.842000000178814, 1158839.038 ], [ 2536668.088, 1158844.578 ], [ 2536661.483, 1158857.862999999895692 ], [ 2536659.188, 1158862.479 ], [ 2536658.679, 1158863.503 ], [ 2536657.899000000208616, 1158865.071 ], [ 2536656.876000000163913, 1158867.129999999888241 ], [ 2536649.595000000204891, 1158881.775 ], [ 2536637.171, 1158873.862999999895692 ], [ 2536623.18099999986589, 1158924.02 ], [ 2536578.761, 1158918.123 ], [ 2536577.572000000160187, 1158922.847 ] ], [ [ 2536719.052999999839813, 1158770.535 ], [ 2536753.884, 1158938.726 ], [ 2536789.921, 1159112.954 ], [ 2536699.386, 1159107.976 ], [ 2536691.028, 1159072.41 ], [ 2536653.42, 1158912.09 ], [ 2536652.535000000149012, 1158908.318 ], [ 2536651.992, 1158906.002 ], [ 2536651.869, 1158901.404 ], [ 2536652.31900000013411, 1158900.473 ], [ 2536664.089000000152737, 1158877.556 ], [ 2536666.134999999776483, 1158873.571 ], [ 2536668.946, 1158868.098 ], [ 2536670.898, 1158864.298 ], [ 2536673.140999999828637, 1158859.931 ], [ 2536719.052999999839813, 1158770.535 ] ] ] ] } },
{ "type": "Feature", "properties": { "ANNEE_DE_R": 2025, "CODE_PROGR": "psmArableFarming", "CODE_UTILI": 513, "IDENTIFICA": "VD_2025_398295", "NOMBRE_ARB": 0, "PROGRAMME": "Non-recours aux produits phytosanitaires dans les grandes cultures", "SHAPE_AREA": 11068.511, "SHAPE_LEN": 492.562, "SURFACE_M2": 44275, "UTILISATIO": "Blé d'automne (sans blé fourrager de la liste swiss granum)" }, "geometry": { "type": "MultiPolygon", "coordinates": [ [ [ [ 2536632.623999999836087, 1159111.381 ], [ 2536641.284, 1159111.124 ], [ 2536643.21, 1159111.278 ], [ 2536656.71, 1159110.665 ], [ 2536617.583999999798834, 1158928.727999999886379 ], [ 2536577.572000000160187, 1158922.847 ], [ 2536558.782000000122935, 1158996.892 ], [ 2536556.308999999891967, 1158997.847 ], [ 2536550.714000000152737, 1159020.29 ], [ 2536545.143000000156462, 1159042.634 ], [ 2536562.964999999850988, 1159048.277 ], [ 2536564.623999999836087, 1159048.91 ], [ 2536592.464999999850988, 1159059.527 ], [ 2536619.953000000212342, 1159086.43 ], [ 2536632.623999999836087, 1159111.381 ] ] ] ] } },
{ "type": "Feature", "properties": { "ANNEE_DE_R": 2025, "CODE_PROGR": "psArableSoilCoverage", "CODE_UTILI": 521, "IDENTIFICA": "VD_2025_495593", "NOMBRE_ARB": 0, "PROGRAMME": "Couverture appropriée du sol (les cultures principales sur terres ouvertes)", "SHAPE_AREA": 22452.241, "SHAPE_LEN": 625.015, "SURFACE_M2": 67357, "UTILISATIO": "Maïs d'ensilage et maïs vert" }, "geometry": { "type": "MultiPolygon", "coordinates": [ [ [ [ 2536675.208999999798834, 1158774.191000000108033 ], [ 2536688.785999999847263, 1158741.085999999893829 ], [ 2536624.46, 1158742.772000000113621 ], [ 2536558.705999999772757, 1158744.541999999899417 ], [ 2536542.967000000178814, 1158744.966 ], [ 2536507.228999999817461, 1158908.627 ], [ 2536578.761, 1158918.123 ], [ 2536623.18099999986589, 1158924.02 ], [ 2536637.171, 1158873.862999999895692 ], [ 2536643.208000000100583, 1158852.219 ], [ 2536653.521000000182539, 1158827.072 ], [ 2536671.645, 1158782.881 ], [ 2536675.208999999798834, 1158774.191000000108033 ] ] ] ] } },
{ "type": "Feature", "properties": { "ANNEE_DE_R": 2025, "CODE_PROGR": "Bio", "CODE_UTILI": 611, "IDENTIFICA": "VD_2025_407114", "NOMBRE_ARB": 0, "PROGRAMME": "Production bio", "SHAPE_AREA": 794.504, "SHAPE_LEN": 402.392, "SURFACE_M2": 1590, "UTILISATIO": "Prairies extensives (sans les pâturages)" }, "geometry": { "type": "MultiPolygon", "coordinates": [ [ [ [ 2537000.844, 1154384.575 ], [ 2536997.594, 1154383.45 ], [ 2536990.529999999795109, 1154403.484 ], [ 2536982.531, 1154423.676 ], [ 2536974.025, 1154458.642 ], [ 2536973.9, 1154472.775 ], [ 2536969.799000000115484, 1154545.44 ], [ 2536968.248999999836087, 1154578.998 ], [ 2536971.623999999836087, 1154575.248 ], [ 2536972.998999999836087, 1154570.998 ], [ 2536975.605, 1154523.406999999890104 ], [ 2536977.98, 1154473.906999999890104 ], [ 2536979.043, 1154459.969 ], [ 2536980.704, 1154447.204 ], [ 2536985.061000000219792, 1154427.902 ], [ 2536993.162, 1154403.918 ], [ 2537000.844, 1154384.575 ] ] ] ] } },
{ "type": "Feature", "properties": { "ANNEE_DE_R": 2025, "CODE_PROGR": "Bio", "CODE_UTILI": 613, "IDENTIFICA": "VD_2025_500445", "NOMBRE_ARB": 0, "PROGRAMME": "Production bio", "SHAPE_AREA": 4347.433, "SHAPE_LEN": 431.491, "SURFACE_M2": 8695, "UTILISATIO": "Autres prairies permanentes (sans les pâturages)" }, "geometry": { "type": "MultiPolygon", "coordinates": [ [ [ [ 2536851.472, 1155439.474 ], [ 2536846.722, 1155441.974 ], [ 2536843.972, 1155440.099 ], [ 2536843.347, 1155436.724 ], [ 2536837.194999999832362, 1155436.247 ], [ 2536837.396000000182539, 1155413.51 ], [ 2536848.873999999836087, 1155410.216 ], [ 2536842.998999999836087, 1155400.591 ], [ 2536830.248999999836087, 1155394.341 ], [ 2536828.867999999783933, 1155392.546 ], [ 2536826.767, 1155389.814 ], [ 2536826.066000000108033, 1155388.903 ], [ 2536825.248999999836087, 1155387.841 ], [ 2536823.308999999891967, 1155382.919 ], [ 2536823.69, 1155381.305 ], [ 2536824.123999999836087, 1155379.466 ], [ 2536826.183999999891967, 1155370.669 ], [ 2536822.926, 1155364.926 ], [ 2536817.848000000230968, 1155358.126 ], [ 2536816.276, 1155356.982 ], [ 2536779.187, 1155380.99 ], [ 2536798.784, 1155411.386 ], [ 2536834.657000000122935, 1155476.366 ], [ 2536838.53899999987334, 1155484.129999999888241 ], [ 2536839.299000000115484, 1155485.45 ], [ 2536843.782000000122935, 1155494.616 ], [ 2536851.907000000122935, 1155469.991 ], [ 2536853.282000000122935, 1155457.741 ], [ 2536852.11200000019744, 1155445.933999999891967 ], [ 2536851.472, 1155439.474 ] ] ], [ [ [ 2536853.541999999899417, 1155419.591 ], [ 2536856.666999999899417, 1155448.216 ], [ 2536861.393999999854714, 1155441.949 ], [ 2536862.041999999899417, 1155441.091 ], [ 2536867.541999999899417, 1155432.591 ], [ 2536872.041999999899417, 1155421.591 ], [ 2536853.541999999899417, 1155419.591 ] ] ] ] } },
{ "type": "Feature", "properties": { "ANNEE_DE_R": 2025, "CODE_PROGR": "Bio", "CODE_UTILI": 611, "IDENTIFICA": "VD_2025_492056", "NOMBRE_ARB": 0, "PROGRAMME": "Production bio", "SHAPE_AREA": 9718.657, "SHAPE_LEN": 692.901, "SURFACE_M2": 19438, "UTILISATIO": "Prairies extensives (sans les pâturages)" }, "geometry": { "type": "MultiPolygon", "coordinates": [ [ [ [ 2536956.714000000152737, 1155706.575 ], [ 2536955.839999999850988, 1155692.054 ], [ 2536950.117999999783933, 1155692.382 ], [ 2536948.779, 1155678.841 ], [ 2536946.808999999891967, 1155658.913 ], [ 2536945.447000000160187, 1155642.262000000104308 ], [ 2536939.720000000204891, 1155572.252 ], [ 2536924.935, 1155382.085 ], [ 2536918.525, 1155379.503 ], [ 2536913.342999999877065, 1155383.450999999884516 ], [ 2536908.025, 1155387.503 ], [ 2536901.811000000219792, 1155426.393 ], [ 2536902.098000000230968, 1155447.845 ], [ 2536902.454, 1155474.403 ], [ 2536903.862999999895692, 1155579.529 ], [ 2536904.094, 1155596.759 ], [ 2536904.426, 1155621.512000000104308 ], [ 2536904.30599999986589, 1155653.813 ], [ 2536938.727, 1155688.482 ], [ 2536950.845000000204891, 1155700.671 ], [ 2536956.714000000152737, 1155706.575 ] ] ] ] } },
{ "type": "Feature", "properties": { "ANNEE_DE_R": 2025, "CODE_PROGR": "psmArableFarming", "CODE_UTILI": 527, "IDENTIFICA": "VD_2025_495326", "NOMBRE_ARB": 0, "PROGRAMME": "Non-recours aux produits phytosanitaires dans les grandes cultures", "SHAPE_AREA": 29976.631, "SHAPE_LEN": 695.079, "SURFACE_M2": 149884, "UTILISATIO": "Colza d’automne destiné à la fabrication d’huile comestible" }, "geometry": { "type": "MultiPolygon", "coordinates": [ [ [ [ 2537043.74599999981001, 1159026.764999999897555 ], [ 2537031.48, 1158860.514 ], [ 2536942.700000000186265, 1158870.867 ], [ 2536941.421999999787658, 1158871.016 ], [ 2536940.279, 1158871.149 ], [ 2536845.313999999780208, 1158882.223 ], [ 2536855.691000000108033, 1159034.601 ], [ 2536924.893999999854714, 1159031.717 ], [ 2536967.372, 1159029.947 ], [ 2536984.86200000019744, 1159029.219 ], [ 2536997.123000000137836, 1159028.708000000100583 ], [ 2537043.74599999981001, 1159026.764999999897555 ] ] ] ] } },
{ "type": "Feature", "properties": { "ANNEE_DE_R": 2025, "CODE_PROGR": "Bio", "CODE_UTILI": 617, "IDENTIFICA": "VD_2025_496368", "NOMBRE_ARB": 0, "PROGRAMME": "Production bio", "SHAPE_AREA": 27739.623, "SHAPE_LEN": 820.822, "SURFACE_M2": 55480, "UTILISATIO": "Pâturages extensifs" }, "geometry": { "type": "MultiPolygon", "coordinates": [ [ [ [ 2537188.939942770637572, 1155861.15986807201989 ], [ 2537188.668, 1155862.142 ], [ 2537201.521787608042359, 1155865.338029845617712 ], [ 2537188.939942770637572, 1155861.15986807201989 ] ] ] ] } },
{ "type": "Feature", "properties": { "ANNEE_DE_R": 2025, "CODE_PROGR": "Bio", "CODE_UTILI": 611, "IDENTIFICA": "VD_2025_402533", "NOMBRE_ARB": 0, "PROGRAMME": "Production bio", "SHAPE_AREA": 2672.658, "SHAPE_LEN": 701.838, "SURFACE_M2": 5346, "UTILISATIO": "Prairies extensives (sans les pâturages)" }, "geometry": { "type": "MultiPolygon", "coordinates": [ [ [ [ 2538945.169000000227243, 1152512.731 ], [ 2538943.969, 1152523.131 ], [ 2538991.969, 1152515.931 ], [ 2538987.969, 1152509.131 ], [ 2538945.169000000227243, 1152512.731 ] ] ], [ [ [ 2538883.969, 1152517.931 ], [ 2538868.369, 1152524.731 ], [ 2538863.56900000013411, 1152532.331 ], [ 2538873.56900000013411, 1152627.531 ], [ 2538878.768999999854714, 1152626.731 ], [ 2538874.481999999843538, 1152590.575 ], [ 2538880.369, 1152571.931 ], [ 2538882.369, 1152564.731 ], [ 2538877.56900000013411, 1152531.131 ], [ 2538918.768999999854714, 1152525.531 ], [ 2538914.768999999854714, 1152513.931 ], [ 2538883.969, 1152517.931 ] ] ], [ [ [ 2538963.06900000013411, 1152682.941000000108033 ], [ 2538962.869, 1152688.141 ], [ 2538991.869, 1152684.141 ], [ 2538977.06900000013411, 1152680.341 ], [ 2538963.06900000013411, 1152682.941000000108033 ] ] ], [ [ [ 2538978.253, 1152718.34 ], [ 2538993.174999999813735, 1152714.393 ], [ 2539000.082, 1152711.31 ], [ 2539010.441000000108033, 1152714.517 ], [ 2539030.78899999987334, 1152707.98 ], [ 2539023.265999999828637, 1152704.897000000113621 ], [ 2538974.183999999891967, 1152711.803 ], [ 2538945.079, 1152714.887000000104308 ], [ 2538928.43099999986589, 1152719.325999999884516 ], [ 2538929.541000000201166, 1152727.835 ], [ 2538966.538000000175089, 1152718.34 ], [ 2538972.950000000186265, 1152716.120000000111759 ], [ 2538978.253, 1152718.34 ] ] ] ] } },
{ "type": "Feature", "properties": { "ANNEE_DE_R": 2025, "CODE_PROGR": "Bio", "CODE_UTILI": 617, "IDENTIFICA": "VD_2025_402599", "NOMBRE_ARB": 0, "PROGRAMME": "Production bio", "SHAPE_AREA": 787.072, "SHAPE_LEN": 210.136, "SURFACE_M2": 1575, "UTILISATIO": "Pâturages extensifs" }, "geometry": { "type": "MultiPolygon", "coordinates": [ [ [ [ 2538898.916999999899417, 1152712.185 ], [ 2538897.984000000171363, 1152707.223 ], [ 2538872.92, 1152710.207 ], [ 2538871.546, 1152697.223 ], [ 2538887.83600000012666, 1152695.071 ], [ 2538887.148, 1152690.852999999886379 ], [ 2538881.526, 1152691.423 ], [ 2538880.776, 1152684.298 ], [ 2538877.273, 1152685.102999999886379 ], [ 2538876.148, 1152690.727999999886379 ], [ 2538860.648, 1152690.477999999886379 ], [ 2538861.023, 1152695.477999999886379 ], [ 2538848.151, 1152697.673 ], [ 2538854.952, 1152714.924000000115484 ], [ 2538860.151, 1152729.798 ], [ 2538860.779999999795109, 1152731.386 ], [ 2538862.279999999795109, 1152731.761 ], [ 2538860.171, 1152718.348 ], [ 2538898.916999999899417, 1152712.185 ] ] ] ] } },
{ "type": "Feature", "properties": { "ANNEE_DE_R": 2025, "CODE_PROGR": "Bio", "CODE_UTILI": 611, "IDENTIFICA": "VD_2025_500455", "NOMBRE_ARB": 0, "PROGRAMME": "Production bio", "SHAPE_AREA": 3024.854, "SHAPE_LEN": 763.305, "SURFACE_M2": 6050, "UTILISATIO": "Prairies extensives (sans les pâturages)" }, "geometry": { "type": "MultiPolygon", "coordinates": [ [ [ [ 2539038.399000000208616, 1152293.906 ], [ 2539039.781, 1152296.989 ], [ 2539033.296999999787658, 1152302.41 ], [ 2539036.592000000178814, 1152306.981 ], [ 2539070.183000000193715, 1152284.126 ], [ 2539077.517, 1152280.725 ], [ 2539078.793, 1152274.772000000113621 ], [ 2539076.242, 1152271.477 ], [ 2539072.202, 1152270.945 ], [ 2539038.399000000208616, 1152293.906 ] ] ], [ [ [ 2539086.66399999987334, 1152262.25 ], [ 2539090.154999999795109, 1152268.608 ], [ 2539091.9, 1152280.325999999884516 ], [ 2539087.910999999847263, 1152289.303 ], [ 2539078.935, 1152296.658 ], [ 2539099.75400000018999, 1152326.329 ], [ 2539104.242, 1152310.621 ], [ 2539101.998000000137836, 1152294.04 ], [ 2539091.028, 1152261.377 ], [ 2539086.66399999987334, 1152262.25 ] ] ], [ [ [ 2538916.677000000141561, 1152357.764 ], [ 2538924.552000000141561, 1152376.764 ], [ 2538947.802000000141561, 1152377.639 ], [ 2538957.802000000141561, 1152370.639 ], [ 2538942.177000000141561, 1152346.014 ], [ 2538916.677000000141561, 1152357.764 ] ] ], [ [ [ 2539078.171999999787658, 1152385.75 ], [ 2539076.399000000208616, 1152380.077 ], [ 2539090.582, 1152365.894 ], [ 2539107.24599999981001, 1152350.648 ], [ 2539104.764, 1152345.152 ], [ 2539079.767, 1152363.058 ], [ 2539082.603999999817461, 1152369.795 ], [ 2539075.867, 1152376.177 ], [ 2539053.529, 1152391.778 ], [ 2539037.219, 1152402.769 ], [ 2539042.359999999869615, 1152404.01 ], [ 2539052.819999999832362, 1152402.947 ], [ 2539061.683999999891967, 1152400.465 ], [ 2539057.606999999843538, 1152395.855 ], [ 2539067.711999999824911, 1152388.941000000108033 ], [ 2539074.271000000182539, 1152390.360000000102445 ], [ 2539078.171999999787658, 1152385.75 ] ] ], [ [ [ 2538991.932, 1152407.75 ], [ 2538969.756, 1152376.069 ], [ 2538976.205, 1152370.412 ], [ 2538973.490000000223517, 1152366.791 ], [ 2538950.974, 1152383.537 ], [ 2538964.890999999828637, 1152383.084 ], [ 2538973.716, 1152386.818 ], [ 2538977.109999999869615, 1152393.607 ], [ 2538983.220000000204891, 1152408.541999999899417 ], [ 2538993.29, 1152410.352 ], [ 2539008.565, 1152407.637000000104308 ], [ 2539003.926, 1152400.848 ], [ 2538991.932, 1152407.75 ] ] ] ] } },
{ "type": "Feature", "properties": { "ANNEE_DE_R": 2025, "CODE_PROGR": "Bio", "CODE_UTILI": 617, "IDENTIFICA": "VD_2025_393152", "NOMBRE_ARB": 17, "PROGRAMME": "Production bio", "SHAPE_AREA": 14237.493, "SHAPE_LEN": 804.478, "SURFACE_M2": 28475, "UTILISATIO": "Pâturages extensifs" }, "geometry": { "type": "MultiPolygon", "coordinates": [ [ [ [ 2539956.883, 1159982.082 ], [ 2539929.707, 1159967.644 ], [ 2539916.582, 1159960.769 ], [ 2539908.207, 1159957.519 ], [ 2539914.682, 1159948.808 ], [ 2539911.508, 1159945.182 ], [ 2539923.545, 1159930.626 ], [ 2539924.893000000156462, 1159923.427 ], [ 2539901.492, 1159882.607 ], [ 2539883.012000000104308, 1159848.628 ], [ 2539870.921, 1159822.258 ], [ 2539871.251000000163913, 1159802.778 ], [ 2539859.898, 1159783.244 ], [ 2539845.433999999891967, 1159763.856 ], [ 2539843.76299999980256, 1159744.02 ], [ 2539843.003, 1159734.99 ], [ 2539827.509999999776483, 1159720.795 ], [ 2539803.486, 1159750.748 ], [ 2539785.606000000145286, 1159763.855 ], [ 2539777.48700000019744, 1159781.001 ], [ 2539778.489, 1159791.048 ], [ 2539793.569999999832362, 1159806.145 ], [ 2539798.452, 1159817.68 ], [ 2539810.401999999769032, 1159842.479 ], [ 2539830.122, 1159834.389 ], [ 2539844.046, 1159862.358 ], [ 2539856.921, 1159886.983 ], [ 2539864.296, 1159899.983 ], [ 2539884.793, 1159926.128 ], [ 2539886.86200000019744, 1159929.041 ], [ 2539873.171, 1159943.358 ], [ 2539893.521000000182539, 1159965.571 ], [ 2539881.634, 1159977.601 ], [ 2539885.791999999899417, 1159982.514999999897555 ], [ 2539895.799000000115484, 1159972.649 ], [ 2539904.541000000201166, 1159981.306 ], [ 2539895.807, 1159990.235000000102445 ], [ 2539902.262000000104308, 1159995.321 ], [ 2539910.622, 1159998.172 ], [ 2539926.01299999980256, 1160003.968000000109896 ], [ 2539941.258, 1160009.922 ], [ 2539956.883, 1159982.082 ] ] ] ] } },
{ "type": "Feature", "properties": { "ANNEE_DE_R": 2025, "CODE_PROGR": "psClimateEfficientNUse", "CODE_UTILI": 601, "IDENTIFICA": "VD_2025_208138", "NOMBRE_ARB": 0, "PROGRAMME": "Utilisation efficiente de l’azote dans les grandes cultures", "SHAPE_AREA": 31430.894, "SHAPE_LEN": 748.163, "SURFACE_M2": 62862, "UTILISATIO": "Prairies artificielles (sans les pâturages)" }, "geometry": { "type": "MultiPolygon", "coordinates": [ [ [ [ 2539761.457, 1160127.222 ], [ 2539696.740000000223517, 1159984.147000000113621 ], [ 2539695.233, 1159981.778 ], [ 2539645.63799999980256, 1160013.726 ], [ 2539547.938, 1160045.065 ], [ 2539504.311000000219792, 1160031.908 ], [ 2539522.089000000152737, 1160069.368 ], [ 2539534.866, 1160096.591 ], [ 2539542.173, 1160114.23 ], [ 2539550.977, 1160135.48 ], [ 2539575.943, 1160197.35 ], [ 2539594.668, 1160190.996 ], [ 2539643.034, 1160178.739 ], [ 2539704.157999999821186, 1160162.632 ], [ 2539734.098000000230968, 1160148.431 ], [ 2539755.637000000104308, 1160133.651 ], [ 2539761.457, 1160127.222 ] ] ] ] } },
{ "type": "Feature", "properties": { "ANNEE_DE_R": 2025, "CODE_PROGR": "Bio", "CODE_UTILI": 601, "IDENTIFICA": "VD_2025_436475", "NOMBRE_ARB": 0, "PROGRAMME": "Production bio", "SHAPE_AREA": 26124.636, "SHAPE_LEN": 709.602, "SURFACE_M2": 78374, "UTILISATIO": "Prairies artificielles (sans les pâturages)" }, "geometry": { "type": "MultiPolygon", "coordinates": [ [ [ [ 2539802.049000000115484, 1160147.126 ], [ 2539784.253, 1160109.804 ], [ 2539758.998000000137836, 1160137.791 ], [ 2539736.13799999980256, 1160152.661 ], [ 2539712.068, 1160164.332 ], [ 2539711.13799999980256, 1160170.722 ], [ 2539770.591, 1160402.881 ], [ 2539775.791000000201166, 1160404.731 ], [ 2539881.183000000193715, 1160318.389 ], [ 2539865.492, 1160284.101 ], [ 2539857.964999999850988, 1160267.963 ], [ 2539831.628, 1160211.495000000111759 ], [ 2539827.464000000152737, 1160202.568 ], [ 2539818.935, 1160184.281 ], [ 2539814.799999999813735, 1160175.416 ], [ 2539809.231000000145286, 1160162.816000000108033 ], [ 2539802.049000000115484, 1160147.126 ] ] ] ] } },
{ "type": "Feature", "properties": { "ANNEE_DE_R": 2025, "CODE_PROGR": "Bio", "CODE_UTILI": 617, "IDENTIFICA": "VD_2025_111525", "NOMBRE_ARB": 4, "PROGRAMME": "Production bio", "SHAPE_AREA": 37912.032, "SHAPE_LEN": 960.727, "SURFACE_M2": 75825, "UTILISATIO": "Pâturages extensifs" }, "geometry": { "type": "MultiPolygon", "coordinates": [ [ [ [ 2540267.308999999891967, 1159916.399 ], [ 2540234.859000000171363, 1159813.610000000102445 ], [ 2540195.848000000230968, 1159815.02 ], [ 2540175.987999999895692, 1159813.691000000108033 ], [ 2540159.657999999821186, 1159837.591 ], [ 2540160.77, 1159848.987 ], [ 2540137.48700000019744, 1159869.125 ], [ 2540135.761, 1159886.97 ], [ 2540112.733, 1159897.112 ], [ 2540100.924000000115484, 1159902.313 ], [ 2540083.231000000145286, 1159895.632 ], [ 2540064.757000000216067, 1159909.777 ], [ 2540035.191000000108033, 1159908.266 ], [ 2540012.700000000186265, 1159907.117 ], [ 2540007.761, 1159906.865 ], [ 2539994.742, 1159907.051 ], [ 2539987.415, 1159907.175 ], [ 2539968.458000000100583, 1159922.893 ], [ 2539969.551, 1159929.43 ], [ 2539956.28899999987334, 1159941.19 ], [ 2539943.412, 1159943.548 ], [ 2539934.599, 1159945.161 ], [ 2539914.682, 1159948.808 ], [ 2539908.207, 1159957.519 ], [ 2539916.582, 1159960.769 ], [ 2539929.707, 1159967.644 ], [ 2539956.883, 1159982.082 ], [ 2539941.258, 1160009.922 ], [ 2539969.054, 1160016.116 ], [ 2539986.353999999817461, 1160018.107 ], [ 2540003.094, 1160020.033 ], [ 2540022.833000000100583, 1160022.305 ], [ 2540040.65, 1160022.612 ], [ 2540095.063, 1160020.263 ], [ 2540128.61200000019744, 1160010.062 ], [ 2540161.981999999843538, 1159994.210999999893829 ], [ 2540177.87099999981001, 1159983.061 ], [ 2540180.637000000104308, 1159980.567 ], [ 2540201.549999999813735, 1159961.71 ], [ 2540212.981999999843538, 1159952.21 ], [ 2540223.56, 1159943.419 ], [ 2540231.958000000100583, 1159936.75 ], [ 2540237.03899999987334, 1159932.819 ], [ 2540255.279, 1159920.919 ], [ 2540267.308999999891967, 1159916.399 ] ] ] ] } },
{ "type": "Feature", "properties": { "ANNEE_DE_R": 2025, "CODE_PROGR": "Bio", "CODE_UTILI": 617, "IDENTIFICA": "VD_2025_402537", "NOMBRE_ARB": 3, "PROGRAMME": "Production bio", "SHAPE_AREA": 1599.03, "SHAPE_LEN": 329.938, "SURFACE_M2": 3199, "UTILISATIO": "Pâturages extensifs" }, "geometry": { "type": "MultiPolygon", "coordinates": [ [ [ [ 2540330.972, 1154101.019 ], [ 2540247.151, 1154087.894 ], [ 2540234.026, 1154086.519 ], [ 2540233.151, 1154080.769 ], [ 2540230.717000000178814, 1154079.651 ], [ 2540216.526, 1154077.144 ], [ 2540204.472, 1154074.894 ], [ 2540198.026, 1154077.144 ], [ 2540190.776, 1154105.894 ], [ 2540198.776, 1154106.364 ], [ 2540200.597, 1154100.519 ], [ 2540204.347, 1154093.144 ], [ 2540209.347, 1154089.519 ], [ 2540214.347, 1154088.644 ], [ 2540215.471, 1154088.644 ], [ 2540218.097, 1154088.644 ], [ 2540220.597, 1154088.269 ], [ 2540223.222, 1154089.269 ], [ 2540234.222, 1154090.644 ], [ 2540241.472, 1154096.019 ], [ 2540244.722, 1154100.769 ], [ 2540327.472, 1154108.769 ], [ 2540330.972, 1154101.019 ] ] ] ] } },
{ "type": "Feature", "properties": { "ANNEE_DE_R": 2025, "CODE_PROGR": "psArableSoilCoverage", "CODE_UTILI": 556, "IDENTIFICA": "VD_2025_496655", "NOMBRE_ARB": 0, "PROGRAMME": "Couverture appropriée du sol (les cultures principales sur terres ouvertes)", "SHAPE_AREA": 6849.19, "SHAPE_LEN": 416.62, "SURFACE_M2": 13699, "UTILISATIO": "Jachère florale" }, "geometry": { "type": "MultiPolygon", "coordinates": [ [ [ [ 2540360.577, 1159994.886 ], [ 2540360.819999999832362, 1159973.739 ], [ 2540361.100999999791384, 1159950.281999999890104 ], [ 2540361.577, 1159928.886 ], [ 2540361.677999999839813, 1159901.125 ], [ 2540319.109000000171363, 1159909.44 ], [ 2540316.599, 1159945.558 ], [ 2540330.669000000227243, 1159949.327 ], [ 2540323.049000000115484, 1159977.767 ], [ 2540311.180000000167638, 1159974.568 ], [ 2540289.541000000201166, 1160041.398 ], [ 2540315.361, 1160047.958000000100583 ], [ 2540346.643999999854714, 1160051.774 ], [ 2540360.577, 1159994.886 ] ] ] ] } },
{ "type": "Feature", "properties": { "ANNEE_DE_R": 2025, "CODE_PROGR": "Bio", "CODE_UTILI": 601, "IDENTIFICA": "VD_2025_48111", "NOMBRE_ARB": 0, "PROGRAMME": "Production bio", "SHAPE_AREA": 20463.121, "SHAPE_LEN": 745.677, "SURFACE_M2": 61390, "UTILISATIO": "Prairies artificielles (sans les pâturages)" }, "geometry": { "type": "MultiPolygon", "coordinates": [ [ [ [ 2540350.659, 1160192.547 ], [ 2540402.065, 1160169.01 ], [ 2540405.548, 1160170.484 ], [ 2540406.491, 1160170.883 ], [ 2540409.742, 1160172.183999999891967 ], [ 2540417.214999999850988, 1160175.175 ], [ 2540421.967000000178814, 1160174.547 ], [ 2540427.503, 1160172.950999999884516 ], [ 2540429.46, 1160172.327 ], [ 2540434.259, 1160170.797 ], [ 2540442.19400000013411, 1160166.507 ], [ 2540443.214999999850988, 1160166.123 ], [ 2540456.307, 1160161.077 ], [ 2540466.967999999877065, 1160153.82 ], [ 2540468.19, 1160152.987999999895692 ], [ 2540470.503, 1160153.053 ], [ 2540483.896999999880791, 1160150.147000000113621 ], [ 2540490.299999999813735, 1160147.097 ], [ 2540517.943, 1160141.938 ], [ 2540540.281, 1160133.069 ], [ 2540522.751000000163913, 1160088.937 ], [ 2540500.046999999787658, 1160096.421 ], [ 2540488.429, 1160066.874 ], [ 2540402.157999999821186, 1160098.996 ], [ 2540386.29, 1160104.672 ], [ 2540366.151999999769032, 1160111.597 ], [ 2540340.555000000167638, 1160126.871 ], [ 2540315.555000000167638, 1160141.575999999884516 ], [ 2540277.808000000193715, 1160156.784 ], [ 2540251.41399999987334, 1160171.816000000108033 ], [ 2540285.924999999813735, 1160249.919 ], [ 2540333.981000000145286, 1160219.433 ], [ 2540335.419000000227243, 1160218.521 ], [ 2540343.873999999836087, 1160213.156999999890104 ], [ 2540341.728999999817461, 1160205.360000000102445 ], [ 2540342.015000000130385, 1160202.635 ], [ 2540350.659, 1160192.547 ] ] ] ] } },
{ "type": "Feature", "properties": { "ANNEE_DE_R": 2025, "CODE_PROGR": "Bio", "CODE_UTILI": 548, "IDENTIFICA": "VD_2025_431690", "NOMBRE_ARB": 0, "PROGRAMME": "Production bio", "SHAPE_AREA": 7866.576, "SHAPE_LEN": 493.075, "SURFACE_M2": 39333, "UTILISATIO": "Sarrasin" }, "geometry": { "type": "MultiPolygon", "coordinates": [ [ [ [ 2540602.424999999813735, 1153429.373 ], [ 2540485.805000000167638, 1153397.427 ], [ 2540497.19, 1153427.95 ], [ 2540505.321, 1153449.752 ], [ 2540534.9, 1153456.023 ], [ 2540542.916999999899417, 1153457.8 ], [ 2540586.916999999899417, 1153467.05 ], [ 2540593.528, 1153468.458000000100583 ], [ 2540614.600999999791384, 1153472.948 ], [ 2540640.990000000223517, 1153478.226 ], [ 2540663.097, 1153481.0 ], [ 2540699.501000000163913, 1153485.518 ], [ 2540673.805000000167638, 1153448.927 ], [ 2540616.48, 1153433.223 ], [ 2540602.424999999813735, 1153429.373 ] ] ] ] } },
{ "type": "Feature", "properties": { "ANNEE_DE_R": 2025, "CODE_PROGR": "Bio", "CODE_UTILI": 611, "IDENTIFICA": "VD_2025_431693", "NOMBRE_ARB": 0, "PROGRAMME": "Production bio", "SHAPE_AREA": 3822.716, "SHAPE_LEN": 544.173, "SURFACE_M2": 3823, "UTILISATIO": "Prairies extensives (sans les pâturages)" }, "geometry": { "type": "MultiPolygon", "coordinates": [ [ [ [ 2540826.85, 1153602.75 ], [ 2540822.108, 1153606.142 ], [ 2540817.450000000186265, 1153601.91 ], [ 2540811.44400000013411, 1153596.452 ], [ 2540809.759, 1153594.92 ], [ 2540806.842000000178814, 1153592.27 ], [ 2540799.045, 1153585.183999999891967 ], [ 2540792.77, 1153579.482 ], [ 2540782.673, 1153569.217 ], [ 2540766.759999999776483, 1153553.463 ], [ 2540759.76299999980256, 1153559.467 ], [ 2540780.614, 1153582.359 ], [ 2540779.606000000145286, 1153595.366 ], [ 2540777.972, 1153616.452 ], [ 2540776.349, 1153637.405 ], [ 2540718.569999999832362, 1153658.594 ], [ 2540712.961999999824911, 1153660.9 ], [ 2540672.098000000230968, 1153677.391 ], [ 2540663.281, 1153680.957 ], [ 2540661.657000000122935, 1153686.364 ], [ 2540674.041000000201166, 1153681.941000000108033 ], [ 2540689.316000000108033, 1153676.486 ], [ 2540710.677000000141561, 1153668.858 ], [ 2540724.355, 1153664.083000000100583 ], [ 2540744.219, 1153657.149 ], [ 2540764.498999999836087, 1153650.604 ], [ 2540783.594, 1153644.441000000108033 ], [ 2540800.594, 1153642.941000000108033 ], [ 2540815.063, 1153642.937 ], [ 2540821.991, 1153628.149 ], [ 2540823.151, 1153626.658 ], [ 2540825.491, 1153623.649 ], [ 2540831.741, 1153620.899 ], [ 2540844.941000000108033, 1153618.671 ], [ 2540852.191000000108033, 1153617.909 ], [ 2540848.941000000108033, 1153616.784 ], [ 2540845.898, 1153615.308 ], [ 2540843.594, 1153614.191000000108033 ], [ 2540842.204, 1153613.241 ], [ 2540837.890000000130385, 1153610.294 ], [ 2540835.021999999880791, 1153608.334 ], [ 2540833.483, 1153607.281999999890104 ], [ 2540826.85, 1153602.75 ] ] ] ] } },
{ "type": "Feature", "properties": { "ANNEE_DE_R": 2025, "CODE_PROGR": "Bio", "CODE_UTILI": 704, "IDENTIFICA": "VD_2025_431683", "NOMBRE_ARB": 0, "PROGRAMME": "Production bio", "SHAPE_AREA": 9941.169, "SHAPE_LEN": 396.831, "SURFACE_M2": 29824, "UTILISATIO": "Cultures fruitières (fruits à noyau)" }, "geometry": { "type": "MultiPolygon", "coordinates": [ [ [ [ 2540811.075000000186265, 1153664.360000000102445 ], [ 2540781.438999999780208, 1153656.124 ], [ 2540742.063999999780208, 1153668.683 ], [ 2540746.893999999854714, 1153688.128 ], [ 2540769.99599999981001, 1153777.158 ], [ 2540849.08600000012666, 1153763.733 ], [ 2540863.623999999836087, 1153761.264999999897555 ], [ 2540831.143999999854714, 1153669.937 ], [ 2540811.075000000186265, 1153664.360000000102445 ] ] ] ] } },
{ "type": "Feature", "properties": { "ANNEE_DE_R": 2025, "CODE_PROGR": "psGmf", "CODE_UTILI": 613, "IDENTIFICA": "VD_2025_124013", "NOMBRE_ARB": 0, "PROGRAMME": "Production de lait et de viande basée sur les herbages", "SHAPE_AREA": 31648.271, "SHAPE_LEN": 793.594, "SURFACE_M2": 31649, "UTILISATIO": "Autres prairies permanentes (sans les pâturages)" }, "geometry": { "type": "MultiPolygon", "coordinates": [ [ [ [ 2540816.154999999795109, 1158543.338 ], [ 2540845.523, 1158771.019 ], [ 2540851.421999999787658, 1158769.942 ], [ 2540865.453000000212342, 1158770.056 ], [ 2540880.492999999783933, 1158770.179 ], [ 2540893.17, 1158773.97 ], [ 2540898.028, 1158784.149 ], [ 2540895.946, 1158798.242 ], [ 2540917.941999999806285, 1158802.014999999897555 ], [ 2540927.00400000018999, 1158815.757 ], [ 2540950.404, 1158734.486 ], [ 2540968.342999999877065, 1158528.887000000104308 ], [ 2540965.941999999806285, 1158520.295 ], [ 2540947.714000000152737, 1158522.950999999884516 ], [ 2540816.154999999795109, 1158543.338 ] ] ] ] } },
{ "type": "Feature", "properties": { "ANNEE_DE_R": 2025, "CODE_PROGR": "psArableSoilCoverage", "CODE_UTILI": 521, "IDENTIFICA": "VD_2025_108049", "NOMBRE_ARB": 0, "PROGRAMME": "Couverture appropriée du sol (les cultures principales sur terres ouvertes)", "SHAPE_AREA": 33991.798, "SHAPE_LEN": 1124.005, "SURFACE_M2": 67984, "UTILISATIO": "Maïs d'ensilage et maïs vert" }, "geometry": { "type": "MultiPolygon", "coordinates": [ [ [ [ 2541353.514, 1160726.185 ], [ 2541339.543, 1160664.626 ], [ 2541347.780211662407964, 1160655.101096179336309 ], [ 2541347.779999999795109, 1160655.101 ], [ 2541331.325000000186265, 1160642.408 ], [ 2541301.696, 1160622.284 ], [ 2541259.645, 1160567.375 ], [ 2541250.645, 1160557.375 ], [ 2541243.562, 1160553.381 ], [ 2541240.77, 1160554.625 ], [ 2541239.200000000186265, 1160558.612999999895692 ], [ 2541227.606000000145286, 1160604.406999999890104 ], [ 2541222.054, 1160627.906999999890104 ], [ 2541217.679, 1160649.281999999890104 ], [ 2541217.827, 1160655.998 ], [ 2541220.952, 1160660.748 ], [ 2541246.68099999986589, 1160688.541 ], [ 2541266.68099999986589, 1160705.791 ], [ 2541295.364, 1160721.636 ], [ 2541352.125, 1160750.445 ], [ 2541356.50101611809805, 1160749.592328841798007 ], [ 2541353.514, 1160726.185 ] ] ] ] } },
{ "type": "Feature", "properties": { "ANNEE_DE_R": 2025, "CODE_PROGR": "psmArableFarming", "CODE_UTILI": 513, "IDENTIFICA": "VD_2025_72667", "NOMBRE_ARB": 0, "PROGRAMME": "Non-recours aux produits phytosanitaires dans les grandes cultures", "SHAPE_AREA": 22150.606, "SHAPE_LEN": 635.166, "SURFACE_M2": 88603, "UTILISATIO": "Blé d'automne (sans blé fourrager de la liste swiss granum)" }, "geometry": { "type": "MultiPolygon", "coordinates": [ [ [ [ 2541317.227, 1160931.596 ], [ 2541326.676, 1160870.316000000108033 ], [ 2541326.716016389429569, 1160870.079774217912927 ], [ 2541319.643000000156462, 1160869.873 ], [ 2541296.225999999791384, 1160868.397000000113621 ], [ 2541255.446, 1160851.933 ], [ 2541252.484999999869615, 1160850.737999999895692 ], [ 2541204.03899999987334, 1160948.493 ], [ 2541178.366, 1161000.360000000102445 ], [ 2541198.117, 1161000.82 ], [ 2541215.507000000216067, 1161003.409 ], [ 2541250.046999999787658, 1161013.628 ], [ 2541270.029, 1161018.148 ], [ 2541282.302000000141561, 1160988.449 ], [ 2541306.144655993208289, 1160993.18133768485859 ], [ 2541317.227, 1160931.596 ] ] ] ] } },
{ "type": "Feature", "properties": { "ANNEE_DE_R": 2025, "CODE_PROGR": "Non", "CODE_UTILI": 851, "IDENTIFICA": "VD_2025_34734", "NOMBRE_ARB": 0, "PROGRAMME": "Aucun programme", "SHAPE_AREA": 5027.417, "SHAPE_LEN": 316.93, "SURFACE_M2": 5028, "UTILISATIO": "Surfaces à litière dans la surface agricole utile" }, "geometry": { "type": "MultiPolygon", "coordinates": [ [ [ [ 2541533.06900000013411, 1159443.293 ], [ 2541525.165, 1159443.294 ], [ 2541526.00400000018999, 1159432.931 ], [ 2541505.430000000167638, 1159430.635 ], [ 2541464.768000000156462, 1159423.805 ], [ 2541451.685, 1159428.54 ], [ 2541443.173, 1159429.694 ], [ 2541437.058000000193715, 1159431.361 ], [ 2541509.275, 1159525.619 ], [ 2541514.140999999828637, 1159525.378 ], [ 2541533.06900000013411, 1159443.293 ] ] ] ] } },
{ "type": "Feature", "properties": { "ANNEE_DE_R": 2025, "CODE_PROGR": "psClimateEfficientNUse", "CODE_UTILI": 601, "IDENTIFICA": "VD_2025_170406", "NOMBRE_ARB": 0, "PROGRAMME": "Utilisation efficiente de l’azote dans les grandes cultures", "SHAPE_AREA": 33364.808, "SHAPE_LEN": 903.441, "SURFACE_M2": 66730, "UTILISATIO": "Prairies artificielles (sans les pâturages)" }, "geometry": { "type": "MultiPolygon", "coordinates": [ [ [ [ 2541632.498000000137836, 1159909.933 ], [ 2541607.051, 1159881.169 ], [ 2541603.916999999899417, 1159884.379999999888241 ], [ 2541602.207, 1159888.35 ], [ 2541600.416999999899417, 1159892.504999999888241 ], [ 2541584.808000000193715, 1159914.142 ], [ 2541570.821, 1159933.531999999890104 ], [ 2541558.952, 1159949.642 ], [ 2541557.143999999854714, 1159952.096 ], [ 2541531.893999999854714, 1159963.346 ], [ 2541530.01299999980256, 1159963.963 ], [ 2541529.01299999980256, 1159964.4 ], [ 2541589.603000000119209, 1160227.884 ], [ 2541605.666999999899417, 1160279.541 ], [ 2541636.787, 1160268.318 ], [ 2541641.366, 1160266.06 ], [ 2541644.200000000186265, 1160264.99 ], [ 2541673.421, 1160254.857 ], [ 2541665.390999999828637, 1160190.256 ], [ 2541661.362999999895692, 1160155.117 ], [ 2541655.112999999895692, 1160103.033 ], [ 2541650.947000000160187, 1160069.561 ], [ 2541646.362999999895692, 1160024.422 ], [ 2541650.251999999862164, 1159969.839 ], [ 2541648.669000000227243, 1159942.362 ], [ 2541644.558999999891967, 1159929.682 ], [ 2541632.498000000137836, 1159909.933 ] ] ] ] } },
{ "type": "Feature", "properties": { "ANNEE_DE_R": 2025, "CODE_PROGR": "psGmf", "CODE_UTILI": 613, "IDENTIFICA": "VD_2025_34739", "NOMBRE_ARB": 0, "PROGRAMME": "Production de lait et de viande basée sur les herbages", "SHAPE_AREA": 20527.017, "SHAPE_LEN": 597.878, "SURFACE_M2": 20528, "UTILISATIO": "Autres prairies permanentes (sans les pâturages)" }, "geometry": { "type": "MultiPolygon", "coordinates": [ [ [ [ 2541687.262000000104308, 1159644.049000000115484 ], [ 2541664.115000000223517, 1159667.966 ], [ 2541559.106000000145286, 1159767.293 ], [ 2541585.821, 1159827.602 ], [ 2541606.450000000186265, 1159875.317 ], [ 2541683.477, 1159830.464 ], [ 2541723.836999999824911, 1159805.441000000108033 ], [ 2541687.262000000104308, 1159644.049000000115484 ] ] ] ] } },
{ "type": "Feature", "properties": { "ANNEE_DE_R": 2025, "CODE_PROGR": "psClimateEfficientNUse", "CODE_UTILI": 601, "IDENTIFICA": "VD_2025_34750", "NOMBRE_ARB": 0, "PROGRAMME": "Utilisation efficiente de l’azote dans les grandes cultures", "SHAPE_AREA": 16120.786, "SHAPE_LEN": 596.412, "SURFACE_M2": 32242, "UTILISATIO": "Prairies artificielles (sans les pâturages)" }, "geometry": { "type": "MultiPolygon", "coordinates": [ [ [ [ 2541479.938999999780208, 1160139.217 ], [ 2541451.864, 1159992.634 ], [ 2541439.74599999981001, 1160007.82 ], [ 2541423.268999999854714, 1160028.469 ], [ 2541411.478999999817461, 1160043.118 ], [ 2541392.38799999980256, 1160067.169 ], [ 2541389.38799999980256, 1160077.919 ], [ 2541405.475999999791384, 1160151.391 ], [ 2541412.052000000141561, 1160181.423 ], [ 2541413.63799999980256, 1160188.669 ], [ 2541425.63799999980256, 1160234.419 ], [ 2541438.63799999980256, 1160253.669 ], [ 2541497.565, 1160231.241 ], [ 2541479.938999999780208, 1160139.217 ] ] ] ] } },
{ "type": "Feature", "properties": { "ANNEE_DE_R": 2025, "CODE_PROGR": "psGmf", "CODE_UTILI": 613, "IDENTIFICA": "VD_2025_429246", "NOMBRE_ARB": 0, "PROGRAMME": "Production de lait et de viande basée sur les herbages", "SHAPE_AREA": 5367.257, "SHAPE_LEN": 295.148, "SURFACE_M2": 5368, "UTILISATIO": "Autres prairies permanentes (sans les pâturages)" }, "geometry": { "type": "MultiPolygon", "coordinates": [ [ [ [ 2541820.958999999798834, 1154295.713 ], [ 2541803.509, 1154284.153 ], [ 2541775.549000000115484, 1154270.982 ], [ 2541753.909, 1154263.732 ], [ 2541721.609000000171363, 1154307.413 ], [ 2541738.498999999836087, 1154328.394 ], [ 2541766.54, 1154368.135 ], [ 2541789.441999999806285, 1154337.617 ], [ 2541820.958999999798834, 1154295.713 ] ] ] ] } },
{ "type": "Feature", "properties": { "ANNEE_DE_R": 2025, "CODE_PROGR": "psGmf", "CODE_UTILI": 611, "IDENTIFICA": "VD_2025_489998", "NOMBRE_ARB": 0, "PROGRAMME": "Production de lait et de viande basée sur les herbages", "SHAPE_AREA": 13403.224, "SHAPE_LEN": 791.286, "SURFACE_M2": 13404, "UTILISATIO": "Prairies extensives (sans les pâturages)" }, "geometry": { "type": "MultiPolygon", "coordinates": [ [ [ [ 2541742.205, 1155024.433 ], [ 2541737.225999999791384, 1155037.304 ], [ 2541754.565, 1155082.06 ], [ 2541753.643999999854714, 1155097.674000000115484 ], [ 2541747.162, 1155117.612 ], [ 2541762.484000000171363, 1155136.744 ], [ 2541775.992999999783933, 1155158.985000000102445 ], [ 2541779.038000000175089, 1155162.916 ], [ 2541809.202, 1155138.104 ], [ 2541876.903, 1155181.793 ], [ 2541887.865000000223517, 1155187.202 ], [ 2541909.350999999791384, 1155202.733 ], [ 2541919.605, 1155209.35 ], [ 2541926.686000000219792, 1155215.562 ], [ 2541940.305000000167638, 1155225.982 ], [ 2541946.656, 1155233.082 ], [ 2541987.788000000175089, 1155269.166 ], [ 2542003.643000000156462, 1155251.331 ], [ 2541813.04, 1155085.909 ], [ 2541788.708999999798834, 1155042.3 ], [ 2541742.205, 1155024.433 ] ] ] ] } },
{ "type": "Feature", "properties": { "ANNEE_DE_R": 2025, "CODE_PROGR": "Bio", "CODE_UTILI": 601, "IDENTIFICA": "VD_2025_433187", "NOMBRE_ARB": 0, "PROGRAMME": "Production bio", "SHAPE_AREA": 10740.409, "SHAPE_LEN": 988.665, "SURFACE_M2": 32222, "UTILISATIO": "Prairies artificielles (sans les pâturages)" }, "geometry": { "type": "MultiPolygon", "coordinates": [ [ [ [ 2541887.955999999772757, 1156967.437 ], [ 2541902.435, 1156913.379999999888241 ], [ 2541887.105, 1156855.93 ], [ 2541890.869, 1156843.332 ], [ 2541822.492999999783933, 1156812.04 ], [ 2541778.722, 1156819.969 ], [ 2541774.580999999772757, 1156822.0 ], [ 2541773.580999999772757, 1156828.375 ], [ 2541774.006, 1156830.928 ], [ 2541788.041999999899417, 1156833.039000000106171 ], [ 2541787.122, 1156839.568 ], [ 2541770.682, 1156837.088 ], [ 2541762.721, 1156889.419 ], [ 2541761.157999999821186, 1156904.823 ], [ 2541759.083000000100583, 1156925.274 ], [ 2541756.217999999877065, 1156939.538 ], [ 2541751.969, 1156959.102 ], [ 2541753.631, 1156965.017 ], [ 2541766.478999999817461, 1156965.243 ], [ 2541771.079, 1156969.543 ], [ 2541787.579, 1156973.743 ], [ 2541821.366, 1156980.835999999893829 ], [ 2541857.466, 1156998.436 ], [ 2541873.477, 1156998.629999999888241 ], [ 2541887.955999999772757, 1156967.437 ] ], [ [ 2541793.574, 1156850.041 ], [ 2541869.504999999888241, 1156866.357 ], [ 2541876.324, 1156912.337 ], [ 2541864.504999999888241, 1156984.357 ], [ 2541819.075000000186265, 1156970.497 ], [ 2541776.004999999888241, 1156957.357 ], [ 2541793.574, 1156850.041 ] ] ] ] } },
{ "type": "Feature", "properties": { "ANNEE_DE_R": 2025, "CODE_PROGR": "Non", "CODE_UTILI": 613, "IDENTIFICA": "VD_2025_427134", "NOMBRE_ARB": 0, "PROGRAMME": "Aucun programme", "SHAPE_AREA": 5881.612, "SHAPE_LEN": 333.856, "SURFACE_M2": 5882, "UTILISATIO": "Autres prairies permanentes (sans les pâturages)" }, "geometry": { "type": "MultiPolygon", "coordinates": [ [ [ [ 2542503.824, 1155564.871 ], [ 2542544.177000000141561, 1155521.77 ], [ 2542522.242999999783933, 1155494.219 ], [ 2542526.523, 1155485.179 ], [ 2542478.640999999828637, 1155425.278 ], [ 2542470.791999999899417, 1155449.539000000106171 ], [ 2542467.346, 1155463.354 ], [ 2542465.847, 1155479.698 ], [ 2542466.02, 1155494.566000000108033 ], [ 2542468.714999999850988, 1155510.456 ], [ 2542473.295, 1155524.918 ], [ 2542476.304, 1155531.885 ], [ 2542492.602, 1155553.075 ], [ 2542503.824, 1155564.871 ] ] ] ] } },
{ "type": "Feature", "properties": { "ANNEE_DE_R": 2025, "CODE_PROGR": "psGmf", "CODE_UTILI": 611, "IDENTIFICA": "VD_2025_412209", "NOMBRE_ARB": 57, "PROGRAMME": "Production de lait et de viande basée sur les herbages", "SHAPE_AREA": 31499.346, "SHAPE_LEN": 2812.568, "SURFACE_M2": 31500, "UTILISATIO": "Prairies extensives (sans les pâturages)" }, "geometry": { "type": "MultiPolygon", "coordinates": [ [ [ [ 2542500.078000000212342, 1155737.491 ], [ 2542498.325000000186265, 1155737.109 ], [ 2542496.63799999980256, 1155738.609 ], [ 2542494.825000000186265, 1155741.547 ], [ 2542492.312, 1155747.467 ], [ 2542508.187, 1155750.592 ], [ 2542509.498999999836087, 1155749.155 ], [ 2542515.123999999836087, 1155749.155 ], [ 2542507.21100000012666, 1155743.302 ], [ 2542502.13799999980256, 1155738.797 ], [ 2542500.078000000212342, 1155737.491 ] ] ], [ [ [ 2542497.450000000186265, 1155734.797 ], [ 2542498.26299999980256, 1155732.547 ], [ 2542498.26299999980256, 1155729.547 ], [ 2542497.382000000216067, 1155727.085 ], [ 2542494.76299999980256, 1155724.109 ], [ 2542491.700000000186265, 1155722.422 ], [ 2542487.51299999980256, 1155722.422 ], [ 2542480.88799999980256, 1155724.859 ], [ 2542478.88799999980256, 1155726.047 ], [ 2542476.13799999980256, 1155729.297 ], [ 2542473.63799999980256, 1155734.047 ], [ 2542471.700000000186265, 1155739.734 ], [ 2542470.63799999980256, 1155744.109 ], [ 2542470.51299999980256, 1155750.609 ], [ 2542471.748999999836087, 1155759.78 ], [ 2542474.998999999836087, 1155768.78 ], [ 2542476.748999999836087, 1155771.342 ], [ 2542479.768000000156462, 1155772.55 ], [ 2542481.373999999836087, 1155772.405 ], [ 2542484.248999999836087, 1155771.467 ], [ 2542487.873999999836087, 1155769.467 ], [ 2542484.998999999836087, 1155759.655 ], [ 2542485.748999999836087, 1155757.655 ], [ 2542489.812, 1155748.03 ], [ 2542491.312, 1155743.967 ], [ 2542493.575000000186265, 1155739.609 ], [ 2542495.700000000186265, 1155736.859 ], [ 2542497.450000000186265, 1155734.797 ] ] ], [ [ [ 2542446.324, 1155732.541 ], [ 2542444.261, 1155736.479 ], [ 2542437.699, 1155767.291 ], [ 2542438.492999999783933, 1155770.756 ], [ 2542440.367, 1155773.207 ], [ 2542444.992999999783933, 1155772.694 ], [ 2542449.80599999986589, 1155770.756 ], [ 2542455.742999999783933, 1155772.944 ], [ 2542459.93099999986589, 1155775.569 ], [ 2542465.43099999986589, 1155778.756 ], [ 2542465.117999999783933, 1155781.256 ], [ 2542472.427999999839813, 1155782.929 ], [ 2542474.68099999986589, 1155782.851 ], [ 2542480.312, 1155782.655 ], [ 2542477.437, 1155778.342 ], [ 2542471.998999999836087, 1155772.03 ], [ 2542469.312, 1155765.717 ], [ 2542467.825000000186265, 1155759.109 ], [ 2542466.575000000186265, 1155751.422 ], [ 2542466.76299999980256, 1155743.859 ], [ 2542467.950000000186265, 1155738.609 ], [ 2542469.200000000186265, 1155733.859 ], [ 2542468.63799999980256, 1155731.109 ], [ 2542466.450000000186265, 1155728.672 ], [ 2542462.63799999980256, 1155727.734 ], [ 2542457.324, 1155728.041 ], [ 2542452.824, 1155728.729 ], [ 2542448.761, 1155730.291 ], [ 2542446.324, 1155732.541 ] ] ], [ [ [ 2542350.324, 1155768.291 ], [ 2542352.949, 1155771.354 ], [ 2542352.261, 1155775.541 ], [ 2542376.511, 1155781.291 ], [ 2542382.011, 1155776.666 ], [ 2542384.074, 1155768.604 ], [ 2542385.886, 1155767.041 ], [ 2542384.136, 1155764.166 ], [ 2542381.824, 1155760.604 ], [ 2542380.386, 1155757.791 ], [ 2542378.011, 1155756.104 ], [ 2542375.886, 1155755.541 ], [ 2542373.078000000212342, 1155754.43 ], [ 2542362.699, 1155747.104 ], [ 2542356.136, 1155743.854 ], [ 2542351.511, 1155742.541 ], [ 2542345.574, 1155741.666 ], [ 2542339.261, 1155741.604 ], [ 2542334.074, 1155741.979 ], [ 2542339.125, 1155757.224 ], [ 2542341.886, 1155756.729 ], [ 2542347.011, 1155758.166 ], [ 2542350.386, 1155760.041 ], [ 2542350.324, 1155768.291 ] ] ], [ [ [ 2542291.687, 1155833.112999999895692 ], [ 2542289.068, 1155849.523 ], [ 2542288.94400000013411, 1155855.3 ], [ 2542289.506, 1155863.223 ], [ 2542292.51299999980256, 1155871.283 ], [ 2542294.833000000100583, 1155875.621 ], [ 2542299.356999999843538, 1155882.193 ], [ 2542316.651999999769032, 1155906.923 ], [ 2542323.528, 1155872.035 ], [ 2542312.403, 1155869.535 ], [ 2542314.403, 1155855.66 ], [ 2542300.903, 1155852.91 ], [ 2542305.313, 1155824.27 ], [ 2542302.407000000122935, 1155824.108 ], [ 2542299.308999999891967, 1155824.788 ], [ 2542294.634999999776483, 1155828.058 ], [ 2542291.687, 1155833.112999999895692 ] ] ], [ [ [ 2542533.30599999986589, 1155902.194 ], [ 2542528.117999999783933, 1155901.631 ], [ 2542524.30599999986589, 1155900.319 ], [ 2542518.55599999986589, 1155896.069 ], [ 2542510.242999999783933, 1155891.381 ], [ 2542508.995000000111759, 1155899.084 ], [ 2542514.117999999783933, 1155901.756 ], [ 2542513.526, 1155914.77 ], [ 2542513.117999999783933, 1155920.694 ], [ 2542512.30599999986589, 1155926.381 ], [ 2542511.117999999783933, 1155932.006 ], [ 2542506.80599999986589, 1155935.069 ], [ 2542499.242999999783933, 1155934.131 ], [ 2542489.992999999783933, 1155931.256 ], [ 2542490.117999999783933, 1155928.194 ], [ 2542479.68099999986589, 1155926.006 ], [ 2542467.035999999847263, 1155922.754 ], [ 2542462.938, 1155945.95 ], [ 2542460.256, 1155961.138 ], [ 2542457.617, 1155976.077 ], [ 2542456.082, 1155984.769 ], [ 2542455.475999999791384, 1155992.49 ], [ 2542457.846, 1155996.446 ], [ 2542462.426, 1155998.710999999893829 ], [ 2542466.739, 1155998.253 ], [ 2542470.327, 1155996.902 ], [ 2542475.48700000019744, 1155994.366 ], [ 2542480.31900000013411, 1155991.25 ], [ 2542486.677000000141561, 1155986.7 ], [ 2542494.486, 1155981.21 ], [ 2542532.302999999839813, 1155954.384 ], [ 2542539.907000000122935, 1155948.285 ], [ 2542547.223000000230968, 1155942.529 ], [ 2542552.321, 1155934.112 ], [ 2542555.591, 1155928.813 ], [ 2542558.133, 1155921.841 ], [ 2542559.387000000104308, 1155915.827 ], [ 2542559.55599999986589, 1155910.381 ], [ 2542556.43099999986589, 1155907.444 ], [ 2542549.68099999986589, 1155905.319 ], [ 2542548.367999999783933, 1155904.944 ], [ 2542544.867999999783933, 1155904.131 ], [ 2542537.43099999986589, 1155902.319 ], [ 2542533.30599999986589, 1155902.194 ] ] ], [ [ [ 2542626.646000000182539, 1155710.599 ], [ 2542627.870000000111759, 1155707.237 ], [ 2542622.062, 1155701.03 ], [ 2542618.963, 1155696.556 ], [ 2542607.791999999899417, 1155683.152 ], [ 2542586.895, 1155657.862 ], [ 2542581.896000000182539, 1155652.018 ], [ 2542554.589999999850988, 1155623.536 ], [ 2542516.737999999895692, 1155587.108 ], [ 2542492.316000000108033, 1155564.327 ], [ 2542484.973000000230968, 1155565.389 ], [ 2542493.146000000182539, 1155574.099 ], [ 2542541.896000000182539, 1155621.974 ], [ 2542591.521000000182539, 1155670.349 ], [ 2542626.646000000182539, 1155710.599 ] ] ], [ [ [ 2542457.324, 1155723.229 ], [ 2542462.13799999980256, 1155722.797 ], [ 2542467.63799999980256, 1155723.047 ], [ 2542473.88799999980256, 1155723.422 ], [ 2542479.01299999980256, 1155721.672 ], [ 2542483.450000000186265, 1155719.297 ], [ 2542485.825000000186265, 1155715.984 ], [ 2542487.700000000186265, 1155712.047 ], [ 2542491.700000000186265, 1155711.859 ], [ 2542492.575000000186265, 1155716.172 ], [ 2542493.88799999980256, 1155717.922 ], [ 2542495.629999999888241, 1155718.944 ], [ 2542499.075000000186265, 1155722.234 ], [ 2542501.700000000186265, 1155726.797 ], [ 2542504.88799999980256, 1155735.609 ], [ 2542506.950000000186265, 1155738.047 ], [ 2542508.873999999836087, 1155739.405 ], [ 2542512.062, 1155741.717 ], [ 2542514.373999999836087, 1155742.467 ], [ 2542515.998999999836087, 1155741.405 ], [ 2542519.623999999836087, 1155736.592 ], [ 2542522.208999999798834, 1155734.56 ], [ 2542520.967999999877065, 1155718.471 ], [ 2542567.092999999877065, 1155714.221 ], [ 2542572.592999999877065, 1155738.346 ], [ 2542583.437, 1155738.467 ], [ 2542591.687, 1155737.967 ], [ 2542608.062, 1155747.28 ], [ 2542624.812, 1155712.717 ], [ 2542620.166999999899417, 1155707.246 ], [ 2542613.521000000182539, 1155719.349 ], [ 2542605.160000000149012, 1155704.506 ], [ 2542606.521000000182539, 1155696.474 ], [ 2542618.396000000182539, 1155705.599 ], [ 2542594.646000000182539, 1155677.599 ], [ 2542589.771000000182539, 1155680.599 ], [ 2542579.193, 1155673.019 ], [ 2542583.967000000178814, 1155668.334 ], [ 2542528.986, 1155616.698 ], [ 2542506.085, 1155595.19 ], [ 2542491.776999999769032, 1155581.752 ], [ 2542481.217000000178814, 1155571.834 ], [ 2542477.188999999780208, 1155568.416 ], [ 2542471.688999999780208, 1155579.166 ], [ 2542470.626000000163913, 1155583.479 ], [ 2542466.835, 1155621.537 ], [ 2542464.148, 1155642.475 ], [ 2542462.023, 1155652.412 ], [ 2542459.648, 1155665.35 ], [ 2542457.335, 1155679.6 ], [ 2542462.46, 1155680.037 ], [ 2542459.148, 1155701.912 ], [ 2542453.648, 1155701.475 ], [ 2542451.148, 1155718.225 ], [ 2542451.574, 1155720.416 ], [ 2542453.386, 1155722.604 ], [ 2542455.074, 1155723.291 ], [ 2542457.324, 1155723.229 ] ] ], [ [ [ 2542697.75, 1155843.476 ], [ 2542693.804, 1155833.860000000102445 ], [ 2542687.73, 1155819.966 ], [ 2542686.293, 1155817.495000000111759 ], [ 2542683.028, 1155818.348 ], [ 2542680.278, 1155812.723 ], [ 2542652.528, 1155823.973 ], [ 2542653.403, 1155827.598 ], [ 2542652.903, 1155831.348 ], [ 2542652.153, 1155835.098 ], [ 2542651.278, 1155838.973 ], [ 2542657.153, 1155837.348 ], [ 2542664.028, 1155836.723 ], [ 2542669.778, 1155837.473 ], [ 2542674.028, 1155840.973 ], [ 2542678.653, 1155844.723 ], [ 2542682.028, 1155848.473 ], [ 2542686.903, 1155855.598 ], [ 2542688.278, 1155858.973 ], [ 2542687.528, 1155862.598 ], [ 2542686.028, 1155864.473 ], [ 2542687.515999999828637, 1155866.088 ], [ 2542694.569999999832362, 1155859.054 ], [ 2542697.774000000208616, 1155862.231 ], [ 2542702.27, 1155859.926 ], [ 2542701.191000000108033, 1155855.266 ], [ 2542697.75, 1155843.476 ] ] ], [ [ [ 2542539.597, 1155896.883 ], [ 2542554.097, 1155900.620000000111759 ], [ 2542556.472, 1155900.870000000111759 ], [ 2542560.097, 1155900.245000000111759 ], [ 2542558.597, 1155896.620000000111759 ], [ 2542560.972, 1155894.495000000111759 ], [ 2542566.722, 1155861.245000000111759 ], [ 2542568.972, 1155858.120000000111759 ], [ 2542568.222, 1155854.370000000111759 ], [ 2542564.847, 1155852.495000000111759 ], [ 2542559.597, 1155852.995000000111759 ], [ 2542553.972, 1155853.495000000111759 ], [ 2542545.097, 1155852.745000000111759 ], [ 2542538.097, 1155849.620000000111759 ], [ 2542524.722, 1155838.995000000111759 ], [ 2542518.597, 1155837.745000000111759 ], [ 2542516.035000000149012, 1155856.696 ], [ 2542519.160000000149012, 1155857.571 ], [ 2542517.910000000149012, 1155865.321 ], [ 2542526.660000000149012, 1155867.196 ], [ 2542522.035000000149012, 1155891.321 ], [ 2542526.222, 1155894.383 ], [ 2542528.222, 1155895.571 ], [ 2542533.535000000149012, 1155896.383 ], [ 2542539.597, 1155896.883 ] ] ], [ [ [ 2542696.367, 1155923.83 ], [ 2542684.617, 1155930.58 ], [ 2542650.867, 1155925.08 ], [ 2542651.117, 1155918.58 ], [ 2542649.117, 1155915.58 ], [ 2542651.117, 1155910.33 ], [ 2542646.617, 1155908.83 ], [ 2542644.117, 1155914.58 ], [ 2542640.117, 1155917.58 ], [ 2542634.367, 1155939.33 ], [ 2542649.367, 1155940.83 ], [ 2542648.811000000219792, 1155946.175 ], [ 2542707.981999999843538, 1155951.719 ], [ 2542716.532000000122935, 1155934.278 ], [ 2542717.332, 1155924.977999999886379 ], [ 2542716.029, 1155919.35 ], [ 2542712.219, 1155916.883 ], [ 2542710.42, 1155909.087 ], [ 2542707.867, 1155912.58 ], [ 2542707.867, 1155916.08 ], [ 2542699.867, 1155917.83 ], [ 2542696.367, 1155923.83 ] ] ] ] } },
{ "type": "Feature", "properties": { "ANNEE_DE_R": 2025, "CODE_PROGR": "Non", "CODE_UTILI": 613, "IDENTIFICA": "VD_2025_176546", "NOMBRE_ARB": 0, "PROGRAMME": "Aucun programme", "SHAPE_AREA": 82873.632, "SHAPE_LEN": 5589.573, "SURFACE_M2": 82874, "UTILISATIO": "Autres prairies permanentes (sans les pâturages)" }, "geometry": { "type": "MultiPolygon", "coordinates": [ [ [ [ 2542807.129999999888241, 1157445.105 ], [ 2542805.114, 1157444.561 ], [ 2542799.254999999888241, 1157442.98 ], [ 2542797.605, 1157441.997 ], [ 2542793.160999999847263, 1157439.217 ], [ 2542785.302999999839813, 1157434.303 ], [ 2542768.759999999776483, 1157429.44 ], [ 2542759.872, 1157426.325 ], [ 2542749.947000000160187, 1157422.846 ], [ 2542734.947000000160187, 1157417.693 ], [ 2542726.572000000160187, 1157414.693 ], [ 2542719.884999999776483, 1157411.801 ], [ 2542717.322000000160187, 1157410.693 ], [ 2542707.197000000160187, 1157407.193 ], [ 2542701.947000000160187, 1157410.193 ], [ 2542689.526999999769032, 1157405.786 ], [ 2542683.913000000175089, 1157405.283 ], [ 2542666.038000000175089, 1157398.908 ], [ 2542645.538000000175089, 1157390.908 ], [ 2542624.788000000175089, 1157382.812 ], [ 2542604.413000000175089, 1157374.437 ], [ 2542578.453000000212342, 1157361.983 ], [ 2542563.765999999828637, 1157356.997 ], [ 2542554.265999999828637, 1157352.247 ], [ 2542544.265999999828637, 1157347.997 ], [ 2542533.265999999828637, 1157342.747 ], [ 2542524.029999999795109, 1157337.438 ], [ 2542515.562, 1157381.311 ], [ 2542505.299999999813735, 1157435.262000000104308 ], [ 2542497.970000000204891, 1157473.803 ], [ 2542492.159, 1157504.351 ], [ 2542487.216, 1157530.362 ], [ 2542479.083000000100583, 1157573.307 ], [ 2542472.833000000100583, 1157606.313 ], [ 2542464.946, 1157647.710999999893829 ], [ 2542461.356000000145286, 1157667.152 ], [ 2542465.998000000137836, 1157674.176 ], [ 2542470.605, 1157681.146 ], [ 2542480.327, 1157695.558999999891967 ], [ 2542480.923, 1157696.758 ], [ 2542506.94400000013411, 1157749.128 ], [ 2542512.691999999806285, 1157757.976 ], [ 2542510.312, 1157760.98 ], [ 2542509.312, 1157767.48 ], [ 2542508.562, 1157772.48 ], [ 2542507.711999999824911, 1157778.264 ], [ 2542507.312, 1157780.98 ], [ 2542504.312, 1157801.73 ], [ 2542466.224, 1157795.845 ], [ 2542464.724, 1157812.156999999890104 ], [ 2542464.007000000216067, 1157819.483 ], [ 2542463.023, 1157828.898 ], [ 2542462.722, 1157831.776 ], [ 2542462.332, 1157835.509 ], [ 2542461.919000000227243, 1157841.142 ], [ 2542461.291000000201166, 1157849.706 ], [ 2542461.02, 1157853.406 ], [ 2542460.632000000216067, 1157857.615 ], [ 2542460.145, 1157862.906 ], [ 2542459.924999999813735, 1157866.061 ], [ 2542459.853000000119209, 1157867.101 ], [ 2542459.645, 1157870.093000000109896 ], [ 2542458.160999999847263, 1157882.565 ], [ 2542457.660999999847263, 1157896.19 ], [ 2542456.136, 1157913.583000000100583 ], [ 2542455.913000000175089, 1157916.123 ], [ 2542455.285999999847263, 1157924.778 ], [ 2542454.989, 1157937.950999999884516 ], [ 2542454.049999999813735, 1157953.564 ], [ 2542453.617999999783933, 1157959.819 ], [ 2542453.23700000019744, 1157965.331 ], [ 2542452.992999999783933, 1157972.942 ], [ 2542452.711999999824911, 1157981.714 ], [ 2542452.856999999843538, 1157994.487999999895692 ], [ 2542452.895, 1157997.835 ], [ 2542452.94400000013411, 1158006.26 ], [ 2542464.44400000013411, 1158007.26 ], [ 2542475.94400000013411, 1158008.26 ], [ 2542498.69400000013411, 1158007.51 ], [ 2542504.776999999769032, 1158007.464 ], [ 2542515.06900000013411, 1158007.385 ], [ 2542537.94400000013411, 1158007.635 ], [ 2542545.518000000156462, 1158009.074 ], [ 2542550.44400000013411, 1158010.01 ], [ 2542556.19400000013411, 1158010.51 ], [ 2542559.06900000013411, 1158008.885 ], [ 2542562.19400000013411, 1158005.975 ], [ 2542564.194999999832362, 1158001.554 ], [ 2542566.818, 1157995.757 ], [ 2542574.724, 1157978.287 ], [ 2542579.273, 1157968.233 ], [ 2542582.778, 1157958.639999999897555 ], [ 2542587.660000000149012, 1157941.675 ], [ 2542589.870000000111759, 1157927.043 ], [ 2542590.858, 1157913.202 ], [ 2542591.856000000145286, 1157899.209 ], [ 2542593.867, 1157871.031999999890104 ], [ 2542593.524000000208616, 1157854.707 ], [ 2542595.577, 1157814.266 ], [ 2542612.811000000219792, 1157581.484 ], [ 2542618.123999999836087, 1157581.172 ], [ 2542607.981999999843538, 1157714.484 ], [ 2542604.299999999813735, 1157769.187 ], [ 2542600.33, 1157828.189 ], [ 2542597.174000000115484, 1157861.239 ], [ 2542596.992999999783933, 1157897.364 ], [ 2542596.974, 1157901.198 ], [ 2542596.950999999884516, 1157905.705 ], [ 2542596.795, 1157936.895 ], [ 2542596.768999999854714, 1157942.199 ], [ 2542596.653, 1157965.281999999890104 ], [ 2542590.938999999780208, 1157974.597 ], [ 2542588.279, 1157984.291999999899417 ], [ 2542585.399000000208616, 1157994.787 ], [ 2542582.947000000160187, 1158003.723 ], [ 2542582.596, 1158010.195 ], [ 2542585.724, 1158014.581 ], [ 2542587.665, 1158016.676 ], [ 2542591.29, 1158017.614 ], [ 2542595.04, 1158017.926 ], [ 2542607.764, 1158019.558 ], [ 2542621.514, 1158020.683 ], [ 2542628.889, 1158021.683 ], [ 2542635.904, 1158022.165 ], [ 2542649.134, 1158024.618 ], [ 2542661.634, 1158026.493 ], [ 2542672.009, 1158026.493 ], [ 2542679.259, 1158026.368 ], [ 2542686.018000000156462, 1158025.002 ], [ 2542689.159, 1158019.052 ], [ 2542691.909, 1158009.575 ], [ 2542695.603999999817461, 1157989.33 ], [ 2542698.12099999981001, 1157970.234 ], [ 2542697.815, 1157962.135 ], [ 2542700.133, 1157960.55 ], [ 2542706.264, 1157961.579 ], [ 2542714.44, 1157960.885 ], [ 2542725.85, 1157954.773 ], [ 2542727.348000000230968, 1157950.257 ], [ 2542733.545, 1157933.212 ], [ 2542742.758, 1157893.05 ], [ 2542752.799000000115484, 1157853.945 ], [ 2542754.404999999795109, 1157845.795 ], [ 2542757.066999999806285, 1157828.222 ], [ 2542758.568, 1157815.152 ], [ 2542757.413000000175089, 1157808.762000000104308 ], [ 2542756.185, 1157784.074 ], [ 2542754.275, 1157756.176 ], [ 2542753.63799999980256, 1157729.356 ], [ 2542752.991, 1157700.241 ], [ 2542754.83600000012666, 1157661.901 ], [ 2542757.622, 1157634.545 ], [ 2542767.596, 1157593.674000000115484 ], [ 2542773.711999999824911, 1157569.144 ], [ 2542780.855, 1157536.344 ], [ 2542787.521999999880791, 1157508.199 ], [ 2542789.096, 1157503.722 ], [ 2542798.534, 1157481.183999999891967 ], [ 2542802.907000000122935, 1157470.742 ], [ 2542809.804, 1157454.273 ], [ 2542811.474, 1157450.425 ], [ 2542811.970000000204891, 1157446.902 ], [ 2542807.129999999888241, 1157445.105 ] ], [ [ 2542619.829, 1157436.049000000115484 ], [ 2542621.764, 1157387.079 ], [ 2542661.438, 1157401.425 ], [ 2542694.014, 1157413.204 ], [ 2542699.893000000156462, 1157414.487 ], [ 2542699.58, 1157420.027 ], [ 2542699.53899999987334, 1157424.91 ], [ 2542699.415, 1157439.581 ], [ 2542699.296999999787658, 1157453.585999999893829 ], [ 2542699.169000000227243, 1157468.895 ], [ 2542699.01299999980256, 1157487.389 ], [ 2542699.217000000178814, 1157540.692 ], [ 2542698.975999999791384, 1157545.379999999888241 ], [ 2542698.973000000230968, 1157550.016 ], [ 2542697.731999999843538, 1157569.571 ], [ 2542614.092999999877065, 1157566.008 ], [ 2542615.136, 1157540.525 ], [ 2542616.068, 1157517.776 ], [ 2542616.376000000163913, 1157511.112 ], [ 2542617.426, 1157488.342 ], [ 2542619.507000000216067, 1157443.26 ], [ 2542619.764, 1157437.704 ], [ 2542619.829, 1157436.049000000115484 ] ], [ [ 2542548.278, 1157464.011 ], [ 2542547.188, 1157433.94 ], [ 2542577.973000000230968, 1157435.271 ], [ 2542609.421999999787658, 1157436.631 ], [ 2542607.188, 1157483.065 ], [ 2542606.634, 1157502.882 ], [ 2542603.007000000216067, 1157555.668 ], [ 2542600.764, 1157594.619 ], [ 2542598.128, 1157640.401 ], [ 2542596.389, 1157670.606 ], [ 2542595.438999999780208, 1157687.102 ], [ 2542595.014, 1157694.475 ], [ 2542592.65, 1157735.529 ], [ 2542590.207, 1157777.960999999893829 ], [ 2542561.873000000137836, 1157775.837 ], [ 2542539.346, 1157774.148 ], [ 2542529.157999999821186, 1157769.773 ], [ 2542522.551, 1157765.705 ], [ 2542516.737999999895692, 1157760.455 ], [ 2542506.424000000115484, 1157736.291999999899417 ], [ 2542504.140999999828637, 1157730.944 ], [ 2542505.677999999839813, 1157691.075 ], [ 2542507.737999999895692, 1157637.669 ], [ 2542509.200000000186265, 1157587.591 ], [ 2542545.930000000167638, 1157587.071 ], [ 2542547.375, 1157544.862 ], [ 2542547.470000000204891, 1157539.948 ], [ 2542548.103999999817461, 1157520.549000000115484 ], [ 2542548.153, 1157504.626 ], [ 2542548.273, 1157465.489 ], [ 2542548.278, 1157464.011 ] ], [ [ 2542623.549999999813735, 1157596.811 ], [ 2542624.696, 1157581.357 ], [ 2542645.471, 1157582.126 ], [ 2542696.745000000111759, 1157583.742 ], [ 2542696.410999999847263, 1157637.187 ], [ 2542696.492, 1157644.769 ], [ 2542696.99599999981001, 1157692.078 ], [ 2542697.031, 1157695.384 ], [ 2542697.656, 1157707.884 ], [ 2542698.365000000223517, 1157721.710999999893829 ], [ 2542698.906, 1157732.259 ], [ 2542699.071, 1157738.678 ], [ 2542699.396999999880791, 1157751.325 ], [ 2542699.563999999780208, 1157757.825 ], [ 2542699.808999999891967, 1157767.342 ], [ 2542699.702, 1157782.81 ], [ 2542699.683999999891967, 1157785.467 ], [ 2542699.035000000149012, 1157807.878 ], [ 2542698.396000000182539, 1157829.960999999893829 ], [ 2542698.058999999891967, 1157841.592 ], [ 2542696.771000000182539, 1157858.195 ], [ 2542695.842000000178814, 1157870.181 ], [ 2542693.609999999869615, 1157898.955 ], [ 2542693.177000000141561, 1157904.531999999890104 ], [ 2542689.963, 1157953.389999999897555 ], [ 2542604.963, 1157947.889999999897555 ], [ 2542605.528, 1157940.416 ], [ 2542606.322999999858439, 1157929.913 ], [ 2542606.276, 1157923.713 ], [ 2542606.092999999877065, 1157899.476 ], [ 2542605.836999999824911, 1157885.707 ], [ 2542605.262000000104308, 1157854.725 ], [ 2542605.012000000104308, 1157842.535 ], [ 2542606.106999999843538, 1157826.439 ], [ 2542606.896000000182539, 1157814.839 ], [ 2542607.217999999877065, 1157811.359 ], [ 2542610.062, 1157780.589 ], [ 2542612.129999999888241, 1157758.21 ], [ 2542613.702, 1157741.2 ], [ 2542614.592999999877065, 1157725.752 ], [ 2542615.325999999884516, 1157713.048 ], [ 2542616.48700000019744, 1157692.933 ], [ 2542616.702, 1157689.2 ], [ 2542618.685, 1157662.455 ], [ 2542620.024000000208616, 1157644.391 ], [ 2542620.896999999880791, 1157632.611 ], [ 2542621.884, 1157619.29 ], [ 2542623.549999999813735, 1157596.811 ] ], [ [ 2542567.575999999884516, 1157781.916 ], [ 2542571.98, 1157782.112 ], [ 2542579.778, 1157782.46 ], [ 2542588.575999999884516, 1157782.541 ], [ 2542588.151999999769032, 1157793.069 ], [ 2542585.54, 1157824.262000000104308 ], [ 2542584.171999999787658, 1157839.109 ], [ 2542582.410000000149012, 1157858.24 ], [ 2542579.305000000167638, 1157894.494 ], [ 2542579.046, 1157897.595 ], [ 2542578.904, 1157899.293 ], [ 2542576.771000000182539, 1157924.835999999893829 ], [ 2542576.200999999884516, 1157931.666 ], [ 2542572.700999999884516, 1157952.291 ], [ 2542562.575999999884516, 1157979.416 ], [ 2542559.069999999832362, 1157988.284 ], [ 2542531.447000000160187, 1157971.069 ], [ 2542515.528, 1157956.786 ], [ 2542504.697000000160187, 1157947.069 ], [ 2542482.447000000160187, 1157928.819 ], [ 2542468.188999999780208, 1157910.393 ], [ 2542466.197000000160187, 1157907.819 ], [ 2542463.207, 1157903.703 ], [ 2542464.216, 1157894.368 ], [ 2542467.56900000013411, 1157863.366 ], [ 2542468.49599999981001, 1157841.846 ], [ 2542469.279, 1157823.685 ], [ 2542470.200999999884516, 1157802.291 ], [ 2542489.704, 1157805.552 ], [ 2542498.474, 1157807.018 ], [ 2542505.108, 1157808.127 ], [ 2542509.825999999884516, 1157808.916 ], [ 2542510.27, 1157797.25 ], [ 2542510.325999999884516, 1157795.791 ], [ 2542511.76299999980256, 1157778.902 ], [ 2542514.075999999884516, 1157767.916 ], [ 2542525.075999999884516, 1157774.416 ], [ 2542535.075999999884516, 1157778.541 ], [ 2542546.075999999884516, 1157780.666 ], [ 2542557.325999999884516, 1157781.916 ], [ 2542565.035999999847263, 1157781.916 ], [ 2542567.575999999884516, 1157781.916 ] ] ] ] } },
{ "type": "Feature", "properties": { "ANNEE_DE_R": 2025, "CODE_PROGR": "Bio", "CODE_UTILI": 613, "IDENTIFICA": "VD_2025_490516", "NOMBRE_ARB": 0, "PROGRAMME": "Production bio", "SHAPE_AREA": 7860.433, "SHAPE_LEN": 676.026, "SURFACE_M2": 15721, "UTILISATIO": "Autres prairies permanentes (sans les pâturages)" }, "geometry": { "type": "MultiPolygon", "coordinates": [ [ [ [ 2542808.901, 1157436.896 ], [ 2542755.174999999813735, 1157411.864 ], [ 2542754.0, 1157412.0 ], [ 2542754.0, 1157414.0 ], [ 2542744.0, 1157414.0 ], [ 2542734.0, 1157410.0 ], [ 2542718.0, 1157394.0 ], [ 2542700.0, 1157380.0 ], [ 2542676.0, 1157366.0 ], [ 2542653.441000000108033, 1157354.664000000106171 ], [ 2542652.0, 1157352.0 ], [ 2542640.0, 1157350.0 ], [ 2542636.0, 1157348.0 ], [ 2542622.0, 1157340.0 ], [ 2542606.140000000130385, 1157334.256 ], [ 2542608.0, 1157332.0 ], [ 2542607.052000000141561, 1157326.327 ], [ 2542583.345000000204891, 1157319.487999999895692 ], [ 2542546.308000000193715, 1157313.563 ], [ 2542527.049000000115484, 1157321.34 ], [ 2542524.029999999795109, 1157337.438 ], [ 2542555.142, 1157351.449 ], [ 2542578.453000000212342, 1157361.983 ], [ 2542604.413000000175089, 1157374.437 ], [ 2542624.788000000175089, 1157382.812 ], [ 2542645.538000000175089, 1157390.908 ], [ 2542678.839999999850988, 1157401.993 ], [ 2542679.222, 1157397.236 ], [ 2542686.0, 1157396.0 ], [ 2542686.926, 1157401.074 ], [ 2542689.526999999769032, 1157405.786 ], [ 2542701.947000000160187, 1157410.193 ], [ 2542707.197000000160187, 1157407.193 ], [ 2542717.322000000160187, 1157410.693 ], [ 2542719.884999999776483, 1157411.801 ], [ 2542726.572000000160187, 1157414.693 ], [ 2542734.947000000160187, 1157417.693 ], [ 2542749.947000000160187, 1157422.846 ], [ 2542759.872, 1157426.325 ], [ 2542768.759999999776483, 1157429.44 ], [ 2542785.302999999839813, 1157434.303 ], [ 2542790.588, 1157436.137000000104308 ], [ 2542793.160999999847263, 1157439.217 ], [ 2542797.605, 1157441.997 ], [ 2542799.254999999888241, 1157442.98 ], [ 2542805.114, 1157444.561 ], [ 2542807.129999999888241, 1157445.105 ], [ 2542811.970000000204891, 1157446.902 ], [ 2542812.438, 1157440.273 ], [ 2542808.901, 1157436.896 ] ] ] ] } },
{ "type": "Feature", "properties": { "ANNEE_DE_R": 2025, "CODE_PROGR": "psmArableFarming", "CODE_UTILI": 507, "IDENTIFICA": "VD_2025_176550", "NOMBRE_ARB": 0, "PROGRAMME": "Non-recours aux produits phytosanitaires dans les grandes cultures", "SHAPE_AREA": 31065.53, "SHAPE_LEN": 894.652, "SURFACE_M2": 93197, "UTILISATIO": "Blé fourrager selon liste swiss granum" }, "geometry": { "type": "MultiPolygon", "coordinates": [ [ [ [ 2542645.471, 1157582.126 ], [ 2542624.696, 1157581.357 ], [ 2542623.549999999813735, 1157596.811 ], [ 2542621.884, 1157619.29 ], [ 2542620.896999999880791, 1157632.611 ], [ 2542620.024000000208616, 1157644.391 ], [ 2542618.685, 1157662.455 ], [ 2542616.702, 1157689.2 ], [ 2542616.48700000019744, 1157692.933 ], [ 2542615.325999999884516, 1157713.048 ], [ 2542614.592999999877065, 1157725.752 ], [ 2542613.702, 1157741.2 ], [ 2542612.129999999888241, 1157758.21 ], [ 2542610.062, 1157780.589 ], [ 2542607.217999999877065, 1157811.359 ], [ 2542606.896000000182539, 1157814.839 ], [ 2542606.106999999843538, 1157826.439 ], [ 2542605.012000000104308, 1157842.535 ], [ 2542605.262000000104308, 1157854.725 ], [ 2542605.836999999824911, 1157885.707 ], [ 2542606.092999999877065, 1157899.476 ], [ 2542606.276, 1157923.713 ], [ 2542606.322999999858439, 1157929.913 ], [ 2542605.528, 1157940.416 ], [ 2542604.963, 1157947.889999999897555 ], [ 2542689.963, 1157953.389999999897555 ], [ 2542693.177000000141561, 1157904.531999999890104 ], [ 2542693.609999999869615, 1157898.955 ], [ 2542695.842000000178814, 1157870.181 ], [ 2542696.771000000182539, 1157858.195 ], [ 2542698.058999999891967, 1157841.592 ], [ 2542698.396000000182539, 1157829.960999999893829 ], [ 2542699.035000000149012, 1157807.878 ], [ 2542699.683999999891967, 1157785.467 ], [ 2542699.702, 1157782.81 ], [ 2542699.808999999891967, 1157767.342 ], [ 2542699.563999999780208, 1157757.825 ], [ 2542699.396999999880791, 1157751.325 ], [ 2542699.071, 1157738.678 ], [ 2542698.906, 1157732.259 ], [ 2542698.365000000223517, 1157721.710999999893829 ], [ 2542697.656, 1157707.884 ], [ 2542697.031, 1157695.384 ], [ 2542696.99599999981001, 1157692.078 ], [ 2542696.492, 1157644.769 ], [ 2542696.410999999847263, 1157637.187 ], [ 2542696.745000000111759, 1157583.742 ], [ 2542645.471, 1157582.126 ] ] ] ] } },
{ "type": "Feature", "properties": { "ANNEE_DE_R": 2025, "CODE_PROGR": "psGmf", "CODE_UTILI": 613, "IDENTIFICA": "VD_2025_148948", "NOMBRE_ARB": 0, "PROGRAMME": "Production de lait et de viande basée sur les herbages", "SHAPE_AREA": 8182.082, "SHAPE_LEN": 393.453, "SURFACE_M2": 8183, "UTILISATIO": "Autres prairies permanentes (sans les pâturages)" }, "geometry": { "type": "MultiPolygon", "coordinates": [ [ [ [ 2543181.660999999847263, 1154983.678 ], [ 2543162.563999999780208, 1154991.145 ], [ 2543136.75400000018999, 1155024.403 ], [ 2543138.521000000182539, 1155028.607 ], [ 2543110.024000000208616, 1155065.192 ], [ 2543183.276999999769032, 1155133.125 ], [ 2543193.955, 1155129.014999999897555 ], [ 2543193.816000000108033, 1155127.399 ], [ 2543214.077, 1155093.366 ], [ 2543206.575999999884516, 1155084.396 ], [ 2543207.021999999880791, 1155079.845 ], [ 2543205.304, 1155074.902 ], [ 2543197.637000000104308, 1155063.902 ], [ 2543192.828000000212342, 1155046.839 ], [ 2543192.160999999847263, 1155033.839 ], [ 2543189.836999999824911, 1155022.787 ], [ 2543191.713, 1155017.852999999886379 ], [ 2543191.495000000111759, 1155012.825999999884516 ], [ 2543198.734999999869615, 1155007.825999999884516 ], [ 2543197.149000000208616, 1154999.504999999888241 ], [ 2543189.115000000223517, 1154995.136 ], [ 2543181.660999999847263, 1154983.678 ] ] ] ] } },
{ "type": "Feature", "properties": { "ANNEE_DE_R": 2025, "CODE_PROGR": "psGmf", "CODE_UTILI": 613, "IDENTIFICA": "VD_2025_151144", "NOMBRE_ARB": 0, "PROGRAMME": "Production de lait et de viande basée sur les herbages", "SHAPE_AREA": 15202.411, "SHAPE_LEN": 846.245, "SURFACE_M2": 15203, "UTILISATIO": "Autres prairies permanentes (sans les pâturages)" }, "geometry": { "type": "MultiPolygon", "coordinates": [ [ [ [ 2543324.316000000108033, 1157441.949 ], [ 2543288.023, 1157413.075999999884516 ], [ 2543260.282000000122935, 1157391.007 ], [ 2543252.160000000149012, 1157384.546 ], [ 2543251.044000000227243, 1157380.642 ], [ 2543237.639, 1157369.267 ], [ 2543222.637000000104308, 1157356.537 ], [ 2543215.304, 1157350.29 ], [ 2543201.199, 1157338.275 ], [ 2543169.896000000182539, 1157311.608 ], [ 2543168.06, 1157313.703 ], [ 2543166.091, 1157315.95 ], [ 2543180.208000000100583, 1157327.727 ], [ 2543246.153, 1157382.743 ], [ 2543146.071, 1157521.841 ], [ 2543180.575000000186265, 1157538.138 ], [ 2543185.217999999877065, 1157530.092 ], [ 2543195.529999999795109, 1157513.467 ], [ 2543204.092999999877065, 1157518.842 ], [ 2543213.029999999795109, 1157524.905 ], [ 2543216.208999999798834, 1157527.099 ], [ 2543221.092999999877065, 1157520.53 ], [ 2543234.279999999795109, 1157507.092 ], [ 2543243.893000000156462, 1157513.147000000113621 ], [ 2543247.904999999795109, 1157516.467 ], [ 2543252.279999999795109, 1157519.967 ], [ 2543249.092999999877065, 1157523.843000000109896 ], [ 2543242.893000000156462, 1157533.073 ], [ 2543240.452, 1157531.492 ], [ 2543234.867, 1157540.273 ], [ 2543228.822000000160187, 1157551.423 ], [ 2543224.981999999843538, 1157559.413 ], [ 2543242.901999999769032, 1157568.112999999895692 ], [ 2543324.316000000108033, 1157441.949 ] ] ] ] } },
{ "type": "Feature", "properties": { "ANNEE_DE_R": 2025, "CODE_PROGR": "psmArableFarming", "CODE_UTILI": 504, "IDENTIFICA": "VD_2025_181641", "NOMBRE_ARB": 0, "PROGRAMME": "Non-recours aux produits phytosanitaires dans les grandes cultures", "SHAPE_AREA": 14916.71, "SHAPE_LEN": 523.61, "SURFACE_M2": 29834, "UTILISATIO": "Avoine" }, "geometry": { "type": "MultiPolygon", "coordinates": [ [ [ [ 2543298.071, 1155913.626 ], [ 2543293.901, 1155912.365 ], [ 2543289.890999999828637, 1155913.014999999897555 ], [ 2543238.67, 1155952.683 ], [ 2543288.562, 1156018.116 ], [ 2543280.909, 1156023.894 ], [ 2543288.223000000230968, 1156034.977999999886379 ], [ 2543311.835, 1156070.758 ], [ 2543328.474, 1156096.639 ], [ 2543346.410000000149012, 1156083.596 ], [ 2543358.157000000122935, 1156074.499 ], [ 2543366.526, 1156067.212 ], [ 2543411.484999999869615, 1156032.51 ], [ 2543412.585, 1156027.26 ], [ 2543298.071, 1155913.626 ] ] ] ] } },
{ "type": "Feature", "properties": { "ANNEE_DE_R": 2025, "CODE_PROGR": "Bio", "CODE_UTILI": 513, "IDENTIFICA": "VD_2025_476947", "NOMBRE_ARB": 0, "PROGRAMME": "Production bio", "SHAPE_AREA": 9257.592, "SHAPE_LEN": 559.875, "SURFACE_M2": 55546, "UTILISATIO": "Blé d'automne (sans blé fourrager de la liste swiss granum)" }, "geometry": { "type": "MultiPolygon", "coordinates": [ [ [ [ 2543397.416999999899417, 1156132.829 ], [ 2543358.157000000122935, 1156074.499 ], [ 2543346.410000000149012, 1156083.596 ], [ 2543328.474, 1156096.639 ], [ 2543339.151, 1156113.655 ], [ 2543365.265999999828637, 1156154.03 ], [ 2543418.677999999839813, 1156237.419 ], [ 2543459.844, 1156299.837 ], [ 2543462.91399999987334, 1156300.004999999888241 ], [ 2543463.955999999772757, 1156299.319 ], [ 2543490.24599999981001, 1156278.343000000109896 ], [ 2543405.404, 1156145.349 ], [ 2543397.416999999899417, 1156132.829 ] ] ] ] } },
{ "type": "Feature", "properties": { "ANNEE_DE_R": 2025, "CODE_PROGR": "Bio", "CODE_UTILI": 513, "IDENTIFICA": "VD_2025_476643", "NOMBRE_ARB": 0, "PROGRAMME": "Production bio", "SHAPE_AREA": 10316.157, "SHAPE_LEN": 562.528, "SURFACE_M2": 61897, "UTILISATIO": "Blé d'automne (sans blé fourrager de la liste swiss granum)" }, "geometry": { "type": "MultiPolygon", "coordinates": [ [ [ [ 2543519.791000000201166, 1156021.82 ], [ 2543489.723000000230968, 1155977.136 ], [ 2543464.492, 1155996.416 ], [ 2543457.924999999813735, 1156001.53 ], [ 2543452.231999999843538, 1156005.723 ], [ 2543480.134999999776483, 1156044.825999999884516 ], [ 2543525.140999999828637, 1156105.666 ], [ 2543592.756, 1156197.07 ], [ 2543602.097, 1156189.685 ], [ 2543608.761, 1156183.974 ], [ 2543625.096, 1156170.608 ], [ 2543616.216, 1156158.357 ], [ 2543561.140000000130385, 1156083.269 ], [ 2543552.818, 1156070.901 ], [ 2543549.379999999888241, 1156066.159 ], [ 2543519.791000000201166, 1156021.82 ] ] ] ] } },
{ "type": "Feature", "properties": { "ANNEE_DE_R": 2025, "CODE_PROGR": "Bio", "CODE_UTILI": 611, "IDENTIFICA": "VD_2025_476644", "NOMBRE_ARB": 0, "PROGRAMME": "Production bio", "SHAPE_AREA": 9055.599, "SHAPE_LEN": 547.105, "SURFACE_M2": 9056, "UTILISATIO": "Prairies extensives (sans les pâturages)" }, "geometry": { "type": "MultiPolygon", "coordinates": [ [ [ [ 2543520.708000000100583, 1155952.634 ], [ 2543489.723000000230968, 1155977.136 ], [ 2543519.791000000201166, 1156021.82 ], [ 2543549.379999999888241, 1156066.159 ], [ 2543552.818, 1156070.901 ], [ 2543561.140000000130385, 1156083.269 ], [ 2543616.216, 1156158.357 ], [ 2543625.096, 1156170.608 ], [ 2543652.535999999847263, 1156148.921 ], [ 2543520.708000000100583, 1155952.634 ] ] ] ] } },
{ "type": "Feature", "properties": { "ANNEE_DE_R": 2025, "CODE_PROGR": "Non", "CODE_UTILI": 613, "IDENTIFICA": "VD_2025_82431", "NOMBRE_ARB": 0, "PROGRAMME": "Aucun programme", "SHAPE_AREA": 21873.888, "SHAPE_LEN": 1529.242, "SURFACE_M2": 21874, "UTILISATIO": "Autres prairies permanentes (sans les pâturages)" }, "geometry": { "type": "MultiPolygon", "coordinates": [ [ [ [ 2543522.707, 1155949.418 ], [ 2543528.120000000111759, 1155956.656999999890104 ], [ 2543529.657000000122935, 1155955.795 ], [ 2543547.100999999791384, 1155942.841 ], [ 2543566.109000000171363, 1155929.004 ], [ 2543579.359999999869615, 1155947.628 ], [ 2543579.984000000171363, 1155948.504 ], [ 2543596.876999999862164, 1155975.513 ], [ 2543601.484000000171363, 1155982.879 ], [ 2543635.984000000171363, 1156034.629 ], [ 2543676.984000000171363, 1156098.004 ], [ 2543672.484000000171363, 1156102.879 ], [ 2543701.484000000171363, 1156155.629 ], [ 2543675.609000000171363, 1156174.379 ], [ 2543674.44, 1156175.558 ], [ 2543681.791999999899417, 1156186.458000000100583 ], [ 2543706.972, 1156173.727999999886379 ], [ 2543706.205999999772757, 1156158.241 ], [ 2543701.082, 1156128.548 ], [ 2543689.557, 1156107.411 ], [ 2543680.761, 1156091.279 ], [ 2543660.464999999850988, 1156046.429 ], [ 2543650.591, 1156034.618 ], [ 2543650.424000000115484, 1156023.376 ], [ 2543646.204, 1156015.243 ], [ 2543649.626000000163913, 1155998.734 ], [ 2543636.878, 1155974.92 ], [ 2543629.81, 1155950.696 ], [ 2543629.208999999798834, 1155935.683999999891967 ], [ 2543614.515000000130385, 1155919.618 ], [ 2543582.089999999850988, 1155922.442 ], [ 2543569.453000000212342, 1155912.23 ], [ 2543530.386, 1155943.052 ], [ 2543526.106999999843538, 1155946.427 ], [ 2543522.707, 1155949.418 ] ] ], [ [ [ 2543803.572999999858439, 1156334.004 ], [ 2543800.99599999981001, 1156322.487 ], [ 2543781.384999999776483, 1156301.707 ], [ 2543767.095000000204891, 1156268.517 ], [ 2543737.734999999869615, 1156290.897000000113621 ], [ 2543730.866, 1156299.487999999895692 ], [ 2543720.915, 1156317.467 ], [ 2543705.685, 1156370.587 ], [ 2543703.705, 1156384.617 ], [ 2543709.376000000163913, 1156397.747 ], [ 2543730.986, 1156429.926 ], [ 2543758.634999999776483, 1156402.852 ], [ 2543768.44, 1156393.25 ], [ 2543789.029999999795109, 1156373.088 ], [ 2543802.645, 1156359.756 ], [ 2543799.526, 1156342.797 ], [ 2543803.572999999858439, 1156334.004 ] ] ], [ [ [ 2543743.947000000160187, 1156459.766 ], [ 2543731.242999999783933, 1156440.864 ], [ 2543719.19, 1156422.931 ], [ 2543708.438, 1156406.933 ], [ 2543700.518999999854714, 1156395.15 ], [ 2543696.955, 1156389.847 ], [ 2543689.835, 1156381.547 ], [ 2543679.875, 1156376.747 ], [ 2543677.074, 1156382.721 ], [ 2543670.887000000104308, 1156401.721 ], [ 2543661.824, 1156428.971 ], [ 2543655.474, 1156447.533 ], [ 2543651.915, 1156455.222 ], [ 2543654.778, 1156456.156999999890104 ], [ 2543668.691000000108033, 1156460.55 ], [ 2543687.071, 1156466.352 ], [ 2543703.629999999888241, 1156468.508 ], [ 2543722.123999999836087, 1156476.601 ], [ 2543734.517, 1156485.246 ], [ 2543762.617999999783933, 1156494.066000000108033 ], [ 2543750.798, 1156472.351 ], [ 2543743.947000000160187, 1156459.766 ] ] ] ] } },
{ "type": "Feature", "properties": { "ANNEE_DE_R": 2025, "CODE_PROGR": "psGmf", "CODE_UTILI": 616, "IDENTIFICA": "VD_2025_70290", "NOMBRE_ARB": 0, "PROGRAMME": "Production de lait et de viande basée sur les herbages", "SHAPE_AREA": 30201.224, "SHAPE_LEN": 1106.234, "SURFACE_M2": 30202, "UTILISATIO": "Pâturages (pâturages attenants à la ferme, autres pâturages sauf les pâturages d’estivage)" }, "geometry": { "type": "MultiPolygon", "coordinates": [ [ [ [ 2544068.546, 1157009.215 ], [ 2544067.542480096686631, 1157008.688563329400495 ], [ 2544068.904699437785894, 1157010.872438781196252 ], [ 2544068.546, 1157009.215 ] ] ], [ [ [ 2544065.126000000163913, 1157003.455 ], [ 2544063.243862308096141, 1157003.085294381948188 ], [ 2544064.231000000145286, 1157004.487999999895692 ], [ 2544065.327315756585449, 1157005.718442022800446 ], [ 2544065.126000000163913, 1157003.455 ] ] ] ] } },
{ "type": "Feature", "properties": { "ANNEE_DE_R": 2025, "CODE_PROGR": "psGmf", "CODE_UTILI": 612, "IDENTIFICA": "VD_2025_499477", "NOMBRE_ARB": 0, "PROGRAMME": "Production de lait et de viande basée sur les herbages", "SHAPE_AREA": 3996.307, "SHAPE_LEN": 414.138, "SURFACE_M2": 3997, "UTILISATIO": "Prairies peu intensives (sans les pâturages)" }, "geometry": { "type": "MultiPolygon", "coordinates": [ [ [ [ 2544457.114, 1158184.641 ], [ 2544465.279, 1158208.294 ], [ 2544477.347, 1158218.031999999890104 ], [ 2544492.143999999854714, 1158236.775 ], [ 2544574.125, 1158250.473 ], [ 2544589.214999999850988, 1158256.589 ], [ 2544607.598000000230968, 1158254.072 ], [ 2544626.782000000122935, 1158259.624 ], [ 2544632.432, 1158262.905 ], [ 2544635.563999999780208, 1158264.067 ], [ 2544637.304, 1158256.212 ], [ 2544457.114, 1158184.641 ] ] ] ] } },
{ "type": "Feature", "properties": { "ANNEE_DE_R": 2025, "CODE_PROGR": "Non", "CODE_UTILI": 852, "IDENTIFICA": "VD_2025_47243", "NOMBRE_ARB": 0, "PROGRAMME": "Aucun programme", "SHAPE_AREA": 2017.074, "SHAPE_LEN": 330.283, "SURFACE_M2": 2018, "UTILISATIO": "Haies, bosquets champêtres et berges boisées (avec la bande herbeuse)" }, "geometry": { "type": "MultiPolygon", "coordinates": [ [ [ [ 2544754.11717439442873, 1158187.575494228396565 ], [ 2544753.548, 1158187.571 ], [ 2544752.833000000100583, 1158194.713 ], [ 2544753.256316709797829, 1158194.874267987906933 ], [ 2544754.11717439442873, 1158187.575494228396565 ] ] ] ] } },
{ "type": "Feature", "properties": { "ANNEE_DE_R": 2025, "CODE_PROGR": "Bio", "CODE_UTILI": 611, "IDENTIFICA": "VD_2025_402582", "NOMBRE_ARB": 0, "PROGRAMME": "Production bio", "SHAPE_AREA": 7734.905, "SHAPE_LEN": 1178.724, "SURFACE_M2": 15470, "UTILISATIO": "Prairies extensives (sans les pâturages)" }, "geometry": { "type": "MultiPolygon", "coordinates": [ [ [ [ 2534724.406, 1152211.796 ], [ 2534708.031, 1152206.796 ], [ 2534694.781, 1152196.421 ], [ 2534686.401, 1152186.589 ], [ 2534669.921999999787658, 1152168.729 ], [ 2534648.722, 1152157.929 ], [ 2534642.322000000160187, 1152165.529 ], [ 2534640.099, 1152168.112999999895692 ], [ 2534641.474, 1152170.737999999895692 ], [ 2534652.099, 1152175.862999999895692 ], [ 2534687.704, 1152202.199 ], [ 2534701.406, 1152210.921 ], [ 2534714.322000000160187, 1152219.529 ], [ 2534746.454, 1152233.699 ], [ 2534749.446, 1152234.287 ], [ 2534753.383, 1152232.974 ], [ 2534753.580999999772757, 1152230.303 ], [ 2534731.906, 1152210.796 ], [ 2534724.406, 1152211.796 ] ] ], [ [ [ 2534758.941000000108033, 1152285.923 ], [ 2534774.941000000108033, 1152295.123 ], [ 2534781.341, 1152295.923 ], [ 2534758.704, 1152251.199 ], [ 2534750.704, 1152242.699 ], [ 2534719.954, 1152227.949 ], [ 2534679.204, 1152200.449 ], [ 2534646.541000000201166, 1152177.523 ], [ 2534639.787, 1152174.387000000104308 ], [ 2534639.704, 1152179.449 ], [ 2534653.204, 1152186.949 ], [ 2534655.454, 1152197.199 ], [ 2534657.454, 1152213.449 ], [ 2534657.261, 1152215.418 ], [ 2534672.833999999798834, 1152231.664000000106171 ], [ 2534677.025, 1152232.957 ], [ 2534682.211999999824911, 1152228.394 ], [ 2534686.525, 1152229.457 ], [ 2534697.816000000108033, 1152225.327 ], [ 2534706.62900000018999, 1152232.139 ], [ 2534715.12900000018999, 1152240.077 ], [ 2534722.106999999843538, 1152248.584 ], [ 2534723.122, 1152254.696 ], [ 2534725.122, 1152263.98 ], [ 2534724.997, 1152276.48 ], [ 2534716.768999999854714, 1152287.618 ], [ 2534718.643999999854714, 1152303.118 ], [ 2534705.518999999854714, 1152312.618 ], [ 2534688.867, 1152318.209 ], [ 2534688.332, 1152326.369 ], [ 2534703.123000000137836, 1152327.324 ], [ 2534732.367, 1152299.084 ], [ 2534731.867, 1152285.834 ], [ 2534743.367, 1152280.834 ], [ 2534758.941000000108033, 1152285.923 ] ] ], [ [ [ 2534718.208999999798834, 1152452.097 ], [ 2534719.333999999798834, 1152462.284 ], [ 2534709.146999999880791, 1152475.409 ], [ 2534716.731999999843538, 1152486.365 ], [ 2534748.140000000130385, 1152475.328 ], [ 2534728.958999999798834, 1152448.034 ], [ 2534718.208999999798834, 1152452.097 ] ] ], [ [ [ 2534710.257000000216067, 1152489.933999999891967 ], [ 2534702.674999999813735, 1152477.669 ], [ 2534698.924999999813735, 1152479.169 ], [ 2534683.943, 1152475.819 ], [ 2534676.640000000130385, 1152464.258 ], [ 2534671.640000000130385, 1152479.758 ], [ 2534668.87900000018999, 1152493.092 ], [ 2534697.103999999817461, 1152485.974 ], [ 2534700.498999999836087, 1152493.046 ], [ 2534710.257000000216067, 1152489.933999999891967 ] ] ], [ [ [ 2534607.943, 1152487.694 ], [ 2534614.640000000130385, 1152508.758 ], [ 2534620.967999999877065, 1152508.585999999893829 ], [ 2534628.366, 1152505.101 ], [ 2534641.947000000160187, 1152488.944 ], [ 2534639.967000000178814, 1152474.66 ], [ 2534625.731999999843538, 1152482.865 ], [ 2534607.943, 1152487.694 ] ] ] ] } },
{ "type": "Feature", "properties": { "ANNEE_DE_R": 2025, "CODE_PROGR": "Bio", "CODE_UTILI": 545, "IDENTIFICA": "VD_2025_465944", "NOMBRE_ARB": 0, "PROGRAMME": "Production bio", "SHAPE_AREA": 2849.779, "SHAPE_LEN": 237.5, "SURFACE_M2": 8550, "UTILISATIO": "Cultures maraîchères de plein champ annuelles (sauf les légumes de conserve)" }, "geometry": { "type": "MultiPolygon", "coordinates": [ [ [ [ 2534746.349, 1156531.013 ], [ 2534737.367999999783933, 1156530.842 ], [ 2534674.398, 1156533.075 ], [ 2534666.859000000171363, 1156533.345 ], [ 2534661.12099999981001, 1156533.513 ], [ 2534660.296999999787658, 1156565.953 ], [ 2534746.328000000212342, 1156564.747 ], [ 2534746.349, 1156531.013 ] ] ] ] } },
{ "type": "Feature", "properties": { "ANNEE_DE_R": 2025, "CODE_PROGR": "Bio", "CODE_UTILI": 616, "IDENTIFICA": "VD_2025_408468", "NOMBRE_ARB": 0, "PROGRAMME": "Production bio", "SHAPE_AREA": 2888.939, "SHAPE_LEN": 302.502, "SURFACE_M2": 5778, "UTILISATIO": "Pâturages (pâturages attenants à la ferme, autres pâturages sauf les pâturages d’estivage)" }, "geometry": { "type": "MultiPolygon", "coordinates": [ [ [ [ 2534659.313, 1156737.377 ], [ 2534651.963, 1156722.232 ], [ 2534634.490000000223517, 1156725.379 ], [ 2534639.43099999986589, 1156733.485000000102445 ], [ 2534647.68099999986589, 1156747.185 ], [ 2534656.021000000182539, 1156761.172 ], [ 2534663.401, 1156780.619 ], [ 2534669.850999999791384, 1156797.719 ], [ 2534670.151, 1156802.573 ], [ 2534670.200999999884516, 1156810.323 ], [ 2534671.301, 1156823.323 ], [ 2534671.233, 1156833.6 ], [ 2534717.004999999888241, 1156823.898 ], [ 2534695.597, 1156789.215 ], [ 2534686.648, 1156774.716 ], [ 2534681.048, 1156765.426 ], [ 2534669.313999999780208, 1156751.954 ], [ 2534662.704, 1156744.365 ], [ 2534659.313, 1156737.377 ] ] ] ] } },
{ "type": "Feature", "properties": { "ANNEE_DE_R": 2025, "CODE_PROGR": "Bio", "CODE_UTILI": 524, "IDENTIFICA": "VD_2025_518098", "NOMBRE_ARB": 0, "PROGRAMME": "Production bio", "SHAPE_AREA": 2067.159, "SHAPE_LEN": 220.827, "SURFACE_M2": 4135, "UTILISATIO": "Pommes de terre" }, "geometry": { "type": "MultiPolygon", "coordinates": [ [ [ [ 2534762.778, 1156755.06 ], [ 2534759.461999999824911, 1156750.916 ], [ 2534681.048, 1156765.426 ], [ 2534686.648, 1156774.716 ], [ 2534695.597, 1156789.215 ], [ 2534778.636, 1156771.77 ], [ 2534762.778, 1156755.06 ] ] ] ] } },
{ "type": "Feature", "properties": { "ANNEE_DE_R": 2025, "CODE_PROGR": "Bio", "CODE_UTILI": 616, "IDENTIFICA": "VD_2025_204551", "NOMBRE_ARB": 0, "PROGRAMME": "Production bio", "SHAPE_AREA": 20422.748, "SHAPE_LEN": 771.484, "SURFACE_M2": 40846, "UTILISATIO": "Pâturages (pâturages attenants à la ferme, autres pâturages sauf les pâturages d’estivage)" }, "geometry": { "type": "MultiPolygon", "coordinates": [ [ [ [ 2534795.36200000019744, 1156807.289000000106171 ], [ 2534718.475, 1156823.585999999893829 ], [ 2534717.004999999888241, 1156823.898 ], [ 2534671.233, 1156833.6 ], [ 2534671.583000000100583, 1156855.65 ], [ 2534671.927000000141561, 1156866.306 ], [ 2534672.318, 1156878.41 ], [ 2534672.264, 1156882.179 ], [ 2534672.142, 1156890.783 ], [ 2534671.967999999877065, 1156903.068 ], [ 2534672.557, 1156914.487999999895692 ], [ 2534672.850999999791384, 1156920.182 ], [ 2534672.918, 1156921.468000000109896 ], [ 2534672.944999999832362, 1156924.111 ], [ 2534673.046999999787658, 1156933.835 ], [ 2534673.083999999798834, 1156937.388 ], [ 2534673.117999999783933, 1156940.671 ], [ 2534672.713, 1156941.918 ], [ 2534807.458000000100583, 1156912.494 ], [ 2534848.31900000013411, 1156903.57 ], [ 2534863.751000000163913, 1156900.362999999895692 ], [ 2534853.714999999850988, 1156876.611 ], [ 2534841.838, 1156864.983 ], [ 2534824.143999999854714, 1156833.788 ], [ 2534811.815, 1156825.705 ], [ 2534795.36200000019744, 1156807.289000000106171 ] ] ], [ [ [ 2534954.910000000149012, 1156865.009 ], [ 2534940.909, 1156865.441000000108033 ], [ 2534906.079, 1156865.554 ], [ 2534895.966, 1156866.122 ], [ 2534879.833999999798834, 1156869.947 ], [ 2534882.612999999895692, 1156880.043 ], [ 2534883.92, 1156890.384 ], [ 2534883.477, 1156896.429 ], [ 2534879.281, 1156900.715 ], [ 2534882.795, 1156905.406999999890104 ], [ 2534889.273, 1156907.906999999890104 ], [ 2534896.432, 1156907.906999999890104 ], [ 2534903.818, 1156907.906999999890104 ], [ 2534919.807, 1156908.145 ], [ 2534943.67, 1156908.827 ], [ 2534949.341, 1156900.685 ], [ 2534954.498999999836087, 1156893.28 ], [ 2534954.106999999843538, 1156881.272000000113621 ], [ 2534954.910000000149012, 1156865.009 ] ] ] ] } },
{ "type": "Feature", "properties": { "ANNEE_DE_R": 2025, "CODE_PROGR": "Bio", "CODE_UTILI": 611, "IDENTIFICA": "VD_2025_44447", "NOMBRE_ARB": 0, "PROGRAMME": "Production bio", "SHAPE_AREA": 1428.476, "SHAPE_LEN": 363.358, "SURFACE_M2": 2857, "UTILISATIO": "Prairies extensives (sans les pâturages)" }, "geometry": { "type": "MultiPolygon", "coordinates": [ [ [ [ 2534841.725, 1156937.781999999890104 ], [ 2534840.691999999806285, 1156929.96 ], [ 2534829.974, 1156933.038 ], [ 2534816.849, 1156935.981 ], [ 2534794.415, 1156941.012000000104308 ], [ 2534784.693, 1156943.192 ], [ 2534763.974, 1156947.838 ], [ 2534761.449, 1156948.199 ], [ 2534716.373999999836087, 1156954.638 ], [ 2534670.703000000212342, 1156959.022000000113621 ], [ 2534669.574, 1156966.638 ], [ 2534711.345000000204891, 1156963.874 ], [ 2534723.974, 1156963.038 ], [ 2534731.298, 1156961.811 ], [ 2534734.824, 1156961.447 ], [ 2534753.651999999769032, 1156958.068 ], [ 2534766.984000000171363, 1156955.625 ], [ 2534780.719, 1156952.346 ], [ 2534831.665, 1156940.183 ], [ 2534841.725, 1156937.781999999890104 ] ] ] ] } },
{ "type": "Feature", "properties": { "ANNEE_DE_R": 2025, "CODE_PROGR": "Bio", "CODE_UTILI": 611, "IDENTIFICA": "VD_2025_44448", "NOMBRE_ARB": 0, "PROGRAMME": "Production bio", "SHAPE_AREA": 2457.609, "SHAPE_LEN": 380.715, "SURFACE_M2": 4916, "UTILISATIO": "Prairies extensives (sans les pâturages)" }, "geometry": { "type": "MultiPolygon", "coordinates": [ [ [ [ 2534842.822999999858439, 1156946.098 ], [ 2534842.43099999986589, 1156943.128 ], [ 2534798.4, 1156954.632 ], [ 2534745.075999999884516, 1156968.565 ], [ 2534713.302999999839813, 1156976.866 ], [ 2534693.912, 1156981.933 ], [ 2534684.801, 1156984.212 ], [ 2534669.893000000156462, 1156987.942 ], [ 2534672.65, 1156998.612 ], [ 2534677.795, 1156997.009 ], [ 2534751.251999999862164, 1156981.698 ], [ 2534811.745000000111759, 1156967.525 ], [ 2534844.373999999836087, 1156957.838 ], [ 2534842.822999999858439, 1156946.098 ] ] ] ] } },
{ "type": "Feature", "properties": { "ANNEE_DE_R": 2025, "CODE_PROGR": "Non", "CODE_UTILI": 901, "IDENTIFICA": "VD_2025_56008", "NOMBRE_ARB": 0, "PROGRAMME": "Aucun programme", "SHAPE_AREA": 26181.821, "SHAPE_LEN": 1040.789, "SURFACE_M2": 26182, "UTILISATIO": "Forêt" }, "geometry": { "type": "MultiPolygon", "coordinates": [ [ [ [ 2534862.850999999791384, 1157454.678 ], [ 2534814.721, 1157473.178 ], [ 2534823.12099999981001, 1157477.108 ], [ 2534821.281, 1157502.079 ], [ 2534829.691000000108033, 1157507.949 ], [ 2534844.561000000219792, 1157540.21 ], [ 2534846.43099999986589, 1157565.26 ], [ 2534842.381, 1157586.401 ], [ 2534839.091, 1157597.081 ], [ 2534844.061000000219792, 1157606.431 ], [ 2534844.069999999832362, 1157630.082 ], [ 2534848.950000000186265, 1157644.652 ], [ 2534856.46, 1157648.172 ], [ 2534874.223000000230968, 1157674.115 ], [ 2534888.271000000182539, 1157699.262000000104308 ], [ 2534885.171, 1157716.722 ], [ 2534897.021999999880791, 1157763.071 ], [ 2534883.812, 1157785.871 ], [ 2534868.853000000119209, 1157824.331 ], [ 2534886.703000000212342, 1157821.021 ], [ 2534894.419000000227243, 1157834.046 ], [ 2534913.497, 1157871.2 ], [ 2534914.992999999783933, 1157874.112 ], [ 2534928.94400000013411, 1157899.03 ], [ 2534971.143000000156462, 1157866.1 ], [ 2534966.191999999806285, 1157858.59 ], [ 2534953.870000000111759, 1157839.9 ], [ 2534952.734000000171363, 1157821.347 ], [ 2534952.287, 1157817.155 ], [ 2534951.079, 1157809.085999999893829 ], [ 2534956.416999999899417, 1157778.985000000102445 ], [ 2534958.779999999795109, 1157763.215 ], [ 2534951.282999999821186, 1157722.735000000102445 ], [ 2534947.71100000012666, 1157705.441000000108033 ], [ 2534941.640000000130385, 1157693.455 ], [ 2534940.111, 1157690.436 ], [ 2534939.186000000219792, 1157688.609 ], [ 2534934.004999999888241, 1157678.379999999888241 ], [ 2534904.65, 1157626.745000000111759 ], [ 2534905.089999999850988, 1157625.661 ], [ 2534906.365000000223517, 1157605.232 ], [ 2534906.515000000130385, 1157603.344 ], [ 2534908.529999999795109, 1157571.8 ], [ 2534908.166000000201166, 1157570.132 ], [ 2534906.947999999858439, 1157564.543 ], [ 2534906.131, 1157560.797 ], [ 2534903.702, 1157549.656 ], [ 2534896.991, 1157518.732 ], [ 2534896.651999999769032, 1157516.81 ], [ 2534891.623000000137836, 1157507.45 ], [ 2534888.943, 1157502.643 ], [ 2534884.910999999847263, 1157494.819 ], [ 2534878.896999999880791, 1157484.639999999897555 ], [ 2534872.191999999806285, 1157472.119 ], [ 2534862.850999999791384, 1157454.678 ] ] ] ] } },
{ "type": "Feature", "properties": { "ANNEE_DE_R": 2025, "CODE_PROGR": "psVegetableSoilCoverage", "CODE_UTILI": 545, "IDENTIFICA": "VD_2025_445830", "NOMBRE_ARB": 0, "PROGRAMME": "Couverture appropriée du sol (légumes dans les terres ouvertes)", "SHAPE_AREA": 16647.43, "SHAPE_LEN": 537.059, "SURFACE_M2": 33295, "UTILISATIO": "Cultures maraîchères de plein champ annuelles (sauf les légumes de conserve)" }, "geometry": { "type": "MultiPolygon", "coordinates": [ [ [ [ 2534975.808000000193715, 1157404.91 ], [ 2534974.75, 1157401.606 ], [ 2534877.535999999847263, 1157449.329 ], [ 2534890.653, 1157479.049000000115484 ], [ 2534891.403, 1157480.743 ], [ 2534897.653, 1157496.868 ], [ 2534905.75, 1157524.126 ], [ 2534907.716, 1157530.743 ], [ 2534912.55599999986589, 1157545.749 ], [ 2534918.295, 1157569.896 ], [ 2534925.859000000171363, 1157601.724 ], [ 2534976.11200000019744, 1157578.110000000102445 ], [ 2535022.291999999899417, 1157556.41 ], [ 2534983.96, 1157430.376 ], [ 2534975.808000000193715, 1157404.91 ] ] ] ] } },
{ "type": "Feature", "properties": { "ANNEE_DE_R": 2025, "CODE_PROGR": "psmVegetablesBerries", "CODE_UTILI": 545, "IDENTIFICA": "VD_2025_55996", "NOMBRE_ARB": 0, "PROGRAMME": "Non-recours aux insecticides et aux acaricides dans les cultures maraîchères et les cultures de petits fruits", "SHAPE_AREA": 1109.369, "SHAPE_LEN": 179.813, "SURFACE_M2": 4438, "UTILISATIO": "Cultures maraîchères de plein champ annuelles (sauf les légumes de conserve)" }, "geometry": { "type": "MultiPolygon", "coordinates": [ [ [ [ 2535216.646999999880791, 1157497.106 ], [ 2535177.291000000201166, 1157438.748 ], [ 2535163.616, 1157447.011 ], [ 2535165.015999999828637, 1157449.022000000113621 ], [ 2535208.452, 1157509.146 ], [ 2535218.359000000171363, 1157499.874 ], [ 2535216.646999999880791, 1157497.106 ] ] ] ] } },
{ "type": "Feature", "properties": { "ANNEE_DE_R": 2025, "CODE_PROGR": "psVegetableSoilCoverage", "CODE_UTILI": 545, "IDENTIFICA": "VD_2025_131445", "NOMBRE_ARB": 0, "PROGRAMME": "Couverture appropriée du sol (légumes dans les terres ouvertes)", "SHAPE_AREA": 11134.028, "SHAPE_LEN": 463.673, "SURFACE_M2": 22269, "UTILISATIO": "Cultures maraîchères de plein champ annuelles (sauf les légumes de conserve)" }, "geometry": { "type": "MultiPolygon", "coordinates": [ [ [ [ 2535229.049999999813735, 1157708.487999999895692 ], [ 2535183.899000000208616, 1157654.058 ], [ 2535073.660999999847263, 1157771.089 ], [ 2535120.409, 1157825.323 ], [ 2535220.384, 1157714.214 ], [ 2535225.174999999813735, 1157713.392 ], [ 2535229.049999999813735, 1157708.487999999895692 ] ] ] ] } },
{ "type": "Feature", "properties": { "ANNEE_DE_R": 2025, "CODE_PROGR": "Bio", "CODE_UTILI": 611, "IDENTIFICA": "VD_2025_446178", "NOMBRE_ARB": 0, "PROGRAMME": "Production bio", "SHAPE_AREA": 1027.673, "SHAPE_LEN": 137.704, "SURFACE_M2": 2056, "UTILISATIO": "Prairies extensives (sans les pâturages)" }, "geometry": { "type": "MultiPolygon", "coordinates": [ [ [ [ 2535281.06, 1152851.557 ], [ 2535256.96, 1152827.857 ], [ 2535255.660000000149012, 1152829.057 ], [ 2535227.359999999869615, 1152862.957 ], [ 2535235.313, 1152866.278 ], [ 2535243.105, 1152865.436 ], [ 2535258.478999999817461, 1152861.433999999891967 ], [ 2535267.325000000186265, 1152860.171 ], [ 2535275.56, 1152857.357 ], [ 2535281.06, 1152851.557 ] ] ] ] } },
{ "type": "Feature", "properties": { "ANNEE_DE_R": 2025, "CODE_PROGR": "Bio", "CODE_UTILI": 611, "IDENTIFICA": "VD_2025_517467", "NOMBRE_ARB": 0, "PROGRAMME": "Production bio", "SHAPE_AREA": 13123.828, "SHAPE_LEN": 872.554, "SURFACE_M2": 26248, "UTILISATIO": "Prairies extensives (sans les pâturages)" }, "geometry": { "type": "MultiPolygon", "coordinates": [ [ [ [ 2535781.549999999813735, 1151972.332 ], [ 2535763.241, 1151955.629 ], [ 2535724.373000000137836, 1151983.254 ], [ 2535707.026999999769032, 1152002.206 ], [ 2535693.214999999850988, 1152019.873 ], [ 2535674.904999999795109, 1152024.049000000115484 ], [ 2535652.42, 1152038.504 ], [ 2535638.929, 1152058.419 ], [ 2535637.643999999854714, 1152076.085999999893829 ], [ 2535647.923, 1152095.681 ], [ 2535679.080999999772757, 1152073.195 ], [ 2535716.984999999869615, 1152041.073 ], [ 2535733.046, 1152018.588 ], [ 2535749.748999999836087, 1151992.569 ], [ 2535781.549999999813735, 1151972.332 ] ] ], [ [ [ 2535689.208999999798834, 1152094.329 ], [ 2535705.018000000156462, 1152098.281999999890104 ], [ 2535717.952, 1152096.845 ], [ 2535751.725999999791384, 1152080.317 ], [ 2535788.015000000130385, 1152062.352 ], [ 2535791.248999999836087, 1152047.98 ], [ 2535809.214000000152737, 1152039.357 ], [ 2535814.244, 1152019.236 ], [ 2535801.668, 1151992.649 ], [ 2535790.171, 1151982.588 ], [ 2535778.659, 1151982.933 ], [ 2535749.748999999836087, 1152005.739 ], [ 2535725.657999999821186, 1152039.789000000106171 ], [ 2535700.282000000122935, 1152068.698 ], [ 2535680.045, 1152083.474 ], [ 2535671.244, 1152091.455 ], [ 2535678.78899999987334, 1152088.94 ], [ 2535689.208999999798834, 1152094.329 ] ] ], [ [ [ 2535647.890000000130385, 1152103.671 ], [ 2535672.322000000160187, 1152105.827 ], [ 2535671.244, 1152091.455 ], [ 2535662.378, 1152098.251 ], [ 2535647.890000000130385, 1152103.671 ] ] ] ] } },
{ "type": "Feature", "properties": { "ANNEE_DE_R": 2025, "CODE_PROGR": "Bio", "CODE_UTILI": 611, "IDENTIFICA": "VD_2025_402587", "NOMBRE_ARB": 0, "PROGRAMME": "Production bio", "SHAPE_AREA": 1236.295, "SHAPE_LEN": 163.68, "SURFACE_M2": 2473, "UTILISATIO": "Prairies extensives (sans les pâturages)" }, "geometry": { "type": "MultiPolygon", "coordinates": [ [ [ [ 2535713.352, 1152443.936 ], [ 2535709.052000000141561, 1152417.736 ], [ 2535669.552000000141561, 1152462.835999999893829 ], [ 2535690.952, 1152481.136 ], [ 2535706.852, 1152461.236 ], [ 2535702.151999999769032, 1152457.136 ], [ 2535713.352, 1152443.936 ] ] ] ] } },
{ "type": "Feature", "properties": { "ANNEE_DE_R": 2025, "CODE_PROGR": "psVegetableSoilCoverage", "CODE_UTILI": 545, "IDENTIFICA": "VD_2025_517173", "NOMBRE_ARB": 0, "PROGRAMME": "Couverture appropriée du sol (légumes dans les terres ouvertes)", "SHAPE_AREA": 9807.676, "SHAPE_LEN": 529.583, "SURFACE_M2": 19616, "UTILISATIO": "Cultures maraîchères de plein champ annuelles (sauf les légumes de conserve)" }, "geometry": { "type": "MultiPolygon", "coordinates": [ [ [ [ 2536064.883, 1158946.699 ], [ 2536062.373999999836087, 1158904.003 ], [ 2535991.798, 1158908.219 ], [ 2535840.881, 1158917.149 ], [ 2535847.024000000208616, 1158963.189 ], [ 2536064.883, 1158946.699 ] ] ] ] } },
{ "type": "Feature", "properties": { "ANNEE_DE_R": 2025, "CODE_PROGR": "psGmf", "CODE_UTILI": 616, "IDENTIFICA": "VD_2025_38084", "NOMBRE_ARB": 15, "PROGRAMME": "Production de lait et de viande basée sur les herbages", "SHAPE_AREA": 13658.458, "SHAPE_LEN": 686.404, "SURFACE_M2": 13659, "UTILISATIO": "Pâturages (pâturages attenants à la ferme, autres pâturages sauf les pâturages d’estivage)" }, "geometry": { "type": "MultiPolygon", "coordinates": [ [ [ [ 2536568.18099999986589, 1155470.941000000108033 ], [ 2536572.245435066986829, 1155490.636252192314714 ], [ 2536587.751999999862164, 1155488.771 ], [ 2536589.818, 1155486.584 ], [ 2536590.318, 1155483.834 ], [ 2536587.483, 1155480.965 ], [ 2536568.180830349214375, 1155470.940177384065464 ], [ 2536568.18099999986589, 1155470.941000000108033 ] ] ] ] } },
{ "type": "Feature", "properties": { "ANNEE_DE_R": 2025, "CODE_PROGR": "Non", "CODE_UTILI": 901, "IDENTIFICA": "VD_2025_63544", "NOMBRE_ARB": 0, "PROGRAMME": "Aucun programme", "SHAPE_AREA": 667.547, "SHAPE_LEN": 375.141, "SURFACE_M2": 668, "UTILISATIO": "Forêt" }, "geometry": { "type": "MultiPolygon", "coordinates": [ [ [ [ 2536292.543, 1157926.448 ], [ 2536294.933000000193715, 1157928.987999999895692 ], [ 2536300.933000000193715, 1157932.538 ], [ 2536304.173, 1157931.998 ], [ 2536305.403, 1157933.308 ], [ 2536305.933000000193715, 1157936.108 ], [ 2536308.782999999821186, 1157938.158 ], [ 2536314.673, 1157937.968000000109896 ], [ 2536321.51299999980256, 1157941.528 ], [ 2536324.273, 1157950.818 ], [ 2536328.173, 1157953.448 ], [ 2536328.653, 1157957.578 ], [ 2536338.66399999987334, 1157971.638 ], [ 2536350.734000000171363, 1157990.328 ], [ 2536357.992, 1157999.658 ], [ 2536360.194999999832362, 1158001.328 ], [ 2536361.884999999776483, 1158006.898 ], [ 2536365.740000000223517, 1158012.643 ], [ 2536373.045, 1158023.688 ], [ 2536379.106999999843538, 1158032.107 ], [ 2536380.080999999772757, 1158033.802 ], [ 2536382.045, 1158038.798 ], [ 2536393.116, 1158051.518 ], [ 2536401.106000000145286, 1158066.828 ], [ 2536403.906, 1158065.608 ], [ 2536386.548, 1158038.748 ], [ 2536322.737999999895692, 1157940.003 ], [ 2536321.193, 1157937.618 ], [ 2536306.023, 1157924.448 ], [ 2536304.242999999783933, 1157924.938 ], [ 2536292.543, 1157926.448 ] ] ] ] } },
{ "type": "Feature", "properties": { "ANNEE_DE_R": 2025, "CODE_PROGR": "Non", "CODE_UTILI": 902, "IDENTIFICA": "VD_2025_489261", "NOMBRE_ARB": 0, "PROGRAMME": "Aucun programme", "SHAPE_AREA": 2606.535, "SHAPE_LEN": 505.0, "SURFACE_M2": 2607, "UTILISATIO": "Surfaces improductives (p. ex. haies sans les bandes tampons, surfaces broyées, surfaces avec un degré élevé de mauvaises herbes)" }, "geometry": { "type": "MultiPolygon", "coordinates": [ [ [ [ 2536411.719, 1158030.281 ], [ 2536395.785999999847263, 1158032.541 ], [ 2536411.910000000149012, 1158061.721 ], [ 2536466.918, 1158036.31 ], [ 2536526.668, 1158011.935 ], [ 2536587.731000000145286, 1157983.435 ], [ 2536607.543, 1157972.685 ], [ 2536605.268000000156462, 1157965.231 ], [ 2536582.774000000208616, 1157975.358 ], [ 2536581.418, 1157975.935 ], [ 2536567.526999999769032, 1157981.072 ], [ 2536557.418, 1157984.81 ], [ 2536555.381, 1157985.665 ], [ 2536534.799999999813735, 1157994.307 ], [ 2536530.932, 1157995.931 ], [ 2536518.975, 1158000.952 ], [ 2536512.168, 1158003.81 ], [ 2536502.991, 1158008.210999999893829 ], [ 2536481.846, 1158018.352 ], [ 2536475.418, 1158021.435 ], [ 2536453.416999999899417, 1158030.81 ], [ 2536409.418, 1158049.56 ], [ 2536411.719, 1158030.281 ] ] ] ] } },
{ "type": "Feature", "properties": { "ANNEE_DE_R": 2025, "CODE_PROGR": "psClimateEfficientNUse", "CODE_UTILI": 601, "IDENTIFICA": "VD_2025_158166", "NOMBRE_ARB": 0, "PROGRAMME": "Utilisation efficiente de l’azote dans les grandes cultures", "SHAPE_AREA": 55797.834, "SHAPE_LEN": 953.17, "SURFACE_M2": 111596, "UTILISATIO": "Prairies artificielles (sans les pâturages)" }, "geometry": { "type": "MultiPolygon", "coordinates": [ [ [ [ 2536605.006, 1158286.458000000100583 ], [ 2536611.136, 1158209.056 ], [ 2536554.018000000156462, 1158212.522000000113621 ], [ 2536543.268000000156462, 1158213.174000000115484 ], [ 2536535.49599999981001, 1158213.818 ], [ 2536465.271999999880791, 1158219.277 ], [ 2536458.245000000111759, 1158219.827 ], [ 2536445.677999999839813, 1158220.8 ], [ 2536442.441000000108033, 1158221.051 ], [ 2536441.296999999787658, 1158221.139999999897555 ], [ 2536436.929, 1158221.477999999886379 ], [ 2536420.163000000175089, 1158222.777 ], [ 2536418.156, 1158222.933 ], [ 2536416.436000000219792, 1158223.066000000108033 ], [ 2536411.143000000156462, 1158223.450999999884516 ], [ 2536409.208999999798834, 1158223.599 ], [ 2536341.444999999832362, 1158228.598 ], [ 2536351.801, 1158281.512000000104308 ], [ 2536353.93099999986589, 1158292.399 ], [ 2536356.893000000156462, 1158312.569 ], [ 2536360.873000000137836, 1158342.626 ], [ 2536363.796, 1158391.758 ], [ 2536366.41399999987334, 1158456.019 ], [ 2536582.754999999888241, 1158444.029 ], [ 2536591.200999999884516, 1158390.969 ], [ 2536595.963, 1158351.539000000106171 ], [ 2536602.006, 1158314.708000000100583 ], [ 2536603.256, 1158307.458000000100583 ], [ 2536605.006, 1158286.458000000100583 ] ] ] ] } },
{ "type": "Feature", "properties": { "ANNEE_DE_R": 2025, "CODE_PROGR": "psArableSoilCoverage", "CODE_UTILI": 559, "IDENTIFICA": "VD_2025_498839", "NOMBRE_ARB": 0, "PROGRAMME": "Couverture appropriée du sol (les cultures principales sur terres ouvertes)", "SHAPE_AREA": 437.83, "SHAPE_LEN": 164.565, "SURFACE_M2": 876, "UTILISATIO": "Ourlet sur terres assolées" }, "geometry": { "type": "MultiPolygon", "coordinates": [ [ [ [ 2536147.27, 1158681.33 ], [ 2536145.103999999817461, 1158651.262000000104308 ], [ 2536139.688, 1158652.204 ], [ 2536139.173, 1158653.158 ], [ 2536142.08600000012666, 1158686.871 ], [ 2536145.850999999791384, 1158728.699 ], [ 2536151.674000000115484, 1158727.07 ], [ 2536148.876000000163913, 1158701.095 ], [ 2536147.27, 1158681.33 ] ] ] ] } },
{ "type": "Feature", "properties": { "ANNEE_DE_R": 2025, "CODE_PROGR": "psArableSoilCoverage", "CODE_UTILI": 521, "IDENTIFICA": "VD_2025_146814", "NOMBRE_ARB": 0, "PROGRAMME": "Couverture appropriée du sol (les cultures principales sur terres ouvertes)", "SHAPE_AREA": 29294.304, "SHAPE_LEN": 717.128, "SURFACE_M2": 58589, "UTILISATIO": "Maïs d'ensilage et maïs vert" }, "geometry": { "type": "MultiPolygon", "coordinates": [ [ [ [ 2536628.001000000163913, 1155760.814 ], [ 2536664.375155460555106, 1155751.697895934572443 ], [ 2536669.6, 1155721.763 ], [ 2536683.987999999895692, 1155638.992 ], [ 2536669.424000000115484, 1155627.406999999890104 ], [ 2536632.995000000111759, 1155612.296 ], [ 2536593.642788542434573, 1155594.32256185496226 ], [ 2536628.001000000163913, 1155760.814 ] ] ] ] } },
{ "type": "Feature", "properties": { "ANNEE_DE_R": 2025, "CODE_PROGR": "Non", "CODE_UTILI": 901, "IDENTIFICA": "VD_2025_63543", "NOMBRE_ARB": 0, "PROGRAMME": "Aucun programme", "SHAPE_AREA": 12403.332, "SHAPE_LEN": 724.405, "SURFACE_M2": 12404, "UTILISATIO": "Forêt" }, "geometry": { "type": "MultiPolygon", "coordinates": [ [ [ [ 2537074.847, 1158133.974 ], [ 2537070.328000000212342, 1158092.972 ], [ 2537064.077, 1158055.196 ], [ 2537054.438, 1158018.601 ], [ 2537054.952, 1157986.366 ], [ 2536996.228000000119209, 1157954.591 ], [ 2536995.288000000175089, 1157955.071 ], [ 2536992.336999999824911, 1157955.985000000102445 ], [ 2536991.566999999806285, 1157957.102999999886379 ], [ 2536989.543, 1157957.243 ], [ 2536988.615000000223517, 1157970.091 ], [ 2536988.596, 1157971.558 ], [ 2536988.543, 1157975.629 ], [ 2536988.376999999862164, 1157988.312 ], [ 2536988.359999999869615, 1157989.638 ], [ 2536988.933000000193715, 1158007.308 ], [ 2536988.986, 1158008.927 ], [ 2536989.023, 1158010.618 ], [ 2536989.583000000100583, 1158031.176 ], [ 2536989.524000000208616, 1158033.423 ], [ 2536989.416999999899417, 1158037.504999999888241 ], [ 2536988.307, 1158079.643 ], [ 2536994.449, 1158088.966 ], [ 2537007.605, 1158097.004999999888241 ], [ 2537011.392, 1158099.761 ], [ 2537028.021999999880791, 1158111.862 ], [ 2537049.938999999780208, 1158133.877 ], [ 2537069.126999999862164, 1158154.812 ], [ 2537069.06, 1158158.715 ], [ 2537072.074, 1158163.585999999893829 ], [ 2537076.327, 1158163.739 ], [ 2537074.847, 1158133.974 ] ] ], [ [ [ 2536651.967999999877065, 1158074.668 ], [ 2536652.978000000119209, 1158095.051 ], [ 2536656.575000000186265, 1158119.028 ], [ 2536662.271999999880791, 1158137.066000000108033 ], [ 2536675.486, 1158157.572 ], [ 2536687.762000000104308, 1158154.993 ], [ 2536673.691000000108033, 1158118.668 ], [ 2536670.915, 1158112.551 ], [ 2536670.173, 1158108.033 ], [ 2536667.683999999891967, 1158095.024 ], [ 2536662.444999999832362, 1158060.971 ], [ 2536651.80599999986589, 1158060.741 ], [ 2536651.967999999877065, 1158074.668 ] ] ] ] } },
{ "type": "Feature", "properties": { "ANNEE_DE_R": 2025, "CODE_PROGR": "Bio", "CODE_UTILI": 559, "IDENTIFICA": "VD_2025_516883", "NOMBRE_ARB": 0, "PROGRAMME": "Production bio", "SHAPE_AREA": 4904.692, "SHAPE_LEN": 660.037, "SURFACE_M2": 19619, "UTILISATIO": "Ourlet sur terres assolées" }, "geometry": { "type": "MultiPolygon", "coordinates": [ [ [ [ 2536788.867, 1155001.864 ], [ 2536787.703000000212342, 1154970.044 ], [ 2536777.187, 1154972.335999999893829 ], [ 2536772.717999999877065, 1155012.742 ], [ 2536769.671, 1155037.168 ], [ 2536768.486, 1155046.67 ], [ 2536766.271999999880791, 1155059.263 ], [ 2536763.383, 1155075.28 ], [ 2536758.535000000149012, 1155102.159 ], [ 2536756.160999999847263, 1155111.311 ], [ 2536753.791999999899417, 1155120.446 ], [ 2536747.886, 1155143.215 ], [ 2536742.734000000171363, 1155179.18 ], [ 2536743.643000000156462, 1155230.131 ], [ 2536743.549000000115484, 1155241.99 ], [ 2536743.514, 1155246.456 ], [ 2536743.386, 1155262.698 ], [ 2536747.386, 1155275.971 ], [ 2536751.91399999987334, 1155283.171 ], [ 2536753.632000000216067, 1155284.975 ], [ 2536758.865000000223517, 1155284.206 ], [ 2536768.157000000122935, 1155282.841 ], [ 2536765.492, 1155272.916 ], [ 2536764.197000000160187, 1155268.092 ], [ 2536763.867, 1155266.864 ], [ 2536763.606999999843538, 1155263.915 ], [ 2536762.256, 1155248.606 ], [ 2536762.063, 1155246.419 ], [ 2536759.367, 1155215.864 ], [ 2536759.367, 1155174.364 ], [ 2536763.946, 1155141.85 ], [ 2536764.367, 1155138.864 ], [ 2536766.978000000119209, 1155128.42 ], [ 2536771.367, 1155110.864 ], [ 2536774.274000000208616, 1155096.102999999886379 ], [ 2536777.867, 1155077.864 ], [ 2536784.867, 1155035.864 ], [ 2536788.569999999832362, 1155004.386 ], [ 2536788.867, 1155001.864 ] ] ] ] } },
{ "type": "Feature", "properties": { "ANNEE_DE_R": 2025, "CODE_PROGR": "Bio", "CODE_UTILI": 611, "IDENTIFICA": "VD_2025_496355", "NOMBRE_ARB": 0, "PROGRAMME": "Production bio", "SHAPE_AREA": 10391.876, "SHAPE_LEN": 738.369, "SURFACE_M2": 20784, "UTILISATIO": "Prairies extensives (sans les pâturages)" }, "geometry": { "type": "MultiPolygon", "coordinates": [ [ [ [ 2536826.404999999795109, 1155333.428 ], [ 2536830.521000000182539, 1155327.859 ], [ 2536834.904999999795109, 1155321.928 ], [ 2536862.401, 1155311.492 ], [ 2536864.791000000201166, 1155323.259 ], [ 2536872.369, 1155325.112 ], [ 2536878.852, 1155333.187 ], [ 2536890.352, 1155336.187 ], [ 2536899.961999999824911, 1155337.007 ], [ 2536912.384, 1155338.067 ], [ 2536913.342999999877065, 1155383.450999999884516 ], [ 2536918.525, 1155379.503 ], [ 2536924.935, 1155382.085 ], [ 2536924.026999999769032, 1155370.412 ], [ 2536923.41399999987334, 1155362.526 ], [ 2536920.316000000108033, 1155322.673 ], [ 2536918.481999999843538, 1155299.085999999893829 ], [ 2536917.433999999891967, 1155285.609 ], [ 2536917.322999999858439, 1155284.176 ], [ 2536916.740000000223517, 1155276.68 ], [ 2536916.578000000212342, 1155274.595 ], [ 2536916.410999999847263, 1155272.455 ], [ 2536913.646000000182539, 1155261.472 ], [ 2536839.421, 1155272.374 ], [ 2536768.157000000122935, 1155282.841 ], [ 2536758.865000000223517, 1155284.206 ], [ 2536753.632000000216067, 1155284.975 ], [ 2536741.157999999821186, 1155286.807 ], [ 2536756.671, 1155304.202 ], [ 2536769.991, 1155319.137000000104308 ], [ 2536775.811000000219792, 1155326.927 ], [ 2536760.021000000182539, 1155337.747 ], [ 2536756.813999999780208, 1155336.993 ], [ 2536757.134999999776483, 1155340.694 ], [ 2536768.109999999869615, 1155336.146 ], [ 2536794.430000000167638, 1155333.295 ], [ 2536807.666999999899417, 1155331.861 ], [ 2536815.571, 1155331.004999999888241 ], [ 2536813.21, 1155342.834 ], [ 2536810.508, 1155350.09 ], [ 2536816.276, 1155356.982 ], [ 2536817.848000000230968, 1155358.126 ], [ 2536822.926, 1155364.926 ], [ 2536826.183999999891967, 1155370.669 ], [ 2536824.123999999836087, 1155379.466 ], [ 2536823.69, 1155381.305 ], [ 2536823.308999999891967, 1155382.919 ], [ 2536825.248999999836087, 1155387.841 ], [ 2536826.066000000108033, 1155388.903 ], [ 2536826.767, 1155389.814 ], [ 2536828.867999999783933, 1155392.546 ], [ 2536830.248999999836087, 1155394.341 ], [ 2536835.56900000013411, 1155383.795 ], [ 2536838.94400000013411, 1155371.92 ], [ 2536836.74599999981001, 1155366.156 ], [ 2536829.44400000013411, 1155351.42 ], [ 2536826.654999999795109, 1155344.928 ], [ 2536826.404999999795109, 1155333.428 ] ] ] ] } },
{ "type": "Feature", "properties": { "ANNEE_DE_R": 2025, "CODE_PROGR": "Bio", "CODE_UTILI": 611, "IDENTIFICA": "VD_2025_496352", "NOMBRE_ARB": 0, "PROGRAMME": "Production bio", "SHAPE_AREA": 9453.852, "SHAPE_LEN": 396.922, "SURFACE_M2": 18908, "UTILISATIO": "Prairies extensives (sans les pâturages)" }, "geometry": { "type": "MultiPolygon", "coordinates": [ [ [ [ 2537054.469, 1155710.784 ], [ 2537059.33600000012666, 1155686.122 ], [ 2536955.839999999850988, 1155692.054 ], [ 2536956.714000000152737, 1155706.575 ], [ 2536950.845000000204891, 1155700.671 ], [ 2536951.088, 1155715.484 ], [ 2536951.657999999821186, 1155729.927 ], [ 2536951.85, 1155734.799000000115484 ], [ 2536952.498000000137836, 1155755.229 ], [ 2536952.410999999847263, 1155757.056 ], [ 2536952.213, 1155761.247 ], [ 2536952.524000000208616, 1155766.259 ], [ 2536952.640000000130385, 1155768.134 ], [ 2536952.782999999821186, 1155770.428 ], [ 2536963.134999999776483, 1155775.637000000104308 ], [ 2536974.674000000115484, 1155782.639999999897555 ], [ 2536996.154, 1155790.533 ], [ 2537017.370000000111759, 1155797.439 ], [ 2537027.501000000163913, 1155800.276 ], [ 2537031.751000000163913, 1155796.026 ], [ 2537035.376000000163913, 1155790.276 ], [ 2537037.751000000163913, 1155782.151 ], [ 2537042.376000000163913, 1155765.026 ], [ 2537044.501000000163913, 1155757.276 ], [ 2537046.950000000186265, 1155746.583000000100583 ], [ 2537049.062, 1155732.629 ], [ 2537052.835, 1155717.385 ], [ 2537054.469, 1155710.784 ] ] ] ] } },
{ "type": "Feature", "properties": { "ANNEE_DE_R": 2025, "CODE_PROGR": "Bio", "CODE_UTILI": 617, "IDENTIFICA": "VD_2025_490664", "NOMBRE_ARB": 0, "PROGRAMME": "Production bio", "SHAPE_AREA": 11504.947, "SHAPE_LEN": 1754.681, "SURFACE_M2": 23010, "UTILISATIO": "Pâturages extensifs" }, "geometry": { "type": "MultiPolygon", "coordinates": [ [ [ [ 2537299.069999999832362, 1155479.762000000104308 ], [ 2537302.071, 1155473.74 ], [ 2537308.069999999832362, 1155472.762000000104308 ], [ 2537313.194999999832362, 1155469.012000000104308 ], [ 2537318.821, 1155463.24 ], [ 2537321.433999999891967, 1155455.538 ], [ 2537321.558999999891967, 1155444.163 ], [ 2537322.75400000018999, 1155439.706 ], [ 2537309.778, 1155440.602999999886379 ], [ 2537308.153, 1155437.602999999886379 ], [ 2537309.028, 1155428.352999999886379 ], [ 2537319.177999999839813, 1155417.072 ], [ 2537326.066999999806285, 1155418.891 ], [ 2537329.1, 1155406.873 ], [ 2537325.225, 1155395.498 ], [ 2537324.941000000108033, 1155383.854 ], [ 2537328.441000000108033, 1155368.104 ], [ 2537342.691000000108033, 1155365.354 ], [ 2537350.441000000108033, 1155349.104 ], [ 2537349.916000000201166, 1155340.84 ], [ 2537349.441999999806285, 1155338.453 ], [ 2537348.316999999806285, 1155335.514999999897555 ], [ 2537345.75400000018999, 1155330.139999999897555 ], [ 2537342.50400000018999, 1155321.703 ], [ 2537329.603000000119209, 1155317.771 ], [ 2537330.478000000119209, 1155311.834 ], [ 2537331.978000000119209, 1155299.146 ], [ 2537332.853000000119209, 1155293.459 ], [ 2537342.632000000216067, 1155296.345 ], [ 2537346.757000000216067, 1155289.158 ], [ 2537359.268000000156462, 1155283.681 ], [ 2537362.768000000156462, 1155276.181 ], [ 2537369.768000000156462, 1155255.181 ], [ 2537377.944999999832362, 1155241.416999999899417 ], [ 2537384.768000000156462, 1155229.931 ], [ 2537401.018000000156462, 1155210.931 ], [ 2537378.872, 1155221.017 ], [ 2537358.372, 1155238.642 ], [ 2537345.944999999832362, 1155236.445 ], [ 2537340.705999999772757, 1155253.414000000106171 ], [ 2537272.427999999839813, 1155231.702 ], [ 2537264.677999999839813, 1155249.452 ], [ 2537336.927999999839813, 1155260.452 ], [ 2537319.177999999839813, 1155366.952 ], [ 2537247.677999999839813, 1155356.202 ], [ 2537245.427999999839813, 1155364.952 ], [ 2537315.927999999839813, 1155381.202 ], [ 2537291.427999999839813, 1155485.452 ], [ 2537217.427999999839813, 1155468.702 ], [ 2537216.927999999839813, 1155482.452 ], [ 2537291.819999999832362, 1155495.712 ], [ 2537289.759, 1155514.142 ], [ 2537296.393999999854714, 1155513.686 ], [ 2537295.532000000122935, 1155503.849 ], [ 2537295.032000000122935, 1155493.974 ], [ 2537299.069999999832362, 1155479.762000000104308 ] ] ], [ [ [ 2537181.128, 1155680.008 ], [ 2537189.102, 1155664.647000000113621 ], [ 2537191.12900000018999, 1155654.825 ], [ 2537197.87900000018999, 1155636.575 ], [ 2537209.852, 1155623.147000000113621 ], [ 2537224.977, 1155617.647000000113621 ], [ 2537261.977, 1155611.772000000113621 ], [ 2537280.477, 1155610.647000000113621 ], [ 2537292.882000000216067, 1155619.772000000113621 ], [ 2537304.214000000152737, 1155620.833000000100583 ], [ 2537313.565, 1155609.047 ], [ 2537275.757000000216067, 1155600.647000000113621 ], [ 2537274.157000000122935, 1155600.399 ], [ 2537199.895, 1155588.885 ], [ 2537196.02, 1155590.848 ], [ 2537163.562, 1155710.097 ], [ 2537137.007000000216067, 1155704.636 ], [ 2537134.082, 1155711.381 ], [ 2537134.582, 1155718.631 ], [ 2537141.207, 1155722.256 ], [ 2537166.707, 1155727.256 ], [ 2537170.832, 1155715.256 ], [ 2537181.128, 1155680.008 ] ] ] ] } },
{ "type": "Feature", "properties": { "ANNEE_DE_R": 2025, "CODE_PROGR": "Bio", "CODE_UTILI": 611, "IDENTIFICA": "VD_2025_402557", "NOMBRE_ARB": 0, "PROGRAMME": "Production bio", "SHAPE_AREA": 2741.291, "SHAPE_LEN": 423.745, "SURFACE_M2": 5483, "UTILISATIO": "Prairies extensives (sans les pâturages)" }, "geometry": { "type": "MultiPolygon", "coordinates": [ [ [ [ 2537720.379999999888241, 1153914.721 ], [ 2537726.254999999888241, 1153915.971 ], [ 2537734.364, 1153914.709 ], [ 2537734.213, 1153903.557 ], [ 2537726.879999999888241, 1153877.134 ], [ 2537729.424999999813735, 1153859.754 ], [ 2537742.924999999813735, 1153851.379 ], [ 2537746.171, 1153829.723 ], [ 2537748.003, 1153819.491 ], [ 2537736.796, 1153807.598 ], [ 2537716.825000000186265, 1153842.202 ], [ 2537706.066999999806285, 1153874.471 ], [ 2537715.566999999806285, 1153882.346 ], [ 2537718.066999999806285, 1153893.221 ], [ 2537712.879999999888241, 1153917.471 ], [ 2537720.379999999888241, 1153914.721 ] ] ], [ [ [ 2537878.54, 1153879.862999999895692 ], [ 2537869.259999999776483, 1153879.867 ], [ 2537869.384999999776483, 1153886.367 ], [ 2537874.491, 1153884.376 ], [ 2537874.244, 1153887.036 ], [ 2537874.057, 1153889.046 ], [ 2537874.33600000012666, 1153891.716 ], [ 2537875.274000000208616, 1153894.466 ], [ 2537877.96100000012666, 1153899.216 ], [ 2537883.429, 1153902.564 ], [ 2537881.116, 1153906.814 ], [ 2537886.265999999828637, 1153910.873 ], [ 2537892.140999999828637, 1153912.123 ], [ 2537903.265999999828637, 1153914.373 ], [ 2537913.765999999828637, 1153916.623 ], [ 2537919.515999999828637, 1153917.248 ], [ 2537924.140999999828637, 1153916.873 ], [ 2537926.140999999828637, 1153914.873 ], [ 2537912.165, 1153910.862999999895692 ], [ 2537912.04, 1153906.112999999895692 ], [ 2537901.165, 1153901.237999999895692 ], [ 2537888.915, 1153891.612999999895692 ], [ 2537878.54, 1153879.862999999895692 ] ] ] ] } },
{ "type": "Feature", "properties": { "ANNEE_DE_R": 2025, "CODE_PROGR": "Bio", "CODE_UTILI": 611, "IDENTIFICA": "VD_2025_402561", "NOMBRE_ARB": 0, "PROGRAMME": "Production bio", "SHAPE_AREA": 7652.749, "SHAPE_LEN": 710.678, "SURFACE_M2": 15306, "UTILISATIO": "Prairies extensives (sans les pâturages)" }, "geometry": { "type": "MultiPolygon", "coordinates": [ [ [ [ 2538472.622, 1153210.107 ], [ 2538482.122, 1153211.732 ], [ 2538489.247, 1153203.857 ], [ 2538469.4, 1153177.288 ], [ 2538460.157000000122935, 1153172.499 ], [ 2538447.532000000122935, 1153168.999 ], [ 2538439.997, 1153169.482 ], [ 2538436.157000000122935, 1153169.499 ], [ 2538431.282000000122935, 1153176.874 ], [ 2538419.15, 1153186.163 ], [ 2538415.677999999839813, 1153188.93 ], [ 2538408.532000000122935, 1153194.624 ], [ 2538406.301, 1153204.454 ], [ 2538399.801, 1153211.329 ], [ 2538414.21100000012666, 1153228.482 ], [ 2538409.71100000012666, 1153238.232 ], [ 2538410.99599999981001, 1153242.598 ], [ 2538415.12099999981001, 1153250.906999999890104 ], [ 2538418.62099999981001, 1153258.098 ], [ 2538419.99599999981001, 1153259.848 ], [ 2538422.24599999981001, 1153262.348 ], [ 2538424.74599999981001, 1153270.723 ], [ 2538429.74599999981001, 1153279.223 ], [ 2538436.33600000012666, 1153250.857 ], [ 2538442.33600000012666, 1153238.232 ], [ 2538448.622, 1153227.232 ], [ 2538455.622, 1153219.232 ], [ 2538462.122, 1153214.107 ], [ 2538472.622, 1153210.107 ] ] ], [ [ [ 2538489.99599999981001, 1153253.723 ], [ 2538500.37099999981001, 1153253.473 ], [ 2538503.12099999981001, 1153252.348 ], [ 2538491.99599999981001, 1153246.098 ], [ 2538486.62099999981001, 1153241.098 ], [ 2538485.188999999780208, 1153235.08 ], [ 2538494.49599999981001, 1153230.473 ], [ 2538491.308999999891967, 1153224.169 ], [ 2538485.747, 1153217.482 ], [ 2538478.872, 1153213.857 ], [ 2538472.558999999891967, 1153213.607 ], [ 2538467.372, 1153215.169 ], [ 2538459.683999999891967, 1153219.669 ], [ 2538454.747, 1153225.169 ], [ 2538450.497, 1153230.982 ], [ 2538443.683999999891967, 1153242.419 ], [ 2538439.183999999891967, 1153252.669 ], [ 2538441.373000000137836, 1153254.497 ], [ 2538443.24599999981001, 1153253.973 ], [ 2538447.49599999981001, 1153254.598 ], [ 2538452.62099999981001, 1153257.348 ], [ 2538454.453000000212342, 1153262.127 ], [ 2538456.49599999981001, 1153266.973 ], [ 2538461.49599999981001, 1153267.848 ], [ 2538466.12099999981001, 1153263.598 ], [ 2538485.74599999981001, 1153247.848 ], [ 2538489.99599999981001, 1153253.723 ] ] ], [ [ [ 2538456.828000000212342, 1153334.002 ], [ 2538446.828000000212342, 1153331.752 ], [ 2538439.453000000212342, 1153325.627 ], [ 2538433.065, 1153313.745000000111759 ], [ 2538430.299999999813735, 1153302.232 ], [ 2538413.69, 1153307.245000000111759 ], [ 2538425.565, 1153368.745000000111759 ], [ 2538433.315, 1153367.745000000111759 ], [ 2538433.315, 1153362.620000000111759 ], [ 2538438.259, 1153357.44 ], [ 2538442.509, 1153356.94 ], [ 2538448.384, 1153351.44 ], [ 2538468.203000000212342, 1153331.127 ], [ 2538456.828000000212342, 1153334.002 ] ] ] ] } },
{ "type": "Feature", "properties": { "ANNEE_DE_R": 2025, "CODE_PROGR": "Bio", "CODE_UTILI": 611, "IDENTIFICA": "VD_2025_402542", "NOMBRE_ARB": 6, "PROGRAMME": "Production bio", "SHAPE_AREA": 4099.884, "SHAPE_LEN": 760.909, "SURFACE_M2": 8200, "UTILISATIO": "Prairies extensives (sans les pâturages)" }, "geometry": { "type": "MultiPolygon", "coordinates": [ [ [ [ 2539021.909, 1153236.707 ], [ 2539028.836999999824911, 1153232.598 ], [ 2539015.836999999824911, 1153215.223 ], [ 2538999.537, 1153223.423 ], [ 2538978.537, 1153236.173 ], [ 2538993.244, 1153260.891 ], [ 2539001.994, 1153255.016 ], [ 2539008.369, 1153250.891 ], [ 2539005.744, 1153246.141 ], [ 2539010.711999999824911, 1153243.348 ], [ 2539021.909, 1153236.707 ] ], [ [ 2538991.287, 1153249.423 ], [ 2538984.787, 1153237.923 ], [ 2538994.381, 1153232.844 ], [ 2539000.244, 1153244.016 ], [ 2538991.287, 1153249.423 ] ] ], [ [ [ 2538983.474, 1153262.656999999890104 ], [ 2538985.724, 1153266.531999999890104 ], [ 2538991.724, 1153263.281999999890104 ], [ 2538980.349, 1153247.156999999890104 ], [ 2538965.974, 1153255.031999999890104 ], [ 2538971.724, 1153264.406999999890104 ], [ 2538966.349, 1153267.906999999890104 ], [ 2538961.099, 1153258.156999999890104 ], [ 2538932.474, 1153275.281999999890104 ], [ 2538943.849, 1153293.656999999890104 ], [ 2538979.724, 1153271.031999999890104 ], [ 2538976.974, 1153267.281999999890104 ], [ 2538983.474, 1153262.656999999890104 ] ] ], [ [ [ 2538949.44400000013411, 1153257.914000000106171 ], [ 2538959.188, 1153253.596 ], [ 2538974.134999999776483, 1153244.516 ], [ 2538962.315, 1153248.096 ], [ 2538949.153, 1153252.668 ], [ 2538927.514, 1153267.998 ], [ 2538925.319999999832362, 1153270.237 ], [ 2538922.990000000223517, 1153269.094 ], [ 2538919.975, 1153267.587 ], [ 2538911.88799999980256, 1153274.394 ], [ 2538907.913000000175089, 1153277.912 ], [ 2538898.592999999877065, 1153285.634 ], [ 2538889.912, 1153294.314 ], [ 2538893.566999999806285, 1153297.924000000115484 ], [ 2538898.089999999850988, 1153291.482 ], [ 2538907.182, 1153282.527 ], [ 2538909.055000000167638, 1153280.471 ], [ 2538914.62900000018999, 1153276.816000000108033 ], [ 2538920.295, 1153273.115 ], [ 2538925.776999999769032, 1153272.43 ], [ 2538936.56, 1153266.901 ], [ 2538949.44400000013411, 1153257.914000000106171 ] ] ], [ [ [ 2538954.037, 1153304.673 ], [ 2538929.787, 1153317.673 ], [ 2538960.787, 1153351.423 ], [ 2538979.287, 1153341.423 ], [ 2538975.787, 1153331.923 ], [ 2538977.037, 1153316.423 ], [ 2538987.037, 1153309.173 ], [ 2538977.787, 1153292.173 ], [ 2538954.037, 1153304.673 ] ] ] ] } },
{ "type": "Feature", "properties": { "ANNEE_DE_R": 2025, "CODE_PROGR": "Bio", "CODE_UTILI": 617, "IDENTIFICA": "VD_2025_402593", "NOMBRE_ARB": 0, "PROGRAMME": "Production bio", "SHAPE_AREA": 2943.999, "SHAPE_LEN": 289.181, "SURFACE_M2": 5888, "UTILISATIO": "Pâturages extensifs" }, "geometry": { "type": "MultiPolygon", "coordinates": [ [ [ [ 2539359.453000000212342, 1154880.822 ], [ 2539345.932, 1154865.866 ], [ 2539339.807, 1154858.866 ], [ 2539322.281, 1154838.209 ], [ 2539316.682, 1154846.646 ], [ 2539321.856000000145286, 1154851.291999999899417 ], [ 2539314.092999999877065, 1154859.469 ], [ 2539300.896000000182539, 1154864.139 ], [ 2539279.021000000182539, 1154867.889 ], [ 2539253.653, 1154866.905 ], [ 2539250.617999999783933, 1154871.808 ], [ 2539247.242999999783933, 1154878.308 ], [ 2539245.492999999783933, 1154885.933 ], [ 2539246.367999999783933, 1154890.183 ], [ 2539247.867999999783933, 1154893.933 ], [ 2539251.992999999783933, 1154896.183 ], [ 2539263.717999999877065, 1154895.844 ], [ 2539285.967999999877065, 1154891.344 ], [ 2539313.403, 1154888.254 ], [ 2539330.653, 1154885.129 ], [ 2539353.892, 1154881.317 ], [ 2539359.453000000212342, 1154880.822 ] ] ] ] } },
{ "type": "Feature", "properties": { "ANNEE_DE_R": 2025, "CODE_PROGR": "psGmf", "CODE_UTILI": 611, "IDENTIFICA": "VD_2025_208141", "NOMBRE_ARB": 0, "PROGRAMME": "Production de lait et de viande basée sur les herbages", "SHAPE_AREA": 11823.119, "SHAPE_LEN": 1399.798, "SURFACE_M2": 11824, "UTILISATIO": "Prairies extensives (sans les pâturages)" }, "geometry": { "type": "MultiPolygon", "coordinates": [ [ [ [ 2539728.784, 1159919.446 ], [ 2539727.003, 1159922.344 ], [ 2539726.007000000216067, 1159925.945 ], [ 2539705.654999999795109, 1159957.082 ], [ 2539680.634999999776483, 1159974.281 ], [ 2539675.046, 1159978.123 ], [ 2539667.126000000163913, 1159977.283 ], [ 2539643.346, 1159988.913 ], [ 2539632.146000000182539, 1159982.994 ], [ 2539607.126999999862164, 1160005.214 ], [ 2539562.603000000119209, 1160023.995000000111759 ], [ 2539558.378, 1160028.875 ], [ 2539549.978000000119209, 1160033.356 ], [ 2539542.947999999858439, 1160032.286 ], [ 2539520.756, 1160021.628 ], [ 2539517.548, 1160022.446 ], [ 2539509.958000000100583, 1160021.547 ], [ 2539499.725, 1160005.279 ], [ 2539474.568, 1159984.097 ], [ 2539440.117999999783933, 1159989.368 ], [ 2539433.639, 1160037.188 ], [ 2539419.259, 1160052.739 ], [ 2539392.4, 1160079.009 ], [ 2539368.620000000111759, 1160086.26 ], [ 2539365.680000000167638, 1160105.34 ], [ 2539363.071, 1160117.006 ], [ 2539357.971, 1160121.456 ], [ 2539356.205999999772757, 1160145.322 ], [ 2539347.123000000137836, 1160153.989 ], [ 2539337.078000000212342, 1160153.685 ], [ 2539319.074, 1160169.483 ], [ 2539310.471, 1160180.406999999890104 ], [ 2539301.177000000141561, 1160186.058 ], [ 2539320.296, 1160199.281999999890104 ], [ 2539344.832, 1160216.251 ], [ 2539390.473000000230968, 1160267.870000000111759 ], [ 2539395.80599999986589, 1160265.752 ], [ 2539387.106000000145286, 1160255.491 ], [ 2539375.947999999858439, 1160243.536 ], [ 2539373.106000000145286, 1160240.491 ], [ 2539361.606000000145286, 1160227.491 ], [ 2539337.349, 1160177.723 ], [ 2539367.207, 1160152.072 ], [ 2539384.467000000178814, 1160115.35 ], [ 2539428.228000000119209, 1160061.575 ], [ 2539440.204, 1160047.635 ], [ 2539464.947999999858439, 1160018.83 ], [ 2539504.311000000219792, 1160031.908 ], [ 2539547.938, 1160045.065 ], [ 2539645.63799999980256, 1160013.726 ], [ 2539695.233, 1159981.778 ], [ 2539696.740000000223517, 1159984.147000000113621 ], [ 2539725.498999999836087, 1159955.392 ], [ 2539740.794000000227243, 1159939.092 ], [ 2539741.767, 1159938.097 ], [ 2539732.248000000137836, 1159925.274 ], [ 2539731.281, 1159923.647000000113621 ], [ 2539728.784, 1159919.446 ] ] ] ] } },
{ "type": "Feature", "properties": { "ANNEE_DE_R": 2025, "CODE_PROGR": "Non", "CODE_UTILI": 901, "IDENTIFICA": "VD_2025_88588", "NOMBRE_ARB": 0, "PROGRAMME": "Aucun programme", "SHAPE_AREA": 10068.848, "SHAPE_LEN": 1368.762, "SURFACE_M2": 10069, "UTILISATIO": "Forêt" }, "geometry": { "type": "MultiPolygon", "coordinates": [ [ [ [ 2540819.314531117677689, 1161348.785253542941064 ], [ 2540819.345000000204891, 1161348.748 ], [ 2540819.515000000130385, 1161347.448 ], [ 2540819.875, 1161344.508 ], [ 2540823.055000000167638, 1161318.698 ], [ 2540831.733, 1161235.509 ], [ 2540819.314531117677689, 1161348.785253542941064 ] ] ] ] } },
{ "type": "Feature", "properties": { "ANNEE_DE_R": 2025, "CODE_PROGR": "psArableSoilCoverage", "CODE_UTILI": 527, "IDENTIFICA": "VD_2025_88583", "NOMBRE_ARB": 0, "PROGRAMME": "Couverture appropriée du sol (les cultures principales sur terres ouvertes)", "SHAPE_AREA": 10567.913, "SHAPE_LEN": 426.79, "SURFACE_M2": 31704, "UTILISATIO": "Colza d’automne destiné à la fabrication d’huile comestible" }, "geometry": { "type": "MultiPolygon", "coordinates": [ [ [ [ 2539523.771999999880791, 1160326.406999999890104 ], [ 2539500.68099999986589, 1160212.987 ], [ 2539491.061000000219792, 1160215.487 ], [ 2539480.991, 1160220.237 ], [ 2539403.943, 1160268.109 ], [ 2539397.433999999891967, 1160275.431 ], [ 2539485.11200000019744, 1160360.302 ], [ 2539529.438999999780208, 1160346.700999999884516 ], [ 2539523.771999999880791, 1160326.406999999890104 ] ] ] ] } },
{ "type": "Feature", "properties": { "ANNEE_DE_R": 2025, "CODE_PROGR": "Bio", "CODE_UTILI": 613, "IDENTIFICA": "VD_2025_170236", "NOMBRE_ARB": 0, "PROGRAMME": "Production bio", "SHAPE_AREA": 12317.345, "SHAPE_LEN": 692.068, "SURFACE_M2": 24635, "UTILISATIO": "Autres prairies permanentes (sans les pâturages)" }, "geometry": { "type": "MultiPolygon", "coordinates": [ [ [ [ 2539653.234000000171363, 1160481.024 ], [ 2539690.603999999817461, 1160502.273 ], [ 2539704.313999999780208, 1160509.242 ], [ 2539690.018999999854714, 1160501.94 ], [ 2539653.234000000171363, 1160481.024 ] ] ] ] } },
{ "type": "Feature", "properties": { "ANNEE_DE_R": 2025, "CODE_PROGR": "psArableSoilCoverage", "CODE_UTILI": 527, "IDENTIFICA": "VD_2025_208132", "NOMBRE_ARB": 0, "PROGRAMME": "Couverture appropriée du sol (les cultures principales sur terres ouvertes)", "SHAPE_AREA": 37761.031, "SHAPE_LEN": 780.685, "SURFACE_M2": 151045, "UTILISATIO": "Colza d’automne destiné à la fabrication d’huile comestible" }, "geometry": { "type": "MultiPolygon", "coordinates": [ [ [ [ 2539965.13799999980256, 1160256.806 ], [ 2539964.717999999877065, 1160254.943 ], [ 2539775.102, 1160410.521 ], [ 2539773.082, 1160412.273 ], [ 2539773.983, 1160415.322 ], [ 2539807.099, 1160499.018 ], [ 2539939.541999999899417, 1160490.443 ], [ 2539947.611, 1160482.254 ], [ 2539962.855, 1160473.022000000113621 ], [ 2539996.98, 1160456.106 ], [ 2540012.42, 1160442.935 ], [ 2540021.890000000130385, 1160429.125 ], [ 2540042.068, 1160412.832 ], [ 2540032.139, 1160396.555 ], [ 2540025.659, 1160378.815 ], [ 2540021.580999999772757, 1160369.352 ], [ 2540012.768999999854714, 1160349.585 ], [ 2540006.947999999858439, 1160339.587 ], [ 2539975.728000000119209, 1160285.966 ], [ 2539965.13799999980256, 1160256.806 ] ] ] ] } },
{ "type": "Feature", "properties": { "ANNEE_DE_R": 2025, "CODE_PROGR": "Bio", "CODE_UTILI": 611, "IDENTIFICA": "VD_2025_402534", "NOMBRE_ARB": 22, "PROGRAMME": "Production bio", "SHAPE_AREA": 5113.886, "SHAPE_LEN": 327.58, "SURFACE_M2": 10228, "UTILISATIO": "Prairies extensives (sans les pâturages)" }, "geometry": { "type": "MultiPolygon", "coordinates": [ [ [ [ 2540066.866, 1153175.16 ], [ 2540042.366, 1153164.41 ], [ 2540037.866, 1153172.41 ], [ 2540023.366, 1153166.16 ], [ 2540026.866, 1153154.41 ], [ 2540009.929, 1153153.408 ], [ 2539999.096, 1153165.408 ], [ 2539988.762000000104308, 1153191.241 ], [ 2539988.096, 1153200.075 ], [ 2539993.217000000178814, 1153206.333000000100583 ], [ 2539991.467000000178814, 1153210.583000000100583 ], [ 2540075.304, 1153242.734 ], [ 2540080.096, 1153236.575 ], [ 2540082.990000000223517, 1153229.648 ], [ 2540091.240000000223517, 1153213.648 ], [ 2540071.467000000178814, 1153205.689 ], [ 2540073.616, 1153202.16 ], [ 2540062.429, 1153192.075 ], [ 2540066.866, 1153175.16 ] ] ] ] } },
{ "type": "Feature", "properties": { "ANNEE_DE_R": 2025, "CODE_PROGR": "Bio", "CODE_UTILI": 617, "IDENTIFICA": "VD_2025_411821", "NOMBRE_ARB": 0, "PROGRAMME": "Production bio", "SHAPE_AREA": 900.318, "SHAPE_LEN": 291.277, "SURFACE_M2": 1801, "UTILISATIO": "Pâturages extensifs" }, "geometry": { "type": "MultiPolygon", "coordinates": [ [ [ [ 2539978.362999999895692, 1153712.727999999886379 ], [ 2539974.554, 1153712.196 ], [ 2539970.679, 1153712.883 ], [ 2539968.612999999895692, 1153715.352999999886379 ], [ 2539973.362999999895692, 1153716.852999999886379 ], [ 2539977.487999999895692, 1153721.227999999886379 ], [ 2539978.362999999895692, 1153725.727999999886379 ], [ 2539976.612999999895692, 1153730.727999999886379 ], [ 2539973.352, 1153733.74 ], [ 2539968.227, 1153734.49 ], [ 2539963.852, 1153736.99 ], [ 2539961.366, 1153740.414000000106171 ], [ 2539955.342999999877065, 1153753.673 ], [ 2539944.102, 1153773.99 ], [ 2539932.352, 1153790.615 ], [ 2539907.977, 1153822.865 ], [ 2539909.602, 1153824.49 ], [ 2539932.779999999795109, 1153796.703 ], [ 2539952.453000000212342, 1153772.674000000115484 ], [ 2539974.362999999895692, 1153745.227999999886379 ], [ 2539977.038000000175089, 1153741.496 ], [ 2539979.737999999895692, 1153737.727999999886379 ], [ 2539981.804, 1153734.883 ], [ 2539983.491, 1153731.196 ], [ 2539984.179, 1153726.571 ], [ 2539983.991, 1153720.446 ], [ 2539981.179, 1153715.258 ], [ 2539978.362999999895692, 1153712.727999999886379 ] ] ] ] } },
{ "type": "Feature", "properties": { "ANNEE_DE_R": 2025, "CODE_PROGR": "Non", "CODE_UTILI": 901, "IDENTIFICA": "VD_2025_449574", "NOMBRE_ARB": 0, "PROGRAMME": "Aucun programme", "SHAPE_AREA": 7731.015, "SHAPE_LEN": 843.272, "SURFACE_M2": 7732, "UTILISATIO": "Forêt" }, "geometry": { "type": "MultiPolygon", "coordinates": [ [ [ [ 2540093.532999999821186, 1158510.082 ], [ 2540091.335, 1158516.368 ], [ 2540075.974, 1158560.303 ], [ 2540093.532999999821186, 1158510.082 ] ] ], [ [ [ 2540095.452, 1158437.441000000108033 ], [ 2540091.191999999806285, 1158456.200999999884516 ], [ 2540092.265999999828637, 1158480.916999999899417 ], [ 2540093.532999999821186, 1158510.082 ], [ 2540095.452, 1158437.441000000108033 ] ] ] ] } },
{ "type": "Feature", "properties": { "ANNEE_DE_R": 2025, "CODE_PROGR": "psmArableFarming", "CODE_UTILI": 531, "IDENTIFICA": "VD_2025_208131", "NOMBRE_ARB": 0, "PROGRAMME": "Non-recours aux produits phytosanitaires dans les grandes cultures", "SHAPE_AREA": 21987.961, "SHAPE_LEN": 757.838, "SURFACE_M2": 131928, "UTILISATIO": "Tournesol destiné à la fabrication d’huile comestible" }, "geometry": { "type": "MultiPolygon", "coordinates": [ [ [ [ 2540102.515000000130385, 1160453.071 ], [ 2540134.975, 1160435.321 ], [ 2540203.225, 1160439.571 ], [ 2540260.892, 1160364.142 ], [ 2540263.256, 1160360.885 ], [ 2540276.21100000012666, 1160343.036 ], [ 2540299.061000000219792, 1160311.553 ], [ 2540302.611, 1160306.936 ], [ 2540304.71100000012666, 1160304.057 ], [ 2540329.225, 1160272.321 ], [ 2540347.225, 1160235.571 ], [ 2540335.419000000227243, 1160218.521 ], [ 2540333.981000000145286, 1160219.433 ], [ 2540285.924999999813735, 1160249.919 ], [ 2540219.446, 1160292.96 ], [ 2540187.646999999880791, 1160320.381 ], [ 2540156.776999999769032, 1160341.452 ], [ 2540106.106999999843538, 1160367.341 ], [ 2540120.870000000111759, 1160396.523 ], [ 2540089.725, 1160419.571 ], [ 2540092.634, 1160427.433 ], [ 2540102.515000000130385, 1160453.071 ] ] ] ] } },
{ "type": "Feature", "properties": { "ANNEE_DE_R": 2025, "CODE_PROGR": "psArableSoilCoverage", "CODE_UTILI": 572, "IDENTIFICA": "VD_2025_514232", "NOMBRE_ARB": 0, "PROGRAMME": "Couverture appropriée du sol (les cultures principales sur terres ouvertes)", "SHAPE_AREA": 852.973, "SHAPE_LEN": 310.023, "SURFACE_M2": 2559, "UTILISATIO": "avec des céréales ou de la caméline, au moins 30 % de lentilles lors de la récolte (pour la production de grains)" }, "geometry": { "type": "MultiPolygon", "coordinates": [ [ [ [ 2539955.187, 1160494.879 ], [ 2539947.611, 1160482.254 ], [ 2539939.541999999899417, 1160490.443 ], [ 2539807.099, 1160499.018 ], [ 2539808.302999999839813, 1160502.06 ], [ 2539811.253, 1160504.09 ], [ 2539897.390999999828637, 1160498.894 ], [ 2539955.187, 1160494.879 ] ] ] ] } },
{ "type": "Feature", "properties": { "ANNEE_DE_R": 2025, "CODE_PROGR": "Bio", "CODE_UTILI": 617, "IDENTIFICA": "VD_2025_48109", "NOMBRE_ARB": 0, "PROGRAMME": "Production bio", "SHAPE_AREA": 11213.166, "SHAPE_LEN": 469.82, "SURFACE_M2": 22427, "UTILISATIO": "Pâturages extensifs" }, "geometry": { "type": "MultiPolygon", "coordinates": [ [ [ [ 2540277.546999999787658, 1159815.308 ], [ 2540261.606999999843538, 1159813.029 ], [ 2540243.557, 1159815.109 ], [ 2540234.859000000171363, 1159813.610000000102445 ], [ 2540267.308999999891967, 1159916.399 ], [ 2540324.872, 1159894.406999999890104 ], [ 2540347.872, 1159888.575 ], [ 2540408.146999999880791, 1159878.985000000102445 ], [ 2540404.015999999828637, 1159870.136 ], [ 2540400.966, 1159842.596 ], [ 2540398.69, 1159830.235000000102445 ], [ 2540356.535999999847263, 1159826.05 ], [ 2540315.325999999884516, 1159822.638 ], [ 2540288.927000000141561, 1159819.838 ], [ 2540277.546999999787658, 1159815.308 ] ] ] ] } },
{ "type": "Feature", "properties": { "ANNEE_DE_R": 2025, "CODE_PROGR": "Bio", "CODE_UTILI": 611, "IDENTIFICA": "VD_2025_48118", "NOMBRE_ARB": 0, "PROGRAMME": "Production bio", "SHAPE_AREA": 4506.36, "SHAPE_LEN": 348.84, "SURFACE_M2": 9013, "UTILISATIO": "Prairies extensives (sans les pâturages)" }, "geometry": { "type": "MultiPolygon", "coordinates": [ [ [ [ 2540340.555000000167638, 1160126.871 ], [ 2540366.151999999769032, 1160111.597 ], [ 2540354.222, 1160114.547 ], [ 2540341.941999999806285, 1160116.137000000104308 ], [ 2540329.532000000122935, 1160115.457 ], [ 2540276.862999999895692, 1160109.231 ], [ 2540238.339999999850988, 1160104.761 ], [ 2540234.453000000212342, 1160104.31 ], [ 2540221.551, 1160104.976 ], [ 2540240.339999999850988, 1160146.753 ], [ 2540251.41399999987334, 1160171.816000000108033 ], [ 2540277.808000000193715, 1160156.784 ], [ 2540315.555000000167638, 1160141.575999999884516 ], [ 2540340.555000000167638, 1160126.871 ] ] ] ] } },
{ "type": "Feature", "properties": { "ANNEE_DE_R": 2025, "CODE_PROGR": "psmArableFarming", "CODE_UTILI": 513, "IDENTIFICA": "VD_2025_88577", "NOMBRE_ARB": 0, "PROGRAMME": "Non-recours aux produits phytosanitaires dans les grandes cultures", "SHAPE_AREA": 10152.455, "SHAPE_LEN": 510.187, "SURFACE_M2": 40610, "UTILISATIO": "Blé d'automne (sans blé fourrager de la liste swiss granum)" }, "geometry": { "type": "MultiPolygon", "coordinates": [ [ [ [ 2540532.196, 1160046.301 ], [ 2540485.702, 1159977.388 ], [ 2540418.829, 1160002.26 ], [ 2540426.577, 1160047.636 ], [ 2540345.579, 1160078.76 ], [ 2540353.441999999806285, 1160110.617 ], [ 2540363.117999999783933, 1160108.683999999891967 ], [ 2540393.221, 1160098.056 ], [ 2540532.196, 1160046.301 ] ] ] ] } },
{ "type": "Feature", "properties": { "ANNEE_DE_R": 2025, "CODE_PROGR": "Bio", "CODE_UTILI": 513, "IDENTIFICA": "VD_2025_431694", "NOMBRE_ARB": 0, "PROGRAMME": "Production bio", "SHAPE_AREA": 2508.598, "SHAPE_LEN": 760.519, "SURFACE_M2": 15052, "UTILISATIO": "Blé d'automne (sans blé fourrager de la liste swiss granum)" }, "geometry": { "type": "MultiPolygon", "coordinates": [ [ [ [ 2540704.353000000119209, 1153283.743 ], [ 2540703.859000000171363, 1153278.508 ], [ 2540702.639, 1153280.056 ], [ 2540698.191999999806285, 1153286.855 ], [ 2540696.816999999806285, 1153312.855 ], [ 2540700.494, 1153337.137000000104308 ], [ 2540709.757000000216067, 1153367.565 ], [ 2540722.382000000216067, 1153401.636 ], [ 2540736.018999999854714, 1153434.66 ], [ 2540740.16399999987334, 1153443.619 ], [ 2540755.426, 1153476.606 ], [ 2540775.566000000108033, 1153502.428 ], [ 2540782.676, 1153511.544 ], [ 2540783.501999999862164, 1153512.432 ], [ 2540787.484000000171363, 1153516.717 ], [ 2540806.773, 1153537.473 ], [ 2540807.768000000156462, 1153538.544 ], [ 2540816.521999999880791, 1153546.52 ], [ 2540828.063, 1153557.035 ], [ 2540839.603999999817461, 1153567.55 ], [ 2540841.518000000156462, 1153569.294 ], [ 2540848.112999999895692, 1153574.397000000113621 ], [ 2540862.171, 1153585.274 ], [ 2540863.103999999817461, 1153585.79 ], [ 2540876.316999999806285, 1153593.105 ], [ 2540881.835, 1153590.43 ], [ 2540863.481000000145286, 1153578.374 ], [ 2540847.964000000152737, 1153568.181 ], [ 2540819.904, 1153542.405 ], [ 2540804.964000000152737, 1153528.681 ], [ 2540797.33600000012666, 1153518.867 ], [ 2540774.355, 1153489.302 ], [ 2540753.882000000216067, 1153452.808999999891967 ], [ 2540740.663000000175089, 1153429.246 ], [ 2540732.856000000145286, 1153409.212 ], [ 2540715.253, 1153364.04 ], [ 2540713.35, 1153355.595 ], [ 2540703.563999999780208, 1153312.182 ], [ 2540704.353000000119209, 1153283.743 ] ] ] ] } },
{ "type": "Feature", "properties": { "ANNEE_DE_R": 2025, "CODE_PROGR": "Bio", "CODE_UTILI": 611, "IDENTIFICA": "VD_2025_48119", "NOMBRE_ARB": 0, "PROGRAMME": "Production bio", "SHAPE_AREA": 4874.081, "SHAPE_LEN": 277.803, "SURFACE_M2": 9749, "UTILISATIO": "Prairies extensives (sans les pâturages)" }, "geometry": { "type": "MultiPolygon", "coordinates": [ [ [ [ 2540568.302000000141561, 1160049.218000000109896 ], [ 2540560.998000000137836, 1160042.572 ], [ 2540554.890000000130385, 1160043.268 ], [ 2540550.378, 1160043.781999999890104 ], [ 2540547.768999999854714, 1160044.764999999897555 ], [ 2540517.85, 1160056.046 ], [ 2540510.748999999836087, 1160058.723 ], [ 2540512.736, 1160063.712 ], [ 2540522.751000000163913, 1160088.937 ], [ 2540540.281, 1160133.069 ], [ 2540540.702, 1160135.615 ], [ 2540549.813999999780208, 1160134.215 ], [ 2540559.33, 1160132.752 ], [ 2540564.102, 1160127.291999999899417 ], [ 2540566.819999999832362, 1160124.182 ], [ 2540579.339000000152737, 1160104.922 ], [ 2540584.433000000193715, 1160099.058999999891967 ], [ 2540592.594, 1160089.668 ], [ 2540601.796, 1160079.078 ], [ 2540583.339000000152737, 1160062.796 ], [ 2540568.302000000141561, 1160049.218000000109896 ] ] ] ] } },
{ "type": "Feature", "properties": { "ANNEE_DE_R": 2025, "CODE_PROGR": "Bio", "CODE_UTILI": 613, "IDENTIFICA": "VD_2025_48113", "NOMBRE_ARB": 0, "PROGRAMME": "Production bio", "SHAPE_AREA": 4974.862, "SHAPE_LEN": 346.194, "SURFACE_M2": 9950, "UTILISATIO": "Autres prairies permanentes (sans les pâturages)" }, "geometry": { "type": "MultiPolygon", "coordinates": [ [ [ [ 2540511.501000000163913, 1160242.594 ], [ 2540524.282000000122935, 1160239.243 ], [ 2540537.352, 1160244.233 ], [ 2540544.906, 1160240.857 ], [ 2540571.30599999986589, 1160228.324 ], [ 2540576.93099999986589, 1160225.783 ], [ 2540582.973000000230968, 1160223.033 ], [ 2540590.174000000115484, 1160219.271 ], [ 2540596.714999999850988, 1160215.979 ], [ 2540600.776999999769032, 1160212.454 ], [ 2540603.842999999877065, 1160209.795 ], [ 2540608.231000000145286, 1160206.7 ], [ 2540613.771999999880791, 1160200.492 ], [ 2540613.412, 1160195.041999999899417 ], [ 2540606.901999999769032, 1160194.638 ], [ 2540596.341, 1160195.087 ], [ 2540593.4, 1160198.912 ], [ 2540586.845000000204891, 1160198.866 ], [ 2540585.669000000227243, 1160196.403 ], [ 2540574.946, 1160196.846 ], [ 2540557.021999999880791, 1160197.587 ], [ 2540539.634999999776483, 1160197.669 ], [ 2540533.240000000223517, 1160197.698 ], [ 2540532.1, 1160189.867 ], [ 2540527.50400000018999, 1160190.014999999897555 ], [ 2540520.00400000018999, 1160191.302 ], [ 2540514.563, 1160192.919 ], [ 2540501.964999999850988, 1160197.56 ], [ 2540493.140999999828637, 1160202.597 ], [ 2540484.686000000219792, 1160207.854 ], [ 2540477.258, 1160213.296 ], [ 2540469.852, 1160219.715 ], [ 2540472.963, 1160223.764 ], [ 2540478.563, 1160233.564 ], [ 2540481.754999999888241, 1160239.514999999897555 ], [ 2540488.583000000100583, 1160252.244 ], [ 2540501.322999999858439, 1160245.263 ], [ 2540511.501000000163913, 1160242.594 ] ] ] ] } },
{ "type": "Feature", "properties": { "ANNEE_DE_R": 2025, "CODE_PROGR": "Bio", "CODE_UTILI": 601, "IDENTIFICA": "VD_2025_48124", "NOMBRE_ARB": 0, "PROGRAMME": "Production bio", "SHAPE_AREA": 55366.035, "SHAPE_LEN": 1122.458, "SURFACE_M2": 166099, "UTILISATIO": "Prairies artificielles (sans les pâturages)" }, "geometry": { "type": "MultiPolygon", "coordinates": [ [ [ [ 2540908.702, 1160417.161 ], [ 2540904.179, 1160409.864 ], [ 2540876.984999999869615, 1160365.992 ], [ 2540834.94400000013411, 1160379.014 ], [ 2540757.353000000119209, 1160362.457 ], [ 2540758.653, 1160308.027 ], [ 2540675.882000000216067, 1160306.065 ], [ 2540621.342000000178814, 1160304.731 ], [ 2540610.873999999836087, 1160304.475 ], [ 2540590.188, 1160303.969 ], [ 2540580.896999999880791, 1160305.307 ], [ 2540574.62099999981001, 1160305.344 ], [ 2540574.741, 1160333.785 ], [ 2540574.779999999795109, 1160342.985000000102445 ], [ 2540574.186000000219792, 1160393.497 ], [ 2540573.850999999791384, 1160417.475 ], [ 2540581.358, 1160416.675 ], [ 2540604.634, 1160412.950999999884516 ], [ 2540606.358, 1160412.675 ], [ 2540615.711999999824911, 1160411.653 ], [ 2540619.117999999783933, 1160411.632 ], [ 2540622.992999999783933, 1160412.466 ], [ 2540625.117999999783933, 1160412.799000000115484 ], [ 2540626.702, 1160414.091 ], [ 2540629.285000000149012, 1160415.924000000115484 ], [ 2540635.410000000149012, 1160422.713 ], [ 2540644.938, 1160434.544 ], [ 2540646.953000000212342, 1160437.046 ], [ 2540655.234000000171363, 1160447.48 ], [ 2540659.619, 1160453.004 ], [ 2540668.785000000149012, 1160464.504 ], [ 2540672.867999999783933, 1160468.587 ], [ 2540676.77, 1160471.534 ], [ 2540677.839999999850988, 1160472.15 ], [ 2540683.160000000149012, 1160475.212 ], [ 2540693.492999999783933, 1160480.42 ], [ 2540703.117999999783933, 1160484.629 ], [ 2540713.742999999783933, 1160487.838 ], [ 2540766.705999999772757, 1160509.733 ], [ 2540772.33, 1160512.058 ], [ 2540776.683999999891967, 1160514.258 ], [ 2540787.815, 1160519.879999999888241 ], [ 2540793.265999999828637, 1160532.893 ], [ 2540791.924999999813735, 1160533.771 ], [ 2540821.696, 1160584.972 ], [ 2540841.355, 1160570.312 ], [ 2540855.954, 1160561.555 ], [ 2540852.535000000149012, 1160552.789000000106171 ], [ 2540894.072999999858439, 1160530.808 ], [ 2540896.455999999772757, 1160529.547 ], [ 2540955.861, 1160498.27 ], [ 2540923.511, 1160441.641 ], [ 2540922.120000000111759, 1160439.207 ], [ 2540919.228999999817461, 1160434.145 ], [ 2540912.447999999858439, 1160423.205 ], [ 2540911.779999999795109, 1160422.127 ], [ 2540908.702, 1160417.161 ] ] ] ] } },
{ "type": "Feature", "properties": { "ANNEE_DE_R": 2025, "CODE_PROGR": "Bio", "CODE_UTILI": 545, "IDENTIFICA": "VD_2025_431707", "NOMBRE_ARB": 0, "PROGRAMME": "Production bio", "SHAPE_AREA": 3177.873, "SHAPE_LEN": 241.272, "SURFACE_M2": 19068, "UTILISATIO": "Cultures maraîchères de plein champ annuelles (sauf les légumes de conserve)" }, "geometry": { "type": "MultiPolygon", "coordinates": [ [ [ [ 2540806.969, 1153206.582 ], [ 2540797.312, 1153204.563 ], [ 2540786.276, 1153237.328 ], [ 2540834.813, 1153294.566000000108033 ], [ 2540843.912, 1153239.619 ], [ 2540847.950999999884516, 1153215.897000000113621 ], [ 2540806.969, 1153206.582 ] ] ] ] } },
{ "type": "Feature", "properties": { "ANNEE_DE_R": 2025, "CODE_PROGR": "psmArableFarming", "CODE_UTILI": 525, "IDENTIFICA": "VD_2025_72668", "NOMBRE_ARB": 0, "PROGRAMME": "Non-recours aux produits phytosanitaires dans les grandes cultures", "SHAPE_AREA": 26196.594, "SHAPE_LEN": 650.778, "SURFACE_M2": 104787, "UTILISATIO": "Plants de pommes de terre (contrat de culture)" }, "geometry": { "type": "MultiPolygon", "coordinates": [ [ [ [ 2541050.998000000137836, 1160633.783 ], [ 2541014.768999999854714, 1160588.387000000104308 ], [ 2540851.612999999895692, 1160704.452 ], [ 2540860.322999999858439, 1160724.099 ], [ 2540874.781, 1160748.691000000108033 ], [ 2540895.082, 1160777.889999999897555 ], [ 2540903.662, 1160785.83 ], [ 2540914.711999999824911, 1160789.610000000102445 ], [ 2540938.262000000104308, 1160793.449 ], [ 2540946.961999999824911, 1160796.689 ], [ 2540953.191999999806285, 1160802.498 ], [ 2541007.322999999858439, 1160750.099 ], [ 2541088.080999999772757, 1160681.944 ], [ 2541079.501000000163913, 1160668.825 ], [ 2541050.998000000137836, 1160633.783 ] ] ] ] } },
{ "type": "Feature", "properties": { "ANNEE_DE_R": 2025, "CODE_PROGR": "Non", "CODE_UTILI": 611, "IDENTIFICA": "VD_2025_29941", "NOMBRE_ARB": 0, "PROGRAMME": "Aucun programme", "SHAPE_AREA": 1839.281, "SHAPE_LEN": 559.676, "SURFACE_M2": 1840, "UTILISATIO": "Prairies extensives (sans les pâturages)" }, "geometry": { "type": "MultiPolygon", "coordinates": [ [ [ [ 2541336.08600000012666, 1160864.535 ], [ 2541354.466, 1160863.605 ], [ 2541354.315960930660367, 1160862.14137410512194 ], [ 2541345.955, 1160861.835999999893829 ], [ 2541323.642, 1160860.933999999891967 ], [ 2541299.455, 1160856.835999999893829 ], [ 2541271.557, 1160848.423 ], [ 2541243.825000000186265, 1160836.052 ], [ 2541239.77, 1160834.244 ], [ 2541238.205999999772757, 1160840.889999999897555 ], [ 2541255.376999999862164, 1160848.116 ], [ 2541298.455999999772757, 1160863.389999999897555 ], [ 2541317.251999999862164, 1160864.316000000108033 ], [ 2541327.606000000145286, 1160864.825999999884516 ], [ 2541336.08600000012666, 1160864.535 ] ] ], [ [ [ 2541253.211999999824911, 1160554.757 ], [ 2541276.711999999824911, 1160583.507 ], [ 2541285.961999999824911, 1160593.507 ], [ 2541294.202, 1160584.558999999891967 ], [ 2541269.111, 1160559.908 ], [ 2541255.660999999847263, 1160546.639 ], [ 2541254.361, 1160538.409 ], [ 2541243.609999999869615, 1160525.539000000106171 ], [ 2541241.225999999791384, 1160536.166 ], [ 2541240.133, 1160541.036 ], [ 2541239.566999999806285, 1160543.562 ], [ 2541253.211999999824911, 1160554.757 ] ] ], [ [ [ 2541317.433000000193715, 1160631.028 ], [ 2541317.852, 1160615.546 ], [ 2541303.91399999987334, 1160601.477 ], [ 2541297.79, 1160606.074 ], [ 2541285.961999999824911, 1160593.507 ], [ 2541288.151, 1160602.839 ], [ 2541302.109999999869615, 1160619.749 ], [ 2541317.433000000193715, 1160631.028 ] ] ] ] } },
{ "type": "Feature", "properties": { "ANNEE_DE_R": 2025, "CODE_PROGR": "psmArableFarming", "CODE_UTILI": 502, "IDENTIFICA": "VD_2025_434211", "NOMBRE_ARB": 0, "PROGRAMME": "Non-recours aux produits phytosanitaires dans les grandes cultures", "SHAPE_AREA": 21041.203, "SHAPE_LEN": 611.947, "SURFACE_M2": 63124, "UTILISATIO": "Orge d’automne" }, "geometry": { "type": "MultiPolygon", "coordinates": [ [ [ [ 2541190.958000000100583, 1160819.118 ], [ 2541172.853999999817461, 1160799.321 ], [ 2541149.640000000130385, 1160835.429 ], [ 2541130.859000000171363, 1160864.639999999897555 ], [ 2541124.589999999850988, 1160874.406 ], [ 2541081.083000000100583, 1160942.182 ], [ 2541056.906, 1160979.844 ], [ 2541064.33, 1160992.286 ], [ 2541070.33, 1160999.286 ], [ 2541081.205, 1161006.036 ], [ 2541100.205, 1161007.411 ], [ 2541148.015999999828637, 1161001.459 ], [ 2541178.366, 1161000.360000000102445 ], [ 2541204.03899999987334, 1160948.493 ], [ 2541252.484999999869615, 1160850.737999999895692 ], [ 2541234.003, 1160843.957 ], [ 2541209.881, 1160831.879999999888241 ], [ 2541190.958000000100583, 1160819.118 ] ] ] ] } },
{ "type": "Feature", "properties": { "ANNEE_DE_R": 2025, "CODE_PROGR": "Non", "CODE_UTILI": 613, "IDENTIFICA": "VD_2025_408507", "NOMBRE_ARB": 0, "PROGRAMME": "Aucun programme", "SHAPE_AREA": 21447.708, "SHAPE_LEN": 780.398, "SURFACE_M2": 21448, "UTILISATIO": "Autres prairies permanentes (sans les pâturages)" }, "geometry": { "type": "MultiPolygon", "coordinates": [ [ [ [ 2541690.768999999854714, 1154341.806 ], [ 2541689.04, 1154343.183 ], [ 2541685.9, 1154345.683999999891967 ], [ 2541664.092000000178814, 1154357.727999999886379 ], [ 2541661.75, 1154359.021 ], [ 2541655.122, 1154362.682 ], [ 2541627.355, 1154321.045 ], [ 2541614.981000000145286, 1154305.360000000102445 ], [ 2541592.981000000145286, 1154281.129 ], [ 2541588.223000000230968, 1154278.33 ], [ 2541585.526, 1154274.942 ], [ 2541583.795, 1154269.316000000108033 ], [ 2541579.526, 1154255.442 ], [ 2541574.51299999980256, 1154248.662 ], [ 2541561.498999999836087, 1154231.061 ], [ 2541530.197999999858439, 1154256.224 ], [ 2541541.588, 1154314.923 ], [ 2541550.160000000149012, 1154359.873 ], [ 2541555.299999999813735, 1154358.293 ], [ 2541589.075000000186265, 1154399.356 ], [ 2541633.117999999783933, 1154452.904 ], [ 2541647.42, 1154470.291999999899417 ], [ 2541660.77, 1154463.022000000113621 ], [ 2541679.759999999776483, 1154457.842 ], [ 2541701.501000000163913, 1154453.823 ], [ 2541716.930000000167638, 1154450.372 ], [ 2541727.9, 1154445.393 ], [ 2541720.41399999987334, 1154427.02 ], [ 2541699.29, 1154375.174000000115484 ], [ 2541738.680000000167638, 1154344.375 ], [ 2541728.387000000104308, 1154329.526 ], [ 2541719.708999999798834, 1154318.754 ], [ 2541690.768999999854714, 1154341.806 ] ] ] ] } },
{ "type": "Feature", "properties": { "ANNEE_DE_R": 2025, "CODE_PROGR": "psGmf", "CODE_UTILI": 613, "IDENTIFICA": "VD_2025_131243", "NOMBRE_ARB": 14, "PROGRAMME": "Production de lait et de viande basée sur les herbages", "SHAPE_AREA": 2753.296, "SHAPE_LEN": 230.703, "SURFACE_M2": 2754, "UTILISATIO": "Autres prairies permanentes (sans les pâturages)" }, "geometry": { "type": "MultiPolygon", "coordinates": [ [ [ [ 2541589.075000000186265, 1154399.356 ], [ 2541560.498999999836087, 1154413.793 ], [ 2541567.41399999987334, 1154441.527 ], [ 2541572.700999999884516, 1154443.18 ], [ 2541579.401, 1154446.68 ], [ 2541583.756, 1154456.236 ], [ 2541593.56900000013411, 1154450.928 ], [ 2541606.103000000119209, 1154473.708000000100583 ], [ 2541610.901, 1154476.68 ], [ 2541623.901, 1154467.98 ], [ 2541627.600999999791384, 1154461.68 ], [ 2541628.901, 1154455.18 ], [ 2541633.117999999783933, 1154452.904 ], [ 2541589.075000000186265, 1154399.356 ] ] ] ] } },
{ "type": "Feature", "properties": { "ANNEE_DE_R": 2025, "CODE_PROGR": "psGmf", "CODE_UTILI": 613, "IDENTIFICA": "VD_2025_34737", "NOMBRE_ARB": 0, "PROGRAMME": "Production de lait et de viande basée sur les herbages", "SHAPE_AREA": 10039.439, "SHAPE_LEN": 491.656, "SURFACE_M2": 10040, "UTILISATIO": "Autres prairies permanentes (sans les pâturages)" }, "geometry": { "type": "MultiPolygon", "coordinates": [ [ [ [ 2541603.614, 1159878.404 ], [ 2541581.328000000212342, 1159825.511 ], [ 2541538.686000000219792, 1159851.919 ], [ 2541537.24599999981001, 1159849.834 ], [ 2541523.872, 1159858.688 ], [ 2541521.896000000182539, 1159862.147000000113621 ], [ 2541517.271000000182539, 1159865.709 ], [ 2541513.622, 1159864.438 ], [ 2541509.779, 1159867.036 ], [ 2541509.247, 1159869.126 ], [ 2541508.188999999780208, 1159872.977 ], [ 2541504.416000000201166, 1159876.554 ], [ 2541499.666000000201166, 1159877.554 ], [ 2541494.978000000119209, 1159875.929 ], [ 2541492.978000000119209, 1159872.554 ], [ 2541472.001999999862164, 1159885.331 ], [ 2541444.23700000019744, 1159932.870000000111759 ], [ 2541429.114, 1159955.439 ], [ 2541452.106999999843538, 1159954.969 ], [ 2541462.685, 1159938.76 ], [ 2541478.44, 1159935.881 ], [ 2541507.035000000149012, 1159942.450999999884516 ], [ 2541539.646000000182539, 1159944.431 ], [ 2541539.467999999877065, 1159939.152 ], [ 2541542.501999999862164, 1159929.831 ], [ 2541560.096, 1159914.918 ], [ 2541603.614, 1159878.404 ] ] ] ] } },
{ "type": "Feature", "properties": { "ANNEE_DE_R": 2025, "CODE_PROGR": "psGmf", "CODE_UTILI": 611, "IDENTIFICA": "VD_2025_34733", "NOMBRE_ARB": 0, "PROGRAMME": "Production de lait et de viande basée sur les herbages", "SHAPE_AREA": 2489.289, "SHAPE_LEN": 727.387, "SURFACE_M2": 2490, "UTILISATIO": "Prairies extensives (sans les pâturages)" }, "geometry": { "type": "MultiPolygon", "coordinates": [ [ [ [ 2541627.791000000201166, 1160433.487 ], [ 2541623.724, 1160428.687 ], [ 2541621.910999999847263, 1160430.308999999891967 ], [ 2541618.651, 1160433.226 ], [ 2541776.643999999854714, 1160585.445 ], [ 2541899.140999999828637, 1160502.947 ], [ 2541856.791000000201166, 1160522.487 ], [ 2541776.291000000201166, 1160574.454 ], [ 2541627.791000000201166, 1160433.487 ] ] ] ] } },
{ "type": "Feature", "properties": { "ANNEE_DE_R": 2025, "CODE_PROGR": "psGmf", "CODE_UTILI": 613, "IDENTIFICA": "VD_2025_451919", "NOMBRE_ARB": 8, "PROGRAMME": "Production de lait et de viande basée sur les herbages", "SHAPE_AREA": 48042.121, "SHAPE_LEN": 1630.357, "SURFACE_M2": 48043, "UTILISATIO": "Autres prairies permanentes (sans les pâturages)" }, "geometry": { "type": "MultiPolygon", "coordinates": [ [ [ [ 2542003.545, 1154974.757 ], [ 2541984.602, 1154957.204 ], [ 2541975.702, 1154957.204 ], [ 2541971.452, 1154959.604 ], [ 2541969.952, 1154963.054 ], [ 2541974.577, 1154975.091 ], [ 2541977.202, 1154980.204 ], [ 2541982.102, 1154984.654 ], [ 2542000.829, 1154977.616 ], [ 2542002.421, 1154976.656999999890104 ], [ 2542003.545, 1154974.757 ] ] ], [ [ [ 2541797.696, 1154905.287 ], [ 2541855.628, 1154899.362999999895692 ], [ 2541868.128, 1155018.612999999895692 ], [ 2541813.878, 1155039.362999999895692 ], [ 2541739.156, 1155015.897000000113621 ], [ 2541742.205, 1155024.433 ], [ 2541788.708999999798834, 1155042.3 ], [ 2541813.04, 1155085.909 ], [ 2542003.643000000156462, 1155251.331 ], [ 2542018.455999999772757, 1155232.021 ], [ 2542044.753, 1155191.906999999890104 ], [ 2542042.35, 1155188.573 ], [ 2542029.941999999806285, 1155168.685 ], [ 2542026.492, 1155160.685 ], [ 2542069.876000000163913, 1155096.572 ], [ 2542020.508, 1155056.77 ], [ 2542017.489, 1155059.946 ], [ 2541998.828000000212342, 1155042.378 ], [ 2542027.265999999828637, 1155009.691000000108033 ], [ 2542033.707, 1155002.551 ], [ 2542008.847, 1154979.642 ], [ 2541980.403, 1154987.687 ], [ 2541967.704, 1155008.341 ], [ 2541960.822999999858439, 1155014.524 ], [ 2541957.35, 1155015.453 ], [ 2541954.858, 1155015.295 ], [ 2541951.842000000178814, 1155013.935 ], [ 2541943.791999999899417, 1155007.885 ], [ 2541925.312, 1154994.428 ], [ 2541917.406, 1154987.525 ], [ 2541923.156, 1154982.275 ], [ 2541913.677999999839813, 1154972.692 ], [ 2541898.572000000160187, 1154960.498 ], [ 2541920.640000000130385, 1154933.708000000100583 ], [ 2541928.526, 1154940.263 ], [ 2541930.659, 1154938.111 ], [ 2541940.651, 1154945.638 ], [ 2541947.71, 1154936.643 ], [ 2541963.737999999895692, 1154952.001 ], [ 2541967.026, 1154948.888 ], [ 2541972.924000000115484, 1154953.618 ], [ 2541975.123000000137836, 1154952.751 ], [ 2541976.592000000178814, 1154950.928 ], [ 2541973.748000000137836, 1154947.3 ], [ 2541954.068, 1154924.151 ], [ 2541943.848000000230968, 1154914.531 ], [ 2541891.548, 1154888.200999999884516 ], [ 2541877.892, 1154884.885 ], [ 2541865.562, 1154884.83 ], [ 2541837.204, 1154892.191000000108033 ], [ 2541813.867, 1154893.152 ], [ 2541794.483, 1154884.936 ], [ 2541797.696, 1154905.287 ] ] ] ] } },
{ "type": "Feature", "properties": { "ANNEE_DE_R": 2025, "CODE_PROGR": "psGmf", "CODE_UTILI": 616, "IDENTIFICA": "VD_2025_34741", "NOMBRE_ARB": 0, "PROGRAMME": "Production de lait et de viande basée sur les herbages", "SHAPE_AREA": 18052.242, "SHAPE_LEN": 914.354, "SURFACE_M2": 18053, "UTILISATIO": "Pâturages (pâturages attenants à la ferme, autres pâturages sauf les pâturages d’estivage)" }, "geometry": { "type": "MultiPolygon", "coordinates": [ [ [ [ 2541746.893999999854714, 1159791.601 ], [ 2541723.836999999824911, 1159805.441000000108033 ], [ 2541683.477, 1159830.464 ], [ 2541715.404, 1159902.403 ], [ 2541719.415, 1159951.251 ], [ 2541718.424000000115484, 1160016.784 ], [ 2541731.37099999981001, 1160086.698 ], [ 2541752.19400000013411, 1160199.145 ], [ 2541811.26299999980256, 1160182.29 ], [ 2541743.356999999843538, 1159932.749 ], [ 2541746.594, 1159850.68 ], [ 2541746.893999999854714, 1159791.601 ] ] ] ] } },
{ "type": "Feature", "properties": { "ANNEE_DE_R": 2025, "CODE_PROGR": "Non", "CODE_UTILI": 613, "IDENTIFICA": "VD_2025_502060", "NOMBRE_ARB": 0, "PROGRAMME": "Aucun programme", "SHAPE_AREA": 20018.375, "SHAPE_LEN": 928.255, "SURFACE_M2": 20019, "UTILISATIO": "Autres prairies permanentes (sans les pâturages)" }, "geometry": { "type": "MultiPolygon", "coordinates": [ [ [ [ 2542943.978000000119209, 1155509.594 ], [ 2542878.228999999817461, 1155611.772000000113621 ], [ 2542881.869, 1155614.432 ], [ 2542920.131, 1155700.545 ], [ 2542924.134999999776483, 1155787.74 ], [ 2542926.225999999791384, 1155833.276 ], [ 2542923.166000000201166, 1155845.66 ], [ 2542916.213, 1155853.716 ], [ 2542936.294000000227243, 1155898.378 ], [ 2542949.302000000141561, 1155871.567 ], [ 2542954.223000000230968, 1155858.753 ], [ 2542960.48, 1155830.258 ], [ 2542958.691999999806285, 1155794.926 ], [ 2542958.307, 1155780.303 ], [ 2542954.791999999899417, 1155763.388 ], [ 2542952.805000000167638, 1155721.811 ], [ 2542953.12099999981001, 1155701.596 ], [ 2542957.131, 1155675.866 ], [ 2542963.350999999791384, 1155658.469 ], [ 2542961.87099999981001, 1155648.431 ], [ 2542959.890999999828637, 1155630.111 ], [ 2542972.836999999824911, 1155607.176 ], [ 2542984.836999999824911, 1155602.551 ], [ 2542988.69400000013411, 1155613.408 ], [ 2542998.262000000104308, 1155605.398 ], [ 2543013.96100000012666, 1155583.474 ], [ 2543018.441000000108033, 1155573.838 ], [ 2543032.311000000219792, 1155556.411 ], [ 2543031.471, 1155553.598 ], [ 2543009.589999999850988, 1155552.887000000104308 ], [ 2543000.049999999813735, 1155550.077 ], [ 2542981.629999999888241, 1155536.778 ], [ 2542945.06900000013411, 1155508.868 ], [ 2542943.978000000119209, 1155509.594 ] ] ] ] } },
{ "type": "Feature", "properties": { "ANNEE_DE_R": 2025, "CODE_PROGR": "psGmf", "CODE_UTILI": 613, "IDENTIFICA": "VD_2025_181637", "NOMBRE_ARB": 2, "PROGRAMME": "Production de lait et de viande basée sur les herbages", "SHAPE_AREA": 9004.682, "SHAPE_LEN": 493.784, "SURFACE_M2": 9005, "UTILISATIO": "Autres prairies permanentes (sans les pâturages)" }, "geometry": { "type": "MultiPolygon", "coordinates": [ [ [ [ 2542796.575000000186265, 1156058.611 ], [ 2542768.853999999817461, 1156022.26 ], [ 2542716.737999999895692, 1156034.299000000115484 ], [ 2542649.633, 1156048.972 ], [ 2542583.833000000100583, 1156066.344 ], [ 2542616.26299999980256, 1156066.983 ], [ 2542674.024000000208616, 1156078.352999999886379 ], [ 2542750.225999999791384, 1156122.143 ], [ 2542796.575000000186265, 1156058.611 ] ] ] ] } },
{ "type": "Feature", "properties": { "ANNEE_DE_R": 2025, "CODE_PROGR": "Non", "CODE_UTILI": 613, "IDENTIFICA": "VD_2025_174461", "NOMBRE_ARB": 16, "PROGRAMME": "Aucun programme", "SHAPE_AREA": 1440.185, "SHAPE_LEN": 177.291, "SURFACE_M2": 1441, "UTILISATIO": "Autres prairies permanentes (sans les pâturages)" }, "geometry": { "type": "MultiPolygon", "coordinates": [ [ [ [ 2542852.187, 1157192.444 ], [ 2542845.626999999862164, 1157191.192 ], [ 2542843.548, 1157200.998 ], [ 2542841.048, 1157204.123 ], [ 2542809.704, 1157194.202 ], [ 2542808.895, 1157198.362999999895692 ], [ 2542807.393999999854714, 1157215.114 ], [ 2542810.376999999862164, 1157227.447 ], [ 2542815.625, 1157240.052 ], [ 2542819.924000000115484, 1157245.132 ], [ 2542823.734000000171363, 1157244.192 ], [ 2542858.205, 1157199.112999999895692 ], [ 2542852.187, 1157192.444 ] ] ] ] } },
{ "type": "Feature", "properties": { "ANNEE_DE_R": 2025, "CODE_PROGR": "psSoilMildTreatment", "CODE_UTILI": 601, "IDENTIFICA": "VD_2025_82427", "NOMBRE_ARB": 0, "PROGRAMME": "Techniques culturales préservant le sol dans les cultures principales sur terres assolées", "SHAPE_AREA": 54463.547, "SHAPE_LEN": 1249.199, "SURFACE_M2": 108928, "UTILISATIO": "Prairies artificielles (sans les pâturages)" }, "geometry": { "type": "MultiPolygon", "coordinates": [ [ [ [ 2543264.998999999836087, 1155373.93 ], [ 2543262.946, 1155371.291 ], [ 2543250.998999999836087, 1155355.93 ], [ 2543245.358, 1155362.0 ], [ 2543242.987999999895692, 1155364.551 ], [ 2543227.998999999836087, 1155380.68 ], [ 2543224.58, 1155374.276 ], [ 2543209.841, 1155346.665 ], [ 2543069.703000000212342, 1155434.741 ], [ 2543070.691000000108033, 1155443.523 ], [ 2543071.811000000219792, 1155453.469 ], [ 2543072.643999999854714, 1155460.870000000111759 ], [ 2543074.415, 1155476.612999999895692 ], [ 2543074.958999999798834, 1155481.442 ], [ 2543074.958999999798834, 1155488.207 ], [ 2543074.958999999798834, 1155504.692 ], [ 2543074.596, 1155511.378 ], [ 2543074.157000000122935, 1155519.464 ], [ 2543073.237999999895692, 1155522.389 ], [ 2543069.62900000018999, 1155533.891 ], [ 2543068.808000000193715, 1155536.508 ], [ 2543068.075000000186265, 1155537.673 ], [ 2543064.740000000223517, 1155542.98 ], [ 2543060.694999999832362, 1155549.416 ], [ 2543056.551, 1155556.01 ], [ 2543119.492999999783933, 1155598.663 ], [ 2543188.423, 1155645.754999999888241 ], [ 2543189.833999999798834, 1155646.719 ], [ 2543203.029999999795109, 1155634.209 ], [ 2543215.825999999884516, 1155622.077 ], [ 2543222.450000000186265, 1155616.206 ], [ 2543238.501999999862164, 1155601.975 ], [ 2543222.248999999836087, 1155581.93 ], [ 2543241.94, 1155563.977999999886379 ], [ 2543282.287, 1155527.195 ], [ 2543301.498999999836087, 1155509.68 ], [ 2543300.54, 1155463.819 ], [ 2543300.390000000130385, 1155456.669 ], [ 2543300.28899999987334, 1155451.856 ], [ 2543300.248999999836087, 1155449.93 ], [ 2543296.65, 1155435.055 ], [ 2543295.774000000208616, 1155431.433 ], [ 2543294.089000000152737, 1155424.467 ], [ 2543292.748999999836087, 1155418.93 ], [ 2543290.372, 1155414.619 ], [ 2543279.666999999899417, 1155395.206 ], [ 2543277.998999999836087, 1155392.18 ], [ 2543276.759999999776483, 1155390.441000000108033 ], [ 2543264.998999999836087, 1155373.93 ] ] ], [ [ [ 2543266.133, 1155606.675 ], [ 2543255.299999999813735, 1155608.197 ], [ 2543244.748999999836087, 1155609.68 ], [ 2543227.696, 1155624.112999999895692 ], [ 2543223.202, 1155627.916 ], [ 2543222.114, 1155628.837 ], [ 2543219.740000000223517, 1155630.846 ], [ 2543215.716, 1155634.564 ], [ 2543197.154999999795109, 1155651.708000000100583 ], [ 2543239.083000000100583, 1155680.194 ], [ 2543288.328000000212342, 1155714.983 ], [ 2543295.258, 1155722.373 ], [ 2543319.554, 1155686.884 ], [ 2543321.538000000175089, 1155683.986 ], [ 2543326.349, 1155676.971 ], [ 2543329.139, 1155672.903 ], [ 2543322.134999999776483, 1155665.370000000111759 ], [ 2543312.813999999780208, 1155655.074 ], [ 2543304.416999999899417, 1155646.352 ], [ 2543296.518999999854714, 1155638.147000000113621 ], [ 2543293.156, 1155634.669 ], [ 2543288.579, 1155629.935 ], [ 2543276.589000000152737, 1155617.533 ], [ 2543272.133, 1155612.925 ], [ 2543266.133, 1155606.675 ] ] ] ] } },
{ "type": "Feature", "properties": { "ANNEE_DE_R": 2025, "CODE_PROGR": "Non", "CODE_UTILI": 611, "IDENTIFICA": "VD_2025_54118", "NOMBRE_ARB": 0, "PROGRAMME": "Aucun programme", "SHAPE_AREA": 30010.061, "SHAPE_LEN": 939.033, "SURFACE_M2": 30011, "UTILISATIO": "Prairies extensives (sans les pâturages)" }, "geometry": { "type": "MultiPolygon", "coordinates": [ [ [ [ 2543520.708000000100583, 1155952.634 ], [ 2543516.515999999828637, 1155946.811 ], [ 2543496.078000000212342, 1155929.756 ], [ 2543451.507000000216067, 1155883.244 ], [ 2543405.617, 1155835.753 ], [ 2543373.026999999769032, 1155805.099 ], [ 2543350.882000000216067, 1155783.049000000115484 ], [ 2543313.347, 1155744.712 ], [ 2543289.222, 1155720.525 ], [ 2543285.648, 1155718.093000000109896 ], [ 2543281.078000000212342, 1155718.756 ], [ 2543276.353999999817461, 1155719.622 ], [ 2543270.828000000212342, 1155721.756 ], [ 2543255.828000000212342, 1155732.006 ], [ 2543219.032000000122935, 1155761.427 ], [ 2543197.222, 1155777.639999999897555 ], [ 2543178.578000000212342, 1155793.256 ], [ 2543169.328000000212342, 1155799.756 ], [ 2543188.078000000212342, 1155814.006 ], [ 2543198.078000000212342, 1155816.756 ], [ 2543210.328000000212342, 1155824.256 ], [ 2543229.401999999769032, 1155824.843000000109896 ], [ 2543286.359000000171363, 1155826.594 ], [ 2543309.328000000212342, 1155844.294 ], [ 2543328.578000000212342, 1155860.044 ], [ 2543337.026999999769032, 1155866.94 ], [ 2543344.078000000212342, 1155872.794 ], [ 2543334.561000000219792, 1155878.357 ], [ 2543438.021999999880791, 1155981.658 ], [ 2543455.015000000130385, 1155998.629999999888241 ], [ 2543457.924999999813735, 1156001.53 ], [ 2543464.492, 1155996.416 ], [ 2543489.723000000230968, 1155977.136 ], [ 2543520.708000000100583, 1155952.634 ] ] ] ] } },
{ "type": "Feature", "properties": { "ANNEE_DE_R": 2025, "CODE_PROGR": "Non", "CODE_UTILI": 613, "IDENTIFICA": "VD_2025_174460", "NOMBRE_ARB": 0, "PROGRAMME": "Aucun programme", "SHAPE_AREA": 5896.156, "SHAPE_LEN": 389.686, "SURFACE_M2": 5897, "UTILISATIO": "Autres prairies permanentes (sans les pâturages)" }, "geometry": { "type": "MultiPolygon", "coordinates": [ [ [ [ 2543083.967000000178814, 1155963.178 ], [ 2542995.396000000182539, 1155975.616 ], [ 2542994.066000000108033, 1155991.172 ], [ 2542990.73700000019744, 1156010.982 ], [ 2543007.336999999824911, 1156015.622 ], [ 2543005.086999999824911, 1156025.132 ], [ 2542999.617, 1156026.932 ], [ 2542989.992, 1156025.846 ], [ 2542985.637000000104308, 1156032.592 ], [ 2542977.026999999769032, 1156066.422 ], [ 2543007.245000000111759, 1156047.995000000111759 ], [ 2543037.487999999895692, 1156029.554 ], [ 2543102.498000000137836, 1155988.762000000104308 ], [ 2543083.967000000178814, 1155963.178 ] ] ] ] } },
{ "type": "Feature", "properties": { "ANNEE_DE_R": 2025, "CODE_PROGR": "Non", "CODE_UTILI": 613, "IDENTIFICA": "VD_2025_428332", "NOMBRE_ARB": 6, "PROGRAMME": "Aucun programme", "SHAPE_AREA": 15656.329, "SHAPE_LEN": 796.376, "SURFACE_M2": 15657, "UTILISATIO": "Autres prairies permanentes (sans les pâturages)" }, "geometry": { "type": "MultiPolygon", "coordinates": [ [ [ [ 2543203.634, 1156217.944 ], [ 2543135.722, 1156167.120000000111759 ], [ 2543107.561000000219792, 1156159.469 ], [ 2543098.109000000171363, 1156164.276 ], [ 2543121.734999999869615, 1156194.776 ], [ 2543129.12900000018999, 1156188.862 ], [ 2543146.062, 1156210.041 ], [ 2543124.572000000160187, 1156226.801 ], [ 2543108.001999999862164, 1156205.76 ], [ 2543119.392, 1156196.65 ], [ 2543090.091, 1156160.977999999886379 ], [ 2543051.15, 1156171.325999999884516 ], [ 2543054.629999999888241, 1156184.877 ], [ 2543049.02, 1156187.256 ], [ 2543061.656, 1156235.186 ], [ 2543064.668, 1156246.611 ], [ 2543072.382000000216067, 1156275.869 ], [ 2543032.952, 1156297.447 ], [ 2543057.193, 1156342.099 ], [ 2543072.708000000100583, 1156331.564 ], [ 2543091.873000000137836, 1156318.55 ], [ 2543107.251999999862164, 1156307.942 ], [ 2543109.396000000182539, 1156306.463 ], [ 2543136.043, 1156288.082 ], [ 2543147.403, 1156280.242 ], [ 2543155.552999999839813, 1156271.321 ], [ 2543171.489, 1156253.876 ], [ 2543180.224, 1156244.314 ], [ 2543203.634, 1156217.944 ] ], [ [ 2543112.128, 1156273.031 ], [ 2543104.046, 1156265.329 ], [ 2543120.544000000227243, 1156277.06 ], [ 2543112.128, 1156273.031 ] ] ] ] } },
{ "type": "Feature", "properties": { "ANNEE_DE_R": 2025, "CODE_PROGR": "Bio", "CODE_UTILI": 617, "IDENTIFICA": "VD_2025_402605", "NOMBRE_ARB": 0, "PROGRAMME": "Production bio", "SHAPE_AREA": 788.418, "SHAPE_LEN": 177.483, "SURFACE_M2": 1577, "UTILISATIO": "Pâturages extensifs" }, "geometry": { "type": "MultiPolygon", "coordinates": [ [ [ [ 2543101.154, 1156394.061 ], [ 2543076.548, 1156369.743 ], [ 2543049.616, 1156386.727 ], [ 2543053.906, 1156393.817 ], [ 2543061.30599999986589, 1156386.416999999899417 ], [ 2543065.106000000145286, 1156386.416999999899417 ], [ 2543069.506, 1156393.617 ], [ 2543080.106000000145286, 1156389.617 ], [ 2543084.705999999772757, 1156398.416999999899417 ], [ 2543070.106000000145286, 1156409.217 ], [ 2543071.852, 1156414.069 ], [ 2543075.376000000163913, 1156411.663 ], [ 2543083.196, 1156406.323 ], [ 2543101.154, 1156394.061 ] ] ] ] } },
{ "type": "Feature", "properties": { "ANNEE_DE_R": 2025, "CODE_PROGR": "Non", "CODE_UTILI": 611, "IDENTIFICA": "VD_2025_133823", "NOMBRE_ARB": 0, "PROGRAMME": "Aucun programme", "SHAPE_AREA": 4375.767, "SHAPE_LEN": 701.922, "SURFACE_M2": 4376, "UTILISATIO": "Prairies extensives (sans les pâturages)" }, "geometry": { "type": "MultiPolygon", "coordinates": [ [ [ [ 2543060.845000000204891, 1156715.393 ], [ 2543062.108, 1156715.744 ], [ 2543067.538000000175089, 1156700.704 ], [ 2543085.744, 1156670.879 ], [ 2543093.075999999884516, 1156657.718000000109896 ], [ 2543097.278, 1156651.0 ], [ 2543097.395, 1156649.33 ], [ 2543101.369, 1156642.492 ], [ 2543106.13799999980256, 1156634.285 ], [ 2543104.082, 1156633.18 ], [ 2543105.683999999891967, 1156629.705 ], [ 2543108.0, 1156631.08 ], [ 2543111.148, 1156625.664000000106171 ], [ 2543115.832, 1156620.68 ], [ 2543118.832, 1156615.305 ], [ 2543127.330999999772757, 1156601.182 ], [ 2543132.205999999772757, 1156592.057 ], [ 2543133.199, 1156587.939 ], [ 2543133.699, 1156585.064 ], [ 2543134.38799999980256, 1156577.775 ], [ 2543133.435, 1156570.562 ], [ 2543131.080999999772757, 1156561.807 ], [ 2543126.080999999772757, 1156551.932 ], [ 2543117.080999999772757, 1156535.545 ], [ 2543100.955999999772757, 1156505.92 ], [ 2543078.469, 1156464.825999999884516 ], [ 2543073.221, 1156464.213 ], [ 2543065.535000000149012, 1156465.620000000111759 ], [ 2543058.534, 1156465.57 ], [ 2543060.125, 1156466.79 ], [ 2543113.307, 1156551.094 ], [ 2543118.347, 1156570.404 ], [ 2543118.884999999776483, 1156577.347 ], [ 2543118.634999999776483, 1156582.472 ], [ 2543117.798, 1156588.283 ], [ 2543116.657000000122935, 1156591.134 ], [ 2543110.697000000160187, 1156600.047 ], [ 2543101.717999999877065, 1156614.829 ], [ 2543092.427999999839813, 1156630.744 ], [ 2543065.114, 1156677.514999999897555 ], [ 2543060.816999999806285, 1156684.874 ], [ 2543051.508, 1156700.814 ], [ 2543060.845000000204891, 1156715.393 ] ] ], [ [ [ 2543062.56900000013411, 1156747.715 ], [ 2543060.018999999854714, 1156736.455 ], [ 2543059.983, 1156727.508 ], [ 2543060.088, 1156725.957 ], [ 2543059.623000000137836, 1156722.533 ], [ 2543057.12900000018999, 1156717.497 ], [ 2543050.597, 1156704.485000000102445 ], [ 2543044.447999999858439, 1156728.764999999897555 ], [ 2543045.575000000186265, 1156733.982 ], [ 2543048.458999999798834, 1156747.335 ], [ 2543062.56900000013411, 1156747.715 ] ] ] ] } },
{ "type": "Feature", "properties": { "ANNEE_DE_R": 2025, "CODE_PROGR": "psClimateEfficientNUse", "CODE_UTILI": 601, "IDENTIFICA": "VD_2025_182215", "NOMBRE_ARB": 4, "PROGRAMME": "Utilisation efficiente de l’azote dans les grandes cultures", "SHAPE_AREA": 8613.849, "SHAPE_LEN": 484.18, "SURFACE_M2": 8614, "UTILISATIO": "Prairies artificielles (sans les pâturages)" }, "geometry": { "type": "MultiPolygon", "coordinates": [ [ [ [ 2543180.224, 1156244.314 ], [ 2543171.489, 1156253.876 ], [ 2543155.552999999839813, 1156271.321 ], [ 2543147.403, 1156280.242 ], [ 2543136.043, 1156288.082 ], [ 2543138.177999999839813, 1156290.607 ], [ 2543191.685, 1156353.865 ], [ 2543196.419000000227243, 1156359.465 ], [ 2543214.933000000193715, 1156381.362999999895692 ], [ 2543231.517, 1156400.977999999886379 ], [ 2543256.336999999824911, 1156375.499 ], [ 2543224.305000000167638, 1156320.397000000113621 ], [ 2543268.785999999847263, 1156283.758 ], [ 2543265.656, 1156278.548 ], [ 2543243.55599999986589, 1156296.747 ], [ 2543180.224, 1156244.314 ] ] ] ] } },
{ "type": "Feature", "properties": { "ANNEE_DE_R": 2025, "CODE_PROGR": "psClimateEfficientNUse", "CODE_UTILI": 601, "IDENTIFICA": "VD_2025_202457", "NOMBRE_ARB": 0, "PROGRAMME": "Utilisation efficiente de l’azote dans les grandes cultures", "SHAPE_AREA": 27000.809, "SHAPE_LEN": 669.82, "SURFACE_M2": 54002, "UTILISATIO": "Prairies artificielles (sans les pâturages)" }, "geometry": { "type": "MultiPolygon", "coordinates": [ [ [ [ 2543414.656, 1157302.28 ], [ 2543270.623000000137836, 1157221.781 ], [ 2543261.193, 1157235.852 ], [ 2543232.313, 1157261.732 ], [ 2543214.937, 1157275.377 ], [ 2543183.910999999847263, 1157299.74 ], [ 2543172.321, 1157308.841 ], [ 2543169.896000000182539, 1157311.608 ], [ 2543201.199, 1157338.275 ], [ 2543215.304, 1157350.29 ], [ 2543222.637000000104308, 1157356.537 ], [ 2543237.639, 1157369.267 ], [ 2543251.044000000227243, 1157380.642 ], [ 2543252.160000000149012, 1157384.546 ], [ 2543260.282000000122935, 1157391.007 ], [ 2543288.023, 1157413.075999999884516 ], [ 2543324.316000000108033, 1157441.949 ], [ 2543414.656, 1157302.28 ] ] ] ] } },
{ "type": "Feature", "properties": { "ANNEE_DE_R": 2025, "CODE_PROGR": "Bio", "CODE_UTILI": 617, "IDENTIFICA": "VD_2025_464383", "NOMBRE_ARB": 3, "PROGRAMME": "Production bio", "SHAPE_AREA": 3365.869, "SHAPE_LEN": 268.201, "SURFACE_M2": 3366, "UTILISATIO": "Pâturages extensifs" }, "geometry": { "type": "MultiPolygon", "coordinates": [ [ [ [ 2543365.265999999828637, 1156154.03 ], [ 2543338.278, 1156172.242 ], [ 2543345.775, 1156178.607 ], [ 2543354.275, 1156196.107 ], [ 2543361.4, 1156215.607 ], [ 2543367.4, 1156233.232 ], [ 2543369.15, 1156232.107 ], [ 2543375.799999999813735, 1156251.685 ], [ 2543418.677999999839813, 1156237.419 ], [ 2543365.265999999828637, 1156154.03 ] ] ] ] } },
{ "type": "Feature", "properties": { "ANNEE_DE_R": 2025, "CODE_PROGR": "psGmf", "CODE_UTILI": 612, "IDENTIFICA": "VD_2025_204441", "NOMBRE_ARB": 0, "PROGRAMME": "Production de lait et de viande basée sur les herbages", "SHAPE_AREA": 27990.171, "SHAPE_LEN": 1032.742, "SURFACE_M2": 27991, "UTILISATIO": "Prairies peu intensives (sans les pâturages)" }, "geometry": { "type": "MultiPolygon", "coordinates": [ [ [ [ 2543490.24599999981001, 1156278.343000000109896 ], [ 2543463.955999999772757, 1156299.319 ], [ 2543477.791999999899417, 1156320.468000000109896 ], [ 2543530.120000000111759, 1156320.468000000109896 ], [ 2543569.387000000104308, 1156381.621 ], [ 2543622.483, 1156361.307 ], [ 2543625.492999999783933, 1156359.107 ], [ 2543624.67, 1156352.039000000106171 ], [ 2543628.612999999895692, 1156343.195 ], [ 2543630.031, 1156329.815 ], [ 2543629.031, 1156319.926 ], [ 2543628.134999999776483, 1156311.064 ], [ 2543622.778, 1156298.419 ], [ 2543620.887000000104308, 1156289.209 ], [ 2543610.73, 1156275.236 ], [ 2543611.01299999980256, 1156261.892 ], [ 2543615.734999999869615, 1156248.573 ], [ 2543620.822999999858439, 1156239.52 ], [ 2543627.91399999987334, 1156233.56 ], [ 2543616.61200000019744, 1156220.725 ], [ 2543607.816000000108033, 1156208.649 ], [ 2543603.208000000100583, 1156196.681 ], [ 2543603.168, 1156192.048 ], [ 2543602.097, 1156189.685 ], [ 2543592.756, 1156197.07 ], [ 2543490.24599999981001, 1156278.343000000109896 ] ] ], [ [ [ 2543689.345000000204891, 1156205.337 ], [ 2543670.563999999780208, 1156225.879999999888241 ], [ 2543657.598000000230968, 1156234.244 ], [ 2543641.906, 1156237.352999999886379 ], [ 2543624.259, 1156258.377 ], [ 2543618.921999999787658, 1156269.378 ], [ 2543636.344, 1156290.111 ], [ 2543643.796999999787658, 1156307.443 ], [ 2543641.142, 1156336.165 ], [ 2543631.233, 1156360.251 ], [ 2543692.145, 1156372.977 ], [ 2543699.924999999813735, 1156368.967 ], [ 2543714.114, 1156315.577 ], [ 2543723.674000000115484, 1156295.977 ], [ 2543733.183999999891967, 1156285.547 ], [ 2543736.304, 1156276.047 ], [ 2543689.345000000204891, 1156205.337 ] ] ] ] } },
{ "type": "Feature", "properties": { "ANNEE_DE_R": 2025, "CODE_PROGR": "Non", "CODE_UTILI": 901, "IDENTIFICA": "VD_2025_47799", "NOMBRE_ARB": 0, "PROGRAMME": "Aucun programme", "SHAPE_AREA": 18827.245, "SHAPE_LEN": 1649.239, "SURFACE_M2": 18828, "UTILISATIO": "Forêt" }, "geometry": { "type": "MultiPolygon", "coordinates": [ [ [ [ 2537106.861, 1158679.45 ], [ 2537066.200999999884516, 1158620.757 ], [ 2537041.065, 1158564.071 ], [ 2537045.049999999813735, 1158591.429 ], [ 2537043.92, 1158611.916 ], [ 2537043.728000000119209, 1158615.392 ], [ 2537043.552000000141561, 1158618.582 ], [ 2537043.430000000167638, 1158620.794 ], [ 2537043.299000000115484, 1158623.164000000106171 ], [ 2537043.049999999813735, 1158627.679 ], [ 2537046.614, 1158656.674000000115484 ], [ 2537061.563999999780208, 1158703.158 ], [ 2537063.112999999895692, 1158705.952 ], [ 2537064.437, 1158708.34 ], [ 2537076.362999999895692, 1158720.874 ], [ 2537083.509, 1158728.384 ], [ 2537086.464999999850988, 1158732.082 ], [ 2537102.057, 1158751.591 ], [ 2537108.602, 1158759.78 ], [ 2537112.114, 1158764.174000000115484 ], [ 2537107.913000000175089, 1158771.873 ], [ 2537102.714000000152737, 1158781.401 ], [ 2537099.916999999899417, 1158786.528 ], [ 2537100.302999999839813, 1158788.384 ], [ 2537100.943, 1158791.457 ], [ 2537101.182, 1158792.604 ], [ 2537101.50400000018999, 1158794.147000000113621 ], [ 2537102.08600000012666, 1158796.942 ], [ 2537102.31, 1158798.021 ], [ 2537106.356000000145286, 1158817.453 ], [ 2537109.430000000167638, 1158832.213 ], [ 2537143.419000000227243, 1158817.202 ], [ 2537137.506, 1158747.484 ], [ 2537106.861, 1158679.45 ] ] ] ] } },
{ "type": "Feature", "properties": { "ANNEE_DE_R": 2025, "CODE_PROGR": "Bio", "CODE_UTILI": 617, "IDENTIFICA": "VD_2025_44457", "NOMBRE_ARB": 0, "PROGRAMME": "Production bio", "SHAPE_AREA": 4347.837, "SHAPE_LEN": 411.612, "SURFACE_M2": 8696, "UTILISATIO": "Pâturages extensifs" }, "geometry": { "type": "MultiPolygon", "coordinates": [ [ [ [ 2534628.603000000119209, 1156379.725 ], [ 2534625.9, 1156378.984 ], [ 2534614.41399999987334, 1156379.624 ], [ 2534613.342000000178814, 1156379.374 ], [ 2534609.332, 1156382.316000000108033 ], [ 2534597.139, 1156377.541999999899417 ], [ 2534580.795, 1156381.791 ], [ 2534571.895, 1156387.058999999891967 ], [ 2534567.829, 1156398.038 ], [ 2534567.543, 1156404.97 ], [ 2534568.575000000186265, 1156418.656 ], [ 2534581.248000000137836, 1156448.777 ], [ 2534584.578000000212342, 1156449.319 ], [ 2534589.224, 1156438.308 ], [ 2534595.03899999987334, 1156424.661 ], [ 2534602.471, 1156409.385 ], [ 2534606.721, 1156402.447 ], [ 2534613.671, 1156394.101 ], [ 2534618.046, 1156389.663 ], [ 2534625.973000000230968, 1156382.360000000102445 ], [ 2534628.603000000119209, 1156379.725 ] ] ], [ [ [ 2534629.106000000145286, 1156448.041999999899417 ], [ 2534629.992999999783933, 1156443.818 ], [ 2534640.409, 1156403.074 ], [ 2534627.356000000145286, 1156384.229 ], [ 2534615.369, 1156395.537 ], [ 2534609.696, 1156402.429 ], [ 2534605.758, 1156408.554 ], [ 2534597.825999999884516, 1156424.247 ], [ 2534590.037, 1156441.883 ], [ 2534586.353999999817461, 1156449.608 ], [ 2534587.973000000230968, 1156450.091 ], [ 2534589.237999999895692, 1156450.077 ], [ 2534600.396999999880791, 1156454.022000000113621 ], [ 2534605.166000000201166, 1156455.707 ], [ 2534619.338, 1156460.717 ], [ 2534627.021999999880791, 1156453.862999999895692 ], [ 2534628.082, 1156452.916999999899417 ], [ 2534629.106000000145286, 1156448.041999999899417 ] ] ] ] } },
{ "type": "Feature", "properties": { "ANNEE_DE_R": 2025, "CODE_PROGR": "Bio", "CODE_UTILI": 611, "IDENTIFICA": "VD_2025_44449", "NOMBRE_ARB": 0, "PROGRAMME": "Production bio", "SHAPE_AREA": 3755.267, "SHAPE_LEN": 1229.55, "SURFACE_M2": 7511, "UTILISATIO": "Prairies extensives (sans les pâturages)" }, "geometry": { "type": "MultiPolygon", "coordinates": [ [ [ [ 2534745.344, 1156440.798 ], [ 2534735.862999999895692, 1156441.068 ], [ 2534746.009, 1156477.237 ], [ 2534764.633, 1156480.081 ], [ 2534763.98, 1156476.906 ], [ 2534751.728000000119209, 1156473.768 ], [ 2534750.728000000119209, 1156469.268 ], [ 2534745.344, 1156440.798 ] ] ], [ [ [ 2534628.082, 1156452.916999999899417 ], [ 2534627.021999999880791, 1156453.862999999895692 ], [ 2534619.338, 1156460.717 ], [ 2534632.328000000212342, 1156478.748 ], [ 2534642.73700000019744, 1156534.109 ], [ 2534646.177000000141561, 1156578.92 ], [ 2534645.057, 1156582.916999999899417 ], [ 2534640.921999999787658, 1156590.169 ], [ 2534636.997, 1156598.57 ], [ 2534618.276999999769032, 1156626.431 ], [ 2534618.517, 1156641.631 ], [ 2534618.313, 1156643.226 ], [ 2534616.686000000219792, 1156655.943 ], [ 2534613.057, 1156684.312 ], [ 2534617.177000000141561, 1156709.753 ], [ 2534634.825999999884516, 1156736.591 ], [ 2534640.625, 1156745.409 ], [ 2534646.416000000201166, 1156754.215 ], [ 2534651.676, 1156762.214 ], [ 2534662.416000000201166, 1156796.944 ], [ 2534665.389, 1156824.719 ], [ 2534667.626000000163913, 1156845.625 ], [ 2534667.651999999769032, 1156847.691000000108033 ], [ 2534667.981000000145286, 1156873.383 ], [ 2534668.27, 1156895.889 ], [ 2534668.376000000163913, 1156904.182 ], [ 2534668.404, 1156906.392 ], [ 2534668.802000000141561, 1156937.438 ], [ 2534668.844, 1156940.710999999893829 ], [ 2534669.065, 1156957.987999999895692 ], [ 2534664.515000000130385, 1156981.268 ], [ 2534667.211999999824911, 1156981.369 ], [ 2534669.574, 1156966.638 ], [ 2534670.703000000212342, 1156959.022000000113621 ], [ 2534671.111, 1156957.791 ], [ 2534672.282999999821186, 1156954.247 ], [ 2534671.174000000115484, 1156947.038 ], [ 2534672.713, 1156941.918 ], [ 2534673.117999999783933, 1156940.671 ], [ 2534673.083999999798834, 1156937.388 ], [ 2534673.046999999787658, 1156933.835 ], [ 2534672.944999999832362, 1156924.111 ], [ 2534672.918, 1156921.468000000109896 ], [ 2534672.850999999791384, 1156920.182 ], [ 2534672.557, 1156914.487999999895692 ], [ 2534671.967999999877065, 1156903.068 ], [ 2534672.142, 1156890.783 ], [ 2534672.264, 1156882.179 ], [ 2534672.318, 1156878.41 ], [ 2534671.927000000141561, 1156866.306 ], [ 2534671.583000000100583, 1156855.65 ], [ 2534671.233, 1156833.6 ], [ 2534671.301, 1156823.323 ], [ 2534670.200999999884516, 1156810.323 ], [ 2534670.151, 1156802.573 ], [ 2534669.850999999791384, 1156797.719 ], [ 2534663.401, 1156780.619 ], [ 2534656.021000000182539, 1156761.172 ], [ 2534647.68099999986589, 1156747.185 ], [ 2534639.43099999986589, 1156733.485000000102445 ], [ 2534634.490000000223517, 1156725.379 ], [ 2534633.528, 1156723.8 ], [ 2534632.646000000182539, 1156722.352 ], [ 2534631.080999999772757, 1156719.785 ], [ 2534629.026, 1156716.085 ], [ 2534627.68099999986589, 1156713.665 ], [ 2534626.830999999772757, 1156712.135 ], [ 2534626.358, 1156710.31 ], [ 2534625.648, 1156707.575999999884516 ], [ 2534625.285000000149012, 1156706.175 ], [ 2534623.234000000171363, 1156698.269 ], [ 2534622.881, 1156696.91 ], [ 2534619.401999999769032, 1156679.285 ], [ 2534622.11200000019744, 1156661.377 ], [ 2534622.625, 1156659.125 ], [ 2534623.946, 1156647.575999999884516 ], [ 2534625.441999999806285, 1156634.497 ], [ 2534631.098000000230968, 1156620.46 ], [ 2534646.098000000230968, 1156596.26 ], [ 2534650.552999999839813, 1156581.773 ], [ 2534651.859999999869615, 1156563.524 ], [ 2534651.285000000149012, 1156539.805 ], [ 2534650.525, 1156533.929 ], [ 2534650.092999999877065, 1156530.922 ], [ 2534649.301, 1156524.533 ], [ 2534648.592999999877065, 1156518.822 ], [ 2534647.592999999877065, 1156511.422 ], [ 2534643.739, 1156481.778 ], [ 2534643.37900000018999, 1156479.007 ], [ 2534638.651, 1156465.696 ], [ 2534638.166999999899417, 1156464.333000000100583 ], [ 2534635.636, 1156460.705 ], [ 2534633.075000000186265, 1156457.033 ], [ 2534628.082, 1156452.916999999899417 ] ] ] ] } },
{ "type": "Feature", "properties": { "ANNEE_DE_R": 2025, "CODE_PROGR": "Bio", "CODE_UTILI": 617, "IDENTIFICA": "VD_2025_44459", "NOMBRE_ARB": 0, "PROGRAMME": "Production bio", "SHAPE_AREA": 2179.956, "SHAPE_LEN": 210.951, "SURFACE_M2": 4360, "UTILISATIO": "Pâturages extensifs" }, "geometry": { "type": "MultiPolygon", "coordinates": [ [ [ [ 2534777.313, 1156478.519 ], [ 2534774.057, 1156478.503 ], [ 2534784.045, 1156509.615 ], [ 2534785.619, 1156525.349 ], [ 2534791.119, 1156542.304 ], [ 2534795.31900000013411, 1156550.104 ], [ 2534798.535000000149012, 1156555.678 ], [ 2534800.06900000013411, 1156554.03 ], [ 2534812.744, 1156546.964 ], [ 2534814.364, 1156546.061 ], [ 2534828.975, 1156541.368 ], [ 2534826.239, 1156533.367 ], [ 2534823.943, 1156521.003 ], [ 2534822.353000000119209, 1156503.389999999897555 ], [ 2534815.193, 1156498.162 ], [ 2534806.839000000152737, 1156494.071 ], [ 2534788.114, 1156490.585 ], [ 2534777.313, 1156478.519 ] ] ] ] } },
{ "type": "Feature", "properties": { "ANNEE_DE_R": 2025, "CODE_PROGR": "Bio", "CODE_UTILI": 601, "IDENTIFICA": "VD_2025_472272", "NOMBRE_ARB": 0, "PROGRAMME": "Production bio", "SHAPE_AREA": 4225.224, "SHAPE_LEN": 277.941, "SURFACE_M2": 12676, "UTILISATIO": "Prairies artificielles (sans les pâturages)" }, "geometry": { "type": "MultiPolygon", "coordinates": [ [ [ [ 2534738.407000000122935, 1156631.041999999899417 ], [ 2534738.798, 1156622.985000000102445 ], [ 2534742.938, 1156623.097 ], [ 2534744.774000000208616, 1156591.484 ], [ 2534659.296, 1156592.552 ], [ 2534657.007000000216067, 1156620.894 ], [ 2534650.821, 1156642.163 ], [ 2534739.079, 1156640.675 ], [ 2534739.41399999987334, 1156637.846 ], [ 2534738.407000000122935, 1156631.041999999899417 ] ] ] ] } },
{ "type": "Feature", "properties": { "ANNEE_DE_R": 2025, "CODE_PROGR": "Bio", "CODE_UTILI": 616, "IDENTIFICA": "VD_2025_105551", "NOMBRE_ARB": 0, "PROGRAMME": "Production bio", "SHAPE_AREA": 727.58, "SHAPE_LEN": 117.342, "SURFACE_M2": 1456, "UTILISATIO": "Pâturages (pâturages attenants à la ferme, autres pâturages sauf les pâturages d’estivage)" }, "geometry": { "type": "MultiPolygon", "coordinates": [ [ [ [ 2534742.938, 1156623.097 ], [ 2534738.798, 1156622.985000000102445 ], [ 2534738.407000000122935, 1156631.041999999899417 ], [ 2534739.41399999987334, 1156637.846 ], [ 2534739.079, 1156640.675 ], [ 2534739.586999999824911, 1156644.172 ], [ 2534742.640000000130385, 1156649.634 ], [ 2534742.315, 1156651.104 ], [ 2534746.176, 1156657.671 ], [ 2534748.185, 1156656.442 ], [ 2534766.384999999776483, 1156641.442 ], [ 2534774.475999999791384, 1156635.871 ], [ 2534768.06, 1156632.545 ], [ 2534761.589999999850988, 1156632.069 ], [ 2534761.475, 1156623.599 ], [ 2534742.938, 1156623.097 ] ] ] ] } },
{ "type": "Feature", "properties": { "ANNEE_DE_R": 2025, "CODE_PROGR": "Non", "CODE_UTILI": 611, "IDENTIFICA": "VD_2025_55983", "NOMBRE_ARB": 0, "PROGRAMME": "Aucun programme", "SHAPE_AREA": 2681.761, "SHAPE_LEN": 306.682, "SURFACE_M2": 2682, "UTILISATIO": "Prairies extensives (sans les pâturages)" }, "geometry": { "type": "MultiPolygon", "coordinates": [ [ [ [ 2535089.461999999824911, 1157480.487999999895692 ], [ 2535087.199, 1157482.068 ], [ 2535064.453000000212342, 1157442.219 ], [ 2535059.640000000130385, 1157442.969 ], [ 2535037.31900000013411, 1157415.835999999893829 ], [ 2535023.311000000219792, 1157379.669 ], [ 2535015.926, 1157383.839 ], [ 2535055.207, 1157503.552 ], [ 2535083.52, 1157489.514 ], [ 2535087.984999999869615, 1157486.947 ], [ 2535090.552000000141561, 1157485.384 ], [ 2535089.461999999824911, 1157480.487999999895692 ] ] ] ] } },
{ "type": "Feature", "properties": { "ANNEE_DE_R": 2025, "CODE_PROGR": "psArableSoilCoverage", "CODE_UTILI": 528, "IDENTIFICA": "VD_2025_173335", "NOMBRE_ARB": 0, "PROGRAMME": "Couverture appropriée du sol (les cultures principales sur terres ouvertes)", "SHAPE_AREA": 10610.181, "SHAPE_LEN": 614.827, "SURFACE_M2": 42441, "UTILISATIO": "Soja" }, "geometry": { "type": "MultiPolygon", "coordinates": [ [ [ [ 2535125.731999999843538, 1157511.562 ], [ 2535163.526999999769032, 1157491.074 ], [ 2535147.776, 1157460.528 ], [ 2535144.203000000212342, 1157453.057 ], [ 2535116.455999999772757, 1157470.192 ], [ 2535105.812, 1157476.766 ], [ 2535090.552000000141561, 1157485.384 ], [ 2535087.984999999869615, 1157486.947 ], [ 2535083.52, 1157489.514 ], [ 2535055.207, 1157503.552 ], [ 2535015.926, 1157383.839 ], [ 2534975.808000000193715, 1157404.91 ], [ 2534983.96, 1157430.376 ], [ 2535015.207, 1157526.052 ], [ 2535021.325999999884516, 1157543.834 ], [ 2535125.731999999843538, 1157511.562 ] ] ] ] } },
{ "type": "Feature", "properties": { "ANNEE_DE_R": 2025, "CODE_PROGR": "Non", "CODE_UTILI": 704, "IDENTIFICA": "VD_2025_454045", "NOMBRE_ARB": 0, "PROGRAMME": "Aucun programme", "SHAPE_AREA": 631.732, "SHAPE_LEN": 165.305, "SURFACE_M2": 632, "UTILISATIO": "Cultures fruitières (fruits à noyau)" }, "geometry": { "type": "MultiPolygon", "coordinates": [ [ [ [ 2535035.549999999813735, 1157587.696 ], [ 2535038.239, 1157595.987999999895692 ], [ 2535096.188, 1157578.239 ], [ 2535108.872, 1157564.136 ], [ 2535082.257000000216067, 1157572.688 ], [ 2535035.549999999813735, 1157587.696 ] ] ] ] } },
{ "type": "Feature", "properties": { "ANNEE_DE_R": 2025, "CODE_PROGR": "Non", "CODE_UTILI": 902, "IDENTIFICA": "VD_2025_502140", "NOMBRE_ARB": 0, "PROGRAMME": "Aucun programme", "SHAPE_AREA": 345.828, "SHAPE_LEN": 140.936, "SURFACE_M2": 346, "UTILISATIO": "Surfaces improductives (p. ex. haies sans les bandes tampons, surfaces broyées, surfaces avec un degré élevé de mauvaises herbes)" }, "geometry": { "type": "MultiPolygon", "coordinates": [ [ [ [ 2534915.964000000152737, 1157582.483 ], [ 2534921.433999999891967, 1157603.778 ], [ 2534925.859000000171363, 1157601.724 ], [ 2534918.295, 1157569.896 ], [ 2534915.964000000152737, 1157582.483 ] ] ], [ [ [ 2535084.94, 1157740.436 ], [ 2535088.126999999862164, 1157743.186 ], [ 2535090.376999999862164, 1157743.686 ], [ 2535094.315, 1157743.374 ], [ 2535099.126999999862164, 1157739.624 ], [ 2535110.329, 1157726.264999999897555 ], [ 2535082.967000000178814, 1157734.921 ], [ 2535084.94, 1157740.436 ] ] ] ] } },
{ "type": "Feature", "properties": { "ANNEE_DE_R": 2025, "CODE_PROGR": "Non", "CODE_UTILI": 704, "IDENTIFICA": "VD_2025_454043", "NOMBRE_ARB": 0, "PROGRAMME": "Aucun programme", "SHAPE_AREA": 2072.209, "SHAPE_LEN": 375.066, "SURFACE_M2": 2073, "UTILISATIO": "Cultures fruitières (fruits à noyau)" }, "geometry": { "type": "MultiPolygon", "coordinates": [ [ [ [ 2535035.549999999813735, 1157587.696 ], [ 2535082.257000000216067, 1157572.688 ], [ 2535108.872, 1157564.136 ], [ 2535128.694999999832362, 1157545.252 ], [ 2535131.278, 1157542.635 ], [ 2535053.026, 1157566.909 ], [ 2535031.014, 1157573.708000000100583 ], [ 2535035.549999999813735, 1157587.696 ] ] ], [ [ [ 2535038.239, 1157595.987999999895692 ], [ 2535043.244, 1157611.421 ], [ 2535083.71100000012666, 1157598.787 ], [ 2535080.383, 1157595.813 ], [ 2535096.188, 1157578.239 ], [ 2535038.239, 1157595.987999999895692 ] ] ] ] } },
{ "type": "Feature", "properties": { "ANNEE_DE_R": 2025, "CODE_PROGR": "Non", "CODE_UTILI": 702, "IDENTIFICA": "VD_2025_56004", "NOMBRE_ARB": 0, "PROGRAMME": "Aucun programme", "SHAPE_AREA": 3564.863, "SHAPE_LEN": 287.409, "SURFACE_M2": 3565, "UTILISATIO": "Cultures fruitières (pommes)" }, "geometry": { "type": "MultiPolygon", "coordinates": [ [ [ [ 2535021.325999999884516, 1157543.834 ], [ 2535031.014, 1157573.708000000100583 ], [ 2535053.026, 1157566.909 ], [ 2535131.278, 1157542.635 ], [ 2535142.427999999839813, 1157531.341 ], [ 2535141.264, 1157530.031999999890104 ], [ 2535125.731999999843538, 1157511.562 ], [ 2535021.325999999884516, 1157543.834 ] ] ] ] } },
{ "type": "Feature", "properties": { "ANNEE_DE_R": 2025, "CODE_PROGR": "Non", "CODE_UTILI": 902, "IDENTIFICA": "VD_2025_55991", "NOMBRE_ARB": 0, "PROGRAMME": "Aucun programme", "SHAPE_AREA": 1036.726, "SHAPE_LEN": 317.376, "SURFACE_M2": 1037, "UTILISATIO": "Surfaces improductives (p. ex. haies sans les bandes tampons, surfaces broyées, surfaces avec un degré élevé de mauvaises herbes)" }, "geometry": { "type": "MultiPolygon", "coordinates": [ [ [ [ 2535225.174999999813735, 1157713.392 ], [ 2535220.384, 1157714.214 ], [ 2535120.409, 1157825.323 ], [ 2535125.981999999843538, 1157831.788 ], [ 2535180.061000000219792, 1157770.487999999895692 ], [ 2535220.668, 1157719.096 ], [ 2535225.174999999813735, 1157713.392 ] ] ] ] } },
{ "type": "Feature", "properties": { "ANNEE_DE_R": 2025, "CODE_PROGR": "Bio", "CODE_UTILI": 617, "IDENTIFICA": "VD_2025_444435", "NOMBRE_ARB": 7, "PROGRAMME": "Production bio", "SHAPE_AREA": 1492.385, "SHAPE_LEN": 218.477, "SURFACE_M2": 2985, "UTILISATIO": "Pâturages extensifs" }, "geometry": { "type": "MultiPolygon", "coordinates": [ [ [ [ 2535971.546, 1152699.414000000106171 ], [ 2535964.546, 1152677.164000000106171 ], [ 2535961.236, 1152666.204 ], [ 2535953.239, 1152662.579 ], [ 2535944.48, 1152661.401 ], [ 2535943.035999999847263, 1152664.804 ], [ 2535935.035999999847263, 1152671.604 ], [ 2535927.436000000219792, 1152672.604 ], [ 2535922.83600000012666, 1152678.404 ], [ 2535924.436000000219792, 1152690.004 ], [ 2535929.239, 1152690.704 ], [ 2535934.236, 1152691.604 ], [ 2535940.636, 1152686.804 ], [ 2535946.035999999847263, 1152685.404 ], [ 2535955.436000000219792, 1152689.204 ], [ 2535961.441999999806285, 1152708.069 ], [ 2535959.989, 1152714.829 ], [ 2535960.941999999806285, 1152728.944 ], [ 2535961.654999999795109, 1152734.331 ], [ 2535964.984999999869615, 1152732.404 ], [ 2535970.316999999806285, 1152729.319 ], [ 2535978.816999999806285, 1152722.444 ], [ 2535977.171, 1152714.164000000106171 ], [ 2535971.546, 1152699.414000000106171 ] ] ] ] } },
{ "type": "Feature", "properties": { "ANNEE_DE_R": 2025, "CODE_PROGR": "psArableSoilCoverage", "CODE_UTILI": 528, "IDENTIFICA": "VD_2025_160732", "NOMBRE_ARB": 0, "PROGRAMME": "Couverture appropriée du sol (les cultures principales sur terres ouvertes)", "SHAPE_AREA": 13507.179, "SHAPE_LEN": 482.528, "SURFACE_M2": 54029, "UTILISATIO": "Soja" }, "geometry": { "type": "MultiPolygon", "coordinates": [ [ [ [ 2535894.893999999854714, 1159091.360000000102445 ], [ 2535874.208999999798834, 1159074.368 ], [ 2535846.901, 1159120.351 ], [ 2535847.901, 1159125.601 ], [ 2535862.395, 1159141.338 ], [ 2535874.151, 1159154.101 ], [ 2535880.825999999884516, 1159163.623 ], [ 2535891.151, 1159178.351 ], [ 2535898.151, 1159193.101 ], [ 2535915.651, 1159201.101 ], [ 2535928.401, 1159204.101 ], [ 2535940.901, 1159205.101 ], [ 2535966.151, 1159200.351 ], [ 2535975.364, 1159198.615 ], [ 2535977.294000000227243, 1159198.252 ], [ 2536017.901, 1159190.601 ], [ 2536008.532999999821186, 1159120.362 ], [ 2535977.958999999798834, 1159114.884 ], [ 2535941.688999999780208, 1159108.386 ], [ 2535919.313999999780208, 1159103.51 ], [ 2535906.393999999854714, 1159098.15 ], [ 2535894.893999999854714, 1159091.360000000102445 ] ] ] ] } },
{ "type": "Feature", "properties": { "ANNEE_DE_R": 2025, "CODE_PROGR": "psArableSoilCoverage", "CODE_UTILI": 527, "IDENTIFICA": "VD_2025_426179", "NOMBRE_ARB": 0, "PROGRAMME": "Couverture appropriée du sol (les cultures principales sur terres ouvertes)", "SHAPE_AREA": 30910.773, "SHAPE_LEN": 781.323, "SURFACE_M2": 92733, "UTILISATIO": "Colza d’automne destiné à la fabrication d’huile comestible" }, "geometry": { "type": "MultiPolygon", "coordinates": [ [ [ [ 2536389.683000000193715, 1157901.408 ], [ 2536344.109945565462112, 1157913.957806456834078 ], [ 2536344.109999999869615, 1157913.958000000100583 ], [ 2536389.683000000193715, 1157901.408 ] ] ] ] } },
{ "type": "Feature", "properties": { "ANNEE_DE_R": 2025, "CODE_PROGR": "psClimateEfficientNUse", "CODE_UTILI": 601, "IDENTIFICA": "VD_2025_392662", "NOMBRE_ARB": 0, "PROGRAMME": "Utilisation efficiente de l’azote dans les grandes cultures", "SHAPE_AREA": 8430.76, "SHAPE_LEN": 419.134, "SURFACE_M2": 8431, "UTILISATIO": "Prairies artificielles (sans les pâturages)" }, "geometry": { "type": "MultiPolygon", "coordinates": [ [ [ [ 2536458.313, 1157927.092 ], [ 2536450.233, 1157901.008 ], [ 2536389.683000000193715, 1157901.408 ], [ 2536344.109999999869615, 1157913.958000000100583 ], [ 2536342.021999999880791, 1157914.533 ], [ 2536333.433000000193715, 1157916.898 ], [ 2536330.889, 1157917.599 ], [ 2536331.534, 1157918.741 ], [ 2536361.04, 1157971.0 ], [ 2536395.785999999847263, 1158032.541 ], [ 2536411.719, 1158030.281 ], [ 2536411.469, 1158009.031 ], [ 2536411.469, 1157988.031 ], [ 2536417.719, 1157970.531 ], [ 2536425.719, 1157952.031 ], [ 2536433.719, 1157943.781 ], [ 2536458.313, 1157927.092 ] ] ] ] } },
{ "type": "Feature", "properties": { "ANNEE_DE_R": 2025, "CODE_PROGR": "psmArableFarming", "CODE_UTILI": 513, "IDENTIFICA": "VD_2025_5761", "NOMBRE_ARB": 0, "PROGRAMME": "Non-recours aux produits phytosanitaires dans les grandes cultures", "SHAPE_AREA": 16860.754, "SHAPE_LEN": 603.056, "SURFACE_M2": 67444, "UTILISATIO": "Blé d'automne (sans blé fourrager de la liste swiss granum)" }, "geometry": { "type": "MultiPolygon", "coordinates": [ [ [ [ 2536365.018000000156462, 1158605.358 ], [ 2536366.671, 1158583.241 ], [ 2536282.81900000013411, 1158608.142 ], [ 2536257.268999999854714, 1158616.804 ], [ 2536241.696, 1158621.297 ], [ 2536155.348000000230968, 1158647.537 ], [ 2536145.103999999817461, 1158651.262000000104308 ], [ 2536147.27, 1158681.33 ], [ 2536148.876000000163913, 1158701.095 ], [ 2536151.674000000115484, 1158727.07 ], [ 2536244.098000000230968, 1158699.439 ], [ 2536344.52, 1158669.368 ], [ 2536351.571, 1158667.159 ], [ 2536354.433999999891967, 1158665.261 ], [ 2536356.58, 1158655.746 ], [ 2536357.491, 1158648.156999999890104 ], [ 2536365.018000000156462, 1158605.358 ] ] ] ] } },
{ "type": "Feature", "properties": { "ANNEE_DE_R": 2025, "CODE_PROGR": "Non", "CODE_UTILI": 898, "IDENTIFICA": "VD_2025_393278", "NOMBRE_ARB": 20, "PROGRAMME": "Aucun programme", "SHAPE_AREA": 1024.449, "SHAPE_LEN": 454.927, "SURFACE_M2": 1025, "UTILISATIO": "Autres surfaces dans la surface agricole utile, sans contributions" }, "geometry": { "type": "MultiPolygon", "coordinates": [ [ [ [ 2536379.696, 1158812.598 ], [ 2536380.6, 1158807.24 ], [ 2536371.4, 1158813.94 ], [ 2536298.93099999986589, 1158836.567 ], [ 2536262.538000000175089, 1158848.231 ], [ 2536201.378, 1158870.359 ], [ 2536179.791000000201166, 1158878.199 ], [ 2536169.551, 1158884.359 ], [ 2536238.191000000108033, 1158862.044 ], [ 2536240.349, 1158861.343000000109896 ], [ 2536248.822999999858439, 1158858.588 ], [ 2536266.366, 1158852.885 ], [ 2536273.17, 1158850.673 ], [ 2536339.032000000122935, 1158829.261 ], [ 2536379.080999999772757, 1158816.242 ], [ 2536379.696, 1158812.598 ] ] ] ] } },
{ "type": "Feature", "properties": { "ANNEE_DE_R": 2025, "CODE_PROGR": "psGmf", "CODE_UTILI": 617, "IDENTIFICA": "VD_2025_38087", "NOMBRE_ARB": 4, "PROGRAMME": "Production de lait et de viande basée sur les herbages", "SHAPE_AREA": 5808.141, "SHAPE_LEN": 572.866, "SURFACE_M2": 5809, "UTILISATIO": "Pâturages extensifs" }, "geometry": { "type": "MultiPolygon", "coordinates": [ [ [ [ 2536767.901999999769032, 1155361.375 ], [ 2536758.575000000186265, 1155352.818 ], [ 2536753.950000000186265, 1155348.443 ], [ 2536748.075000000186265, 1155344.943 ], [ 2536743.075000000186265, 1155341.443 ], [ 2536734.700000000186265, 1155335.318 ], [ 2536725.700000000186265, 1155330.693 ], [ 2536718.700999999884516, 1155312.897000000113621 ], [ 2536711.61200000019744, 1155307.131 ], [ 2536701.575999999884516, 1155298.968000000109896 ], [ 2536685.761, 1155286.106 ], [ 2536683.867, 1155274.256 ], [ 2536682.291000000201166, 1155263.956 ], [ 2536682.649000000208616, 1155254.169 ], [ 2536683.222, 1155238.479 ], [ 2536673.867, 1155238.756 ], [ 2536667.947999999858439, 1155243.841 ], [ 2536670.316999999806285, 1155274.47 ], [ 2536675.589999999850988, 1155345.549000000115484 ], [ 2536677.748999999836087, 1155370.553 ], [ 2536678.313999999780208, 1155377.857 ], [ 2536678.432, 1155379.375 ], [ 2536678.623999999836087, 1155381.856 ], [ 2536679.811000000219792, 1155397.212 ], [ 2536680.68099999986589, 1155408.457 ], [ 2536682.356999999843538, 1155430.123 ], [ 2536683.733, 1155440.994 ], [ 2536685.438, 1155454.102 ], [ 2536686.373999999836087, 1155461.206 ], [ 2536694.69, 1155443.253 ], [ 2536701.19, 1155429.253 ], [ 2536703.19, 1155408.253 ], [ 2536702.038000000175089, 1155388.287 ], [ 2536701.69, 1155382.253 ], [ 2536702.19, 1155365.753 ], [ 2536710.69, 1155353.253 ], [ 2536721.69, 1155348.253 ], [ 2536732.19, 1155347.253 ], [ 2536740.19, 1155347.753 ], [ 2536748.19, 1155350.753 ], [ 2536755.648, 1155354.772000000113621 ], [ 2536767.901999999769032, 1155361.375 ] ] ] ] } },
{ "type": "Feature", "properties": { "ANNEE_DE_R": 2025, "CODE_PROGR": "psGmf", "CODE_UTILI": 611, "IDENTIFICA": "VD_2025_38071", "NOMBRE_ARB": 0, "PROGRAMME": "Production de lait et de viande basée sur les herbages", "SHAPE_AREA": 25717.539, "SHAPE_LEN": 671.694, "SURFACE_M2": 25718, "UTILISATIO": "Prairies extensives (sans les pâturages)" }, "geometry": { "type": "MultiPolygon", "coordinates": [ [ [ [ 2536779.187, 1155380.99 ], [ 2536767.901999999769032, 1155361.375 ], [ 2536755.648, 1155354.772000000113621 ], [ 2536748.19, 1155350.753 ], [ 2536740.19, 1155347.753 ], [ 2536732.19, 1155347.253 ], [ 2536721.69, 1155348.253 ], [ 2536710.69, 1155353.253 ], [ 2536702.19, 1155365.753 ], [ 2536701.69, 1155382.253 ], [ 2536702.038000000175089, 1155388.287 ], [ 2536703.19, 1155408.253 ], [ 2536701.19, 1155429.253 ], [ 2536694.69, 1155443.253 ], [ 2536686.373999999836087, 1155461.206 ], [ 2536689.302000000141561, 1155483.43 ], [ 2536690.100999999791384, 1155489.467 ], [ 2536691.498000000137836, 1155512.164000000106171 ], [ 2536692.075999999884516, 1155521.55 ], [ 2536720.312, 1155538.664000000106171 ], [ 2536729.376999999862164, 1155544.989 ], [ 2536735.966, 1155551.109 ], [ 2536746.841, 1155562.484 ], [ 2536753.73700000019744, 1155570.258 ], [ 2536765.48700000019744, 1155584.321 ], [ 2536773.062, 1155593.362999999895692 ], [ 2536782.764, 1155604.754999999888241 ], [ 2536795.202, 1155620.443 ], [ 2536796.807, 1155621.6 ], [ 2536800.049000000115484, 1155620.696 ], [ 2536800.634, 1155618.941000000108033 ], [ 2536801.259, 1155617.066000000108033 ], [ 2536806.083999999798834, 1155605.014 ], [ 2536808.521999999880791, 1155597.889 ], [ 2536811.677000000141561, 1155589.271 ], [ 2536830.23, 1155534.401 ], [ 2536842.19, 1155499.253 ], [ 2536839.299000000115484, 1155485.45 ], [ 2536838.53899999987334, 1155484.129999999888241 ], [ 2536834.657000000122935, 1155476.366 ], [ 2536819.705, 1155451.418 ], [ 2536779.187, 1155380.99 ] ] ] ] } },
{ "type": "Feature", "properties": { "ANNEE_DE_R": 2025, "CODE_PROGR": "Bio", "CODE_UTILI": 613, "IDENTIFICA": "VD_2025_407109", "NOMBRE_ARB": 0, "PROGRAMME": "Production bio", "SHAPE_AREA": 13321.866, "SHAPE_LEN": 1310.24, "SURFACE_M2": 26644, "UTILISATIO": "Autres prairies permanentes (sans les pâturages)" }, "geometry": { "type": "MultiPolygon", "coordinates": [ [ [ [ 2536628.998544801957905, 1157740.777050371514633 ], [ 2536627.407999999821186, 1157742.458000000100583 ], [ 2536627.742999999783933, 1157749.352 ], [ 2536629.640999999828637, 1157788.446 ], [ 2536649.704, 1157794.196 ], [ 2536651.964999999850988, 1157783.441000000108033 ], [ 2536656.866, 1157762.957 ], [ 2536660.99599999981001, 1157742.725 ], [ 2536649.477, 1157740.815 ], [ 2536641.837841169908643, 1157739.669790240237489 ], [ 2536628.998544801957905, 1157740.777050371514633 ] ] ], [ [ [ 2537011.381, 1157887.612 ], [ 2537010.881, 1157893.612 ], [ 2537010.470000000204891, 1157898.69 ], [ 2537024.13799999980256, 1157900.45 ], [ 2537033.958000000100583, 1157902.5 ], [ 2537034.131, 1157899.987 ], [ 2537034.866, 1157884.824 ], [ 2537035.44400000013411, 1157873.585999999893829 ], [ 2537034.81900000013411, 1157852.311 ], [ 2537034.393000000156462, 1157829.776 ], [ 2537034.149000000208616, 1157812.395 ], [ 2537033.829, 1157789.618 ], [ 2537016.006, 1157868.987 ], [ 2537011.381, 1157887.612 ] ] ], [ [ [ 2536701.544000000227243, 1157804.216 ], [ 2536699.25400000018999, 1157810.462 ], [ 2536711.758, 1157814.272000000113621 ], [ 2536728.08600000012666, 1157819.247 ], [ 2536730.941999999806285, 1157820.29 ], [ 2536739.146999999880791, 1157823.342 ], [ 2536741.967999999877065, 1157824.391 ], [ 2536754.846, 1157829.144 ], [ 2536761.301, 1157831.526 ], [ 2536762.895, 1157832.258 ], [ 2536777.620000000111759, 1157839.014 ], [ 2536795.546999999787658, 1157847.24 ], [ 2536797.393999999854714, 1157848.088 ], [ 2536823.234000000171363, 1157859.388 ], [ 2536837.990000000223517, 1157865.841 ], [ 2536859.793, 1157875.377 ], [ 2536867.433999999891967, 1157878.718000000109896 ], [ 2536888.50400000018999, 1157885.342 ], [ 2536889.200000000186265, 1157886.441000000108033 ], [ 2536913.558999999891967, 1157893.218000000109896 ], [ 2536924.599, 1157892.371 ], [ 2536927.849, 1157885.121 ], [ 2536926.356000000145286, 1157876.974 ], [ 2536916.481000000145286, 1157867.599 ], [ 2536836.731000000145286, 1157840.974 ], [ 2536740.81900000013411, 1157811.378 ], [ 2536712.429, 1157803.31 ], [ 2536711.294000000227243, 1157806.716 ], [ 2536701.544000000227243, 1157804.216 ] ] ] ] } },
{ "type": "Feature", "properties": { "ANNEE_DE_R": 2025, "CODE_PROGR": "psmArableFarming", "CODE_UTILI": 513, "IDENTIFICA": "VD_2025_47734", "NOMBRE_ARB": 0, "PROGRAMME": "Non-recours aux produits phytosanitaires dans les grandes cultures", "SHAPE_AREA": 14802.611, "SHAPE_LEN": 534.438, "SURFACE_M2": 59211, "UTILISATIO": "Blé d'automne (sans blé fourrager de la liste swiss granum)" }, "geometry": { "type": "MultiPolygon", "coordinates": [ [ [ [ 2536716.751999999862164, 1158546.543 ], [ 2536713.822999999858439, 1158538.945 ], [ 2536702.128, 1158540.944 ], [ 2536662.390999999828637, 1158547.338 ], [ 2536622.981999999843538, 1158739.976 ], [ 2536705.740000000223517, 1158737.93 ], [ 2536711.535000000149012, 1158701.436 ], [ 2536718.518999999854714, 1158657.449 ], [ 2536718.936000000219792, 1158655.159 ], [ 2536720.00400000018999, 1158649.287 ], [ 2536721.62900000018999, 1158639.662 ], [ 2536723.12900000018999, 1158631.662 ], [ 2536727.119, 1158613.105 ], [ 2536727.603999999817461, 1158587.23 ], [ 2536725.228999999817461, 1158573.23 ], [ 2536723.126999999862164, 1158565.105 ], [ 2536720.626999999862164, 1158558.543 ], [ 2536718.987999999895692, 1158553.468000000109896 ], [ 2536716.751999999862164, 1158546.543 ] ] ] ] } },
{ "type": "Feature", "properties": { "ANNEE_DE_R": 2025, "CODE_PROGR": "psArableSoilCoverage", "CODE_UTILI": 559, "IDENTIFICA": "VD_2025_499100", "NOMBRE_ARB": 0, "PROGRAMME": "Couverture appropriée du sol (les cultures principales sur terres ouvertes)", "SHAPE_AREA": 650.026, "SHAPE_LEN": 341.219, "SURFACE_M2": 1951, "UTILISATIO": "Ourlet sur terres assolées" }, "geometry": { "type": "MultiPolygon", "coordinates": [ [ [ [ 2536507.228999999817461, 1158908.627 ], [ 2536542.967000000178814, 1158744.966 ], [ 2536538.116, 1158746.521 ], [ 2536537.233, 1158750.438 ], [ 2536506.597, 1158895.431 ], [ 2536503.901, 1158908.191000000108033 ], [ 2536507.228999999817461, 1158908.627 ] ] ] ] } },
{ "type": "Feature", "properties": { "ANNEE_DE_R": 2025, "CODE_PROGR": "Non", "CODE_UTILI": 611, "IDENTIFICA": "VD_2025_395926", "NOMBRE_ARB": 0, "PROGRAMME": "Aucun programme", "SHAPE_AREA": 30371.447, "SHAPE_LEN": 2140.814, "SURFACE_M2": 30372, "UTILISATIO": "Prairies extensives (sans les pâturages)" }, "geometry": { "type": "MultiPolygon", "coordinates": [ [ [ [ 2536903.793, 1154724.382 ], [ 2536873.896999999880791, 1154725.636 ], [ 2536883.271999999880791, 1154846.223 ], [ 2536886.247, 1154884.477999999886379 ], [ 2536887.776, 1154904.145 ], [ 2536891.359999999869615, 1154950.248 ], [ 2536893.009999999776483, 1154971.469 ], [ 2536897.409, 1155028.051 ], [ 2536897.517, 1155029.443 ], [ 2536899.244, 1155051.656 ], [ 2536901.521999999880791, 1155080.946 ], [ 2536901.884999999776483, 1155085.617 ], [ 2536903.248000000137836, 1155103.147000000113621 ], [ 2536904.231999999843538, 1155115.801 ], [ 2536905.782000000122935, 1155135.739 ], [ 2536906.967000000178814, 1155150.986 ], [ 2536908.404999999795109, 1155169.481 ], [ 2536909.776999999769032, 1155187.122 ], [ 2536910.532000000122935, 1155196.839 ], [ 2536911.972, 1155215.362999999895692 ], [ 2536912.341, 1155220.104 ], [ 2536914.375, 1155246.268 ], [ 2536915.359000000171363, 1155258.923 ], [ 2536916.410999999847263, 1155272.455 ], [ 2536916.578000000212342, 1155274.595 ], [ 2536916.740000000223517, 1155276.68 ], [ 2536917.322999999858439, 1155284.176 ], [ 2536917.433999999891967, 1155285.609 ], [ 2536918.481999999843538, 1155299.085999999893829 ], [ 2536920.316000000108033, 1155322.673 ], [ 2536923.41399999987334, 1155362.526 ], [ 2536924.026999999769032, 1155370.412 ], [ 2536924.935, 1155382.085 ], [ 2536939.720000000204891, 1155572.252 ], [ 2536945.447000000160187, 1155642.262000000104308 ], [ 2536974.971, 1155639.754999999888241 ], [ 2536944.532999999821186, 1155247.35 ], [ 2536905.065, 1154738.53 ], [ 2536928.872, 1154736.695 ], [ 2536922.372, 1154626.945 ], [ 2536895.122, 1154627.945 ], [ 2536903.793, 1154724.382 ] ] ] ] } },
{ "type": "Feature", "properties": { "ANNEE_DE_R": 2025, "CODE_PROGR": "psmArableFarming", "CODE_UTILI": 531, "IDENTIFICA": "VD_2025_109371", "NOMBRE_ARB": 0, "PROGRAMME": "Non-recours aux produits phytosanitaires dans les grandes cultures", "SHAPE_AREA": 22737.882, "SHAPE_LEN": 720.799, "SURFACE_M2": 113690, "UTILISATIO": "Tournesol destiné à la fabrication d’huile comestible" }, "geometry": { "type": "MultiPolygon", "coordinates": [ [ [ [ 2536882.532999999821186, 1157765.538 ], [ 2536791.792834455147386, 1157759.244080441771075 ], [ 2536786.265000000130385, 1157783.624 ], [ 2536826.640000000130385, 1157794.062 ], [ 2536817.454, 1157825.454 ], [ 2536865.805000000167638, 1157840.301 ], [ 2536867.265000000130385, 1157840.749 ], [ 2536901.390000000130385, 1157852.437 ], [ 2536904.778, 1157853.886 ], [ 2536919.515000000130385, 1157860.187 ], [ 2536927.640000000130385, 1157864.874 ], [ 2536934.108, 1157872.308999999891967 ], [ 2536935.265000000130385, 1157880.812 ], [ 2536929.827, 1157899.205 ], [ 2536935.437, 1157900.227 ], [ 2536948.821, 1157901.748 ], [ 2536979.720000000204891, 1157765.878 ], [ 2536983.128, 1157750.895 ], [ 2536985.808999999891967, 1157739.107 ], [ 2536986.186185191851109, 1157737.448395473184064 ], [ 2536882.532999999821186, 1157765.538 ] ] ] ] } },
{ "type": "Feature", "properties": { "ANNEE_DE_R": 2025, "CODE_PROGR": "psmArableFarming", "CODE_UTILI": 537, "IDENTIFICA": "VD_2025_63527", "NOMBRE_ARB": 0, "PROGRAMME": "Non-recours aux produits phytosanitaires dans les grandes cultures", "SHAPE_AREA": 40723.292, "SHAPE_LEN": 1036.813, "SURFACE_M2": 162894, "UTILISATIO": "Pois en grains (p.ex. pois protéagineux)" }, "geometry": { "type": "MultiPolygon", "coordinates": [ [ [ [ 2536935.437, 1157900.227 ], [ 2536929.827, 1157899.205 ], [ 2536926.5, 1157899.210999999893829 ], [ 2536916.444999999832362, 1157897.725 ], [ 2536891.498999999836087, 1157891.223 ], [ 2536890.651999999769032, 1157893.913 ], [ 2536893.00400000018999, 1157925.034 ], [ 2536899.639, 1158012.84 ], [ 2536900.359999999869615, 1158016.023 ], [ 2536901.316999999806285, 1158035.362 ], [ 2536902.563, 1158049.16 ], [ 2536908.372, 1158118.182 ], [ 2536911.686000000219792, 1158156.075 ], [ 2536913.169000000227243, 1158174.695 ], [ 2536913.253, 1158176.58 ], [ 2536915.285000000149012, 1158187.768 ], [ 2536915.623999999836087, 1158189.635 ], [ 2536917.295, 1158197.18 ], [ 2536918.847, 1158199.968000000109896 ], [ 2536920.68099999986589, 1158206.628 ], [ 2536924.028, 1158213.112 ], [ 2536928.654999999795109, 1158226.118 ], [ 2536931.097, 1158229.767 ], [ 2536934.204, 1158238.762000000104308 ], [ 2536935.722, 1158240.142 ], [ 2536937.358, 1158244.914000000106171 ], [ 2536958.55599999986589, 1158296.77 ], [ 2536960.097, 1158299.517 ], [ 2536964.847, 1158309.017 ], [ 2536966.771999999880791, 1158312.752 ], [ 2536973.12099999981001, 1158308.718000000109896 ], [ 2536997.541000000201166, 1158293.99 ], [ 2537011.904, 1158285.328 ], [ 2537016.634, 1158282.839 ], [ 2537066.779, 1158256.452 ], [ 2537064.279, 1158232.952 ], [ 2537060.197000000160187, 1158208.526 ], [ 2537056.713, 1158187.678 ], [ 2537050.779, 1158168.202 ], [ 2537049.23, 1158163.359 ], [ 2537045.233, 1158150.864 ], [ 2537033.279, 1158133.952 ], [ 2537013.529, 1158112.702 ], [ 2536998.011, 1158100.671 ], [ 2536981.279, 1158083.702 ], [ 2536979.61200000019744, 1157954.202 ], [ 2536995.054, 1157944.932 ], [ 2536994.91399999987334, 1157936.077 ], [ 2536994.799999999813735, 1157928.92 ], [ 2536994.776999999769032, 1157927.459 ], [ 2536990.901999999769032, 1157906.53 ], [ 2536980.393000000156462, 1157905.335999999893829 ], [ 2536948.821, 1157901.748 ], [ 2536935.437, 1157900.227 ] ] ] ] } },
{ "type": "Feature", "properties": { "ANNEE_DE_R": 2025, "CODE_PROGR": "Non", "CODE_UTILI": 902, "IDENTIFICA": "VD_2025_468713", "NOMBRE_ARB": 0, "PROGRAMME": "Aucun programme", "SHAPE_AREA": 2501.507, "SHAPE_LEN": 530.303, "SURFACE_M2": 2502, "UTILISATIO": "Surfaces improductives (p. ex. haies sans les bandes tampons, surfaces broyées, surfaces avec un degré élevé de mauvaises herbes)" }, "geometry": { "type": "MultiPolygon", "coordinates": [ [ [ [ 2537022.930000000167638, 1158411.577 ], [ 2537025.676, 1158419.752 ], [ 2537026.421, 1158428.852 ], [ 2537051.589000000152737, 1158418.327 ], [ 2537028.819999999832362, 1158398.997 ], [ 2537032.554, 1158383.395 ], [ 2537010.734999999869615, 1158391.370000000111759 ], [ 2537022.930000000167638, 1158411.577 ] ] ], [ [ [ 2536938.977, 1158443.773 ], [ 2536959.018000000156462, 1158442.268 ], [ 2536955.737999999895692, 1158434.6 ], [ 2536954.58, 1158431.893 ], [ 2536952.316000000108033, 1158429.682 ], [ 2536951.958999999798834, 1158426.879999999888241 ], [ 2536948.575999999884516, 1158426.732 ], [ 2536940.203000000212342, 1158427.06 ], [ 2536939.018000000156462, 1158427.252 ], [ 2536937.977, 1158430.71 ], [ 2536938.977, 1158443.773 ] ] ], [ [ [ 2536855.924999999813735, 1158458.944 ], [ 2536868.808000000193715, 1158459.803 ], [ 2536861.143000000156462, 1158417.274 ], [ 2536860.674999999813735, 1158416.372 ], [ 2536844.728999999817461, 1158419.59 ], [ 2536852.128, 1158458.691000000108033 ], [ 2536855.924999999813735, 1158458.944 ] ] ], [ [ [ 2536992.981000000145286, 1158503.447 ], [ 2536998.009, 1158502.424000000115484 ], [ 2536996.849, 1158481.262000000104308 ], [ 2537004.224, 1158473.262000000104308 ], [ 2537006.318, 1158470.682 ], [ 2537018.224, 1158456.012000000104308 ], [ 2537014.148, 1158448.741 ], [ 2537010.532000000122935, 1158443.02 ], [ 2537001.072999999858439, 1158443.416 ], [ 2537003.072999999858439, 1158458.166 ], [ 2536993.009999999776483, 1158459.854 ], [ 2536995.112999999895692, 1158482.412 ], [ 2536985.407999999821186, 1158484.306 ], [ 2536982.764, 1158484.822 ], [ 2536985.827, 1158503.84 ], [ 2536991.265000000130385, 1158503.541 ], [ 2536992.981000000145286, 1158503.447 ] ] ], [ [ [ 2536864.287, 1158483.096 ], [ 2536867.261, 1158482.818 ], [ 2536864.136, 1158481.256 ], [ 2536858.324, 1158474.006 ], [ 2536852.136, 1158476.818 ], [ 2536855.85, 1158480.971 ], [ 2536858.537, 1158483.659 ], [ 2536864.287, 1158483.096 ] ] ] ] } },
{ "type": "Feature", "properties": { "ANNEE_DE_R": 2025, "CODE_PROGR": "Bio", "CODE_UTILI": 611, "IDENTIFICA": "VD_2025_405154", "NOMBRE_ARB": 0, "PROGRAMME": "Production bio", "SHAPE_AREA": 2551.514, "SHAPE_LEN": 469.922, "SURFACE_M2": 5104, "UTILISATIO": "Prairies extensives (sans les pâturages)" }, "geometry": { "type": "MultiPolygon", "coordinates": [ [ [ [ 2537464.228000000119209, 1151690.877 ], [ 2537454.582, 1151695.454 ], [ 2537446.082, 1151703.704 ], [ 2537437.832, 1151715.454 ], [ 2537433.082, 1151725.877 ], [ 2537431.478000000119209, 1151734.745000000111759 ], [ 2537440.228000000119209, 1151735.995000000111759 ], [ 2537442.228000000119209, 1151719.995000000111759 ], [ 2537449.978000000119209, 1151705.120000000111759 ], [ 2537459.082, 1151696.579 ], [ 2537464.853000000119209, 1151695.377 ], [ 2537464.228000000119209, 1151690.877 ] ] ], [ [ [ 2537501.645, 1151721.954 ], [ 2537493.395, 1151717.079 ], [ 2537486.27, 1151715.204 ], [ 2537478.02, 1151714.954 ], [ 2537468.645, 1151717.079 ], [ 2537460.395, 1151722.579 ], [ 2537454.77, 1151730.079 ], [ 2537450.895, 1151738.704 ], [ 2537450.895, 1151744.704 ], [ 2537450.77, 1151751.454 ], [ 2537453.728000000119209, 1151752.299000000115484 ], [ 2537457.353000000119209, 1151747.424000000115484 ], [ 2537462.103000000119209, 1151749.799000000115484 ], [ 2537462.353000000119209, 1151757.674000000115484 ], [ 2537467.645, 1151758.204 ], [ 2537464.77, 1151751.079 ], [ 2537465.395, 1151743.454 ], [ 2537468.77, 1151738.829 ], [ 2537473.52, 1151734.954 ], [ 2537481.645, 1151733.454 ], [ 2537490.145, 1151735.579 ], [ 2537495.145, 1151742.329 ], [ 2537502.120000000111759, 1151769.71 ], [ 2537515.245000000111759, 1151767.21 ], [ 2537510.52, 1151739.829 ], [ 2537507.645, 1151729.579 ], [ 2537501.645, 1151721.954 ] ] ], [ [ [ 2537405.978000000119209, 1151746.299000000115484 ], [ 2537392.978000000119209, 1151749.549000000115484 ], [ 2537390.603000000119209, 1151755.549000000115484 ], [ 2537389.728000000119209, 1151765.299000000115484 ], [ 2537390.228000000119209, 1151771.924000000115484 ], [ 2537420.978000000119209, 1151766.174000000115484 ], [ 2537418.853000000119209, 1151755.674000000115484 ], [ 2537418.728000000119209, 1151745.174000000115484 ], [ 2537405.978000000119209, 1151746.299000000115484 ] ] ] ] } },
{ "type": "Feature", "properties": { "ANNEE_DE_R": 2025, "CODE_PROGR": "Non", "CODE_UTILI": 611, "IDENTIFICA": "VD_2025_84120", "NOMBRE_ARB": 0, "PROGRAMME": "Aucun programme", "SHAPE_AREA": 4049.858, "SHAPE_LEN": 1203.797, "SURFACE_M2": 4050, "UTILISATIO": "Prairies extensives (sans les pâturages)" }, "geometry": { "type": "MultiPolygon", "coordinates": [ [ [ [ 2537839.302000000141561, 1158221.652 ], [ 2537826.878, 1158204.019 ], [ 2537787.619, 1158153.447 ], [ 2537783.524000000208616, 1158148.172 ], [ 2537747.623999999836087, 1158105.492 ], [ 2537712.406, 1158071.291999999899417 ], [ 2537698.037, 1158057.339 ], [ 2537676.63799999980256, 1158037.95 ], [ 2537655.991, 1158021.024 ], [ 2537650.995000000111759, 1158027.644 ], [ 2537654.088, 1158023.546 ], [ 2537663.435, 1158030.618 ], [ 2537674.035999999847263, 1158038.639 ], [ 2537685.651, 1158047.426 ], [ 2537721.052999999839813, 1158083.944 ], [ 2537733.359999999869615, 1158096.373 ], [ 2537752.205, 1158115.697 ], [ 2537759.747, 1158125.43 ], [ 2537770.339999999850988, 1158139.099 ], [ 2537787.974, 1158161.843000000109896 ], [ 2537796.406, 1158172.585999999893829 ], [ 2537806.708999999798834, 1158185.713 ], [ 2537824.475999999791384, 1158208.35 ], [ 2537837.549999999813735, 1158225.009 ], [ 2537839.410397099796683, 1158221.801755593856797 ], [ 2537839.302000000141561, 1158221.652 ] ] ], [ [ [ 2537588.421999999787658, 1157965.205 ], [ 2537552.33, 1157919.56 ], [ 2537527.015999999828637, 1157876.403 ], [ 2537524.096842253580689, 1157869.539108893368393 ], [ 2537521.177999999839813, 1157871.554 ], [ 2537546.921999999787658, 1157913.155 ], [ 2537591.03899999987334, 1157969.365 ], [ 2537599.443, 1157982.714 ], [ 2537599.750062217470258, 1157983.20163295045495 ], [ 2537588.421999999787658, 1157965.205 ] ] ], [ [ [ 2537508.990000000223517, 1157834.018 ], [ 2537483.704981475602835, 1157803.830406130757183 ], [ 2537502.83, 1157828.425 ], [ 2537524.095852399710566, 1157869.53678142442368 ], [ 2537508.990000000223517, 1157834.018 ] ] ], [ [ [ 2537463.242999999783933, 1157779.401 ], [ 2537462.261125052347779, 1157778.228943165624514 ], [ 2537462.261, 1157778.229 ], [ 2537472.279066133778542, 1157790.18909154785797 ], [ 2537463.242999999783933, 1157779.401 ] ] ] ] } },
{ "type": "Feature", "properties": { "ANNEE_DE_R": 2025, "CODE_PROGR": "Bio", "CODE_UTILI": 611, "IDENTIFICA": "VD_2025_402584", "NOMBRE_ARB": 0, "PROGRAMME": "Production bio", "SHAPE_AREA": 2117.965, "SHAPE_LEN": 424.521, "SURFACE_M2": 4236, "UTILISATIO": "Prairies extensives (sans les pâturages)" }, "geometry": { "type": "MultiPolygon", "coordinates": [ [ [ [ 2538139.072000000160187, 1151093.764 ], [ 2538120.322000000160187, 1151098.014 ], [ 2538115.739, 1151103.912 ], [ 2538108.239, 1151114.162 ], [ 2538107.561000000219792, 1151118.619 ], [ 2538158.489, 1151111.662 ], [ 2538152.697000000160187, 1151098.889 ], [ 2538149.447000000160187, 1151091.889 ], [ 2538139.072000000160187, 1151093.764 ] ] ], [ [ [ 2538138.634999999776483, 1151172.117 ], [ 2538126.759999999776483, 1151177.492 ], [ 2538117.233, 1151182.834 ], [ 2538116.884999999776483, 1151185.742 ], [ 2538124.384999999776483, 1151187.742 ], [ 2538128.384999999776483, 1151189.117 ], [ 2538130.759999999776483, 1151194.992 ], [ 2538131.858, 1151197.959 ], [ 2538138.483, 1151196.584 ], [ 2538145.483, 1151196.334 ], [ 2538157.358, 1151183.834 ], [ 2538151.454, 1151169.668 ], [ 2538138.634999999776483, 1151172.117 ] ] ], [ [ [ 2538037.05599999986589, 1151216.365 ], [ 2538057.117999999783933, 1151212.764999999897555 ], [ 2538056.214000000152737, 1151205.774 ], [ 2538051.464000000152737, 1151207.149 ], [ 2538050.714000000152737, 1151204.274 ], [ 2538036.339000000152737, 1151208.149 ], [ 2538035.589000000152737, 1151205.774 ], [ 2538019.589000000152737, 1151210.649 ], [ 2538021.714000000152737, 1151218.899 ], [ 2538033.089000000152737, 1151215.399 ], [ 2538037.05599999986589, 1151216.365 ] ] ], [ [ [ 2537996.339000000152737, 1151217.149 ], [ 2537997.589000000152737, 1151222.399 ], [ 2537982.839000000152737, 1151226.899 ], [ 2537984.839000000152737, 1151232.274 ], [ 2538011.339000000152737, 1151224.399 ], [ 2538010.964000000152737, 1151222.024 ], [ 2538018.839000000152737, 1151220.024 ], [ 2538016.839000000152737, 1151211.149 ], [ 2537996.339000000152737, 1151217.149 ] ] ] ] } },
{ "type": "Feature", "properties": { "ANNEE_DE_R": 2025, "CODE_PROGR": "psmArableFarming", "CODE_UTILI": 513, "IDENTIFICA": "VD_2025_208140", "NOMBRE_ARB": 0, "PROGRAMME": "Non-recours aux produits phytosanitaires dans les grandes cultures", "SHAPE_AREA": 31831.497, "SHAPE_LEN": 730.744, "SURFACE_M2": 95495, "UTILISATIO": "Blé d'automne (sans blé fourrager de la liste swiss granum)" }, "geometry": { "type": "MultiPolygon", "coordinates": [ [ [ [ 2539504.311000000219792, 1160031.908 ], [ 2539464.947999999858439, 1160018.83 ], [ 2539440.204, 1160047.635 ], [ 2539428.228000000119209, 1160061.575 ], [ 2539384.467000000178814, 1160115.35 ], [ 2539367.207, 1160152.072 ], [ 2539337.349, 1160177.723 ], [ 2539361.606000000145286, 1160227.491 ], [ 2539373.106000000145286, 1160240.491 ], [ 2539375.947999999858439, 1160243.536 ], [ 2539387.106000000145286, 1160255.491 ], [ 2539395.80599999986589, 1160265.752 ], [ 2539478.330999999772757, 1160215.838 ], [ 2539498.291999999899417, 1160208.594 ], [ 2539522.315, 1160208.408 ], [ 2539542.629999999888241, 1160206.169 ], [ 2539575.943, 1160197.35 ], [ 2539550.977, 1160135.48 ], [ 2539542.173, 1160114.23 ], [ 2539534.866, 1160096.591 ], [ 2539522.089000000152737, 1160069.368 ], [ 2539504.311000000219792, 1160031.908 ] ] ] ] } },
{ "type": "Feature", "properties": { "ANNEE_DE_R": 2025, "CODE_PROGR": "Bio", "CODE_UTILI": 559, "IDENTIFICA": "VD_2025_48112", "NOMBRE_ARB": 0, "PROGRAMME": "Production bio", "SHAPE_AREA": 1323.409, "SHAPE_LEN": 465.717, "SURFACE_M2": 3971, "UTILISATIO": "Ourlet sur terres assolées" }, "geometry": { "type": "MultiPolygon", "coordinates": [ [ [ [ 2539788.867, 1160104.69 ], [ 2539784.253, 1160109.804 ], [ 2539802.049000000115484, 1160147.126 ], [ 2539809.231000000145286, 1160162.816000000108033 ], [ 2539814.799999999813735, 1160175.416 ], [ 2539818.935, 1160184.281 ], [ 2539827.464000000152737, 1160202.568 ], [ 2539832.436000000219792, 1160198.762000000104308 ], [ 2539815.597, 1160162.389999999897555 ], [ 2539788.867, 1160104.69 ] ] ], [ [ [ 2539837.03899999987334, 1160208.759 ], [ 2539831.628, 1160211.495000000111759 ], [ 2539857.964999999850988, 1160267.963 ], [ 2539865.492, 1160284.101 ], [ 2539881.183000000193715, 1160318.389 ], [ 2539885.969, 1160314.468000000109896 ], [ 2539848.148, 1160232.699 ], [ 2539837.03899999987334, 1160208.759 ] ] ] ] } },
{ "type": "Feature", "properties": { "ANNEE_DE_R": 2025, "CODE_PROGR": "psmArableFarming", "CODE_UTILI": 502, "IDENTIFICA": "VD_2025_476272", "NOMBRE_ARB": 0, "PROGRAMME": "Non-recours aux produits phytosanitaires dans les grandes cultures", "SHAPE_AREA": 19915.943, "SHAPE_LEN": 720.466, "SURFACE_M2": 79664, "UTILISATIO": "Orge d’automne" }, "geometry": { "type": "MultiPolygon", "coordinates": [ [ [ [ 2540084.964000000152737, 1160183.81 ], [ 2539902.358, 1160004.736 ], [ 2539898.24599999981001, 1160006.041 ], [ 2539895.37099999981001, 1160008.229 ], [ 2539892.284, 1160011.848 ], [ 2539891.774000000208616, 1160019.370000000111759 ], [ 2539892.711999999824911, 1160025.245000000111759 ], [ 2539895.768000000156462, 1160032.183999999891967 ], [ 2539913.484000000171363, 1160077.192 ], [ 2539918.585, 1160089.156999999890104 ], [ 2539946.86200000019744, 1160138.021 ], [ 2539950.646000000182539, 1160144.585999999893829 ], [ 2539961.717000000178814, 1160188.896 ], [ 2539968.279, 1160237.165 ], [ 2539971.342000000178814, 1160254.477999999886379 ], [ 2539974.497, 1160265.494 ], [ 2539978.702, 1160278.185 ], [ 2539985.665, 1160292.169 ], [ 2539989.279999999795109, 1160296.271 ], [ 2540009.634, 1160272.224 ], [ 2540035.964000000152737, 1160241.117 ], [ 2540059.694999999832362, 1160213.364 ], [ 2540084.964000000152737, 1160183.81 ] ] ] ] } },
{ "type": "Feature", "properties": { "ANNEE_DE_R": 2025, "CODE_PROGR": "psmArableFarming", "CODE_UTILI": 513, "IDENTIFICA": "VD_2025_88570", "NOMBRE_ARB": 0, "PROGRAMME": "Non-recours aux produits phytosanitaires dans les grandes cultures", "SHAPE_AREA": 25061.661, "SHAPE_LEN": 753.633, "SURFACE_M2": 100247, "UTILISATIO": "Blé d'automne (sans blé fourrager de la liste swiss granum)" }, "geometry": { "type": "MultiPolygon", "coordinates": [ [ [ [ 2540139.984999999869615, 1160181.202 ], [ 2540151.592000000178814, 1160168.775 ], [ 2540197.822999999858439, 1160118.993 ], [ 2540107.416000000201166, 1160023.189 ], [ 2540096.463, 1160026.064 ], [ 2540048.779999999795109, 1160028.828 ], [ 2540023.204, 1160029.695 ], [ 2539968.674000000115484, 1160025.026 ], [ 2539946.177999999839813, 1160016.766 ], [ 2539915.244, 1160005.406999999890104 ], [ 2539909.504999999888241, 1160004.916999999899417 ], [ 2539906.325000000186265, 1160003.607 ], [ 2539902.358, 1160004.736 ], [ 2540084.964000000152737, 1160183.81 ], [ 2540091.416000000201166, 1160176.264999999897555 ], [ 2540122.617, 1160197.556 ], [ 2540139.984999999869615, 1160181.202 ] ] ] ] } },
{ "type": "Feature", "properties": { "ANNEE_DE_R": 2025, "CODE_PROGR": "Bio", "CODE_UTILI": 601, "IDENTIFICA": "VD_2025_48110", "NOMBRE_ARB": 0, "PROGRAMME": "Production bio", "SHAPE_AREA": 14014.417, "SHAPE_LEN": 539.641, "SURFACE_M2": 42044, "UTILISATIO": "Prairies artificielles (sans les pâturages)" }, "geometry": { "type": "MultiPolygon", "coordinates": [ [ [ [ 2540221.003, 1160101.59 ], [ 2540234.713, 1160100.24 ], [ 2540250.753, 1160102.127 ], [ 2540258.878, 1160096.186 ], [ 2540324.473000000230968, 1160103.723 ], [ 2540315.361, 1160047.958000000100583 ], [ 2540289.541000000201166, 1160041.398 ], [ 2540250.261, 1160031.259 ], [ 2540181.410999999847263, 1159987.241 ], [ 2540164.11200000019744, 1160000.471 ], [ 2540130.671999999787658, 1160015.682 ], [ 2540116.108, 1160020.383 ], [ 2540113.717000000178814, 1160021.155 ], [ 2540123.683000000193715, 1160031.715 ], [ 2540128.603000000119209, 1160036.928 ], [ 2540129.981000000145286, 1160038.389 ], [ 2540141.631, 1160050.734 ], [ 2540156.365000000223517, 1160066.346 ], [ 2540169.896999999880791, 1160080.685 ], [ 2540172.329, 1160083.263 ], [ 2540175.904, 1160087.051 ], [ 2540177.008, 1160088.22 ], [ 2540178.724, 1160090.038 ], [ 2540184.202, 1160095.843000000109896 ], [ 2540188.544000000227243, 1160100.444 ], [ 2540194.352, 1160106.598 ], [ 2540197.583000000100583, 1160110.022000000113621 ], [ 2540201.903, 1160114.6 ], [ 2540211.342999999877065, 1160106.06 ], [ 2540221.003, 1160101.59 ] ] ] ] } },
{ "type": "Feature", "properties": { "ANNEE_DE_R": 2025, "CODE_PROGR": "Bio", "CODE_UTILI": 611, "IDENTIFICA": "VD_2025_431698", "NOMBRE_ARB": 0, "PROGRAMME": "Production bio", "SHAPE_AREA": 22633.799, "SHAPE_LEN": 770.509, "SURFACE_M2": 22634, "UTILISATIO": "Prairies extensives (sans les pâturages)" }, "geometry": { "type": "MultiPolygon", "coordinates": [ [ [ [ 2540405.5, 1153536.302 ], [ 2540383.498000000137836, 1153541.192 ], [ 2540345.998000000137836, 1153544.192 ], [ 2540330.251000000163913, 1153560.945 ], [ 2540317.154999999795109, 1153586.868 ], [ 2540311.950999999884516, 1153596.595 ], [ 2540320.91399999987334, 1153602.223 ], [ 2540318.268999999854714, 1153606.413 ], [ 2540317.009, 1153608.903 ], [ 2540309.25400000018999, 1153608.868 ], [ 2540300.58, 1153629.573 ], [ 2540293.254999999888241, 1153642.67 ], [ 2540288.765000000130385, 1153648.717 ], [ 2540297.765000000130385, 1153647.761 ], [ 2540297.114, 1153659.181 ], [ 2540310.918, 1153669.736 ], [ 2540324.142, 1153679.849 ], [ 2540348.46, 1153692.492 ], [ 2540348.839999999850988, 1153691.185 ], [ 2540365.339000000152737, 1153634.427 ], [ 2540555.089000000152737, 1153646.677 ], [ 2540553.001000000163913, 1153630.626 ], [ 2540539.353999999817461, 1153627.3 ], [ 2540526.416999999899417, 1153622.128 ], [ 2540526.106000000145286, 1153615.537 ], [ 2540535.844, 1153611.921 ], [ 2540535.981999999843538, 1153598.555 ], [ 2540535.623000000137836, 1153588.95 ], [ 2540531.736, 1153575.752 ], [ 2540519.220000000204891, 1153562.546 ], [ 2540515.794000000227243, 1153561.025 ], [ 2540505.146000000182539, 1153558.683999999891967 ], [ 2540496.736, 1153556.835 ], [ 2540494.924999999813735, 1153556.437 ], [ 2540461.657999999821186, 1153549.123 ], [ 2540453.037, 1153547.227999999886379 ], [ 2540441.94400000013411, 1153544.789000000106171 ], [ 2540418.691000000108033, 1153540.926 ], [ 2540420.35, 1153531.918 ], [ 2540410.498000000137836, 1153535.192 ], [ 2540405.5, 1153536.302 ] ] ] ] } },
{ "type": "Feature", "properties": { "ANNEE_DE_R": 2025, "CODE_PROGR": "Bio", "CODE_UTILI": 611, "IDENTIFICA": "VD_2025_431699", "NOMBRE_ARB": 0, "PROGRAMME": "Production bio", "SHAPE_AREA": 8277.493, "SHAPE_LEN": 608.531, "SURFACE_M2": 8278, "UTILISATIO": "Prairies extensives (sans les pâturages)" }, "geometry": { "type": "MultiPolygon", "coordinates": [ [ [ [ 2540580.08, 1153643.615 ], [ 2540578.761, 1153636.583000000100583 ], [ 2540573.197000000160187, 1153608.66 ], [ 2540569.563, 1153590.96 ], [ 2540567.299000000115484, 1153582.891 ], [ 2540564.724, 1153573.710999999893829 ], [ 2540557.855, 1153560.411 ], [ 2540552.83600000012666, 1153550.692 ], [ 2540550.006, 1153547.364 ], [ 2540537.441999999806285, 1153533.683 ], [ 2540533.759999999776483, 1153529.906999999890104 ], [ 2540522.811000000219792, 1153519.892 ], [ 2540515.234000000171363, 1153511.413 ], [ 2540513.219, 1153509.104 ], [ 2540503.197000000160187, 1153487.908 ], [ 2540499.262000000104308, 1153479.588 ], [ 2540495.322000000160187, 1153470.366 ], [ 2540478.151999999769032, 1153475.097 ], [ 2540465.487999999895692, 1153475.296 ], [ 2540459.592999999877065, 1153475.388 ], [ 2540434.285000000149012, 1153466.769 ], [ 2540419.646000000182539, 1153468.54 ], [ 2540417.086999999824911, 1153485.803 ], [ 2540414.697999999858439, 1153501.918 ], [ 2540412.075000000186265, 1153519.615 ], [ 2540409.102, 1153529.759 ], [ 2540405.5, 1153536.302 ], [ 2540410.498000000137836, 1153535.192 ], [ 2540427.748000000137836, 1153525.442 ], [ 2540434.707, 1153527.104 ], [ 2540438.65, 1153527.328 ], [ 2540465.881, 1153533.011 ], [ 2540473.424999999813735, 1153535.031999999890104 ], [ 2540486.248000000137836, 1153538.192 ], [ 2540505.498000000137836, 1153542.942 ], [ 2540513.748000000137836, 1153544.442 ], [ 2540525.288000000175089, 1153548.93 ], [ 2540527.248000000137836, 1153549.692 ], [ 2540545.975, 1153559.868 ], [ 2540551.268000000156462, 1153567.176 ], [ 2540554.764, 1153581.841 ], [ 2540554.656, 1153587.854 ], [ 2540554.565, 1153592.928 ], [ 2540554.446, 1153599.504999999888241 ], [ 2540554.133, 1153616.93 ], [ 2540552.46100000012666, 1153626.476 ], [ 2540553.001000000163913, 1153630.626 ], [ 2540555.089000000152737, 1153646.677 ], [ 2540572.745000000111759, 1153644.514 ], [ 2540580.08, 1153643.615 ] ] ] ] } },
{ "type": "Feature", "properties": { "ANNEE_DE_R": 2025, "CODE_PROGR": "Bio", "CODE_UTILI": 613, "IDENTIFICA": "VD_2025_402574", "NOMBRE_ARB": 0, "PROGRAMME": "Production bio", "SHAPE_AREA": 2029.962, "SHAPE_LEN": 196.866, "SURFACE_M2": 4060, "UTILISATIO": "Autres prairies permanentes (sans les pâturages)" }, "geometry": { "type": "MultiPolygon", "coordinates": [ [ [ [ 2540268.162, 1154363.297 ], [ 2540206.369, 1154346.347 ], [ 2540190.906, 1154359.485000000102445 ], [ 2540204.523, 1154375.551 ], [ 2540222.139, 1154384.610000000102445 ], [ 2540229.185, 1154393.921 ], [ 2540254.853999999817461, 1154379.325 ], [ 2540270.457, 1154372.781999999890104 ], [ 2540273.725, 1154366.485000000102445 ], [ 2540268.162, 1154363.297 ] ] ] ] } },
{ "type": "Feature", "properties": { "ANNEE_DE_R": 2025, "CODE_PROGR": "Bio", "CODE_UTILI": 617, "IDENTIFICA": "VD_2025_402606", "NOMBRE_ARB": 0, "PROGRAMME": "Production bio", "SHAPE_AREA": 885.015, "SHAPE_LEN": 208.457, "SURFACE_M2": 1771, "UTILISATIO": "Pâturages extensifs" }, "geometry": { "type": "MultiPolygon", "coordinates": [ [ [ [ 2540495.895, 1154310.338 ], [ 2540493.865000000223517, 1154302.925 ], [ 2540451.938999999780208, 1154326.475 ], [ 2540448.895, 1154330.15 ], [ 2540421.52, 1154338.65 ], [ 2540409.924000000115484, 1154347.145 ], [ 2540413.049000000115484, 1154352.208000000100583 ], [ 2540430.799000000115484, 1154342.208000000100583 ], [ 2540450.02, 1154339.4 ], [ 2540460.688999999780208, 1154337.1 ], [ 2540471.438999999780208, 1154329.35 ], [ 2540482.063999999780208, 1154318.475 ], [ 2540489.938999999780208, 1154317.788 ], [ 2540495.688999999780208, 1154316.225 ], [ 2540495.895, 1154310.338 ] ] ] ] } },
{ "type": "Feature", "properties": { "ANNEE_DE_R": 2025, "CODE_PROGR": "Bio", "CODE_UTILI": 617, "IDENTIFICA": "VD_2025_148372", "NOMBRE_ARB": 0, "PROGRAMME": "Production bio", "SHAPE_AREA": 7713.599, "SHAPE_LEN": 564.005, "SURFACE_M2": 15428, "UTILISATIO": "Pâturages extensifs" }, "geometry": { "type": "MultiPolygon", "coordinates": [ [ [ [ 2540285.705687586218119, 1156892.390058184973896 ], [ 2540294.086999999824911, 1156926.396 ], [ 2540327.642, 1156907.706 ], [ 2540305.722, 1156882.017 ], [ 2540285.705687586218119, 1156892.390058184973896 ] ] ] ] } },
{ "type": "Feature", "properties": { "ANNEE_DE_R": 2025, "CODE_PROGR": "Bio", "CODE_UTILI": 852, "IDENTIFICA": "VD_2025_396014", "NOMBRE_ARB": 0, "PROGRAMME": "Production bio", "SHAPE_AREA": 491.776, "SHAPE_LEN": 158.895, "SURFACE_M2": 492, "UTILISATIO": "Haies, bosquets champêtres et berges boisées (avec la bande herbeuse)" }, "geometry": { "type": "MultiPolygon", "coordinates": [ [ [ [ 2540324.473000000230968, 1160103.723 ], [ 2540258.878, 1160096.186 ], [ 2540250.753, 1160102.127 ], [ 2540278.921, 1160105.441000000108033 ], [ 2540296.930000000167638, 1160107.579 ], [ 2540325.662, 1160110.997 ], [ 2540324.473000000230968, 1160103.723 ] ] ] ] } },
{ "type": "Feature", "properties": { "ANNEE_DE_R": 2025, "CODE_PROGR": "Bio", "CODE_UTILI": 613, "IDENTIFICA": "VD_2025_97778", "NOMBRE_ARB": 0, "PROGRAMME": "Production bio", "SHAPE_AREA": 851.029, "SHAPE_LEN": 456.128, "SURFACE_M2": 1703, "UTILISATIO": "Autres prairies permanentes (sans les pâturages)" }, "geometry": { "type": "MultiPolygon", "coordinates": [ [ [ [ 2540352.043, 1160195.656999999890104 ], [ 2540401.913000000175089, 1160172.966 ], [ 2540412.884, 1160176.754999999888241 ], [ 2540416.967000000178814, 1160178.339 ], [ 2540422.717000000178814, 1160179.294 ], [ 2540425.517, 1160181.389 ], [ 2540428.464000000152737, 1160180.029 ], [ 2540477.386, 1160153.246 ], [ 2540484.186000000219792, 1160153.437 ], [ 2540491.191000000108033, 1160150.114 ], [ 2540519.231000000145286, 1160145.213 ], [ 2540527.605, 1160142.817 ], [ 2540540.702, 1160135.615 ], [ 2540540.281, 1160133.069 ], [ 2540517.943, 1160141.938 ], [ 2540490.299999999813735, 1160147.097 ], [ 2540483.896999999880791, 1160150.147000000113621 ], [ 2540470.503, 1160153.053 ], [ 2540468.19, 1160152.987999999895692 ], [ 2540466.967999999877065, 1160153.82 ], [ 2540456.307, 1160161.077 ], [ 2540443.214999999850988, 1160166.123 ], [ 2540442.19400000013411, 1160166.507 ], [ 2540434.259, 1160170.797 ], [ 2540429.46, 1160172.327 ], [ 2540427.503, 1160172.950999999884516 ], [ 2540421.967000000178814, 1160174.547 ], [ 2540417.214999999850988, 1160175.175 ], [ 2540409.742, 1160172.183999999891967 ], [ 2540406.491, 1160170.883 ], [ 2540405.548, 1160170.484 ], [ 2540402.065, 1160169.01 ], [ 2540350.659, 1160192.547 ], [ 2540342.015000000130385, 1160202.635 ], [ 2540341.728999999817461, 1160205.360000000102445 ], [ 2540343.873999999836087, 1160213.156999999890104 ], [ 2540346.811000000219792, 1160206.865 ], [ 2540352.043, 1160195.656999999890104 ] ] ] ] } },
{ "type": "Feature", "properties": { "ANNEE_DE_R": 2025, "CODE_PROGR": "Bio", "CODE_UTILI": 852, "IDENTIFICA": "VD_2025_444965", "NOMBRE_ARB": 0, "PROGRAMME": "Production bio", "SHAPE_AREA": 443.406, "SHAPE_LEN": 150.599, "SURFACE_M2": 444, "UTILISATIO": "Haies, bosquets champêtres et berges boisées (avec la bande herbeuse)" }, "geometry": { "type": "MultiPolygon", "coordinates": [ [ [ [ 2540742.700000000186265, 1153896.786 ], [ 2540732.950000000186265, 1153827.786 ], [ 2540726.450000000186265, 1153827.786 ], [ 2540735.700000000186265, 1153894.036 ], [ 2540742.700000000186265, 1153896.786 ] ] ] ] } },
{ "type": "Feature", "properties": { "ANNEE_DE_R": 2025, "CODE_PROGR": "Bio", "CODE_UTILI": 611, "IDENTIFICA": "VD_2025_402539", "NOMBRE_ARB": 0, "PROGRAMME": "Production bio", "SHAPE_AREA": 2446.363, "SHAPE_LEN": 354.14, "SURFACE_M2": 4893, "UTILISATIO": "Prairies extensives (sans les pâturages)" }, "geometry": { "type": "MultiPolygon", "coordinates": [ [ [ [ 2540527.941999999806285, 1154193.629 ], [ 2540570.705, 1154154.606 ], [ 2540581.81900000013411, 1154146.312 ], [ 2540559.31900000013411, 1154120.562 ], [ 2540540.705, 1154145.106 ], [ 2540538.582, 1154155.200999999884516 ], [ 2540551.082, 1154167.200999999884516 ], [ 2540541.332, 1154177.200999999884516 ], [ 2540527.582, 1154167.700999999884516 ], [ 2540490.941999999806285, 1154225.879 ], [ 2540502.191999999806285, 1154240.379 ], [ 2540526.71100000012666, 1154226.27 ], [ 2540513.092999999877065, 1154206.464 ], [ 2540527.941999999806285, 1154193.629 ] ] ] ] } },
{ "type": "Feature", "properties": { "ANNEE_DE_R": 2025, "CODE_PROGR": "Bio", "CODE_UTILI": 612, "IDENTIFICA": "VD_2025_444177", "NOMBRE_ARB": 0, "PROGRAMME": "Production bio", "SHAPE_AREA": 18210.856, "SHAPE_LEN": 901.917, "SURFACE_M2": 36422, "UTILISATIO": "Prairies peu intensives (sans les pâturages)" }, "geometry": { "type": "MultiPolygon", "coordinates": [ [ [ [ 2540564.910000000149012, 1154682.763 ], [ 2540567.453000000212342, 1154681.46 ], [ 2540578.048193040303886, 1154676.029934259597212 ], [ 2540574.492999999783933, 1154630.835 ], [ 2540572.430000000167638, 1154625.085 ], [ 2540570.180000000167638, 1154620.898 ], [ 2540540.589000000152737, 1154518.517 ], [ 2540542.855, 1154499.002 ], [ 2540534.5, 1154445.077 ], [ 2540529.776, 1154432.8 ], [ 2540526.463, 1154429.425 ], [ 2540505.927000000141561, 1154419.256 ], [ 2540488.669000000227243, 1154409.286 ], [ 2540480.160000000149012, 1154423.582 ], [ 2540488.035000000149012, 1154428.019 ], [ 2540490.910000000149012, 1154433.082 ], [ 2540489.041999999899417, 1154441.193 ], [ 2540472.532999999821186, 1154453.65 ], [ 2540445.720000000204891, 1154455.587 ], [ 2540428.191999999806285, 1154487.705 ], [ 2540476.214999999850988, 1154554.949 ], [ 2540498.294000000227243, 1154542.889999999897555 ], [ 2540531.001000000163913, 1154603.154 ], [ 2540538.569999999832362, 1154613.793 ], [ 2540544.444999999832362, 1154617.981 ], [ 2540548.501000000163913, 1154627.692 ], [ 2540548.410000000149012, 1154631.593000000109896 ], [ 2540537.705, 1154653.315 ], [ 2540533.018000000156462, 1154661.94 ], [ 2540527.393000000156462, 1154666.252 ], [ 2540518.554, 1154669.709 ], [ 2540511.626999999862164, 1154678.373 ], [ 2540508.554, 1154686.709 ], [ 2540507.015999999828637, 1154690.5 ], [ 2540507.579, 1154695.563 ], [ 2540509.946, 1154701.125 ], [ 2540520.248000000137836, 1154697.706 ], [ 2540536.025, 1154696.112 ], [ 2540537.377122993115336, 1154696.829958132235333 ], [ 2540564.910000000149012, 1154682.763 ] ] ] ] } },
{ "type": "Feature", "properties": { "ANNEE_DE_R": 2025, "CODE_PROGR": "Non", "CODE_UTILI": 616, "IDENTIFICA": "VD_2025_170125", "NOMBRE_ARB": 0, "PROGRAMME": "Aucun programme", "SHAPE_AREA": 55921.792, "SHAPE_LEN": 1047.664, "SURFACE_M2": 55922, "UTILISATIO": "Pâturages (pâturages attenants à la ferme, autres pâturages sauf les pâturages d’estivage)" }, "geometry": { "type": "MultiPolygon", "coordinates": [ [ [ [ 2540816.154999999795109, 1158543.338 ], [ 2540807.410000000149012, 1158545.232 ], [ 2540810.660000000149012, 1158552.758 ], [ 2540794.620000000111759, 1158560.677 ], [ 2540789.393999999854714, 1158552.028 ], [ 2540784.77, 1158544.376 ], [ 2540780.296, 1158538.264999999897555 ], [ 2540772.506, 1158526.073 ], [ 2540762.521999999880791, 1158511.688 ], [ 2540752.058000000193715, 1158497.732 ], [ 2540748.233, 1158493.96 ], [ 2540744.859999999869615, 1158491.525 ], [ 2540741.421, 1158489.777 ], [ 2540737.321, 1158488.47 ], [ 2540731.967999999877065, 1158487.673 ], [ 2540612.004999999888241, 1158487.607 ], [ 2540618.426, 1158499.977 ], [ 2540622.183000000193715, 1158510.918 ], [ 2540629.156, 1158531.226 ], [ 2540635.225999999791384, 1158556.318 ], [ 2540639.807, 1158575.256 ], [ 2540640.370000000111759, 1158577.902 ], [ 2540646.186000000219792, 1158605.254 ], [ 2540647.063999999780208, 1158609.381 ], [ 2540653.848000000230968, 1158641.286 ], [ 2540653.358, 1158672.316000000108033 ], [ 2540645.157999999821186, 1158673.966 ], [ 2540641.012000000104308, 1158674.8 ], [ 2540643.348000000230968, 1158691.546 ], [ 2540648.163000000175089, 1158732.35 ], [ 2540649.893999999854714, 1158746.269 ], [ 2540653.870000000111759, 1158777.546 ], [ 2540656.958999999798834, 1158800.906 ], [ 2540659.949, 1158814.746 ], [ 2540663.50400000018999, 1158824.672 ], [ 2540719.115000000223517, 1158829.376 ], [ 2540738.767, 1158830.56 ], [ 2540759.981000000145286, 1158791.253 ], [ 2540796.751000000163913, 1158785.450999999884516 ], [ 2540814.341, 1158776.714 ], [ 2540835.964000000152737, 1158772.764999999897555 ], [ 2540845.523, 1158771.019 ], [ 2540816.154999999795109, 1158543.338 ] ] ] ] } },
{ "type": "Feature", "properties": { "ANNEE_DE_R": 2025, "CODE_PROGR": "Bio", "CODE_UTILI": 611, "IDENTIFICA": "VD_2025_431684", "NOMBRE_ARB": 3, "PROGRAMME": "Production bio", "SHAPE_AREA": 9812.259, "SHAPE_LEN": 1170.044, "SURFACE_M2": 9813, "UTILISATIO": "Prairies extensives (sans les pâturages)" }, "geometry": { "type": "MultiPolygon", "coordinates": [ [ [ [ 2540863.532999999821186, 1153655.264999999897555 ], [ 2540846.231999999843538, 1153658.031999999890104 ], [ 2540830.98700000019744, 1153660.47 ], [ 2540824.375, 1153653.982 ], [ 2540802.125, 1153653.607 ], [ 2540781.438999999780208, 1153656.124 ], [ 2540811.075000000186265, 1153664.360000000102445 ], [ 2540831.143999999854714, 1153669.937 ], [ 2540863.623999999836087, 1153761.264999999897555 ], [ 2540869.109000000171363, 1153776.941000000108033 ], [ 2540904.9, 1153772.692 ], [ 2540919.103999999817461, 1153772.064 ], [ 2540929.429, 1153772.955 ], [ 2540939.955999999772757, 1153773.179 ], [ 2540946.640000000130385, 1153774.747 ], [ 2540962.103000000119209, 1153779.511 ], [ 2540978.926, 1153788.504 ], [ 2540989.957, 1153796.608 ], [ 2541002.602, 1153808.658 ], [ 2541002.308999999891967, 1153798.839 ], [ 2540993.544000000227243, 1153790.686 ], [ 2540986.825999999884516, 1153781.56 ], [ 2540981.603999999817461, 1153774.466 ], [ 2540957.007000000216067, 1153769.784 ], [ 2540950.410999999847263, 1153768.529 ], [ 2540935.294000000227243, 1153768.860000000102445 ], [ 2540924.324, 1153768.469 ], [ 2540917.859999999869615, 1153760.313 ], [ 2540914.288000000175089, 1153748.038 ], [ 2540910.950000000186265, 1153736.563 ], [ 2540902.67, 1153733.193 ], [ 2540900.339999999850988, 1153714.372 ], [ 2540899.399000000208616, 1153697.932 ], [ 2540902.990000000223517, 1153678.412 ], [ 2540912.79, 1153670.162 ], [ 2540927.4, 1153666.122 ], [ 2540940.77, 1153656.272000000113621 ], [ 2540944.761, 1153645.522000000113621 ], [ 2540946.321, 1153627.732 ], [ 2540927.17, 1153626.621 ], [ 2540926.94, 1153612.681 ], [ 2540937.6, 1153603.821 ], [ 2540933.96, 1153591.581 ], [ 2540933.6, 1153566.59 ], [ 2540931.406, 1153557.892 ], [ 2540929.032999999821186, 1153560.764999999897555 ], [ 2540904.514, 1153593.085 ], [ 2540901.532999999821186, 1153597.014999999897555 ], [ 2540898.470000000204891, 1153601.710999999893829 ], [ 2540871.404, 1153643.2 ], [ 2540863.532999999821186, 1153655.264999999897555 ] ], [ [ 2540873.862999999895692, 1153743.731 ], [ 2540883.862999999895692, 1153740.481 ], [ 2540881.112999999895692, 1153726.731 ], [ 2540869.862999999895692, 1153729.731 ], [ 2540849.362999999895692, 1153663.231 ], [ 2540873.612999999895692, 1153655.731 ], [ 2540905.612999999895692, 1153761.481 ], [ 2540878.862999999895692, 1153764.231 ], [ 2540873.862999999895692, 1153743.731 ] ] ] ] } },
{ "type": "Feature", "properties": { "ANNEE_DE_R": 2025, "CODE_PROGR": "psGmf", "CODE_UTILI": 616, "IDENTIFICA": "VD_2025_124014", "NOMBRE_ARB": 0, "PROGRAMME": "Production de lait et de viande basée sur les herbages", "SHAPE_AREA": 25135.365, "SHAPE_LEN": 720.158, "SURFACE_M2": 25136, "UTILISATIO": "Pâturages (pâturages attenants à la ferme, autres pâturages sauf les pâturages d’estivage)" }, "geometry": { "type": "MultiPolygon", "coordinates": [ [ [ [ 2540891.393000000156462, 1158525.523 ], [ 2540969.421999999787658, 1158513.825 ], [ 2540964.312, 1158480.965 ], [ 2540961.474, 1158429.514 ], [ 2540939.634999999776483, 1158359.347 ], [ 2540907.419000000227243, 1158316.777 ], [ 2540797.267, 1158252.24 ], [ 2540782.31, 1158265.624 ], [ 2540812.308999999891967, 1158336.843000000109896 ], [ 2540891.393000000156462, 1158525.523 ] ] ] ] } },
{ "type": "Feature", "properties": { "ANNEE_DE_R": 2025, "CODE_PROGR": "Bio", "CODE_UTILI": 611, "IDENTIFICA": "VD_2025_48121", "NOMBRE_ARB": 0, "PROGRAMME": "Production bio", "SHAPE_AREA": 7240.102, "SHAPE_LEN": 364.778, "SURFACE_M2": 14481, "UTILISATIO": "Prairies extensives (sans les pâturages)" }, "geometry": { "type": "MultiPolygon", "coordinates": [ [ [ [ 2540975.798, 1160532.139 ], [ 2540955.861, 1160498.27 ], [ 2540896.455999999772757, 1160529.547 ], [ 2540894.072999999858439, 1160530.808 ], [ 2540852.535000000149012, 1160552.789000000106171 ], [ 2540855.954, 1160561.555 ], [ 2540841.355, 1160570.312 ], [ 2540881.312, 1160592.778 ], [ 2540885.577, 1160595.175 ], [ 2540890.503, 1160597.308 ], [ 2540896.606999999843538, 1160598.117 ], [ 2540903.077, 1160597.823 ], [ 2540908.224, 1160595.69 ], [ 2540984.81, 1160546.283 ], [ 2540975.798, 1160532.139 ] ] ] ] } },
{ "type": "Feature", "properties": { "ANNEE_DE_R": 2025, "CODE_PROGR": "Bio", "CODE_UTILI": 504, "IDENTIFICA": "VD_2025_450928", "NOMBRE_ARB": 0, "PROGRAMME": "Production bio", "SHAPE_AREA": 31464.861, "SHAPE_LEN": 774.877, "SURFACE_M2": 125860, "UTILISATIO": "Avoine" }, "geometry": { "type": "MultiPolygon", "coordinates": [ [ [ [ 2541100.362999999895692, 1160366.068 ], [ 2541088.930000000167638, 1160355.56 ], [ 2541077.381, 1160348.145 ], [ 2541065.873999999836087, 1160344.175 ], [ 2541059.697999999858439, 1160343.254999999888241 ], [ 2541045.683000000193715, 1160347.056 ], [ 2541036.75, 1160349.997 ], [ 2541028.44, 1160352.571 ], [ 2541026.458999999798834, 1160353.21 ], [ 2541022.975999999791384, 1160354.334 ], [ 2541014.492999999783933, 1160357.071 ], [ 2541000.117999999783933, 1160361.652 ], [ 2540995.426, 1160362.343000000109896 ], [ 2540990.56900000013411, 1160362.996 ], [ 2540982.410000000149012, 1160364.092 ], [ 2540970.853999999817461, 1160363.254 ], [ 2540957.508, 1160357.261 ], [ 2540939.603999999817461, 1160342.345 ], [ 2540937.759999999776483, 1160340.808 ], [ 2540936.044000000227243, 1160339.379 ], [ 2540931.273, 1160335.404 ], [ 2540928.089000000152737, 1160332.751 ], [ 2540914.322000000160187, 1160333.313 ], [ 2540906.302999999839813, 1160337.665 ], [ 2540904.636, 1160338.553 ], [ 2540899.052000000141561, 1160341.526 ], [ 2540883.716, 1160348.568 ], [ 2540892.024000000208616, 1160363.5 ], [ 2540894.458999999798834, 1160367.877 ], [ 2540895.225999999791384, 1160369.256 ], [ 2540897.393999999854714, 1160372.916 ], [ 2540899.990000000223517, 1160377.3 ], [ 2540903.316999999806285, 1160383.087 ], [ 2540904.776999999769032, 1160385.627 ], [ 2540914.103999999817461, 1160401.848 ], [ 2540916.467999999877065, 1160405.960999999893829 ], [ 2540926.924999999813735, 1160424.194 ], [ 2540927.467000000178814, 1160425.138 ], [ 2540930.106999999843538, 1160429.741 ], [ 2540937.083000000100583, 1160442.636 ], [ 2540942.049000000115484, 1160451.645 ], [ 2540945.562, 1160458.019 ], [ 2540949.919000000227243, 1160465.706 ], [ 2540950.73, 1160467.156 ], [ 2540953.845000000204891, 1160472.476 ], [ 2540958.315, 1160480.111 ], [ 2540959.555000000167638, 1160482.229 ], [ 2540963.169000000227243, 1160488.486 ], [ 2540964.808000000193715, 1160491.323 ], [ 2540967.850999999791384, 1160496.591 ], [ 2540972.049999999813735, 1160503.861 ], [ 2540973.133, 1160505.645 ], [ 2540977.026, 1160512.062 ], [ 2540977.791000000201166, 1160513.322 ], [ 2540981.665, 1160519.706 ], [ 2540983.893000000156462, 1160523.473 ], [ 2540988.23700000019744, 1160530.75 ], [ 2540989.475999999791384, 1160532.825999999884516 ], [ 2540997.133, 1160545.237999999895692 ], [ 2540998.143000000156462, 1160546.884 ], [ 2541004.967999999877065, 1160556.729 ], [ 2541008.915, 1160561.656999999890104 ], [ 2541011.498999999836087, 1160564.885 ], [ 2541014.029999999795109, 1160568.045 ], [ 2541015.666000000201166, 1160570.087 ], [ 2541017.08600000012666, 1160571.860000000102445 ], [ 2541018.376000000163913, 1160573.472 ], [ 2541019.386, 1160574.733 ], [ 2541020.248999999836087, 1160575.81 ], [ 2541020.978999999817461, 1160576.674000000115484 ], [ 2541023.322999999858439, 1160579.446 ], [ 2541024.525, 1160580.868 ], [ 2541027.768000000156462, 1160584.703 ], [ 2541032.353999999817461, 1160577.127 ], [ 2541037.49599999981001, 1160568.632 ], [ 2541039.021999999880791, 1160565.833000000100583 ], [ 2541045.649000000208616, 1160553.682 ], [ 2541050.325999999884516, 1160544.925 ], [ 2541059.700999999884516, 1160528.971 ], [ 2541061.11200000019744, 1160526.57 ], [ 2541068.140000000130385, 1160513.449 ], [ 2541072.205, 1160506.139999999897555 ], [ 2541081.200999999884516, 1160489.966 ], [ 2541085.026, 1160483.159 ], [ 2541094.552000000141561, 1160466.209 ], [ 2541099.822999999858439, 1160456.83 ], [ 2541107.490000000223517, 1160443.187 ], [ 2541116.433000000193715, 1160427.274 ], [ 2541118.163000000175089, 1160424.196 ], [ 2541130.941999999806285, 1160401.457 ], [ 2541129.529999999795109, 1160399.424000000115484 ], [ 2541129.458999999798834, 1160398.200999999884516 ], [ 2541117.833999999798834, 1160385.522000000113621 ], [ 2541108.744, 1160374.717 ], [ 2541105.187, 1160370.489 ], [ 2541100.362999999895692, 1160366.068 ] ] ] ] } },
{ "type": "Feature", "properties": { "ANNEE_DE_R": 2025, "CODE_PROGR": "psGmf", "CODE_UTILI": 613, "IDENTIFICA": "VD_2025_108841", "NOMBRE_ARB": 0, "PROGRAMME": "Production de lait et de viande basée sur les herbages", "SHAPE_AREA": 4677.172, "SHAPE_LEN": 513.168, "SURFACE_M2": 4678, "UTILISATIO": "Autres prairies permanentes (sans les pâturages)" }, "geometry": { "type": "MultiPolygon", "coordinates": [ [ [ [ 2541117.978999999817461, 1159974.269 ], [ 2541124.058000000193715, 1159986.986 ], [ 2541349.717000000178814, 1159911.081 ], [ 2541340.94, 1159890.203 ], [ 2541219.603000000119209, 1159933.125 ], [ 2541117.978999999817461, 1159974.269 ] ] ] ] } },
{ "type": "Feature", "properties": { "ANNEE_DE_R": 2025, "CODE_PROGR": "psClimateEfficientNUse", "CODE_UTILI": 601, "IDENTIFICA": "VD_2025_34754", "NOMBRE_ARB": 0, "PROGRAMME": "Utilisation efficiente de l’azote dans les grandes cultures", "SHAPE_AREA": 15973.126, "SHAPE_LEN": 620.354, "SURFACE_M2": 31947, "UTILISATIO": "Prairies artificielles (sans les pâturages)" }, "geometry": { "type": "MultiPolygon", "coordinates": [ [ [ [ 2541240.261, 1160018.369 ], [ 2541290.628, 1159990.210999999893829 ], [ 2541296.472, 1159994.401 ], [ 2541374.146000000182539, 1159983.935 ], [ 2541377.620000000111759, 1159977.459 ], [ 2541349.717000000178814, 1159911.081 ], [ 2541124.058000000193715, 1159986.986 ], [ 2541126.995000000111759, 1159993.132 ], [ 2541159.633, 1160049.763 ], [ 2541180.633, 1160047.462 ], [ 2541240.261, 1160018.369 ] ] ] ] } },
{ "type": "Feature", "properties": { "ANNEE_DE_R": 2025, "CODE_PROGR": "Bio", "CODE_UTILI": 613, "IDENTIFICA": "VD_2025_517909", "NOMBRE_ARB": 0, "PROGRAMME": "Production bio", "SHAPE_AREA": 1836.388, "SHAPE_LEN": 638.392, "SURFACE_M2": 3673, "UTILISATIO": "Autres prairies permanentes (sans les pâturages)" }, "geometry": { "type": "MultiPolygon", "coordinates": [ [ [ [ 2541049.637000000104308, 1160577.31 ], [ 2541043.18099999986589, 1160571.415 ], [ 2541040.830999999772757, 1160575.764999999897555 ], [ 2541054.839999999850988, 1160589.446 ], [ 2541057.524000000208616, 1160592.423 ], [ 2541059.605, 1160594.73 ], [ 2541083.521999999880791, 1160621.256 ], [ 2541089.188999999780208, 1160627.541 ], [ 2541093.721, 1160632.567 ], [ 2541099.200999999884516, 1160638.644 ], [ 2541102.791999999899417, 1160643.894 ], [ 2541106.487999999895692, 1160649.278 ], [ 2541115.719, 1160662.797 ], [ 2541154.122, 1160718.952 ], [ 2541174.983, 1160744.102 ], [ 2541203.342999999877065, 1160778.379999999888241 ], [ 2541237.975, 1160820.239 ], [ 2541239.058999999891967, 1160814.191000000108033 ], [ 2541234.801, 1160809.01 ], [ 2541229.549000000115484, 1160802.620000000111759 ], [ 2541223.088, 1160794.76 ], [ 2541221.21, 1160792.475 ], [ 2541218.153, 1160788.860000000102445 ], [ 2541213.313, 1160783.073 ], [ 2541209.333000000100583, 1160778.335 ], [ 2541208.271000000182539, 1160776.982 ], [ 2541207.521999999880791, 1160776.028 ], [ 2541203.419000000227243, 1160770.802 ], [ 2541197.535999999847263, 1160763.307 ], [ 2541196.467999999877065, 1160761.933999999891967 ], [ 2541179.680000000167638, 1160740.360000000102445 ], [ 2541170.512000000104308, 1160728.822 ], [ 2541167.756, 1160725.354 ], [ 2541162.736, 1160718.960999999893829 ], [ 2541156.75, 1160711.339 ], [ 2541154.748000000137836, 1160708.79 ], [ 2541152.96, 1160706.163 ], [ 2541152.312, 1160705.210999999893829 ], [ 2541148.859000000171363, 1160700.139 ], [ 2541145.640999999828637, 1160695.41 ], [ 2541143.577, 1160692.378 ], [ 2541122.234000000171363, 1160661.022000000113621 ], [ 2541117.924000000115484, 1160655.077 ], [ 2541111.974, 1160646.889999999897555 ], [ 2541106.478000000119209, 1160639.288 ], [ 2541105.629999999888241, 1160638.16 ], [ 2541087.878, 1160614.544 ], [ 2541083.848000000230968, 1160610.592 ], [ 2541077.356000000145286, 1160604.226 ], [ 2541075.219, 1160602.131 ], [ 2541067.930000000167638, 1160594.842 ], [ 2541058.413000000175089, 1160585.325 ], [ 2541049.637000000104308, 1160577.31 ] ] ] ] } },
{ "type": "Feature", "properties": { "ANNEE_DE_R": 2025, "CODE_PROGR": "Non", "CODE_UTILI": 611, "IDENTIFICA": "VD_2025_67524", "NOMBRE_ARB": 0, "PROGRAMME": "Aucun programme", "SHAPE_AREA": 2663.355, "SHAPE_LEN": 488.005, "SURFACE_M2": 2664, "UTILISATIO": "Prairies extensives (sans les pâturages)" }, "geometry": { "type": "MultiPolygon", "coordinates": [ [ [ [ 2541124.477, 1161029.222 ], [ 2541125.747, 1161029.252 ], [ 2541129.367, 1161025.022000000113621 ], [ 2541129.982136537786573, 1161023.30943025671877 ], [ 2541128.839999999850988, 1161023.614 ], [ 2541124.526999999769032, 1161028.482 ], [ 2541121.910000000149012, 1161028.378 ], [ 2541121.511388789396733, 1161029.156923891976476 ], [ 2541124.477, 1161029.222 ] ] ], [ [ [ 2541175.106999999843538, 1161012.651 ], [ 2541177.420143244322389, 1161012.021002876572311 ], [ 2541176.910000000149012, 1161011.722 ], [ 2541172.89003019919619, 1161012.795216147787869 ], [ 2541175.106999999843538, 1161012.651 ] ] ], [ [ [ 2541208.757000000216067, 1161013.959 ], [ 2541213.523883707355708, 1161014.729773007566109 ], [ 2541207.410000000149012, 1161012.722 ], [ 2541206.728795985225588, 1161013.089168963953853 ], [ 2541208.757000000216067, 1161013.959 ] ] ] ] } },
{ "type": "Feature", "properties": { "ANNEE_DE_R": 2025, "CODE_PROGR": "psmArableFarming", "CODE_UTILI": 531, "IDENTIFICA": "VD_2025_408504", "NOMBRE_ARB": 0, "PROGRAMME": "Non-recours aux produits phytosanitaires dans les grandes cultures", "SHAPE_AREA": 25168.773, "SHAPE_LEN": 825.925, "SURFACE_M2": 100675, "UTILISATIO": "Tournesol destiné à la fabrication d’huile comestible" }, "geometry": { "type": "MultiPolygon", "coordinates": [ [ [ [ 2541502.978999999817461, 1154179.715 ], [ 2541497.947000000160187, 1154155.878 ], [ 2541494.768000000156462, 1154156.565 ], [ 2541482.953000000212342, 1154159.120000000111759 ], [ 2541479.318, 1154159.906 ], [ 2541460.947000000160187, 1154163.878 ], [ 2541440.603999999817461, 1154168.625 ], [ 2541385.947000000160187, 1154181.378 ], [ 2541396.802000000141561, 1154226.948 ], [ 2541398.435, 1154233.805 ], [ 2541407.782000000122935, 1154251.108 ], [ 2541425.665, 1154284.213 ], [ 2541429.473000000230968, 1154291.263 ], [ 2541445.598000000230968, 1154291.763 ], [ 2541459.018000000156462, 1154307.419 ], [ 2541470.356999999843538, 1154320.646 ], [ 2541482.549000000115484, 1154338.087 ], [ 2541491.083999999798834, 1154378.848 ], [ 2541494.355, 1154394.467 ], [ 2541497.021000000182539, 1154406.796 ], [ 2541504.96100000012666, 1154443.506 ], [ 2541509.435, 1154463.127 ], [ 2541513.71100000012666, 1154481.881 ], [ 2541523.592000000178814, 1154477.356 ], [ 2541566.470000000204891, 1154457.717 ], [ 2541563.157000000122935, 1154444.467 ], [ 2541559.157000000122935, 1154429.905 ], [ 2541555.532000000122935, 1154413.905 ], [ 2541546.657000000122935, 1154366.842 ], [ 2541540.032000000122935, 1154332.592 ], [ 2541536.907000000122935, 1154316.092 ], [ 2541532.407000000122935, 1154293.155 ], [ 2541529.282000000122935, 1154277.53 ], [ 2541525.157000000122935, 1154255.53 ], [ 2541520.470000000204891, 1154231.717 ], [ 2541519.345000000204891, 1154225.655 ], [ 2541511.282000000122935, 1154216.905 ], [ 2541508.720000000204891, 1154206.905 ], [ 2541508.356000000145286, 1154205.179 ], [ 2541502.978999999817461, 1154179.715 ] ] ] ] } },
{ "type": "Feature", "properties": { "ANNEE_DE_R": 2025, "CODE_PROGR": "psmArableFarming", "CODE_UTILI": 507, "IDENTIFICA": "VD_2025_204442", "NOMBRE_ARB": 0, "PROGRAMME": "Non-recours aux produits phytosanitaires dans les grandes cultures", "SHAPE_AREA": 16074.225, "SHAPE_LEN": 550.312, "SURFACE_M2": 32149, "UTILISATIO": "Blé fourrager selon liste swiss granum" }, "geometry": { "type": "MultiPolygon", "coordinates": [ [ [ [ 2541749.512000000104308, 1156531.098 ], [ 2541716.546999999787658, 1156458.194 ], [ 2541684.597, 1156469.902 ], [ 2541646.626999999862164, 1156483.815 ], [ 2541642.509999999776483, 1156474.024 ], [ 2541596.441000000108033, 1156496.119 ], [ 2541538.259999999776483, 1156524.024 ], [ 2541579.656, 1156599.819 ], [ 2541749.512000000104308, 1156531.098 ] ] ] ] } },
{ "type": "Feature", "properties": { "ANNEE_DE_R": 2025, "CODE_PROGR": "psGmf", "CODE_UTILI": 613, "IDENTIFICA": "VD_2025_204444", "NOMBRE_ARB": 11, "PROGRAMME": "Production de lait et de viande basée sur les herbages", "SHAPE_AREA": 29940.631, "SHAPE_LEN": 1387.365, "SURFACE_M2": 29941, "UTILISATIO": "Autres prairies permanentes (sans les pâturages)" }, "geometry": { "type": "MultiPolygon", "coordinates": [ [ [ [ 2541660.038000000175089, 1156359.712 ], [ 2541642.458000000100583, 1156370.681 ], [ 2541513.79, 1156451.099 ], [ 2541498.361, 1156460.689 ], [ 2541483.100999999791384, 1156479.128 ], [ 2541479.025, 1156484.022000000113621 ], [ 2541470.481999999843538, 1156494.278 ], [ 2541481.271000000182539, 1156507.058 ], [ 2541483.704, 1156504.546 ], [ 2541492.941000000108033, 1156510.932 ], [ 2541496.802000000141561, 1156506.306 ], [ 2541519.12900000018999, 1156524.439 ], [ 2541515.275, 1156531.703 ], [ 2541528.525, 1156542.186 ], [ 2541537.018000000156462, 1156551.993 ], [ 2541540.841, 1156569.225 ], [ 2541559.811000000219792, 1156592.088 ], [ 2541573.341, 1156608.508 ], [ 2541574.841, 1156601.778 ], [ 2541579.656, 1156599.819 ], [ 2541538.259999999776483, 1156524.024 ], [ 2541596.441000000108033, 1156496.119 ], [ 2541642.509999999776483, 1156474.024 ], [ 2541646.626999999862164, 1156483.815 ], [ 2541684.597, 1156469.902 ], [ 2541716.546999999787658, 1156458.194 ], [ 2541749.512000000104308, 1156531.098 ], [ 2541755.761, 1156528.582 ], [ 2541785.132000000216067, 1156632.166 ], [ 2541790.410000000149012, 1156631.835 ], [ 2541796.162, 1156630.59 ], [ 2541821.12099999981001, 1156617.101 ], [ 2541795.643000000156462, 1156525.486 ], [ 2541766.421, 1156529.305 ], [ 2541748.140999999828637, 1156501.531999999890104 ], [ 2541784.731000000145286, 1156488.503 ], [ 2541780.731000000145286, 1156477.263 ], [ 2541757.850999999791384, 1156485.412 ], [ 2541734.990000000223517, 1156436.582 ], [ 2541703.228999999817461, 1156402.992 ], [ 2541725.009999999776483, 1156382.393 ], [ 2541716.083999999798834, 1156374.374 ], [ 2541684.089000000152737, 1156344.682 ], [ 2541660.038000000175089, 1156359.712 ] ] ] ] } },
{ "type": "Feature", "properties": { "ANNEE_DE_R": 2025, "CODE_PROGR": "Non", "CODE_UTILI": 851, "IDENTIFICA": "VD_2025_444441", "NOMBRE_ARB": 0, "PROGRAMME": "Aucun programme", "SHAPE_AREA": 6278.689, "SHAPE_LEN": 528.119, "SURFACE_M2": 6279, "UTILISATIO": "Surfaces à litière dans la surface agricole utile" }, "geometry": { "type": "MultiPolygon", "coordinates": [ [ [ [ 2541447.0, 1158415.058 ], [ 2541429.014, 1158430.075 ], [ 2541444.950000000186265, 1158452.128 ], [ 2541468.293, 1158495.543 ], [ 2541477.867, 1158513.348 ], [ 2541484.697000000160187, 1158528.426 ], [ 2541509.700000000186265, 1158583.628 ], [ 2541515.6, 1158605.761 ], [ 2541523.958999999798834, 1158637.121 ], [ 2541532.986, 1158643.42 ], [ 2541545.196, 1158642.487999999895692 ], [ 2541547.023, 1158637.946 ], [ 2541541.498000000137836, 1158606.771 ], [ 2541529.322000000160187, 1158561.397000000113621 ], [ 2541511.122, 1158518.147000000113621 ], [ 2541484.421, 1158466.748 ], [ 2541469.92, 1158445.748 ], [ 2541447.0, 1158415.058 ] ] ] ] } },
{ "type": "Feature", "properties": { "ANNEE_DE_R": 2025, "CODE_PROGR": "psmArableFarming", "CODE_UTILI": 513, "IDENTIFICA": "VD_2025_34752", "NOMBRE_ARB": 0, "PROGRAMME": "Non-recours aux produits phytosanitaires dans les grandes cultures", "SHAPE_AREA": 38574.261, "SHAPE_LEN": 1204.934, "SURFACE_M2": 115723, "UTILISATIO": "Blé d'automne (sans blé fourrager de la liste swiss granum)" }, "geometry": { "type": "MultiPolygon", "coordinates": [ [ [ [ 2541715.404, 1159902.403 ], [ 2541683.477, 1159830.464 ], [ 2541606.450000000186265, 1159875.317 ], [ 2541635.367, 1159906.949 ], [ 2541645.867, 1159923.949 ], [ 2541652.779, 1159944.028 ], [ 2541652.279, 1159983.278 ], [ 2541649.529, 1160023.278 ], [ 2541651.529, 1160046.028 ], [ 2541663.347, 1160155.734 ], [ 2541678.779, 1160270.028 ], [ 2541683.029, 1160326.278 ], [ 2541691.67, 1160373.51 ], [ 2541752.737999999895692, 1160355.126 ], [ 2541749.253, 1160258.678 ], [ 2541755.924000000115484, 1160219.284 ], [ 2541752.19400000013411, 1160199.145 ], [ 2541731.37099999981001, 1160086.698 ], [ 2541718.424000000115484, 1160016.784 ], [ 2541719.415, 1159951.251 ], [ 2541715.404, 1159902.403 ] ] ] ] } },
{ "type": "Feature", "properties": { "ANNEE_DE_R": 2025, "CODE_PROGR": "psGmf", "CODE_UTILI": 613, "IDENTIFICA": "VD_2025_34727", "NOMBRE_ARB": 0, "PROGRAMME": "Production de lait et de viande basée sur les herbages", "SHAPE_AREA": 587.28, "SHAPE_LEN": 178.104, "SURFACE_M2": 588, "UTILISATIO": "Autres prairies permanentes (sans les pâturages)" }, "geometry": { "type": "MultiPolygon", "coordinates": [ [ [ [ 2541687.438999999780208, 1160377.483 ], [ 2541685.242999999783933, 1160373.635 ], [ 2541623.724, 1160428.687 ], [ 2541627.791000000201166, 1160433.487 ], [ 2541689.33, 1160380.785 ], [ 2541687.438999999780208, 1160377.483 ] ] ] ] } },
{ "type": "Feature", "properties": { "ANNEE_DE_R": 2025, "CODE_PROGR": "psGmf", "CODE_UTILI": 611, "IDENTIFICA": "VD_2025_175839", "NOMBRE_ARB": 0, "PROGRAMME": "Production de lait et de viande basée sur les herbages", "SHAPE_AREA": 2477.524, "SHAPE_LEN": 271.13, "SURFACE_M2": 2478, "UTILISATIO": "Prairies extensives (sans les pâturages)" }, "geometry": { "type": "MultiPolygon", "coordinates": [ [ [ [ 2541356.984999999869615, 1160753.385 ], [ 2541356.50101611809805, 1160749.592328841798007 ], [ 2541352.125, 1160750.445 ], [ 2541354.08, 1160751.628 ], [ 2541356.283861896954477, 1160755.945797368418425 ], [ 2541356.984999999869615, 1160753.385 ] ] ] ] } },
{ "type": "Feature", "properties": { "ANNEE_DE_R": 2025, "CODE_PROGR": "Non", "CODE_UTILI": 901, "IDENTIFICA": "VD_2025_55619", "NOMBRE_ARB": 0, "PROGRAMME": "Aucun programme", "SHAPE_AREA": 2658.445, "SHAPE_LEN": 401.496, "SURFACE_M2": 2659, "UTILISATIO": "Forêt" }, "geometry": { "type": "MultiPolygon", "coordinates": [ [ [ [ 2541727.742751821409911, 1160812.988565467530861 ], [ 2541737.009, 1160836.133 ], [ 2541727.742999999783933, 1160812.989 ], [ 2541727.742751821409911, 1160812.988565467530861 ] ] ] ] } },
{ "type": "Feature", "properties": { "ANNEE_DE_R": 2025, "CODE_PROGR": "Non", "CODE_UTILI": 616, "IDENTIFICA": "VD_2025_455197", "NOMBRE_ARB": 0, "PROGRAMME": "Aucun programme", "SHAPE_AREA": 21021.021, "SHAPE_LEN": 774.792, "SURFACE_M2": 21022, "UTILISATIO": "Pâturages (pâturages attenants à la ferme, autres pâturages sauf les pâturages d’estivage)" }, "geometry": { "type": "MultiPolygon", "coordinates": [ [ [ [ 2541967.740000000223517, 1154447.766 ], [ 2542061.447999999858439, 1154343.355 ], [ 2542062.15, 1154324.563 ], [ 2542033.149000000208616, 1154308.145 ], [ 2542024.898, 1154280.624 ], [ 2542018.967999999877065, 1154268.204 ], [ 2541998.108, 1154261.413 ], [ 2541972.548, 1154269.794 ], [ 2541957.197999999858439, 1154265.852999999886379 ], [ 2541951.125, 1154258.56 ], [ 2541946.128, 1154261.513 ], [ 2541875.929, 1154349.796 ], [ 2541889.419000000227243, 1154362.126 ], [ 2541906.890999999828637, 1154347.383 ], [ 2541929.200000000186265, 1154365.838 ], [ 2541902.128, 1154394.627 ], [ 2541967.740000000223517, 1154447.766 ] ] ], [ [ [ 2541902.128, 1154394.627 ], [ 2541884.971, 1154381.996 ], [ 2541858.808999999891967, 1154371.806 ], [ 2541844.930000000167638, 1154389.786 ], [ 2541880.1, 1154420.706 ], [ 2541902.128, 1154394.627 ] ] ] ] } },
{ "type": "Feature", "properties": { "ANNEE_DE_R": 2025, "CODE_PROGR": "psGmf", "CODE_UTILI": 613, "IDENTIFICA": "VD_2025_501028", "NOMBRE_ARB": 9, "PROGRAMME": "Production de lait et de viande basée sur les herbages", "SHAPE_AREA": 3359.135, "SHAPE_LEN": 238.725, "SURFACE_M2": 3360, "UTILISATIO": "Autres prairies permanentes (sans les pâturages)" }, "geometry": { "type": "MultiPolygon", "coordinates": [ [ [ [ 2541752.927999999839813, 1154709.582 ], [ 2541737.088, 1154721.682 ], [ 2541753.348000000230968, 1154751.362 ], [ 2541751.828000000212342, 1154755.022000000113621 ], [ 2541749.68099999986589, 1154756.781999999890104 ], [ 2541756.04, 1154765.569 ], [ 2541758.088, 1154764.031999999890104 ], [ 2541762.768000000156462, 1154770.232 ], [ 2541765.478999999817461, 1154773.824 ], [ 2541812.754999999888241, 1154751.683999999891967 ], [ 2541798.208999999798834, 1154727.842 ], [ 2541779.245000000111759, 1154691.859 ], [ 2541752.927999999839813, 1154709.582 ] ] ] ] } },
{ "type": "Feature", "properties": { "ANNEE_DE_R": 2025, "CODE_PROGR": "psmArableFarming", "CODE_UTILI": 513, "IDENTIFICA": "VD_2025_132498", "NOMBRE_ARB": 0, "PROGRAMME": "Non-recours aux produits phytosanitaires dans les grandes cultures", "SHAPE_AREA": 8001.405, "SHAPE_LEN": 462.764, "SURFACE_M2": 24005, "UTILISATIO": "Blé d'automne (sans blé fourrager de la liste swiss granum)" }, "geometry": { "type": "MultiPolygon", "coordinates": [ [ [ [ 2541821.009999999776483, 1154697.181 ], [ 2541814.842999999877065, 1154685.681 ], [ 2541804.176, 1154665.598 ], [ 2541795.592999999877065, 1154649.681 ], [ 2541784.759999999776483, 1154629.932 ], [ 2541771.759999999776483, 1154605.598 ], [ 2541717.754999999888241, 1154634.936 ], [ 2541730.489, 1154657.482 ], [ 2541752.927999999839813, 1154709.582 ], [ 2541779.245000000111759, 1154691.859 ], [ 2541798.208999999798834, 1154727.842 ], [ 2541812.754999999888241, 1154751.683999999891967 ], [ 2541818.688999999780208, 1154761.411 ], [ 2541859.186000000219792, 1154735.901 ], [ 2541850.676, 1154728.516 ], [ 2541845.910999999847263, 1154724.823 ], [ 2541844.009999999776483, 1154723.35 ], [ 2541835.509999999776483, 1154716.183 ], [ 2541827.441000000108033, 1154709.144 ], [ 2541821.651, 1154698.411 ], [ 2541821.009999999776483, 1154697.181 ] ] ] ] } },
{ "type": "Feature", "properties": { "ANNEE_DE_R": 2025, "CODE_PROGR": "psArableSoilCoverage", "CODE_UTILI": 513, "IDENTIFICA": "VD_2025_131242", "NOMBRE_ARB": 0, "PROGRAMME": "Couverture appropriée du sol (les cultures principales sur terres ouvertes)", "SHAPE_AREA": 7967.337, "SHAPE_LEN": 407.179, "SURFACE_M2": 15935, "UTILISATIO": "Blé d'automne (sans blé fourrager de la liste swiss granum)" }, "geometry": { "type": "MultiPolygon", "coordinates": [ [ [ [ 2541832.578000000212342, 1154607.707 ], [ 2541819.424999999813735, 1154579.598 ], [ 2541771.759999999776483, 1154605.598 ], [ 2541784.759999999776483, 1154629.932 ], [ 2541795.592999999877065, 1154649.681 ], [ 2541804.176, 1154665.598 ], [ 2541814.842999999877065, 1154685.681 ], [ 2541821.009999999776483, 1154697.181 ], [ 2541821.651, 1154698.411 ], [ 2541827.441000000108033, 1154709.144 ], [ 2541835.509999999776483, 1154716.183 ], [ 2541844.009999999776483, 1154723.35 ], [ 2541845.910999999847263, 1154724.823 ], [ 2541850.676, 1154728.516 ], [ 2541859.186000000219792, 1154735.901 ], [ 2541867.341, 1154731.516 ], [ 2541868.341, 1154730.6 ], [ 2541892.674999999813735, 1154715.599 ], [ 2541882.258, 1154698.849 ], [ 2541875.640999999828637, 1154686.124 ], [ 2541872.359000000171363, 1154680.445 ], [ 2541861.591, 1154660.599 ], [ 2541854.312, 1154647.605 ], [ 2541850.341, 1154640.514999999897555 ], [ 2541847.651999999769032, 1154635.984 ], [ 2541845.841, 1154632.932 ], [ 2541842.964999999850988, 1154627.806 ], [ 2541840.091, 1154622.682 ], [ 2541837.142, 1154616.537 ], [ 2541835.330999999772757, 1154613.034 ], [ 2541832.578000000212342, 1154607.707 ] ] ] ] } },
{ "type": "Feature", "properties": { "ANNEE_DE_R": 2025, "CODE_PROGR": "psGmf", "CODE_UTILI": 613, "IDENTIFICA": "VD_2025_131241", "NOMBRE_ARB": 0, "PROGRAMME": "Production de lait et de viande basée sur les herbages", "SHAPE_AREA": 2737.394, "SHAPE_LEN": 337.341, "SURFACE_M2": 2738, "UTILISATIO": "Autres prairies permanentes (sans les pâturages)" }, "geometry": { "type": "MultiPolygon", "coordinates": [ [ [ [ 2541819.424999999813735, 1154579.598 ], [ 2541832.578000000212342, 1154607.707 ], [ 2541835.330999999772757, 1154613.034 ], [ 2541837.142, 1154616.537 ], [ 2541840.091, 1154622.682 ], [ 2541842.964999999850988, 1154627.806 ], [ 2541845.841, 1154632.932 ], [ 2541847.651999999769032, 1154635.984 ], [ 2541850.341, 1154640.514999999897555 ], [ 2541854.312, 1154647.605 ], [ 2541861.591, 1154660.599 ], [ 2541872.359000000171363, 1154680.445 ], [ 2541875.640999999828637, 1154686.124 ], [ 2541882.258, 1154698.849 ], [ 2541892.674999999813735, 1154715.599 ], [ 2541900.680000000167638, 1154710.620000000111759 ], [ 2541894.271000000182539, 1154666.49 ], [ 2541887.261, 1154648.879999999888241 ], [ 2541869.580999999772757, 1154636.67 ], [ 2541847.061000000219792, 1154609.960999999893829 ], [ 2541833.821, 1154580.631 ], [ 2541831.293, 1154573.308 ], [ 2541819.424999999813735, 1154579.598 ] ] ] ] } },
{ "type": "Feature", "properties": { "ANNEE_DE_R": 2025, "CODE_PROGR": "psGmf", "CODE_UTILI": 613, "IDENTIFICA": "VD_2025_501026", "NOMBRE_ARB": 0, "PROGRAMME": "Production de lait et de viande basée sur les herbages", "SHAPE_AREA": 2197.931, "SHAPE_LEN": 235.864, "SURFACE_M2": 2198, "UTILISATIO": "Autres prairies permanentes (sans les pâturages)" }, "geometry": { "type": "MultiPolygon", "coordinates": [ [ [ [ 2541874.474, 1154617.475 ], [ 2541885.825999999884516, 1154629.654 ], [ 2541896.850999999791384, 1154633.870000000111759 ], [ 2541906.913000000175089, 1154651.691000000108033 ], [ 2541905.463, 1154664.082 ], [ 2541908.631, 1154671.370000000111759 ], [ 2541910.526, 1154680.928 ], [ 2541914.967999999877065, 1154688.004 ], [ 2541919.552999999839813, 1154684.623 ], [ 2541933.741, 1154674.16 ], [ 2541946.251000000163913, 1154664.95 ], [ 2541941.356000000145286, 1154656.264999999897555 ], [ 2541934.941999999806285, 1154644.885 ], [ 2541931.495000000111759, 1154645.254 ], [ 2541925.76299999980256, 1154638.432 ], [ 2541912.105, 1154624.823 ], [ 2541906.42, 1154605.033 ], [ 2541874.474, 1154617.475 ] ] ] ] } },
{ "type": "Feature", "properties": { "ANNEE_DE_R": 2025, "CODE_PROGR": "psClimateEfficientNUse", "CODE_UTILI": 601, "IDENTIFICA": "VD_2025_451914", "NOMBRE_ARB": 0, "PROGRAMME": "Utilisation efficiente de l’azote dans les grandes cultures", "SHAPE_AREA": 18814.789, "SHAPE_LEN": 547.856, "SURFACE_M2": 37630, "UTILISATIO": "Prairies artificielles (sans les pâturages)" }, "geometry": { "type": "MultiPolygon", "coordinates": [ [ [ [ 2541868.128, 1155018.612999999895692 ], [ 2541855.628, 1154899.362999999895692 ], [ 2541797.696, 1154905.287 ], [ 2541794.483, 1154884.936 ], [ 2541794.319999999832362, 1154883.902 ], [ 2541784.727, 1154879.362 ], [ 2541783.117, 1154881.902 ], [ 2541721.126000000163913, 1154884.193 ], [ 2541716.202, 1154902.956 ], [ 2541713.788000000175089, 1154924.084 ], [ 2541724.967999999877065, 1154972.541999999899417 ], [ 2541739.156, 1155015.897000000113621 ], [ 2541813.878, 1155039.362999999895692 ], [ 2541868.128, 1155018.612999999895692 ] ] ] ] } },
{ "type": "Feature", "properties": { "ANNEE_DE_R": 2025, "CODE_PROGR": "psGmf", "CODE_UTILI": 613, "IDENTIFICA": "VD_2025_34742", "NOMBRE_ARB": 0, "PROGRAMME": "Production de lait et de viande basée sur les herbages", "SHAPE_AREA": 19902.813, "SHAPE_LEN": 655.247, "SURFACE_M2": 19903, "UTILISATIO": "Autres prairies permanentes (sans les pâturages)" }, "geometry": { "type": "MultiPolygon", "coordinates": [ [ [ [ 2541691.67, 1160373.51 ], [ 2541856.791000000201166, 1160522.487 ], [ 2541899.140999999828637, 1160502.947 ], [ 2541885.264, 1160451.361 ], [ 2541896.23, 1160466.707 ], [ 2541896.333999999798834, 1160462.448 ], [ 2541885.200000000186265, 1160447.166999999899417 ], [ 2541884.563, 1160446.154 ], [ 2541883.977, 1160445.205 ], [ 2541883.313999999780208, 1160444.112999999895692 ], [ 2541877.964000000152737, 1160424.225 ], [ 2541877.279999999795109, 1160423.004 ], [ 2541867.779999999795109, 1160394.254 ], [ 2541852.063, 1160327.943 ], [ 2541752.737999999895692, 1160355.126 ], [ 2541691.67, 1160373.51 ] ] ] ] } },
{ "type": "Feature", "properties": { "ANNEE_DE_R": 2025, "CODE_PROGR": "psGmf", "CODE_UTILI": 613, "IDENTIFICA": "VD_2025_16687", "NOMBRE_ARB": 0, "PROGRAMME": "Production de lait et de viande basée sur les herbages", "SHAPE_AREA": 12127.728, "SHAPE_LEN": 481.529, "SURFACE_M2": 12128, "UTILISATIO": "Autres prairies permanentes (sans les pâturages)" }, "geometry": { "type": "MultiPolygon", "coordinates": [ [ [ [ 2542015.850999999791384, 1154802.619 ], [ 2542036.631, 1154789.119 ], [ 2542041.717999999877065, 1154786.923 ], [ 2542057.410999999847263, 1154780.149 ], [ 2542060.111, 1154779.019 ], [ 2542082.580999999772757, 1154773.619 ], [ 2542110.541000000201166, 1154772.54 ], [ 2542118.541000000201166, 1154769.05 ], [ 2542126.031, 1154705.142 ], [ 2542124.291000000201166, 1154695.312 ], [ 2542119.071, 1154686.732 ], [ 2542094.71100000012666, 1154669.612 ], [ 2542065.571, 1154692.391 ], [ 2542030.791000000201166, 1154705.0 ], [ 2542022.450999999884516, 1154681.450999999884516 ], [ 2541978.611, 1154697.41 ], [ 2541998.276999999769032, 1154752.97 ], [ 2542015.850999999791384, 1154802.619 ] ] ] ] } },
{ "type": "Feature", "properties": { "ANNEE_DE_R": 2025, "CODE_PROGR": "psGmf", "CODE_UTILI": 613, "IDENTIFICA": "VD_2025_108811", "NOMBRE_ARB": 0, "PROGRAMME": "Production de lait et de viande basée sur les herbages", "SHAPE_AREA": 16813.347, "SHAPE_LEN": 2232.215, "SURFACE_M2": 16814, "UTILISATIO": "Autres prairies permanentes (sans les pâturages)" }, "geometry": { "type": "MultiPolygon", "coordinates": [ [ [ [ 2543073.353000000119209, 1154977.006 ], [ 2543077.728000000119209, 1154983.256 ], [ 2543073.103000000119209, 1154989.006 ], [ 2543127.08, 1155036.825999999884516 ], [ 2543134.674000000115484, 1155027.083000000100583 ], [ 2543100.427000000141561, 1154983.115 ], [ 2543084.603000000119209, 1154966.881 ], [ 2543073.353000000119209, 1154977.006 ] ] ], [ [ [ 2542736.643000000156462, 1155985.049000000115484 ], [ 2542724.751999999862164, 1155951.219 ], [ 2542718.671999999787658, 1155950.519 ], [ 2542689.713, 1155990.05 ], [ 2542736.643000000156462, 1155985.049000000115484 ] ] ], [ [ [ 2542774.307, 1156001.525 ], [ 2542793.256, 1155997.338 ], [ 2542816.506, 1155990.213 ], [ 2542824.756, 1155987.588 ], [ 2542823.131, 1155985.588 ], [ 2542799.211999999824911, 1155991.104 ], [ 2542790.256, 1155993.463 ], [ 2542777.109000000171363, 1155990.737 ], [ 2542767.407000000122935, 1155987.258 ], [ 2542762.782000000122935, 1155984.383 ], [ 2542757.424999999813735, 1155980.793 ], [ 2542750.549999999813735, 1155975.043 ], [ 2542754.549999999813735, 1155985.293 ], [ 2542759.381, 1155994.838 ], [ 2542766.930000000167638, 1156000.773 ], [ 2542774.307, 1156001.525 ] ] ], [ [ [ 2543193.904, 1156028.929 ], [ 2543216.654, 1156011.679 ], [ 2543227.904, 1156002.179 ], [ 2543210.654, 1155980.429 ], [ 2543205.904, 1155982.929 ], [ 2543189.154, 1155993.179 ], [ 2543190.404, 1155999.679 ], [ 2543178.154, 1156010.679 ], [ 2543193.904, 1156028.929 ] ] ], [ [ [ 2542536.149000000208616, 1156052.926 ], [ 2542554.899000000208616, 1156030.176 ], [ 2542565.149000000208616, 1156024.676 ], [ 2542576.149000000208616, 1156025.926 ], [ 2542590.649000000208616, 1156030.676 ], [ 2542593.149000000208616, 1155998.176 ], [ 2542540.649000000208616, 1155994.176 ], [ 2542540.899000000208616, 1156005.426 ], [ 2542542.171999999787658, 1156007.913 ], [ 2542535.98700000019744, 1156012.794 ], [ 2542533.899000000208616, 1156015.926 ], [ 2542514.649000000208616, 1156030.926 ], [ 2542536.149000000208616, 1156052.926 ] ] ], [ [ [ 2543083.85, 1156698.958000000100583 ], [ 2543092.725, 1156703.333000000100583 ], [ 2543096.85, 1156703.333000000100583 ], [ 2543100.6, 1156696.458000000100583 ], [ 2543108.208999999798834, 1156701.345 ], [ 2543120.518999999854714, 1156708.316000000108033 ], [ 2543113.458999999798834, 1156720.786 ], [ 2543101.159, 1156713.775 ], [ 2543090.225, 1156707.708000000100583 ], [ 2543078.262000000104308, 1156702.218000000109896 ], [ 2543076.598000000230968, 1156705.064 ], [ 2543073.358, 1156713.614 ], [ 2543116.669000000227243, 1156727.236 ], [ 2543128.849, 1156706.156 ], [ 2543089.328000000212342, 1156683.284 ], [ 2543081.833999999798834, 1156696.105 ], [ 2543083.85, 1156698.958000000100583 ] ] ], [ [ [ 2543192.308999999891967, 1156627.227999999886379 ], [ 2543202.450000000186265, 1156634.398 ], [ 2543245.69, 1156597.208000000100583 ], [ 2543227.75, 1156599.268 ], [ 2543192.308999999891967, 1156627.227999999886379 ] ] ], [ [ [ 2543261.549999999813735, 1156595.538 ], [ 2543210.200000000186265, 1156639.788 ], [ 2543224.640000000130385, 1156648.458000000100583 ], [ 2543256.256, 1156621.872 ], [ 2543278.131, 1156603.477999999886379 ], [ 2543266.319999999832362, 1156595.208000000100583 ], [ 2543261.549999999813735, 1156595.538 ] ] ], [ [ [ 2543235.751000000163913, 1156701.298 ], [ 2543248.330999999772757, 1156709.504999999888241 ], [ 2543285.191999999806285, 1156689.656999999890104 ], [ 2543261.865000000223517, 1156669.8 ], [ 2543250.580999999772757, 1156679.977 ], [ 2543236.231000000145286, 1156696.147000000113621 ], [ 2543235.751000000163913, 1156701.298 ] ] ] ] } },
{ "type": "Feature", "properties": { "ANNEE_DE_R": 2025, "CODE_PROGR": "psGmf", "CODE_UTILI": 611, "IDENTIFICA": "VD_2025_499198", "NOMBRE_ARB": 13, "PROGRAMME": "Production de lait et de viande basée sur les herbages", "SHAPE_AREA": 3630.279, "SHAPE_LEN": 276.23, "SURFACE_M2": 3631, "UTILISATIO": "Prairies extensives (sans les pâturages)" }, "geometry": { "type": "MultiPolygon", "coordinates": [ [ [ [ 2542567.282000000122935, 1155393.492 ], [ 2542513.225999999791384, 1155371.636 ], [ 2542513.663000000175089, 1155372.986 ], [ 2542507.74599999981001, 1155387.319 ], [ 2542498.413000000175089, 1155399.021 ], [ 2542483.003, 1155423.19 ], [ 2542508.003, 1155451.99 ], [ 2542512.825000000186265, 1155450.399 ], [ 2542517.512000000104308, 1155443.148 ], [ 2542523.847, 1155441.148 ], [ 2542531.512000000104308, 1155424.816000000108033 ], [ 2542550.971, 1155433.486 ], [ 2542556.990000000223517, 1155420.796 ], [ 2542556.082, 1155418.392 ], [ 2542559.33, 1155411.172 ], [ 2542567.282000000122935, 1155393.492 ] ], [ [ 2542549.913000000175089, 1155407.335999999893829 ], [ 2542551.58, 1155403.835999999893829 ], [ 2542554.99599999981001, 1155405.253 ], [ 2542553.58, 1155409.003 ], [ 2542549.913000000175089, 1155407.335999999893829 ] ] ] ] } },
{ "type": "Feature", "properties": { "ANNEE_DE_R": 2025, "CODE_PROGR": "Non", "CODE_UTILI": 611, "IDENTIFICA": "VD_2025_176547", "NOMBRE_ARB": 0, "PROGRAMME": "Aucun programme", "SHAPE_AREA": 22103.973, "SHAPE_LEN": 1011.244, "SURFACE_M2": 22104, "UTILISATIO": "Prairies extensives (sans les pâturages)" }, "geometry": { "type": "MultiPolygon", "coordinates": [ [ [ [ 2542619.829, 1157436.049000000115484 ], [ 2542619.764, 1157437.704 ], [ 2542619.507000000216067, 1157443.26 ], [ 2542617.426, 1157488.342 ], [ 2542616.376000000163913, 1157511.112 ], [ 2542616.068, 1157517.776 ], [ 2542615.136, 1157540.525 ], [ 2542614.092999999877065, 1157566.008 ], [ 2542697.731999999843538, 1157569.571 ], [ 2542698.973000000230968, 1157550.016 ], [ 2542698.975999999791384, 1157545.379999999888241 ], [ 2542699.217000000178814, 1157540.692 ], [ 2542699.01299999980256, 1157487.389 ], [ 2542699.169000000227243, 1157468.895 ], [ 2542699.296999999787658, 1157453.585999999893829 ], [ 2542699.415, 1157439.581 ], [ 2542699.53899999987334, 1157424.91 ], [ 2542699.58, 1157420.027 ], [ 2542699.893000000156462, 1157414.487 ], [ 2542694.014, 1157413.204 ], [ 2542661.438, 1157401.425 ], [ 2542621.764, 1157387.079 ], [ 2542619.829, 1157436.049000000115484 ] ] ], [ [ [ 2542456.180000000167638, 1157695.686 ], [ 2542454.903, 1157702.793 ], [ 2542443.021000000182539, 1157768.948 ], [ 2542442.17, 1157776.441000000108033 ], [ 2542440.410000000149012, 1157784.232 ], [ 2542436.970000000204891, 1157792.889999999897555 ], [ 2542432.4, 1157800.411 ], [ 2542425.967000000178814, 1157810.745000000111759 ], [ 2542417.48, 1157818.062 ], [ 2542400.11200000019744, 1157828.092 ], [ 2542407.367, 1157834.867 ], [ 2542416.305000000167638, 1157840.242 ], [ 2542429.430000000167638, 1157848.93 ], [ 2542441.969, 1157857.529 ], [ 2542456.197000000160187, 1157865.381 ], [ 2542459.924999999813735, 1157866.061 ], [ 2542460.145, 1157862.906 ], [ 2542460.632000000216067, 1157857.615 ], [ 2542461.02, 1157853.406 ], [ 2542461.291000000201166, 1157849.706 ], [ 2542461.919000000227243, 1157841.142 ], [ 2542462.332, 1157835.509 ], [ 2542462.722, 1157831.776 ], [ 2542463.023, 1157828.898 ], [ 2542464.007000000216067, 1157819.483 ], [ 2542464.724, 1157812.156999999890104 ], [ 2542466.224, 1157795.845 ], [ 2542504.312, 1157801.73 ], [ 2542507.312, 1157780.98 ], [ 2542507.711999999824911, 1157778.264 ], [ 2542508.562, 1157772.48 ], [ 2542509.312, 1157767.48 ], [ 2542510.312, 1157760.98 ], [ 2542512.691999999806285, 1157757.976 ], [ 2542506.94400000013411, 1157749.128 ], [ 2542480.923, 1157696.758 ], [ 2542480.327, 1157695.558999999891967 ], [ 2542470.605, 1157681.146 ], [ 2542465.998000000137836, 1157674.176 ], [ 2542461.356000000145286, 1157667.152 ], [ 2542456.180000000167638, 1157695.686 ] ] ] ] } },
{ "type": "Feature", "properties": { "ANNEE_DE_R": 2025, "CODE_PROGR": "psmArableFarming", "CODE_UTILI": 527, "IDENTIFICA": "VD_2025_490669", "NOMBRE_ARB": 0, "PROGRAMME": "Non-recours aux produits phytosanitaires dans les grandes cultures", "SHAPE_AREA": 13262.94, "SHAPE_LEN": 458.943, "SURFACE_M2": 39789, "UTILISATIO": "Colza d’automne destiné à la fabrication d’huile comestible" }, "geometry": { "type": "MultiPolygon", "coordinates": [ [ [ [ 2542943.978000000119209, 1155509.594 ], [ 2542859.656, 1155448.039000000106171 ], [ 2542853.276, 1155449.249 ], [ 2542789.707, 1155548.008 ], [ 2542878.228999999817461, 1155611.772000000113621 ], [ 2542943.978000000119209, 1155509.594 ] ] ] ] } },
{ "type": "Feature", "properties": { "ANNEE_DE_R": 2025, "CODE_PROGR": "psGmf", "CODE_UTILI": 613, "IDENTIFICA": "VD_2025_451901", "NOMBRE_ARB": 0, "PROGRAMME": "Production de lait et de viande basée sur les herbages", "SHAPE_AREA": 6168.331, "SHAPE_LEN": 366.452, "SURFACE_M2": 6169, "UTILISATIO": "Autres prairies permanentes (sans les pâturages)" }, "geometry": { "type": "MultiPolygon", "coordinates": [ [ [ [ 2542916.213, 1155853.716 ], [ 2542913.392, 1155847.483 ], [ 2542889.714999999850988, 1155845.992 ], [ 2542870.346, 1155858.788 ], [ 2542876.929, 1155904.219 ], [ 2542872.12900000018999, 1155915.719 ], [ 2542865.62900000018999, 1155920.719 ], [ 2542860.029, 1155923.819 ], [ 2542868.089000000152737, 1155935.97 ], [ 2542842.633, 1155950.267 ], [ 2542848.492, 1155968.73 ], [ 2542848.929, 1155975.119 ], [ 2542858.929, 1155975.319 ], [ 2542866.429, 1155971.519 ], [ 2542896.228999999817461, 1155950.619 ], [ 2542910.228999999817461, 1155937.119 ], [ 2542925.429, 1155918.719 ], [ 2542936.294000000227243, 1155898.378 ], [ 2542916.213, 1155853.716 ] ] ] ] } },
{ "type": "Feature", "properties": { "ANNEE_DE_R": 2025, "CODE_PROGR": "Non", "CODE_UTILI": 613, "IDENTIFICA": "VD_2025_502980", "NOMBRE_ARB": 0, "PROGRAMME": "Aucun programme", "SHAPE_AREA": 2496.628, "SHAPE_LEN": 481.425, "SURFACE_M2": 2497, "UTILISATIO": "Autres prairies permanentes (sans les pâturages)" }, "geometry": { "type": "MultiPolygon", "coordinates": [ [ [ [ 2543066.782999999821186, 1157445.345 ], [ 2543059.6, 1157449.048 ], [ 2543046.725, 1157457.173 ], [ 2543038.1, 1157457.798 ], [ 2543022.725, 1157451.173 ], [ 2542996.225, 1157441.298 ], [ 2542975.646000000182539, 1157427.986 ], [ 2542950.896000000182539, 1157415.361 ], [ 2542926.984000000171363, 1157405.104 ], [ 2542902.859000000171363, 1157396.729 ], [ 2542894.06, 1157393.911 ], [ 2542889.234000000171363, 1157391.604 ], [ 2542884.734000000171363, 1157382.979 ], [ 2542873.025, 1157376.769 ], [ 2542865.453000000212342, 1157378.707 ], [ 2542861.984000000171363, 1157384.204 ], [ 2542861.285000000149012, 1157386.153 ], [ 2542887.52, 1157398.278 ], [ 2542920.616, 1157414.288 ], [ 2542948.639, 1157427.807 ], [ 2542974.475, 1157440.048 ], [ 2543001.225, 1157452.298 ], [ 2543026.6, 1157465.048 ], [ 2543047.35, 1157474.173 ], [ 2543054.609000000171363, 1157471.549000000115484 ], [ 2543060.057, 1157466.047 ], [ 2543066.53899999987334, 1157458.349 ], [ 2543070.419000000227243, 1157449.079 ], [ 2543066.782999999821186, 1157445.345 ] ] ] ] } },
{ "type": "Feature", "properties": { "ANNEE_DE_R": 2025, "CODE_PROGR": "psGmf", "CODE_UTILI": 613, "IDENTIFICA": "VD_2025_204437", "NOMBRE_ARB": 0, "PROGRAMME": "Production de lait et de viande basée sur les herbages", "SHAPE_AREA": 7431.848, "SHAPE_LEN": 749.553, "SURFACE_M2": 7432, "UTILISATIO": "Autres prairies permanentes (sans les pâturages)" }, "geometry": { "type": "MultiPolygon", "coordinates": [ [ [ [ 2542923.282000000122935, 1155138.953 ], [ 2542918.296, 1155178.118 ], [ 2542916.063, 1155205.362 ], [ 2542913.245000000111759, 1155225.078 ], [ 2542919.404, 1155229.693 ], [ 2542925.470000000204891, 1155244.302 ], [ 2542928.253, 1155251.004 ], [ 2542929.390999999828637, 1155253.745000000111759 ], [ 2542930.596, 1155262.668 ], [ 2542937.541999999899417, 1155274.671 ], [ 2542942.756, 1155276.166 ], [ 2542955.325000000186265, 1155289.217 ], [ 2542956.673, 1155296.27 ], [ 2542978.534, 1155316.394 ], [ 2542981.754999999888241, 1155332.72 ], [ 2542994.461999999824911, 1155334.635 ], [ 2543006.023, 1155337.764999999897555 ], [ 2543010.719, 1155345.669 ], [ 2543034.796, 1155370.534 ], [ 2543036.858, 1155363.737 ], [ 2543046.818, 1155349.697 ], [ 2543054.697000000160187, 1155343.102999999886379 ], [ 2543061.048, 1155337.788 ], [ 2543075.745000000111759, 1155329.04 ], [ 2543110.958999999798834, 1155308.08 ], [ 2543107.856000000145286, 1155305.278 ], [ 2543052.072999999858439, 1155338.848 ], [ 2542923.356000000145286, 1155226.117 ], [ 2542963.636, 1155175.317 ], [ 2542923.282000000122935, 1155138.953 ] ] ] ] } },
{ "type": "Feature", "properties": { "ANNEE_DE_R": 2025, "CODE_PROGR": "psGmf", "CODE_UTILI": 611, "IDENTIFICA": "VD_2025_62004", "NOMBRE_ARB": 0, "PROGRAMME": "Production de lait et de viande basée sur les herbages", "SHAPE_AREA": 1699.674, "SHAPE_LEN": 595.886, "SURFACE_M2": 1700, "UTILISATIO": "Prairies extensives (sans les pâturages)" }, "geometry": { "type": "MultiPolygon", "coordinates": [ [ [ [ 2543058.724, 1155092.829 ], [ 2543049.50400000018999, 1155106.569 ], [ 2543025.802999999839813, 1155093.278 ], [ 2543004.122, 1155080.357 ], [ 2542970.471, 1155066.065 ], [ 2542950.971, 1155076.734 ], [ 2542934.811000000219792, 1155083.964 ], [ 2542915.151, 1155103.323 ], [ 2542922.841, 1155115.213 ], [ 2542956.657999999821186, 1155082.896 ], [ 2542965.799000000115484, 1155077.075 ], [ 2542978.333999999798834, 1155074.237 ], [ 2543002.187, 1155084.041 ], [ 2543047.248999999836087, 1155110.166 ], [ 2543050.312, 1155110.602999999886379 ], [ 2543052.873999999836087, 1155108.791 ], [ 2543057.844, 1155100.81 ], [ 2543061.308999999891967, 1155095.244 ], [ 2543058.724, 1155092.829 ] ] ], [ [ [ 2543191.571, 1155142.088 ], [ 2543203.795, 1155154.308 ], [ 2543221.403, 1155162.433999999891967 ], [ 2543240.531, 1155181.644 ], [ 2543257.023, 1155189.602999999886379 ], [ 2543261.382000000216067, 1155191.788 ], [ 2543264.662, 1155193.383 ], [ 2543274.680000000167638, 1155184.888 ], [ 2543259.119, 1155186.148 ], [ 2543243.109000000171363, 1155178.397000000113621 ], [ 2543224.207, 1155158.734 ], [ 2543206.02, 1155151.158 ], [ 2543194.918, 1155140.208000000100583 ], [ 2543193.955, 1155129.014999999897555 ], [ 2543183.276999999769032, 1155133.125 ], [ 2543191.571, 1155142.088 ] ] ] ] } },
{ "type": "Feature", "properties": { "ANNEE_DE_R": 2025, "CODE_PROGR": "Non", "CODE_UTILI": 613, "IDENTIFICA": "VD_2025_428333", "NOMBRE_ARB": 0, "PROGRAMME": "Aucun programme", "SHAPE_AREA": 4083.551, "SHAPE_LEN": 287.69, "SURFACE_M2": 4084, "UTILISATIO": "Autres prairies permanentes (sans les pâturages)" }, "geometry": { "type": "MultiPolygon", "coordinates": [ [ [ [ 2543049.02, 1156187.256 ], [ 2543019.05599999986589, 1156200.043 ], [ 2543028.546999999787658, 1156229.694 ], [ 2543007.671999999787658, 1156237.694 ], [ 2543022.822999999858439, 1156278.868 ], [ 2543032.12900000018999, 1156295.938 ], [ 2543032.952, 1156297.447 ], [ 2543072.382000000216067, 1156275.869 ], [ 2543064.668, 1156246.611 ], [ 2543061.656, 1156235.186 ], [ 2543049.02, 1156187.256 ] ] ] ] } },
{ "type": "Feature", "properties": { "ANNEE_DE_R": 2025, "CODE_PROGR": "psGmf", "CODE_UTILI": 611, "IDENTIFICA": "VD_2025_181639", "NOMBRE_ARB": 0, "PROGRAMME": "Production de lait et de viande basée sur les herbages", "SHAPE_AREA": 8510.538, "SHAPE_LEN": 619.847, "SURFACE_M2": 8511, "UTILISATIO": "Prairies extensives (sans les pâturages)" }, "geometry": { "type": "MultiPolygon", "coordinates": [ [ [ [ 2543343.25, 1155770.075999999884516 ], [ 2543436.839000000152737, 1155863.095 ], [ 2543503.308000000193715, 1155929.123 ], [ 2543518.676, 1155944.389999999897555 ], [ 2543524.725999999791384, 1155944.71 ], [ 2543526.106999999843538, 1155946.427 ], [ 2543530.386, 1155943.052 ], [ 2543569.453000000212342, 1155912.23 ], [ 2543554.589999999850988, 1155900.22 ], [ 2543543.768000000156462, 1155885.662 ], [ 2543523.16399999987334, 1155885.038 ], [ 2543508.396000000182539, 1155874.135 ], [ 2543480.995000000111759, 1155843.398 ], [ 2543434.654, 1155842.437 ], [ 2543412.802999999839813, 1155824.706 ], [ 2543410.778, 1155814.204 ], [ 2543366.930000000167638, 1155751.587 ], [ 2543343.25, 1155770.075999999884516 ] ] ] ] } },
{ "type": "Feature", "properties": { "ANNEE_DE_R": 2025, "CODE_PROGR": "Bio", "CODE_UTILI": 613, "IDENTIFICA": "VD_2025_489741", "NOMBRE_ARB": 0, "PROGRAMME": "Production bio", "SHAPE_AREA": 8176.587, "SHAPE_LEN": 441.878, "SURFACE_M2": 16354, "UTILISATIO": "Autres prairies permanentes (sans les pâturages)" }, "geometry": { "type": "MultiPolygon", "coordinates": [ [ [ [ 2543361.205, 1156887.846 ], [ 2543336.724, 1156837.596 ], [ 2543293.043, 1156859.856 ], [ 2543231.453000000212342, 1156966.295 ], [ 2543262.393000000156462, 1156998.367 ], [ 2543303.764, 1156948.717 ], [ 2543321.594, 1156918.487 ], [ 2543312.974, 1156900.677 ], [ 2543361.205, 1156887.846 ] ] ] ] } },
{ "type": "Feature", "properties": { "ANNEE_DE_R": 2025, "CODE_PROGR": "Non", "CODE_UTILI": 852, "IDENTIFICA": "VD_2025_437852", "NOMBRE_ARB": 0, "PROGRAMME": "Aucun programme", "SHAPE_AREA": 1523.573, "SHAPE_LEN": 284.024, "SURFACE_M2": 1524, "UTILISATIO": "Haies, bosquets champêtres et berges boisées (avec la bande herbeuse)" }, "geometry": { "type": "MultiPolygon", "coordinates": [ [ [ [ 2543341.26299999980256, 1156993.477 ], [ 2543336.63799999980256, 1156995.665 ], [ 2543336.950999999884516, 1157003.04 ], [ 2543344.26299999980256, 1157005.165 ], [ 2543348.13799999980256, 1156999.29 ], [ 2543346.575999999884516, 1156994.977 ], [ 2543341.26299999980256, 1156993.477 ] ] ], [ [ [ 2543328.700999999884516, 1156972.477 ], [ 2543314.03899999987334, 1156965.965 ], [ 2543306.26299999980256, 1156967.915 ], [ 2543301.01299999980256, 1156978.54 ], [ 2543297.450999999884516, 1156992.04 ], [ 2543300.26299999980256, 1157007.04 ], [ 2543306.38799999980256, 1157020.352 ], [ 2543314.51299999980256, 1157030.04 ], [ 2543325.825999999884516, 1157033.602 ], [ 2543335.950999999884516, 1157032.477 ], [ 2543338.389, 1157031.677 ], [ 2543343.76299999980256, 1157029.915 ], [ 2543348.509999999776483, 1157026.775 ], [ 2543353.282000000122935, 1157019.120000000111759 ], [ 2543351.53899999987334, 1157012.215 ], [ 2543332.63799999980256, 1157019.227 ], [ 2543323.38799999980256, 1157017.665 ], [ 2543318.26299999980256, 1157011.102 ], [ 2543313.88799999980256, 1157000.165 ], [ 2543311.950999999884516, 1156989.227 ], [ 2543311.200999999884516, 1156976.665 ], [ 2543317.63799999980256, 1156976.665 ], [ 2543322.325999999884516, 1156977.977 ], [ 2543329.825999999884516, 1156981.04 ], [ 2543331.25400000018999, 1156976.92 ], [ 2543328.700999999884516, 1156972.477 ] ] ] ] } },
{ "type": "Feature", "properties": { "ANNEE_DE_R": 2025, "CODE_PROGR": "psmArableFarming", "CODE_UTILI": 505, "IDENTIFICA": "VD_2025_82433", "NOMBRE_ARB": 0, "PROGRAMME": "Non-recours aux produits phytosanitaires dans les grandes cultures", "SHAPE_AREA": 27039.026, "SHAPE_LEN": 732.486, "SURFACE_M2": 108157, "UTILISATIO": "Triticale" }, "geometry": { "type": "MultiPolygon", "coordinates": [ [ [ [ 2544116.327, 1157828.708000000100583 ], [ 2544097.929, 1157806.102999999886379 ], [ 2544074.02, 1157856.691000000108033 ], [ 2544072.08, 1157860.796 ], [ 2544071.44, 1157861.958000000100583 ], [ 2544064.322999999858439, 1157875.175 ], [ 2544044.984999999869615, 1157911.021 ], [ 2544026.484999999869615, 1157943.637000000104308 ], [ 2544013.083000000100583, 1157961.553 ], [ 2544032.197000000160187, 1157970.112999999895692 ], [ 2544051.967999999877065, 1157978.968000000109896 ], [ 2544058.771000000182539, 1157982.014999999897555 ], [ 2544061.035999999847263, 1157983.164000000106171 ], [ 2544068.614, 1157987.007 ], [ 2544112.932, 1158009.482 ], [ 2544126.098000000230968, 1158016.071 ], [ 2544137.008, 1158021.531 ], [ 2544169.267, 1158037.584 ], [ 2544212.455, 1158059.077 ], [ 2544214.582, 1158053.003 ], [ 2544217.552000000141561, 1158044.526 ], [ 2544223.660000000149012, 1158027.091 ], [ 2544225.615000000223517, 1158021.513 ], [ 2544226.123999999836087, 1158020.281 ], [ 2544228.883, 1158013.599 ], [ 2544236.785000000149012, 1157994.47 ], [ 2544242.67, 1157980.225 ], [ 2544248.205, 1157966.827 ], [ 2544219.832, 1157951.44 ], [ 2544204.793, 1157943.285 ], [ 2544189.662, 1157935.08 ], [ 2544180.098000000230968, 1157929.893 ], [ 2544184.308999999891967, 1157922.128 ], [ 2544186.799000000115484, 1157917.537 ], [ 2544170.660999999847263, 1157895.348 ], [ 2544151.85, 1157872.356 ], [ 2544116.327, 1157828.708000000100583 ] ] ] ] } },
{ "type": "Feature", "properties": { "ANNEE_DE_R": 2025, "CODE_PROGR": "Bio", "CODE_UTILI": 616, "IDENTIFICA": "VD_2025_445085", "NOMBRE_ARB": 0, "PROGRAMME": "Production bio", "SHAPE_AREA": 3214.418, "SHAPE_LEN": 385.689, "SURFACE_M2": 6429, "UTILISATIO": "Pâturages (pâturages attenants à la ferme, autres pâturages sauf les pâturages d’estivage)" }, "geometry": { "type": "MultiPolygon", "coordinates": [ [ [ [ 2534660.296999999787658, 1156565.953 ], [ 2534661.12099999981001, 1156533.513 ], [ 2534650.525, 1156533.929 ], [ 2534651.285000000149012, 1156539.805 ], [ 2534651.859999999869615, 1156563.524 ], [ 2534650.552999999839813, 1156581.773 ], [ 2534646.098000000230968, 1156596.26 ], [ 2534631.098000000230968, 1156620.46 ], [ 2534625.441999999806285, 1156634.497 ], [ 2534623.946, 1156647.575999999884516 ], [ 2534622.625, 1156659.125 ], [ 2534622.11200000019744, 1156661.377 ], [ 2534619.401999999769032, 1156679.285 ], [ 2534622.881, 1156696.91 ], [ 2534623.234000000171363, 1156698.269 ], [ 2534625.285000000149012, 1156706.175 ], [ 2534625.648, 1156707.575999999884516 ], [ 2534645.116, 1156706.472 ], [ 2534645.704, 1156668.617 ], [ 2534645.720000000204891, 1156667.575999999884516 ], [ 2534645.849, 1156659.256 ], [ 2534650.821, 1156642.163 ], [ 2534657.007000000216067, 1156620.894 ], [ 2534659.296, 1156592.552 ], [ 2534659.77, 1156586.677 ], [ 2534660.296999999787658, 1156565.953 ] ] ] ] } },
{ "type": "Feature", "properties": { "ANNEE_DE_R": 2025, "CODE_PROGR": "Bio", "CODE_UTILI": 545, "IDENTIFICA": "VD_2025_132609", "NOMBRE_ARB": 0, "PROGRAMME": "Production bio", "SHAPE_AREA": 3164.939, "SHAPE_LEN": 244.556, "SURFACE_M2": 9495, "UTILISATIO": "Cultures maraîchères de plein champ annuelles (sauf les légumes de conserve)" }, "geometry": { "type": "MultiPolygon", "coordinates": [ [ [ [ 2534781.313, 1156774.591 ], [ 2534778.636, 1156771.77 ], [ 2534695.597, 1156789.215 ], [ 2534718.475, 1156823.585999999893829 ], [ 2534795.36200000019744, 1156807.289000000106171 ], [ 2534793.952, 1156803.199 ], [ 2534788.916000000201166, 1156793.513 ], [ 2534786.901, 1156783.829 ], [ 2534784.208999999798834, 1156779.379 ], [ 2534781.313, 1156774.591 ] ] ] ] } },
{ "type": "Feature", "properties": { "ANNEE_DE_R": 2025, "CODE_PROGR": "Bio", "CODE_UTILI": 617, "IDENTIFICA": "VD_2025_44456", "NOMBRE_ARB": 0, "PROGRAMME": "Production bio", "SHAPE_AREA": 10021.158, "SHAPE_LEN": 1474.443, "SURFACE_M2": 20043, "UTILISATIO": "Pâturages extensifs" }, "geometry": { "type": "MultiPolygon", "coordinates": [ [ [ [ 2534798.4, 1156954.632 ], [ 2534842.43099999986589, 1156943.128 ], [ 2534842.822999999858439, 1156946.098 ], [ 2534844.373999999836087, 1156957.838 ], [ 2534964.774000000208616, 1156938.237999999895692 ], [ 2534984.899000000208616, 1156933.48 ], [ 2535001.899000000208616, 1156927.08 ], [ 2535005.742999999783933, 1156918.097 ], [ 2535001.687, 1156911.222 ], [ 2534993.44, 1156900.807 ], [ 2534974.887000000104308, 1156885.022000000113621 ], [ 2534964.943, 1156881.297 ], [ 2534954.106999999843538, 1156881.272000000113621 ], [ 2534954.498999999836087, 1156893.28 ], [ 2534949.341, 1156900.685 ], [ 2534943.67, 1156908.827 ], [ 2534943.034, 1156911.111 ], [ 2534914.284, 1156910.77 ], [ 2534890.989, 1156909.974 ], [ 2534879.171, 1156905.997 ], [ 2534868.68099999986589, 1156903.514999999897555 ], [ 2534863.751000000163913, 1156900.362999999895692 ], [ 2534848.31900000013411, 1156903.57 ], [ 2534844.634, 1156909.864 ], [ 2534834.984999999869615, 1156912.128 ], [ 2534824.287, 1156914.638 ], [ 2534776.936000000219792, 1156925.748 ], [ 2534774.546, 1156926.308999999891967 ], [ 2534769.594, 1156927.47 ], [ 2534747.662, 1156932.616 ], [ 2534743.427000000141561, 1156933.610000000102445 ], [ 2534729.967000000178814, 1156936.768 ], [ 2534671.174000000115484, 1156947.038 ], [ 2534698.247, 1156946.656 ], [ 2534765.491, 1156933.494 ], [ 2534811.298, 1156924.528 ], [ 2534839.251000000163913, 1156919.057 ], [ 2534840.123999999836087, 1156925.66 ], [ 2534810.981000000145286, 1156932.494 ], [ 2534752.373999999836087, 1156946.237999999895692 ], [ 2534735.174000000115484, 1156949.838 ], [ 2534671.111, 1156957.791 ], [ 2534670.703000000212342, 1156959.022000000113621 ], [ 2534716.373999999836087, 1156954.638 ], [ 2534761.449, 1156948.199 ], [ 2534763.974, 1156947.838 ], [ 2534784.693, 1156943.192 ], [ 2534794.415, 1156941.012000000104308 ], [ 2534816.849, 1156935.981 ], [ 2534829.974, 1156933.038 ], [ 2534840.691999999806285, 1156929.96 ], [ 2534841.725, 1156937.781999999890104 ], [ 2534831.665, 1156940.183 ], [ 2534780.719, 1156952.346 ], [ 2534766.984000000171363, 1156955.625 ], [ 2534753.651999999769032, 1156958.068 ], [ 2534734.824, 1156961.447 ], [ 2534731.298, 1156961.811 ], [ 2534723.974, 1156963.038 ], [ 2534711.345000000204891, 1156963.874 ], [ 2534669.574, 1156966.638 ], [ 2534667.211999999824911, 1156981.369 ], [ 2534669.893000000156462, 1156987.942 ], [ 2534684.801, 1156984.212 ], [ 2534693.912, 1156981.933 ], [ 2534713.302999999839813, 1156976.866 ], [ 2534745.075999999884516, 1156968.565 ], [ 2534798.4, 1156954.632 ] ] ] ] } },
{ "type": "Feature", "properties": { "ANNEE_DE_R": 2025, "CODE_PROGR": "Non", "CODE_UTILI": 731, "IDENTIFICA": "VD_2025_517974", "NOMBRE_ARB": 0, "PROGRAMME": "Aucun programme", "SHAPE_AREA": 401.549, "SHAPE_LEN": 109.463, "SURFACE_M2": 402, "UTILISATIO": "Autres cultures fruitières (kiwis, sureau, etc.)" }, "geometry": { "type": "MultiPolygon", "coordinates": [ [ [ [ 2535083.71100000012666, 1157598.787 ], [ 2535043.244, 1157611.421 ], [ 2535045.916000000201166, 1157619.805 ], [ 2535091.56, 1157605.801 ], [ 2535086.322999999858439, 1157601.121 ], [ 2535083.71100000012666, 1157598.787 ] ] ] ] } },
{ "type": "Feature", "properties": { "ANNEE_DE_R": 2025, "CODE_PROGR": "psVegetableSoilCoverage", "CODE_UTILI": 545, "IDENTIFICA": "VD_2025_463737", "NOMBRE_ARB": 0, "PROGRAMME": "Couverture appropriée du sol (légumes dans les terres ouvertes)", "SHAPE_AREA": 7177.402, "SHAPE_LEN": 345.74, "SURFACE_M2": 14355, "UTILISATIO": "Cultures maraîchères de plein champ annuelles (sauf les légumes de conserve)" }, "geometry": { "type": "MultiPolygon", "coordinates": [ [ [ [ 2535121.961999999824911, 1157632.969 ], [ 2535091.56, 1157605.801 ], [ 2535045.916000000201166, 1157619.805 ], [ 2535067.812, 1157686.579 ], [ 2535076.889, 1157715.224 ], [ 2535091.870000000111759, 1157710.634 ], [ 2535138.705999999772757, 1157696.281999999890104 ], [ 2535160.389, 1157675.031999999890104 ], [ 2535161.563, 1157673.575 ], [ 2535119.693, 1157635.779 ], [ 2535121.961999999824911, 1157632.969 ] ] ] ] } },
{ "type": "Feature", "properties": { "ANNEE_DE_R": 2025, "CODE_PROGR": "psVegetableSoilCoverage", "CODE_UTILI": 545, "IDENTIFICA": "VD_2025_56002", "NOMBRE_ARB": 0, "PROGRAMME": "Couverture appropriée du sol (légumes dans les terres ouvertes)", "SHAPE_AREA": 3827.334, "SHAPE_LEN": 247.748, "SURFACE_M2": 7655, "UTILISATIO": "Cultures maraîchères de plein champ annuelles (sauf les légumes de conserve)" }, "geometry": { "type": "MultiPolygon", "coordinates": [ [ [ [ 2535131.315, 1157548.008 ], [ 2535128.694999999832362, 1157545.252 ], [ 2535108.872, 1157564.136 ], [ 2535096.188, 1157578.239 ], [ 2535080.383, 1157595.813 ], [ 2535083.71100000012666, 1157598.787 ], [ 2535086.322999999858439, 1157601.121 ], [ 2535091.56, 1157605.801 ], [ 2535121.961999999824911, 1157632.969 ], [ 2535167.69, 1157583.133 ], [ 2535131.315, 1157548.008 ] ] ] ] } },
{ "type": "Feature", "properties": { "ANNEE_DE_R": 2025, "CODE_PROGR": "Non", "CODE_UTILI": 811, "IDENTIFICA": "VD_2025_56003", "NOMBRE_ARB": 0, "PROGRAMME": "Aucun programme", "SHAPE_AREA": 2795.514, "SHAPE_LEN": 575.456, "SURFACE_M2": 2796, "UTILISATIO": "Cultures maraîchères sous abri sans fondations permanentes; sur sol naturel" }, "geometry": { "type": "MultiPolygon", "coordinates": [ [ [ [ 2535217.565, 1157555.508 ], [ 2535238.815, 1157534.258 ], [ 2535233.315, 1157528.383 ], [ 2535212.065, 1157549.758 ], [ 2535217.565, 1157555.508 ] ] ], [ [ [ 2535163.815, 1157514.633 ], [ 2535157.315, 1157521.758 ], [ 2535214.889, 1157577.208000000100583 ], [ 2535221.565, 1157570.258 ], [ 2535163.815, 1157514.633 ] ] ], [ [ [ 2535168.33600000012666, 1157537.983 ], [ 2535154.165, 1157524.602999999886379 ], [ 2535147.44, 1157531.508 ], [ 2535179.348000000230968, 1157561.834 ], [ 2535180.901, 1157563.31 ], [ 2535183.923, 1157566.342 ], [ 2535187.812, 1157570.444 ], [ 2535201.612999999895692, 1157583.318 ], [ 2535205.44, 1157586.633 ], [ 2535212.315, 1157579.508 ], [ 2535168.33600000012666, 1157537.983 ] ] ], [ [ [ 2535175.149000000208616, 1157575.4 ], [ 2535181.258, 1157568.788 ], [ 2535144.815, 1157533.883 ], [ 2535131.315, 1157548.008 ], [ 2535167.69, 1157583.133 ], [ 2535175.149000000208616, 1157575.4 ] ] ] ] } },
{ "type": "Feature", "properties": { "ANNEE_DE_R": 2025, "CODE_PROGR": "Non", "CODE_UTILI": 611, "IDENTIFICA": "VD_2025_55993", "NOMBRE_ARB": 0, "PROGRAMME": "Aucun programme", "SHAPE_AREA": 2923.934, "SHAPE_LEN": 237.745, "SURFACE_M2": 2924, "UTILISATIO": "Prairies extensives (sans les pâturages)" }, "geometry": { "type": "MultiPolygon", "coordinates": [ [ [ [ 2535258.511, 1157436.001 ], [ 2535274.697999999858439, 1157427.189 ], [ 2535274.447999999858439, 1157422.501 ], [ 2535261.697999999858439, 1157389.626 ], [ 2535258.572999999858439, 1157365.751 ], [ 2535256.953000000212342, 1157354.84 ], [ 2535217.088, 1157369.225 ], [ 2535223.197999999858439, 1157380.376 ], [ 2535206.268000000156462, 1157390.277 ], [ 2535209.328000000212342, 1157393.665 ], [ 2535233.847, 1157416.276 ], [ 2535241.511, 1157423.376 ], [ 2535258.511, 1157436.001 ] ] ] ] } },
{ "type": "Feature", "properties": { "ANNEE_DE_R": 2025, "CODE_PROGR": "Non", "CODE_UTILI": 704, "IDENTIFICA": "VD_2025_56005", "NOMBRE_ARB": 0, "PROGRAMME": "Aucun programme", "SHAPE_AREA": 485.481, "SHAPE_LEN": 129.645, "SURFACE_M2": 486, "UTILISATIO": "Cultures fruitières (fruits à noyau)" }, "geometry": { "type": "MultiPolygon", "coordinates": [ [ [ [ 2535235.504999999888241, 1157468.466 ], [ 2535237.492999999783933, 1157469.969 ], [ 2535257.562, 1157484.823 ], [ 2535262.833999999798834, 1157493.982 ], [ 2535275.48, 1157486.686 ], [ 2535231.321, 1157453.214 ], [ 2535228.125, 1157458.444 ], [ 2535237.685, 1157466.0 ], [ 2535235.504999999888241, 1157468.466 ] ] ] ] } },
{ "type": "Feature", "properties": { "ANNEE_DE_R": 2025, "CODE_PROGR": "psVegetableSoilCoverage", "CODE_UTILI": 545, "IDENTIFICA": "VD_2025_469559", "NOMBRE_ARB": 0, "PROGRAMME": "Couverture appropriée du sol (légumes dans les terres ouvertes)", "SHAPE_AREA": 2988.262, "SHAPE_LEN": 287.752, "SURFACE_M2": 5977, "UTILISATIO": "Cultures maraîchères de plein champ annuelles (sauf les légumes de conserve)" }, "geometry": { "type": "MultiPolygon", "coordinates": [ [ [ [ 2535231.109999999869615, 1157421.066000000108033 ], [ 2535208.088, 1157399.785 ], [ 2535186.595000000204891, 1157415.114 ], [ 2535221.103999999817461, 1157444.51 ], [ 2535231.321, 1157453.214 ], [ 2535275.48, 1157486.686 ], [ 2535300.751000000163913, 1157473.346 ], [ 2535271.947000000160187, 1157449.506 ], [ 2535251.606999999843538, 1157437.316000000108033 ], [ 2535231.109999999869615, 1157421.066000000108033 ] ] ] ] } },
{ "type": "Feature", "properties": { "ANNEE_DE_R": 2025, "CODE_PROGR": "psVegetableSoilCoverage", "CODE_UTILI": 545, "IDENTIFICA": "VD_2025_113432", "NOMBRE_ARB": 0, "PROGRAMME": "Couverture appropriée du sol (légumes dans les terres ouvertes)", "SHAPE_AREA": 3968.054, "SHAPE_LEN": 251.482, "SURFACE_M2": 7937, "UTILISATIO": "Cultures maraîchères de plein champ annuelles (sauf les légumes de conserve)" }, "geometry": { "type": "MultiPolygon", "coordinates": [ [ [ [ 2536137.222, 1159170.781 ], [ 2536142.615000000223517, 1159094.692 ], [ 2536079.353999999817461, 1159112.16 ], [ 2536085.714000000152737, 1159155.821 ], [ 2536088.594, 1159163.450999999884516 ], [ 2536096.605, 1159174.337 ], [ 2536099.833999999798834, 1159178.725 ], [ 2536124.453000000212342, 1159174.906999999890104 ], [ 2536137.222, 1159170.781 ] ] ] ] } },
{ "type": "Feature", "properties": { "ANNEE_DE_R": 2025, "CODE_PROGR": "psGmf", "CODE_UTILI": 616, "IDENTIFICA": "VD_2025_405723", "NOMBRE_ARB": 28, "PROGRAMME": "Production de lait et de viande basée sur les herbages", "SHAPE_AREA": 13799.015, "SHAPE_LEN": 1531.939, "SURFACE_M2": 13800, "UTILISATIO": "Pâturages (pâturages attenants à la ferme, autres pâturages sauf les pâturages d’estivage)" }, "geometry": { "type": "MultiPolygon", "coordinates": [ [ [ [ 2536575.302152073010802, 1155505.448350634425879 ], [ 2536580.373000000137836, 1155503.768 ], [ 2536579.538000000175089, 1155507.306 ], [ 2536589.275, 1155506.936 ], [ 2536611.4, 1155500.561 ], [ 2536614.103999999817461, 1155511.266 ], [ 2536646.853999999817461, 1155526.016 ], [ 2536658.961999999824911, 1155534.405 ], [ 2536685.853999999817461, 1155546.266 ], [ 2536718.853999999817461, 1155564.391 ], [ 2536730.818, 1155575.879 ], [ 2536741.756, 1155588.254 ], [ 2536746.745000000111759, 1155595.681 ], [ 2536754.642, 1155604.365 ], [ 2536764.412, 1155616.516 ], [ 2536774.816000000108033, 1155629.457 ], [ 2536787.244, 1155643.735000000102445 ], [ 2536793.744, 1155641.985000000102445 ], [ 2536760.741, 1155602.091 ], [ 2536758.776, 1155597.879 ], [ 2536752.83600000012666, 1155589.171 ], [ 2536744.616, 1155578.466 ], [ 2536730.583999999798834, 1155562.751 ], [ 2536708.333999999798834, 1155544.501 ], [ 2536701.78899999987334, 1155541.396 ], [ 2536698.583999999798834, 1155539.876 ], [ 2536602.881, 1155488.114 ], [ 2536598.103999999817461, 1155488.148 ], [ 2536593.041000000201166, 1155492.335999999893829 ], [ 2536588.131, 1155494.301 ], [ 2536573.387254934292287, 1155496.1692303000018 ], [ 2536575.302152073010802, 1155505.448350634425879 ] ] ] ] } },
{ "type": "Feature", "properties": { "ANNEE_DE_R": 2025, "CODE_PROGR": "psGmf", "CODE_UTILI": 613, "IDENTIFICA": "VD_2025_495641", "NOMBRE_ARB": 0, "PROGRAMME": "Production de lait et de viande basée sur les herbages", "SHAPE_AREA": 6665.298, "SHAPE_LEN": 366.629, "SURFACE_M2": 6666, "UTILISATIO": "Autres prairies permanentes (sans les pâturages)" }, "geometry": { "type": "MultiPolygon", "coordinates": [ [ [ [ 2536292.943, 1157955.911 ], [ 2536295.305000000167638, 1157965.318 ], [ 2536298.156, 1157982.819 ], [ 2536311.693, 1158070.727 ], [ 2536313.543, 1158075.697 ], [ 2536318.225999999791384, 1158078.138 ], [ 2536340.153, 1158076.927 ], [ 2536364.964000000152737, 1158073.629 ], [ 2536377.757000000216067, 1158071.075999999884516 ], [ 2536391.901, 1158068.254 ], [ 2536394.846, 1158064.237999999895692 ], [ 2536383.705999999772757, 1158057.128 ], [ 2536347.214000000152737, 1157992.428 ], [ 2536316.453000000212342, 1157954.088 ], [ 2536292.943, 1157955.911 ] ] ] ] } },
{ "type": "Feature", "properties": { "ANNEE_DE_R": 2025, "CODE_PROGR": "Bio", "CODE_UTILI": 617, "IDENTIFICA": "VD_2025_407101", "NOMBRE_ARB": 8, "PROGRAMME": "Production bio", "SHAPE_AREA": 2137.635, "SHAPE_LEN": 283.353, "SURFACE_M2": 4276, "UTILISATIO": "Pâturages extensifs" }, "geometry": { "type": "MultiPolygon", "coordinates": [ [ [ [ 2536338.375, 1158233.675 ], [ 2536334.764, 1158225.169 ], [ 2536332.727, 1158216.94 ], [ 2536327.375, 1158215.55 ], [ 2536321.125, 1158217.05 ], [ 2536304.375, 1158219.925 ], [ 2536283.375, 1158223.675 ], [ 2536277.830999999772757, 1158225.689 ], [ 2536283.102, 1158266.835 ], [ 2536286.352, 1158266.335 ], [ 2536284.046999999787658, 1158236.763 ], [ 2536288.796999999787658, 1158235.888 ], [ 2536291.734999999869615, 1158233.888 ], [ 2536298.796999999787658, 1158233.138 ], [ 2536305.0, 1158234.05 ], [ 2536306.812, 1158236.425 ], [ 2536311.125, 1158236.612999999895692 ], [ 2536311.046999999787658, 1158238.318 ], [ 2536314.546999999787658, 1158277.818 ], [ 2536328.296999999787658, 1158278.318 ], [ 2536335.046999999787658, 1158275.068 ], [ 2536340.296999999787658, 1158268.068 ], [ 2536341.051, 1158252.822 ], [ 2536338.375, 1158233.675 ] ] ] ] } },
{ "type": "Feature", "properties": { "ANNEE_DE_R": 2025, "CODE_PROGR": "psArableSoilCoverage", "CODE_UTILI": 557, "IDENTIFICA": "VD_2025_5759", "NOMBRE_ARB": 0, "PROGRAMME": "Couverture appropriée du sol (les cultures principales sur terres ouvertes)", "SHAPE_AREA": 7176.425, "SHAPE_LEN": 505.916, "SURFACE_M2": 14353, "UTILISATIO": "Jachère tournante" }, "geometry": { "type": "MultiPolygon", "coordinates": [ [ [ [ 2536577.418, 1158471.984 ], [ 2536578.186000000219792, 1158464.941000000108033 ], [ 2536532.043, 1158468.102999999886379 ], [ 2536482.356000000145286, 1158471.727999999886379 ], [ 2536466.168, 1158472.54 ], [ 2536444.055000000167638, 1158473.57 ], [ 2536436.231999999843538, 1158522.056 ], [ 2536430.031, 1158522.534 ], [ 2536371.103000000119209, 1158523.808999999891967 ], [ 2536370.58, 1158526.118 ], [ 2536371.471, 1158526.825999999884516 ], [ 2536436.31900000013411, 1158524.487 ], [ 2536465.875, 1158523.421 ], [ 2536472.521999999880791, 1158523.22 ], [ 2536567.089999999850988, 1158520.359 ], [ 2536568.941000000108033, 1158520.303 ], [ 2536576.339999999850988, 1158477.632 ], [ 2536577.418, 1158471.984 ] ] ] ] } },
{ "type": "Feature", "properties": { "ANNEE_DE_R": 2025, "CODE_PROGR": "psArableSoilCoverage", "CODE_UTILI": 559, "IDENTIFICA": "VD_2025_498838", "NOMBRE_ARB": 0, "PROGRAMME": "Couverture appropriée du sol (les cultures principales sur terres ouvertes)", "SHAPE_AREA": 681.965, "SHAPE_LEN": 256.062, "SURFACE_M2": 1364, "UTILISATIO": "Ourlet sur terres assolées" }, "geometry": { "type": "MultiPolygon", "coordinates": [ [ [ [ 2536160.566000000108033, 1158782.794 ], [ 2536151.674000000115484, 1158727.07 ], [ 2536145.850999999791384, 1158728.699 ], [ 2536147.705999999772757, 1158739.393 ], [ 2536152.062, 1158765.349 ], [ 2536156.543, 1158794.322 ], [ 2536160.205, 1158825.154 ], [ 2536161.662, 1158841.754999999888241 ], [ 2536162.349, 1158849.879999999888241 ], [ 2536167.329, 1158848.484 ], [ 2536164.395, 1158812.171 ], [ 2536160.566000000108033, 1158782.794 ] ] ] ] } },
{ "type": "Feature", "properties": { "ANNEE_DE_R": 2025, "CODE_PROGR": "psArableSoilCoverage", "CODE_UTILI": 521, "IDENTIFICA": "VD_2025_102159", "NOMBRE_ARB": 0, "PROGRAMME": "Couverture appropriée du sol (les cultures principales sur terres ouvertes)", "SHAPE_AREA": 44182.876, "SHAPE_LEN": 1088.236, "SURFACE_M2": 132549, "UTILISATIO": "Maïs d'ensilage et maïs vert" }, "geometry": { "type": "MultiPolygon", "coordinates": [ [ [ [ 2536424.637000000104308, 1159008.870000000111759 ], [ 2536437.867, 1158990.288 ], [ 2536451.477, 1158971.174000000115484 ], [ 2536468.791000000201166, 1158940.931 ], [ 2536481.611, 1158906.841 ], [ 2536483.833999999798834, 1158900.65 ], [ 2536492.208999999798834, 1158873.334 ], [ 2536493.881, 1158867.881 ], [ 2536494.876000000163913, 1158863.769 ], [ 2536497.889, 1158849.648 ], [ 2536500.623999999836087, 1158836.83 ], [ 2536504.17, 1158818.68 ], [ 2536516.53899999987334, 1158754.31 ], [ 2536511.089000000152737, 1158749.35 ], [ 2536476.399000000208616, 1158753.360000000102445 ], [ 2536468.759999999776483, 1158797.29 ], [ 2536406.53899999987334, 1158800.236 ], [ 2536379.696, 1158812.598 ], [ 2536379.080999999772757, 1158816.242 ], [ 2536375.858, 1158835.333000000100583 ], [ 2536360.62099999981001, 1158925.59 ], [ 2536214.76299999980256, 1158973.618 ], [ 2536223.654999999795109, 1159012.814 ], [ 2536242.026, 1159008.01 ], [ 2536251.838, 1159041.501 ], [ 2536252.214000000152737, 1159042.784 ], [ 2536257.846, 1159065.761 ], [ 2536258.464000000152737, 1159068.284 ], [ 2536262.379999999888241, 1159084.838 ], [ 2536263.964000000152737, 1159091.534 ], [ 2536266.348000000230968, 1159105.84 ], [ 2536266.714000000152737, 1159108.034 ], [ 2536268.883, 1159120.479 ], [ 2536316.072999999858439, 1159091.969 ], [ 2536351.970000000204891, 1159068.661 ], [ 2536373.123000000137836, 1159053.253 ], [ 2536392.486, 1159039.149 ], [ 2536424.637000000104308, 1159008.870000000111759 ] ] ] ] } },
{ "type": "Feature", "properties": { "ANNEE_DE_R": 2025, "CODE_PROGR": "psGmf", "CODE_UTILI": 611, "IDENTIFICA": "VD_2025_47794", "NOMBRE_ARB": 3, "PROGRAMME": "Production de lait et de viande basée sur les herbages", "SHAPE_AREA": 12145.108, "SHAPE_LEN": 1115.779, "SURFACE_M2": 12146, "UTILISATIO": "Prairies extensives (sans les pâturages)" }, "geometry": { "type": "MultiPolygon", "coordinates": [ [ [ [ 2536439.166000000201166, 1159038.875 ], [ 2536423.892, 1159059.839 ], [ 2536418.51299999980256, 1159066.536 ], [ 2536418.041000000201166, 1159068.264999999897555 ], [ 2536461.609999999869615, 1159075.610000000102445 ], [ 2536482.781, 1158989.768 ], [ 2536473.660999999847263, 1158985.777 ], [ 2536459.916000000201166, 1159008.495000000111759 ], [ 2536439.166000000201166, 1159038.875 ] ] ], [ [ [ 2536632.623999999836087, 1159111.381 ], [ 2536619.953000000212342, 1159086.43 ], [ 2536592.464999999850988, 1159059.527 ], [ 2536564.623999999836087, 1159048.91 ], [ 2536562.964999999850988, 1159048.277 ], [ 2536545.143000000156462, 1159042.634 ], [ 2536532.339000000152737, 1159094.373 ], [ 2536555.154, 1159106.97 ], [ 2536566.233, 1159112.185 ], [ 2536600.21, 1159118.908 ], [ 2536630.083999999798834, 1159120.785 ], [ 2536648.106000000145286, 1159125.128 ], [ 2536680.782999999821186, 1159127.995000000111759 ], [ 2536690.813999999780208, 1159128.752 ], [ 2536710.721, 1159131.566000000108033 ], [ 2536722.683999999891967, 1159133.257 ], [ 2536744.640000000130385, 1159143.061 ], [ 2536747.393000000156462, 1159144.692 ], [ 2536777.231000000145286, 1159162.365 ], [ 2536813.815, 1159150.835999999893829 ], [ 2536809.585, 1159130.974 ], [ 2536787.188999999780208, 1159129.843000000109896 ], [ 2536773.176, 1159128.442 ], [ 2536767.188999999780208, 1159127.843000000109896 ], [ 2536764.444999999832362, 1159127.386 ], [ 2536744.998999999836087, 1159124.15 ], [ 2536706.057, 1159118.606 ], [ 2536688.688999999780208, 1159115.343000000109896 ], [ 2536651.183000000193715, 1159111.991 ], [ 2536643.21, 1159111.278 ], [ 2536641.284, 1159111.124 ], [ 2536632.623999999836087, 1159111.381 ] ] ], [ [ [ 2536411.954, 1159075.534 ], [ 2536410.705, 1159077.025 ], [ 2536405.259999999776483, 1159073.018 ], [ 2536402.083999999798834, 1159072.468000000109896 ], [ 2536371.904999999795109, 1159101.825999999884516 ], [ 2536357.75, 1159115.596 ], [ 2536356.048, 1159119.587 ], [ 2536354.597, 1159122.987999999895692 ], [ 2536351.683000000193715, 1159141.038 ], [ 2536359.281, 1159142.302 ], [ 2536359.921999999787658, 1159140.258 ], [ 2536363.574, 1159137.974 ], [ 2536370.122, 1159133.879 ], [ 2536378.492999999783933, 1159123.444 ], [ 2536392.008, 1159111.043 ], [ 2536401.569999999832362, 1159102.269 ], [ 2536402.86200000019744, 1159101.084 ], [ 2536416.775, 1159093.406 ], [ 2536421.707, 1159082.666 ], [ 2536411.954, 1159075.534 ] ] ] ] } },
{ "type": "Feature", "properties": { "ANNEE_DE_R": 2025, "CODE_PROGR": "psArableSoilCoverage", "CODE_UTILI": 521, "IDENTIFICA": "VD_2025_518363", "NOMBRE_ARB": 0, "PROGRAMME": "Couverture appropriée du sol (les cultures principales sur terres ouvertes)", "SHAPE_AREA": 1051.421, "SHAPE_LEN": 347.548, "SURFACE_M2": 2103, "UTILISATIO": "Maïs d'ensilage et maïs vert" }, "geometry": { "type": "MultiPolygon", "coordinates": [ [ [ [ 2536670.845124742481858, 1155750.076389880850911 ], [ 2536674.992999999783933, 1155722.679 ], [ 2536690.265999999828637, 1155643.986 ], [ 2536683.987999999895692, 1155638.992 ], [ 2536669.6, 1155721.763 ], [ 2536664.375155460555106, 1155751.697895934572443 ], [ 2536670.845124742481858, 1155750.076389880850911 ] ] ] ] } },
{ "type": "Feature", "properties": { "ANNEE_DE_R": 2025, "CODE_PROGR": "Bio", "CODE_UTILI": 611, "IDENTIFICA": "VD_2025_496359", "NOMBRE_ARB": 0, "PROGRAMME": "Production bio", "SHAPE_AREA": 12182.419, "SHAPE_LEN": 2105.869, "SURFACE_M2": 24365, "UTILISATIO": "Prairies extensives (sans les pâturages)" }, "geometry": { "type": "MultiPolygon", "coordinates": [ [ [ [ 2536852.481999999843538, 1154756.364 ], [ 2536860.221, 1154726.21 ], [ 2536860.844, 1154727.933999999891967 ], [ 2536862.623000000137836, 1154734.513 ], [ 2536865.108, 1154744.136 ], [ 2536865.407000000122935, 1154747.304 ], [ 2536865.643999999854714, 1154749.808 ], [ 2536866.044000000227243, 1154754.041 ], [ 2536867.268000000156462, 1154766.989 ], [ 2536868.785000000149012, 1154783.041 ], [ 2536871.041999999899417, 1154806.916999999899417 ], [ 2536874.898, 1154848.135 ], [ 2536876.873000000137836, 1154869.253 ], [ 2536877.443, 1154875.271 ], [ 2536880.256, 1154904.989 ], [ 2536883.628, 1154940.617 ], [ 2536884.856999999843538, 1154952.519 ], [ 2536887.549000000115484, 1154978.597 ], [ 2536891.492999999783933, 1155017.354 ], [ 2536891.903, 1155021.385 ], [ 2536892.007000000216067, 1155022.408 ], [ 2536892.211999999824911, 1155024.422 ], [ 2536892.321, 1155025.493 ], [ 2536892.725999999791384, 1155029.473 ], [ 2536897.409, 1155028.051 ], [ 2536893.009999999776483, 1154971.469 ], [ 2536891.359999999869615, 1154950.248 ], [ 2536887.776, 1154904.145 ], [ 2536886.247, 1154884.477999999886379 ], [ 2536883.271999999880791, 1154846.223 ], [ 2536873.896999999880791, 1154725.636 ], [ 2536861.867999999783933, 1154634.216 ], [ 2536859.089999999850988, 1154613.101 ], [ 2536855.514, 1154585.921 ], [ 2536837.100999999791384, 1154600.173 ], [ 2536830.850999999791384, 1154625.673 ], [ 2536828.850999999791384, 1154647.923 ], [ 2536831.171999999787658, 1154673.749 ], [ 2536842.171999999787658, 1154697.749 ], [ 2536851.4, 1154718.051 ], [ 2536846.154, 1154754.448 ], [ 2536831.46100000012666, 1154810.008 ], [ 2536822.437, 1154844.094 ], [ 2536812.085, 1154883.182 ], [ 2536800.596, 1154926.511 ], [ 2536792.813999999780208, 1154955.860000000102445 ], [ 2536777.214000000152737, 1154965.413 ], [ 2536766.346, 1154966.492 ], [ 2536761.106999999843538, 1155022.424000000115484 ], [ 2536754.947000000160187, 1155050.536 ], [ 2536751.447000000160187, 1155074.036 ], [ 2536747.447000000160187, 1155099.536 ], [ 2536743.447000000160187, 1155116.036 ], [ 2536743.231000000145286, 1155127.245000000111759 ], [ 2536733.162, 1155169.339 ], [ 2536731.511, 1155178.465 ], [ 2536730.241, 1155193.314 ], [ 2536730.444999999832362, 1155199.373 ], [ 2536731.171999999787658, 1155221.018 ], [ 2536732.99599999981001, 1155251.696 ], [ 2536734.828000000212342, 1155265.296 ], [ 2536736.677000000141561, 1155274.094 ], [ 2536741.157999999821186, 1155286.807 ], [ 2536753.632000000216067, 1155284.975 ], [ 2536751.91399999987334, 1155283.171 ], [ 2536747.386, 1155275.971 ], [ 2536743.386, 1155262.698 ], [ 2536743.514, 1155246.456 ], [ 2536743.549000000115484, 1155241.99 ], [ 2536743.643000000156462, 1155230.131 ], [ 2536742.734000000171363, 1155179.18 ], [ 2536747.886, 1155143.215 ], [ 2536753.791999999899417, 1155120.446 ], [ 2536756.160999999847263, 1155111.311 ], [ 2536758.535000000149012, 1155102.159 ], [ 2536763.383, 1155075.28 ], [ 2536766.271999999880791, 1155059.263 ], [ 2536768.486, 1155046.67 ], [ 2536769.671, 1155037.168 ], [ 2536772.717999999877065, 1155012.742 ], [ 2536777.187, 1154972.335999999893829 ], [ 2536787.703000000212342, 1154970.044 ], [ 2536793.078000000212342, 1154967.419 ], [ 2536803.384, 1154967.333000000100583 ], [ 2536814.728000000119209, 1154913.548 ], [ 2536817.574, 1154900.804 ], [ 2536819.094, 1154893.68 ], [ 2536822.555000000167638, 1154878.502 ], [ 2536823.96, 1154871.54 ], [ 2536824.409, 1154870.376 ], [ 2536824.785000000149012, 1154868.726 ], [ 2536829.145, 1154849.606 ], [ 2536831.117999999783933, 1154840.955 ], [ 2536833.893000000156462, 1154828.788 ], [ 2536835.659, 1154821.908 ], [ 2536841.322000000160187, 1154799.841 ], [ 2536846.551, 1154779.471 ], [ 2536846.953000000212342, 1154777.903 ], [ 2536852.481999999843538, 1154756.364 ] ] ] ] } },
{ "type": "Feature", "properties": { "ANNEE_DE_R": 2025, "CODE_PROGR": "Bio", "CODE_UTILI": 505, "IDENTIFICA": "VD_2025_496358", "NOMBRE_ARB": 0, "PROGRAMME": "Production bio", "SHAPE_AREA": 50681.247, "SHAPE_LEN": 1267.331, "SURFACE_M2": 304088, "UTILISATIO": "Triticale" }, "geometry": { "type": "MultiPolygon", "coordinates": [ [ [ [ 2536899.244, 1155051.656 ], [ 2536897.517, 1155029.443 ], [ 2536892.725999999791384, 1155029.473 ], [ 2536892.321, 1155025.493 ], [ 2536892.211999999824911, 1155024.422 ], [ 2536892.007000000216067, 1155022.408 ], [ 2536891.903, 1155021.385 ], [ 2536891.492999999783933, 1155017.354 ], [ 2536887.549000000115484, 1154978.597 ], [ 2536884.856999999843538, 1154952.519 ], [ 2536883.628, 1154940.617 ], [ 2536880.256, 1154904.989 ], [ 2536877.443, 1154875.271 ], [ 2536876.873000000137836, 1154869.253 ], [ 2536874.898, 1154848.135 ], [ 2536871.041999999899417, 1154806.916999999899417 ], [ 2536868.785000000149012, 1154783.041 ], [ 2536867.268000000156462, 1154766.989 ], [ 2536866.044000000227243, 1154754.041 ], [ 2536865.643999999854714, 1154749.808 ], [ 2536865.407000000122935, 1154747.304 ], [ 2536865.108, 1154744.136 ], [ 2536862.623000000137836, 1154734.513 ], [ 2536860.844, 1154727.933999999891967 ], [ 2536852.481999999843538, 1154756.364 ], [ 2536846.953000000212342, 1154777.903 ], [ 2536846.551, 1154779.471 ], [ 2536841.322000000160187, 1154799.841 ], [ 2536835.659, 1154821.908 ], [ 2536833.893000000156462, 1154828.788 ], [ 2536831.117999999783933, 1154840.955 ], [ 2536829.145, 1154849.606 ], [ 2536824.785000000149012, 1154868.726 ], [ 2536824.409, 1154870.376 ], [ 2536823.96, 1154871.54 ], [ 2536822.555000000167638, 1154878.502 ], [ 2536819.094, 1154893.68 ], [ 2536817.574, 1154900.804 ], [ 2536814.728000000119209, 1154913.548 ], [ 2536803.384, 1154967.333000000100583 ], [ 2536793.078000000212342, 1154967.419 ], [ 2536787.703000000212342, 1154970.044 ], [ 2536788.867, 1155001.864 ], [ 2536788.569999999832362, 1155004.386 ], [ 2536784.867, 1155035.864 ], [ 2536777.867, 1155077.864 ], [ 2536774.274000000208616, 1155096.102999999886379 ], [ 2536771.367, 1155110.864 ], [ 2536766.978000000119209, 1155128.42 ], [ 2536764.367, 1155138.864 ], [ 2536763.946, 1155141.85 ], [ 2536759.367, 1155174.364 ], [ 2536759.367, 1155215.864 ], [ 2536762.063, 1155246.419 ], [ 2536762.256, 1155248.606 ], [ 2536763.606999999843538, 1155263.915 ], [ 2536763.867, 1155266.864 ], [ 2536764.197000000160187, 1155268.092 ], [ 2536765.492, 1155272.916 ], [ 2536768.157000000122935, 1155282.841 ], [ 2536839.421, 1155272.374 ], [ 2536913.646000000182539, 1155261.472 ], [ 2536915.359000000171363, 1155258.923 ], [ 2536914.375, 1155246.268 ], [ 2536912.341, 1155220.104 ], [ 2536911.972, 1155215.362999999895692 ], [ 2536910.532000000122935, 1155196.839 ], [ 2536909.776999999769032, 1155187.122 ], [ 2536908.404999999795109, 1155169.481 ], [ 2536906.967000000178814, 1155150.986 ], [ 2536905.782000000122935, 1155135.739 ], [ 2536904.231999999843538, 1155115.801 ], [ 2536903.248000000137836, 1155103.147000000113621 ], [ 2536901.884999999776483, 1155085.617 ], [ 2536901.521999999880791, 1155080.946 ], [ 2536899.244, 1155051.656 ] ] ] ] } },
{ "type": "Feature", "properties": { "ANNEE_DE_R": 2025, "CODE_PROGR": "Non", "CODE_UTILI": 613, "IDENTIFICA": "VD_2025_498836", "NOMBRE_ARB": 0, "PROGRAMME": "Aucun programme", "SHAPE_AREA": 7235.468, "SHAPE_LEN": 402.333, "SURFACE_M2": 7236, "UTILISATIO": "Autres prairies permanentes (sans les pâturages)" }, "geometry": { "type": "MultiPolygon", "coordinates": [ [ [ [ 2537174.21100000012666, 1155870.741 ], [ 2537150.808999999891967, 1155863.166 ], [ 2537189.268999999854714, 1155875.616 ], [ 2537174.21100000012666, 1155870.741 ] ] ], [ [ [ 2537080.225528432521969, 1155845.990108878351748 ], [ 2537108.649000000208616, 1155854.526 ], [ 2537150.808999999891967, 1155863.166 ], [ 2537080.225528432521969, 1155845.990108878351748 ] ] ] ] } },
{ "type": "Feature", "properties": { "ANNEE_DE_R": 2025, "CODE_PROGR": "Non", "CODE_UTILI": 611, "IDENTIFICA": "VD_2025_63528", "NOMBRE_ARB": 0, "PROGRAMME": "Aucun programme", "SHAPE_AREA": 12080.598, "SHAPE_LEN": 2290.942, "SURFACE_M2": 12081, "UTILISATIO": "Prairies extensives (sans les pâturages)" }, "geometry": { "type": "MultiPolygon", "coordinates": [ [ [ [ 2536816.200999999884516, 1157829.737 ], [ 2536876.646999999880791, 1157849.775 ], [ 2536902.927000000141561, 1157860.496 ], [ 2536920.771999999880791, 1157867.775 ], [ 2536928.998999999836087, 1157875.482 ], [ 2536930.515999999828637, 1157883.227999999886379 ], [ 2536926.878, 1157891.08 ], [ 2536924.599, 1157892.371 ], [ 2536921.771999999880791, 1157894.65 ], [ 2536915.740000000223517, 1157895.025 ], [ 2536889.200000000186265, 1157886.441000000108033 ], [ 2536888.546, 1157893.354 ], [ 2536889.944999999832362, 1157911.360000000102445 ], [ 2536893.404, 1157964.227999999886379 ], [ 2536898.700999999884516, 1158024.038 ], [ 2536906.691999999806285, 1158118.666 ], [ 2536909.98, 1158154.597 ], [ 2536911.620000000111759, 1158177.382 ], [ 2536913.191000000108033, 1158187.83 ], [ 2536915.188999999780208, 1158196.913 ], [ 2536922.614, 1158215.477 ], [ 2536933.471, 1158241.79 ], [ 2536934.204, 1158238.762000000104308 ], [ 2536931.097, 1158229.767 ], [ 2536928.654999999795109, 1158226.118 ], [ 2536924.028, 1158213.112 ], [ 2536920.68099999986589, 1158206.628 ], [ 2536918.847, 1158199.968000000109896 ], [ 2536917.295, 1158197.18 ], [ 2536915.623999999836087, 1158189.635 ], [ 2536915.285000000149012, 1158187.768 ], [ 2536913.253, 1158176.58 ], [ 2536913.169000000227243, 1158174.695 ], [ 2536911.686000000219792, 1158156.075 ], [ 2536908.372, 1158118.182 ], [ 2536902.563, 1158049.16 ], [ 2536901.316999999806285, 1158035.362 ], [ 2536900.359999999869615, 1158016.023 ], [ 2536899.639, 1158012.84 ], [ 2536893.00400000018999, 1157925.034 ], [ 2536890.651999999769032, 1157893.913 ], [ 2536891.498999999836087, 1157891.223 ], [ 2536916.444999999832362, 1157897.725 ], [ 2536926.5, 1157899.210999999893829 ], [ 2536929.827, 1157899.205 ], [ 2536935.265000000130385, 1157880.812 ], [ 2536934.108, 1157872.308999999891967 ], [ 2536927.640000000130385, 1157864.874 ], [ 2536919.515000000130385, 1157860.187 ], [ 2536904.778, 1157853.886 ], [ 2536901.390000000130385, 1157852.437 ], [ 2536867.265000000130385, 1157840.749 ], [ 2536865.805000000167638, 1157840.301 ], [ 2536817.454, 1157825.454 ], [ 2536816.200999999884516, 1157829.737 ] ] ], [ [ [ 2536965.756, 1158313.371 ], [ 2536974.318, 1158331.121 ], [ 2536978.068, 1158329.183999999891967 ], [ 2536980.693, 1158334.746 ], [ 2536991.628, 1158329.964 ], [ 2536990.381, 1158324.621 ], [ 2536993.193, 1158322.808999999891967 ], [ 2536994.818, 1158328.808999999891967 ], [ 2537016.822999999858439, 1158318.946 ], [ 2537031.430000000167638, 1158315.045 ], [ 2537040.390000000130385, 1158315.682 ], [ 2537048.850999999791384, 1158318.981 ], [ 2537053.299999999813735, 1158321.656 ], [ 2537064.393999999854714, 1158328.325999999884516 ], [ 2537095.932, 1158347.288 ], [ 2537101.529, 1158347.492 ], [ 2537096.339000000152737, 1158329.145 ], [ 2537085.026999999769032, 1158298.166 ], [ 2537080.901999999769032, 1158285.727999999886379 ], [ 2537080.214000000152737, 1158276.352999999886379 ], [ 2537077.776999999769032, 1158225.477999999886379 ], [ 2537076.384, 1158178.517 ], [ 2537076.327, 1158163.739 ], [ 2537072.074, 1158163.585999999893829 ], [ 2537069.06, 1158158.715 ], [ 2537069.126999999862164, 1158154.812 ], [ 2537049.938999999780208, 1158133.877 ], [ 2537028.021999999880791, 1158111.862 ], [ 2537011.392, 1158099.761 ], [ 2537007.605, 1158097.004999999888241 ], [ 2536994.449, 1158088.966 ], [ 2536988.307, 1158079.643 ], [ 2536989.416999999899417, 1158037.504999999888241 ], [ 2536989.524000000208616, 1158033.423 ], [ 2536989.583000000100583, 1158031.176 ], [ 2536989.023, 1158010.618 ], [ 2536988.986, 1158008.927 ], [ 2536988.933000000193715, 1158007.308 ], [ 2536988.359999999869615, 1157989.638 ], [ 2536988.376999999862164, 1157988.312 ], [ 2536988.543, 1157975.629 ], [ 2536988.596, 1157971.558 ], [ 2536988.615000000223517, 1157970.091 ], [ 2536989.543, 1157957.243 ], [ 2536991.566999999806285, 1157957.102999999886379 ], [ 2536992.336999999824911, 1157955.985000000102445 ], [ 2536995.288000000175089, 1157955.071 ], [ 2536996.228000000119209, 1157954.591 ], [ 2536999.062, 1157953.456 ], [ 2537008.808999999891967, 1157951.178 ], [ 2537008.73700000019744, 1157936.145 ], [ 2537008.901999999769032, 1157926.002 ], [ 2537009.765000000130385, 1157907.406999999890104 ], [ 2536992.572000000160187, 1157905.401 ], [ 2536990.901999999769032, 1157906.53 ], [ 2536994.776999999769032, 1157927.459 ], [ 2536994.799999999813735, 1157928.92 ], [ 2536994.91399999987334, 1157936.077 ], [ 2536995.054, 1157944.932 ], [ 2536979.61200000019744, 1157954.202 ], [ 2536981.279, 1158083.702 ], [ 2536998.011, 1158100.671 ], [ 2537013.529, 1158112.702 ], [ 2537033.279, 1158133.952 ], [ 2537045.233, 1158150.864 ], [ 2537049.23, 1158163.359 ], [ 2537050.779, 1158168.202 ], [ 2537056.713, 1158187.678 ], [ 2537060.197000000160187, 1158208.526 ], [ 2537064.279, 1158232.952 ], [ 2537066.779, 1158256.452 ], [ 2537016.634, 1158282.839 ], [ 2537011.904, 1158285.328 ], [ 2536997.541000000201166, 1158293.99 ], [ 2536973.12099999981001, 1158308.718000000109896 ], [ 2536966.771999999880791, 1158312.752 ], [ 2536965.756, 1158313.371 ] ] ] ] } },
{ "type": "Feature", "properties": { "ANNEE_DE_R": 2025, "CODE_PROGR": "psGmf", "CODE_UTILI": 613, "IDENTIFICA": "VD_2025_47739", "NOMBRE_ARB": 0, "PROGRAMME": "Production de lait et de viande basée sur les herbages", "SHAPE_AREA": 25712.898, "SHAPE_LEN": 1568.639, "SURFACE_M2": 25713, "UTILISATIO": "Autres prairies permanentes (sans les pâturages)" }, "geometry": { "type": "MultiPolygon", "coordinates": [ [ [ [ 2536724.955, 1158743.935 ], [ 2536727.876000000163913, 1158749.382 ], [ 2536735.376000000163913, 1158745.382 ], [ 2536823.298, 1159147.477 ], [ 2536825.458999999798834, 1159146.65 ], [ 2536839.100999999791384, 1159140.949 ], [ 2536840.063, 1159140.547 ], [ 2536826.876000000163913, 1158883.882 ], [ 2536786.876000000163913, 1158676.382 ], [ 2536796.85, 1158673.210999999893829 ], [ 2536835.65, 1158883.156999999890104 ], [ 2536845.313999999780208, 1158882.223 ], [ 2536810.73700000019744, 1158708.425 ], [ 2536792.671999999787658, 1158614.833000000100583 ], [ 2536786.106000000145286, 1158615.075 ], [ 2536783.924000000115484, 1158620.115 ], [ 2536777.816000000108033, 1158634.227 ], [ 2536777.342999999877065, 1158635.787 ], [ 2536772.538000000175089, 1158651.499 ], [ 2536767.845000000204891, 1158663.207 ], [ 2536761.801, 1158674.223 ], [ 2536750.796, 1158694.835999999893829 ], [ 2536750.19400000013411, 1158695.952 ], [ 2536743.687, 1158712.253 ], [ 2536742.896000000182539, 1158714.234 ], [ 2536724.955, 1158743.935 ] ] ] ] } },
{ "type": "Feature", "properties": { "ANNEE_DE_R": 2025, "CODE_PROGR": "psGmf", "CODE_UTILI": 617, "IDENTIFICA": "VD_2025_147640", "NOMBRE_ARB": 1, "PROGRAMME": "Production de lait et de viande basée sur les herbages", "SHAPE_AREA": 16903.341, "SHAPE_LEN": 966.52, "SURFACE_M2": 16904, "UTILISATIO": "Pâturages extensifs" }, "geometry": { "type": "MultiPolygon", "coordinates": [ [ [ [ 2537050.74599999981001, 1158855.764999999897555 ], [ 2537069.881, 1158884.308999999891967 ], [ 2537070.67, 1158882.294 ], [ 2537078.281, 1158869.855 ], [ 2537088.27, 1158860.883 ], [ 2537099.561000000219792, 1158854.009 ], [ 2537113.248999999836087, 1158850.197 ], [ 2537109.430000000167638, 1158832.213 ], [ 2537106.356000000145286, 1158817.453 ], [ 2537102.31, 1158798.021 ], [ 2537102.08600000012666, 1158796.942 ], [ 2537101.50400000018999, 1158794.147000000113621 ], [ 2537101.182, 1158792.604 ], [ 2537100.943, 1158791.457 ], [ 2537100.302999999839813, 1158788.384 ], [ 2537099.916999999899417, 1158786.528 ], [ 2537102.714000000152737, 1158781.401 ], [ 2537107.913000000175089, 1158771.873 ], [ 2537112.114, 1158764.174000000115484 ], [ 2537108.602, 1158759.78 ], [ 2537102.057, 1158751.591 ], [ 2537086.464999999850988, 1158732.082 ], [ 2537083.509, 1158728.384 ], [ 2537076.362999999895692, 1158720.874 ], [ 2537064.437, 1158708.34 ], [ 2537063.112999999895692, 1158705.952 ], [ 2537061.563999999780208, 1158703.158 ], [ 2537046.614, 1158656.674000000115484 ], [ 2537043.049999999813735, 1158627.679 ], [ 2537043.299000000115484, 1158623.164000000106171 ], [ 2537043.430000000167638, 1158620.794 ], [ 2537043.552000000141561, 1158618.582 ], [ 2537043.728000000119209, 1158615.392 ], [ 2537043.92, 1158611.916 ], [ 2537045.049999999813735, 1158591.429 ], [ 2537041.065, 1158564.071 ], [ 2537029.427999999839813, 1158553.256 ], [ 2537028.427999999839813, 1158543.506 ], [ 2537036.639, 1158529.710999999893829 ], [ 2537040.764, 1158525.710999999893829 ], [ 2537044.041000000201166, 1158518.346 ], [ 2537045.416000000201166, 1158514.846 ], [ 2537044.200999999884516, 1158498.774 ], [ 2537048.579, 1158482.976 ], [ 2537063.132000000216067, 1158468.584 ], [ 2537061.44400000013411, 1158467.222 ], [ 2537058.595000000204891, 1158464.973 ], [ 2537056.197999999858439, 1158462.99 ], [ 2537045.997, 1158459.847 ], [ 2537038.671999999787658, 1158457.883 ], [ 2537029.867999999783933, 1158456.464 ], [ 2537022.117999999783933, 1158472.464 ], [ 2537021.117999999783933, 1158522.714 ], [ 2537014.867999999783933, 1158533.214 ], [ 2537002.588, 1158539.003 ], [ 2537011.211999999824911, 1158607.178 ], [ 2537050.74599999981001, 1158855.764999999897555 ] ] ] ] } },
{ "type": "Feature", "properties": { "ANNEE_DE_R": 2025, "CODE_PROGR": "Bio", "CODE_UTILI": 611, "IDENTIFICA": "VD_2025_517443", "NOMBRE_ARB": 0, "PROGRAMME": "Production bio", "SHAPE_AREA": 1506.692, "SHAPE_LEN": 335.094, "SURFACE_M2": 3014, "UTILISATIO": "Prairies extensives (sans les pâturages)" }, "geometry": { "type": "MultiPolygon", "coordinates": [ [ [ [ 2538440.69, 1153122.963 ], [ 2538442.566000000108033, 1153128.174000000115484 ], [ 2538448.089000000152737, 1153138.908 ], [ 2538458.302000000141561, 1153139.012000000104308 ], [ 2538458.511, 1153125.047 ], [ 2538445.484000000171363, 1153113.583000000100583 ], [ 2538440.69, 1153122.963 ] ] ], [ [ [ 2538455.038000000175089, 1153141.804 ], [ 2538446.742, 1153141.158 ], [ 2538445.373999999836087, 1153150.166999999899417 ], [ 2538431.765000000130385, 1153156.318 ], [ 2538430.724, 1153165.213 ], [ 2538442.741, 1153166.443 ], [ 2538454.758, 1153168.619 ], [ 2538465.841, 1153171.204 ], [ 2538458.503, 1153160.552 ], [ 2538466.551, 1153156.055 ], [ 2538459.882000000216067, 1153141.541 ], [ 2538455.038000000175089, 1153141.804 ] ] ], [ [ [ 2538582.447000000160187, 1153186.710999999893829 ], [ 2538594.450999999884516, 1153198.82 ], [ 2538600.453000000212342, 1153193.344 ], [ 2538585.606000000145286, 1153183.656999999890104 ], [ 2538582.447000000160187, 1153186.710999999893829 ] ] ], [ [ [ 2538559.859999999869615, 1153183.141 ], [ 2538554.625, 1153191.903 ], [ 2538548.936000000219792, 1153195.317 ], [ 2538547.798, 1153200.21 ], [ 2538548.253, 1153202.372 ], [ 2538550.984000000171363, 1153205.786 ], [ 2538558.722, 1153212.272000000113621 ], [ 2538568.734999999869615, 1153204.989 ], [ 2538569.304, 1153196.227 ], [ 2538564.98, 1153191.789000000106171 ], [ 2538568.393999999854714, 1153182.003 ], [ 2538568.166000000201166, 1153176.2 ], [ 2538559.74599999981001, 1153175.517 ], [ 2538559.859999999869615, 1153183.141 ] ] ] ] } },
{ "type": "Feature", "properties": { "ANNEE_DE_R": 2025, "CODE_PROGR": "Non", "CODE_UTILI": 901, "IDENTIFICA": "VD_2025_86253", "NOMBRE_ARB": 0, "PROGRAMME": "Aucun programme", "SHAPE_AREA": 7674.142, "SHAPE_LEN": 577.273, "SURFACE_M2": 7675, "UTILISATIO": "Forêt" }, "geometry": { "type": "MultiPolygon", "coordinates": [ [ [ [ 2539401.639, 1160059.859 ], [ 2539399.359000000171363, 1160063.839 ], [ 2539395.98, 1160065.489 ], [ 2539391.450000000186265, 1160066.949 ], [ 2539384.73, 1160071.17 ], [ 2539399.808999999891967, 1160064.379 ], [ 2539401.639, 1160059.859 ] ] ], [ [ [ 2539410.058999999891967, 1160057.799000000115484 ], [ 2539406.12900000018999, 1160057.739 ], [ 2539401.639, 1160059.859 ], [ 2539410.058999999891967, 1160057.799000000115484 ] ] ], [ [ [ 2539412.359000000171363, 1160052.499 ], [ 2539412.065334617160261, 1160049.918304212391376 ], [ 2539411.549000000115484, 1160052.139 ], [ 2539410.058999999891967, 1160057.799000000115484 ], [ 2539412.359000000171363, 1160052.499 ] ] ], [ [ [ 2539426.37900000018999, 1160021.359 ], [ 2539425.97318547591567, 1160019.408982157008722 ], [ 2539425.62900000018999, 1160021.399 ], [ 2539428.009, 1160025.299000000115484 ], [ 2539426.37900000018999, 1160021.359 ] ] ], [ [ [ 2539430.339000000152737, 1160010.925 ], [ 2539430.338418494910002, 1160010.920871181879193 ], [ 2539430.338546587154269, 1160010.925645514624193 ], [ 2539430.339000000152737, 1160010.925 ] ] ], [ [ [ 2539429.792091045994312, 1159992.96286015608348 ], [ 2539427.978000000119209, 1159993.179 ], [ 2539427.282361214514822, 1159993.833718857029453 ], [ 2539429.792091045994312, 1159992.96286015608348 ] ] ], [ [ [ 2539434.784299010876566, 1159985.249843165744096 ], [ 2539433.248000000137836, 1159987.578 ], [ 2539433.30159186758101, 1159989.994506024289876 ], [ 2539434.784299010876566, 1159985.249843165744096 ] ] ], [ [ [ 2539343.909904670901597, 1160123.112203722121194 ], [ 2539345.050413710065186, 1160122.757131515536457 ], [ 2539343.221, 1160121.361 ], [ 2539340.781, 1160122.991 ], [ 2539340.661655656062067, 1160124.123474045656621 ], [ 2539343.909904670901597, 1160123.112203722121194 ] ] ], [ [ [ 2539348.580999999772757, 1160121.45 ], [ 2539348.769645159132779, 1160120.133333786856383 ], [ 2539348.221, 1160121.061 ], [ 2539347.352633080910891, 1160121.925655949162319 ], [ 2539348.580999999772757, 1160121.45 ] ] ], [ [ [ 2539356.862088636960834, 1160092.631717521930113 ], [ 2539356.589999999850988, 1160096.129999999888241 ], [ 2539358.589999999850988, 1160099.66 ], [ 2539358.888709622435272, 1160100.368415170582011 ], [ 2539356.862088636960834, 1160092.631717521930113 ] ] ], [ [ [ 2539373.359999999869615, 1160080.52 ], [ 2539368.549999999813735, 1160080.870000000111759 ], [ 2539365.160000000149012, 1160081.51 ], [ 2539373.359999999869615, 1160080.52 ] ] ], [ [ [ 2539378.96, 1160076.15 ], [ 2539378.554504866246134, 1160074.744861782994121 ], [ 2539378.44, 1160075.72 ], [ 2539377.891030581668019, 1160075.698387030744925 ], [ 2539378.96, 1160076.15 ] ] ], [ [ [ 2539384.73, 1160071.17 ], [ 2539383.279999999795109, 1160070.1 ], [ 2539379.5, 1160069.129999999888241 ], [ 2539377.089999999850988, 1160069.67 ], [ 2539384.73, 1160071.17 ] ] ] ] } },
{ "type": "Feature", "properties": { "ANNEE_DE_R": 2025, "CODE_PROGR": "psmArableFarming", "CODE_UTILI": 513, "IDENTIFICA": "VD_2025_208134", "NOMBRE_ARB": 0, "PROGRAMME": "Non-recours aux produits phytosanitaires dans les grandes cultures", "SHAPE_AREA": 9513.855, "SHAPE_LEN": 440.644, "SURFACE_M2": 28542, "UTILISATIO": "Blé d'automne (sans blé fourrager de la liste swiss granum)" }, "geometry": { "type": "MultiPolygon", "coordinates": [ [ [ [ 2539743.654, 1159945.33 ], [ 2539740.794000000227243, 1159939.092 ], [ 2539725.498999999836087, 1159955.392 ], [ 2539696.740000000223517, 1159984.147000000113621 ], [ 2539761.457, 1160127.222 ], [ 2539778.711999999824911, 1160108.161 ], [ 2539778.997, 1160106.49 ], [ 2539781.180000000167638, 1160103.958000000100583 ], [ 2539784.637000000104308, 1160100.751 ], [ 2539786.26299999980256, 1160099.82 ], [ 2539806.296, 1160077.69 ], [ 2539777.615000000223517, 1160010.59 ], [ 2539743.654, 1159945.33 ] ] ] ] } },
{ "type": "Feature", "properties": { "ANNEE_DE_R": 2025, "CODE_PROGR": "psGmf", "CODE_UTILI": 613, "IDENTIFICA": "VD_2025_208135", "NOMBRE_ARB": 1, "PROGRAMME": "Production de lait et de viande basée sur les herbages", "SHAPE_AREA": 4771.549, "SHAPE_LEN": 398.096, "SURFACE_M2": 4772, "UTILISATIO": "Autres prairies permanentes (sans les pâturages)" }, "geometry": { "type": "MultiPolygon", "coordinates": [ [ [ [ 2539777.615000000223517, 1160010.59 ], [ 2539802.295, 1160003.2 ], [ 2539801.239, 1159999.503 ], [ 2539817.009999999776483, 1159994.081 ], [ 2539815.197999999858439, 1159989.144 ], [ 2539805.676, 1159967.894 ], [ 2539814.427999999839813, 1159962.725 ], [ 2539813.808000000193715, 1159959.599 ], [ 2539840.31, 1159952.555 ], [ 2539844.950999999884516, 1159949.996 ], [ 2539846.950999999884516, 1159946.746 ], [ 2539829.848000000230968, 1159927.404 ], [ 2539825.674999999813735, 1159931.804 ], [ 2539821.08, 1159933.253 ], [ 2539801.19400000013411, 1159939.523 ], [ 2539779.867, 1159946.247 ], [ 2539774.274000000208616, 1159948.01 ], [ 2539772.02, 1159945.397000000113621 ], [ 2539763.423, 1159935.427 ], [ 2539733.106999999843538, 1159900.287 ], [ 2539728.133, 1159918.262000000104308 ], [ 2539728.784, 1159919.446 ], [ 2539731.281, 1159923.647000000113621 ], [ 2539732.248000000137836, 1159925.274 ], [ 2539741.767, 1159938.097 ], [ 2539740.794000000227243, 1159939.092 ], [ 2539743.654, 1159945.33 ], [ 2539777.615000000223517, 1160010.59 ] ] ] ] } },
{ "type": "Feature", "properties": { "ANNEE_DE_R": 2025, "CODE_PROGR": "Bio", "CODE_UTILI": 611, "IDENTIFICA": "VD_2025_402535", "NOMBRE_ARB": 13, "PROGRAMME": "Production bio", "SHAPE_AREA": 1950.326, "SHAPE_LEN": 174.53, "SURFACE_M2": 3901, "UTILISATIO": "Prairies extensives (sans les pâturages)" }, "geometry": { "type": "MultiPolygon", "coordinates": [ [ [ [ 2540065.626999999862164, 1153071.111 ], [ 2540056.622, 1153064.099 ], [ 2540015.122, 1153076.724 ], [ 2540028.884, 1153102.195 ], [ 2540036.05599999986589, 1153118.592 ], [ 2540073.68099999986589, 1153101.092 ], [ 2540072.543, 1153089.611 ], [ 2540068.043, 1153080.528 ], [ 2540065.626999999862164, 1153071.111 ] ] ] ] } },
{ "type": "Feature", "properties": { "ANNEE_DE_R": 2025, "CODE_PROGR": "Bio", "CODE_UTILI": 613, "IDENTIFICA": "VD_2025_148371", "NOMBRE_ARB": 7, "PROGRAMME": "Production bio", "SHAPE_AREA": 37942.893, "SHAPE_LEN": 1174.824, "SURFACE_M2": 75886, "UTILISATIO": "Autres prairies permanentes (sans les pâturages)" }, "geometry": { "type": "MultiPolygon", "coordinates": [ [ [ [ 2540190.61389140272513, 1156941.669501587748528 ], [ 2540199.941000000108033, 1156961.651 ], [ 2540231.452, 1156956.4 ], [ 2540264.592000000178814, 1156945.379 ], [ 2540284.012000000104308, 1156932.008 ], [ 2540285.379999999888241, 1156931.246 ], [ 2540294.086999999824911, 1156926.396 ], [ 2540285.705687586218119, 1156892.390058184973896 ], [ 2540190.61389140272513, 1156941.669501587748528 ] ] ] ] } },
{ "type": "Feature", "properties": { "ANNEE_DE_R": 2025, "CODE_PROGR": "psGmf", "CODE_UTILI": 613, "IDENTIFICA": "VD_2025_88571", "NOMBRE_ARB": 15, "PROGRAMME": "Production de lait et de viande basée sur les herbages", "SHAPE_AREA": 5789.587, "SHAPE_LEN": 473.125, "SURFACE_M2": 5790, "UTILISATIO": "Autres prairies permanentes (sans les pâturages)" }, "geometry": { "type": "MultiPolygon", "coordinates": [ [ [ [ 2540084.964000000152737, 1160183.81 ], [ 2540059.694999999832362, 1160213.364 ], [ 2540035.964000000152737, 1160241.117 ], [ 2540009.634, 1160272.224 ], [ 2539989.279999999795109, 1160296.271 ], [ 2540003.151999999769032, 1160320.158 ], [ 2540004.878, 1160322.805 ], [ 2540008.058000000193715, 1160323.105 ], [ 2540056.617, 1160276.534 ], [ 2540065.052999999839813, 1160267.615 ], [ 2540054.112999999895692, 1160251.710999999893829 ], [ 2540057.862999999895692, 1160247.460999999893829 ], [ 2540055.362999999895692, 1160245.210999999893829 ], [ 2540065.174999999813735, 1160235.710999999893829 ], [ 2540075.969, 1160245.338 ], [ 2540072.205, 1160249.352 ], [ 2540067.796, 1160256.338 ], [ 2540065.546, 1160259.088 ], [ 2540068.171, 1160261.838 ], [ 2540069.56900000013411, 1160262.84 ], [ 2540077.668, 1160254.276 ], [ 2540081.477, 1160250.25 ], [ 2540087.886, 1160243.473 ], [ 2540089.856000000145286, 1160239.665 ], [ 2540090.879999999888241, 1160237.686 ], [ 2540092.191999999806285, 1160235.149 ], [ 2540094.154, 1160231.358 ], [ 2540100.116, 1160219.833000000100583 ], [ 2540122.617, 1160197.556 ], [ 2540091.416000000201166, 1160176.264999999897555 ], [ 2540084.964000000152737, 1160183.81 ] ] ] ] } },
{ "type": "Feature", "properties": { "ANNEE_DE_R": 2025, "CODE_PROGR": "Bio", "CODE_UTILI": 559, "IDENTIFICA": "VD_2025_501962", "NOMBRE_ARB": 0, "PROGRAMME": "Production bio", "SHAPE_AREA": 778.118, "SHAPE_LEN": 272.829, "SURFACE_M2": 2335, "UTILISATIO": "Ourlet sur terres assolées" }, "geometry": { "type": "MultiPolygon", "coordinates": [ [ [ [ 2540123.683000000193715, 1160031.715 ], [ 2540113.717000000178814, 1160021.155 ], [ 2540107.416000000201166, 1160023.189 ], [ 2540197.822999999858439, 1160118.993 ], [ 2540201.903, 1160114.6 ], [ 2540197.583000000100583, 1160110.022000000113621 ], [ 2540194.352, 1160106.598 ], [ 2540188.544000000227243, 1160100.444 ], [ 2540184.202, 1160095.843000000109896 ], [ 2540178.724, 1160090.038 ], [ 2540177.008, 1160088.22 ], [ 2540175.904, 1160087.051 ], [ 2540172.329, 1160083.263 ], [ 2540169.896999999880791, 1160080.685 ], [ 2540156.365000000223517, 1160066.346 ], [ 2540141.631, 1160050.734 ], [ 2540129.981000000145286, 1160038.389 ], [ 2540128.603000000119209, 1160036.928 ], [ 2540123.683000000193715, 1160031.715 ] ] ] ] } },
{ "type": "Feature", "properties": { "ANNEE_DE_R": 2025, "CODE_PROGR": "Bio", "CODE_UTILI": 611, "IDENTIFICA": "VD_2025_431710", "NOMBRE_ARB": 3, "PROGRAMME": "Production bio", "SHAPE_AREA": 2218.462, "SHAPE_LEN": 679.573, "SURFACE_M2": 2219, "UTILISATIO": "Prairies extensives (sans les pâturages)" }, "geometry": { "type": "MultiPolygon", "coordinates": [ [ [ [ 2540617.416999999899417, 1153430.001 ], [ 2540599.867999999783933, 1153426.612 ], [ 2540567.091, 1153416.558999999891967 ], [ 2540549.830999999772757, 1153411.264999999897555 ], [ 2540544.981999999843538, 1153409.582 ], [ 2540522.063, 1153401.627 ], [ 2540493.745000000111759, 1153386.766 ], [ 2540477.916000000201166, 1153378.459 ], [ 2540474.259999999776483, 1153379.386 ], [ 2540471.529999999795109, 1153380.347 ], [ 2540482.21, 1153411.737 ], [ 2540485.062, 1153418.198 ], [ 2540489.724, 1153428.267 ], [ 2540501.312, 1153455.006 ], [ 2540500.79, 1153467.763 ], [ 2540504.566999999806285, 1153475.28 ], [ 2540516.066999999806285, 1153500.03 ], [ 2540519.579, 1153506.717 ], [ 2540524.816999999806285, 1153512.78 ], [ 2540537.566999999806285, 1153525.78 ], [ 2540553.893999999854714, 1153543.308 ], [ 2540558.034, 1153548.453 ], [ 2540570.467000000178814, 1153550.641 ], [ 2540562.835, 1153540.543 ], [ 2540545.531, 1153525.286 ], [ 2540543.421999999787658, 1153523.121 ], [ 2540539.424999999813735, 1153519.019 ], [ 2540537.532000000122935, 1153517.075999999884516 ], [ 2540526.531, 1153505.786 ], [ 2540515.031, 1153475.786 ], [ 2540507.487999999895692, 1153455.117 ], [ 2540505.321, 1153449.752 ], [ 2540497.19, 1153427.95 ], [ 2540485.805000000167638, 1153397.427 ], [ 2540602.424999999813735, 1153429.373 ], [ 2540616.48, 1153433.223 ], [ 2540617.416999999899417, 1153430.001 ] ] ] ] } },
{ "type": "Feature", "properties": { "ANNEE_DE_R": 2025, "CODE_PROGR": "Bio", "CODE_UTILI": 601, "IDENTIFICA": "VD_2025_431691", "NOMBRE_ARB": 0, "PROGRAMME": "Production bio", "SHAPE_AREA": 6308.866, "SHAPE_LEN": 671.79, "SURFACE_M2": 12618, "UTILISATIO": "Prairies artificielles (sans les pâturages)" }, "geometry": { "type": "MultiPolygon", "coordinates": [ [ [ [ 2540695.798, 1153348.381 ], [ 2540689.173, 1153327.506 ], [ 2540680.423, 1153332.506 ], [ 2540673.151999999769032, 1153334.116 ], [ 2540672.966, 1153336.991 ], [ 2540672.833000000100583, 1153339.237 ], [ 2540672.383, 1153346.838 ], [ 2540672.025, 1153353.675 ], [ 2540671.526, 1153361.295 ], [ 2540670.501000000163913, 1153378.6 ], [ 2540676.324, 1153388.45 ], [ 2540677.418, 1153390.301 ], [ 2540679.291000000201166, 1153393.469 ], [ 2540680.028, 1153394.716 ], [ 2540682.217999999877065, 1153398.421 ], [ 2540683.174000000115484, 1153400.038 ], [ 2540684.96, 1153403.058999999891967 ], [ 2540693.390000000130385, 1153417.32 ], [ 2540704.245000000111759, 1153435.683 ], [ 2540714.258, 1153450.698 ], [ 2540727.183999999891967, 1153470.081 ], [ 2540739.648, 1153488.772000000113621 ], [ 2540756.035999999847263, 1153513.347 ], [ 2540771.795, 1153536.979 ], [ 2540794.623000000137836, 1153557.78 ], [ 2540807.105, 1153569.154 ], [ 2540824.666000000201166, 1153585.155 ], [ 2540827.16399999987334, 1153587.431 ], [ 2540837.947000000160187, 1153594.812 ], [ 2540844.623999999836087, 1153590.036 ], [ 2540855.066999999806285, 1153582.566000000108033 ], [ 2540827.234999999869615, 1153561.739 ], [ 2540807.242, 1153546.778 ], [ 2540786.645, 1153526.207 ], [ 2540781.742, 1153521.308999999891967 ], [ 2540779.873999999836087, 1153519.004 ], [ 2540778.659, 1153517.504999999888241 ], [ 2540771.143000000156462, 1153508.232 ], [ 2540750.742, 1153483.058999999891967 ], [ 2540743.9, 1153469.474 ], [ 2540730.492, 1153442.851 ], [ 2540714.009, 1153401.833000000100583 ], [ 2540711.747, 1153396.205 ], [ 2540711.169000000227243, 1153394.473 ], [ 2540710.328000000212342, 1153391.950999999884516 ], [ 2540707.15, 1153382.42 ], [ 2540700.159, 1153361.457 ], [ 2540698.946, 1153357.82 ], [ 2540695.798, 1153348.381 ] ] ] ] } },
{ "type": "Feature", "properties": { "ANNEE_DE_R": 2025, "CODE_PROGR": "Bio", "CODE_UTILI": 601, "IDENTIFICA": "VD_2025_431701", "NOMBRE_ARB": 0, "PROGRAMME": "Production bio", "SHAPE_AREA": 10515.323, "SHAPE_LEN": 481.887, "SURFACE_M2": 21031, "UTILISATIO": "Prairies artificielles (sans les pâturages)" }, "geometry": { "type": "MultiPolygon", "coordinates": [ [ [ [ 2540610.702, 1153761.604 ], [ 2540595.853000000119209, 1153737.376 ], [ 2540497.583000000100583, 1153753.960999999893829 ], [ 2540445.578000000212342, 1153762.737999999895692 ], [ 2540438.815, 1153805.868 ], [ 2540436.369, 1153821.469 ], [ 2540489.126999999862164, 1153814.562 ], [ 2540555.125, 1153805.922 ], [ 2540563.484999999869615, 1153804.828 ], [ 2540594.416000000201166, 1153800.779 ], [ 2540634.728000000119209, 1153795.501 ], [ 2540621.663000000175089, 1153777.67 ], [ 2540614.853000000119209, 1153768.376 ], [ 2540610.702, 1153761.604 ] ] ] ] } },
{ "type": "Feature", "properties": { "ANNEE_DE_R": 2025, "CODE_PROGR": "Bio", "CODE_UTILI": 611, "IDENTIFICA": "VD_2025_431687", "NOMBRE_ARB": 1, "PROGRAMME": "Production bio", "SHAPE_AREA": 5585.097, "SHAPE_LEN": 537.43, "SURFACE_M2": 5586, "UTILISATIO": "Prairies extensives (sans les pâturages)" }, "geometry": { "type": "MultiPolygon", "coordinates": [ [ [ [ 2540709.518999999854714, 1153499.784 ], [ 2540716.018999999854714, 1153515.534 ], [ 2540714.123999999836087, 1153527.248 ], [ 2540713.308000000193715, 1153532.293 ], [ 2540708.5, 1153543.460999999893829 ], [ 2540699.42, 1153564.116 ], [ 2540696.268999999854714, 1153571.284 ], [ 2540625.268999999854714, 1153560.284 ], [ 2540570.467000000178814, 1153550.641 ], [ 2540558.034, 1153548.453 ], [ 2540563.365000000223517, 1153557.396 ], [ 2540564.595000000204891, 1153559.450999999884516 ], [ 2540569.041999999899417, 1153569.013 ], [ 2540570.784, 1153573.26 ], [ 2540585.259999999776483, 1153573.189 ], [ 2540593.543, 1153573.149 ], [ 2540598.467999999877065, 1153574.007 ], [ 2540602.552000000141561, 1153574.719 ], [ 2540605.916999999899417, 1153577.460999999893829 ], [ 2540612.234999999869615, 1153579.414000000106171 ], [ 2540690.026, 1153591.899 ], [ 2540694.994, 1153591.814 ], [ 2540699.04, 1153584.734 ], [ 2540759.76299999980256, 1153559.467 ], [ 2540766.759999999776483, 1153553.463 ], [ 2540758.483, 1153544.625 ], [ 2540741.01299999980256, 1153525.967 ], [ 2540717.268999999854714, 1153497.284 ], [ 2540709.518999999854714, 1153499.784 ] ] ] ] } },
{ "type": "Feature", "properties": { "ANNEE_DE_R": 2025, "CODE_PROGR": "Bio", "CODE_UTILI": 703, "IDENTIFICA": "VD_2025_454786", "NOMBRE_ARB": 0, "PROGRAMME": "Production bio", "SHAPE_AREA": 4115.352, "SHAPE_LEN": 293.732, "SURFACE_M2": 12347, "UTILISATIO": "Cultures fruitières (poires)" }, "geometry": { "type": "MultiPolygon", "coordinates": [ [ [ [ 2540746.893999999854714, 1153688.128 ], [ 2540742.063999999780208, 1153668.683 ], [ 2540724.05599999986589, 1153674.427 ], [ 2540720.239, 1153675.644 ], [ 2540705.646999999880791, 1153680.298 ], [ 2540712.637000000104308, 1153707.465 ], [ 2540717.301, 1153725.588 ], [ 2540719.461999999824911, 1153733.142 ], [ 2540733.813999999780208, 1153783.3 ], [ 2540740.433000000193715, 1153782.176 ], [ 2540769.99599999981001, 1153777.158 ], [ 2540746.893999999854714, 1153688.128 ] ] ] ] } },
{ "type": "Feature", "properties": { "ANNEE_DE_R": 2025, "CODE_PROGR": "Bio", "CODE_UTILI": 613, "IDENTIFICA": "VD_2025_431685", "NOMBRE_ARB": 2, "PROGRAMME": "Production bio", "SHAPE_AREA": 4558.189, "SHAPE_LEN": 925.018, "SURFACE_M2": 4559, "UTILISATIO": "Autres prairies permanentes (sans les pâturages)" }, "geometry": { "type": "MultiPolygon", "coordinates": [ [ [ [ 2540802.125, 1153653.607 ], [ 2540799.222, 1153647.31 ], [ 2540794.631, 1153646.632 ], [ 2540793.06900000013411, 1153646.382 ], [ 2540777.69400000013411, 1153648.82 ], [ 2540730.62099999981001, 1153664.808 ], [ 2540684.683000000193715, 1153680.933 ], [ 2540662.12099999981001, 1153691.308 ], [ 2540658.37099999981001, 1153695.058 ], [ 2540647.12099999981001, 1153717.058 ], [ 2540646.058000000193715, 1153737.691000000108033 ], [ 2540646.87099999981001, 1153745.058 ], [ 2540647.846, 1153751.258 ], [ 2540649.657999999821186, 1153756.57 ], [ 2540664.966, 1153788.822 ], [ 2540667.55599999986589, 1153801.099 ], [ 2540669.924000000115484, 1153802.556 ], [ 2540869.109000000171363, 1153776.941000000108033 ], [ 2540863.623999999836087, 1153761.264999999897555 ], [ 2540849.08600000012666, 1153763.733 ], [ 2540769.99599999981001, 1153777.158 ], [ 2540740.433000000193715, 1153782.176 ], [ 2540733.813999999780208, 1153783.3 ], [ 2540675.938999999780208, 1153793.124 ], [ 2540667.390000000130385, 1153775.465 ], [ 2540666.165, 1153772.935 ], [ 2540662.579, 1153759.025 ], [ 2540657.915, 1153740.935 ], [ 2540659.665, 1153716.435 ], [ 2540660.754999999888241, 1153712.17 ], [ 2540662.53899999987334, 1153705.188 ], [ 2540667.225999999791384, 1153695.313 ], [ 2540694.00400000018999, 1153684.012000000104308 ], [ 2540705.646999999880791, 1153680.298 ], [ 2540720.239, 1153675.644 ], [ 2540724.05599999986589, 1153674.427 ], [ 2540742.063999999780208, 1153668.683 ], [ 2540781.438999999780208, 1153656.124 ], [ 2540802.125, 1153653.607 ] ] ] ] } },
{ "type": "Feature", "properties": { "ANNEE_DE_R": 2025, "CODE_PROGR": "Bio", "CODE_UTILI": 807, "IDENTIFICA": "VD_2025_431703", "NOMBRE_ARB": 0, "PROGRAMME": "Production bio", "SHAPE_AREA": 433.882, "SHAPE_LEN": 117.781, "SURFACE_M2": 434, "UTILISATIO": "Autres cultures spéciales sous abri sans fondations permanentes" }, "geometry": { "type": "MultiPolygon", "coordinates": [ [ [ [ 2540683.819999999832362, 1153839.466 ], [ 2540675.194999999832362, 1153839.091 ], [ 2540675.884999999776483, 1153867.731 ], [ 2540676.003, 1153872.616 ], [ 2540676.15, 1153878.748 ], [ 2540676.407999999821186, 1153889.450999999884516 ], [ 2540685.072000000160187, 1153889.558999999891967 ], [ 2540683.819999999832362, 1153839.466 ] ] ] ] } },
{ "type": "Feature", "properties": { "ANNEE_DE_R": 2025, "CODE_PROGR": "Bio", "CODE_UTILI": 601, "IDENTIFICA": "VD_2025_444971", "NOMBRE_ARB": 0, "PROGRAMME": "Production bio", "SHAPE_AREA": 1967.927, "SHAPE_LEN": 178.845, "SURFACE_M2": 3936, "UTILISATIO": "Prairies artificielles (sans les pâturages)" }, "geometry": { "type": "MultiPolygon", "coordinates": [ [ [ [ 2540686.026999999769032, 1153839.546 ], [ 2540683.819999999832362, 1153839.466 ], [ 2540685.072000000160187, 1153889.558999999891967 ], [ 2540686.187, 1153889.573 ], [ 2540700.481999999843538, 1153889.751 ], [ 2540718.611, 1153889.976 ], [ 2540726.657999999821186, 1153890.075999999884516 ], [ 2540721.694999999832362, 1153841.091 ], [ 2540710.751999999862164, 1153840.494 ], [ 2540707.944999999832362, 1153840.341 ], [ 2540697.673, 1153839.968000000109896 ], [ 2540686.026999999769032, 1153839.546 ] ] ] ] } },
{ "type": "Feature", "properties": { "ANNEE_DE_R": 2025, "CODE_PROGR": "Bio", "CODE_UTILI": 617, "IDENTIFICA": "VD_2025_402607", "NOMBRE_ARB": 0, "PROGRAMME": "Production bio", "SHAPE_AREA": 1178.162, "SHAPE_LEN": 258.248, "SURFACE_M2": 2357, "UTILISATIO": "Pâturages extensifs" }, "geometry": { "type": "MultiPolygon", "coordinates": [ [ [ [ 2540644.16399999987334, 1154180.087 ], [ 2540672.977, 1154171.025 ], [ 2540691.78899999987334, 1154163.775 ], [ 2540712.78899999987334, 1154158.275 ], [ 2540709.082, 1154153.714 ], [ 2540696.075000000186265, 1154158.299000000115484 ], [ 2540691.575000000186265, 1154144.049000000115484 ], [ 2540678.200000000186265, 1154135.299000000115484 ], [ 2540668.842000000178814, 1154136.028 ], [ 2540671.032999999821186, 1154142.874 ], [ 2540668.648, 1154143.51 ], [ 2540675.200000000186265, 1154164.299000000115484 ], [ 2540651.950000000186265, 1154172.174000000115484 ], [ 2540649.575000000186265, 1154164.424000000115484 ], [ 2540642.532999999821186, 1154165.874 ], [ 2540637.532999999821186, 1154151.874 ], [ 2540628.282999999821186, 1154159.374 ], [ 2540627.782999999821186, 1154165.624 ], [ 2540644.16399999987334, 1154180.087 ] ] ] ] } },
{ "type": "Feature", "properties": { "ANNEE_DE_R": 2025, "CODE_PROGR": "Bio", "CODE_UTILI": 601, "IDENTIFICA": "VD_2025_201393", "NOMBRE_ARB": 10, "PROGRAMME": "Production bio", "SHAPE_AREA": 9771.504, "SHAPE_LEN": 634.73, "SURFACE_M2": 29315, "UTILISATIO": "Prairies artificielles (sans les pâturages)" }, "geometry": { "type": "MultiPolygon", "coordinates": [ [ [ [ 2540726.225999999791384, 1154572.08 ], [ 2540698.572913023177534, 1154609.08110224083066 ], [ 2540698.596, 1154609.068 ], [ 2540791.793, 1154556.205 ], [ 2540781.233, 1154547.724 ], [ 2540760.798, 1154569.509 ], [ 2540726.225999999791384, 1154572.08 ] ] ], [ [ [ 2540659.836999999824911, 1154619.079 ], [ 2540666.816999999806285, 1154627.099 ], [ 2540688.006, 1154615.078 ], [ 2540659.836999999824911, 1154619.079 ] ] ], [ [ [ 2540653.001000000163913, 1154663.29 ], [ 2540653.001609148923308, 1154663.290610642172396 ], [ 2540653.338, 1154662.998 ], [ 2540678.787, 1154640.859 ], [ 2540653.001000000163913, 1154663.29 ] ] ] ] } },
{ "type": "Feature", "properties": { "ANNEE_DE_R": 2025, "CODE_PROGR": "Bio", "CODE_UTILI": 613, "IDENTIFICA": "VD_2025_116050", "NOMBRE_ARB": 0, "PROGRAMME": "Production bio", "SHAPE_AREA": 48987.452, "SHAPE_LEN": 1049.736, "SURFACE_M2": 97975, "UTILISATIO": "Autres prairies permanentes (sans les pâturages)" }, "geometry": { "type": "MultiPolygon", "coordinates": [ [ [ [ 2540891.393000000156462, 1158525.523 ], [ 2540812.308999999891967, 1158336.843000000109896 ], [ 2540782.31, 1158265.624 ], [ 2540757.426, 1158287.889999999897555 ], [ 2540682.643000000156462, 1158229.514 ], [ 2540672.91399999987334, 1158244.274 ], [ 2540656.744, 1158268.735000000102445 ], [ 2540647.53899999987334, 1158282.648 ], [ 2540621.974, 1158321.286 ], [ 2540612.464000000152737, 1158343.927 ], [ 2540589.75400000018999, 1158376.607 ], [ 2540574.896999999880791, 1158399.376 ], [ 2540580.231000000145286, 1158411.681 ], [ 2540598.751000000163913, 1158437.414000000106171 ], [ 2540608.128, 1158461.912 ], [ 2540610.572999999858439, 1158477.3 ], [ 2540611.504999999888241, 1158483.166999999899417 ], [ 2540690.412, 1158483.674000000115484 ], [ 2540734.223000000230968, 1158483.554 ], [ 2540739.633, 1158482.552 ], [ 2540744.883, 1158482.427 ], [ 2540746.008, 1158481.98 ], [ 2540752.845000000204891, 1158470.244 ], [ 2540771.886, 1158463.511 ], [ 2540799.261, 1158461.578 ], [ 2540813.986, 1158490.763 ], [ 2540825.014, 1158505.5 ], [ 2540833.628, 1158502.474 ], [ 2540832.758, 1158499.215 ], [ 2540852.199, 1158492.744 ], [ 2540865.33600000012666, 1158529.32 ], [ 2540891.393000000156462, 1158525.523 ] ] ] ] } },
{ "type": "Feature", "properties": { "ANNEE_DE_R": 2025, "CODE_PROGR": "Non", "CODE_UTILI": 901, "IDENTIFICA": "VD_2025_172488", "NOMBRE_ARB": 0, "PROGRAMME": "Aucun programme", "SHAPE_AREA": 3684.746, "SHAPE_LEN": 257.981, "SURFACE_M2": 3685, "UTILISATIO": "Forêt" }, "geometry": { "type": "MultiPolygon", "coordinates": [ [ [ [ 2540759.702, 1160574.069 ], [ 2540749.708000000100583, 1160560.536 ], [ 2540694.279, 1160591.397000000113621 ], [ 2540702.489, 1160597.567 ], [ 2540716.688999999780208, 1160615.506 ], [ 2540720.558999999891967, 1160614.996 ], [ 2540728.436000000219792, 1160621.202 ], [ 2540732.899000000208616, 1160626.006 ], [ 2540735.33, 1160644.045 ], [ 2540766.129999999888241, 1160623.429 ], [ 2540775.842000000178814, 1160616.928 ], [ 2540786.219, 1160609.974 ], [ 2540759.702, 1160574.069 ] ] ] ] } },
{ "type": "Feature", "properties": { "ANNEE_DE_R": 2025, "CODE_PROGR": "Bio", "CODE_UTILI": 611, "IDENTIFICA": "VD_2025_48120", "NOMBRE_ARB": 0, "PROGRAMME": "Production bio", "SHAPE_AREA": 2333.115, "SHAPE_LEN": 205.693, "SURFACE_M2": 4667, "UTILISATIO": "Prairies extensives (sans les pâturages)" }, "geometry": { "type": "MultiPolygon", "coordinates": [ [ [ [ 2540790.765999999828637, 1160532.821 ], [ 2540785.224, 1160532.754 ], [ 2540786.078000000212342, 1160539.134 ], [ 2540782.191999999806285, 1160547.652 ], [ 2540779.295, 1160554.001 ], [ 2540776.427999999839813, 1160560.285 ], [ 2540773.506, 1160562.813 ], [ 2540766.383, 1160568.976 ], [ 2540762.998000000137836, 1160571.905 ], [ 2540759.702, 1160574.069 ], [ 2540786.219, 1160609.974 ], [ 2540821.696, 1160584.972 ], [ 2540791.924999999813735, 1160533.771 ], [ 2540790.765999999828637, 1160532.821 ] ] ] ] } },
{ "type": "Feature", "properties": { "ANNEE_DE_R": 2025, "CODE_PROGR": "psGmf", "CODE_UTILI": 611, "IDENTIFICA": "VD_2025_29997", "NOMBRE_ARB": 15, "PROGRAMME": "Production de lait et de viande basée sur les herbages", "SHAPE_AREA": 5807.847, "SHAPE_LEN": 561.091, "SURFACE_M2": 5808, "UTILISATIO": "Prairies extensives (sans les pâturages)" }, "geometry": { "type": "MultiPolygon", "coordinates": [ [ [ [ 2540764.521000000182539, 1160276.784 ], [ 2540763.923, 1160303.906 ], [ 2540824.633, 1160305.464 ], [ 2540805.833000000100583, 1160280.785 ], [ 2540764.602, 1160273.106 ], [ 2540764.521000000182539, 1160276.784 ] ] ], [ [ [ 2540757.353000000119209, 1160362.457 ], [ 2540834.94400000013411, 1160379.014 ], [ 2540876.984999999869615, 1160365.992 ], [ 2540874.717000000178814, 1160362.767 ], [ 2540836.839000000152737, 1160373.561 ], [ 2540815.339000000152737, 1160368.061 ], [ 2540828.339000000152737, 1160359.311 ], [ 2540821.339000000152737, 1160345.311 ], [ 2540827.174000000115484, 1160339.821 ], [ 2540831.705999999772757, 1160336.683 ], [ 2540826.174000000115484, 1160325.946 ], [ 2540838.344, 1160316.764 ], [ 2540823.592999999877065, 1160310.371 ], [ 2540817.413000000175089, 1160309.445 ], [ 2540764.251999999862164, 1160308.162 ], [ 2540758.653, 1160308.027 ], [ 2540757.353000000119209, 1160362.457 ] ] ] ] } },
{ "type": "Feature", "properties": { "ANNEE_DE_R": 2025, "CODE_PROGR": "psClimateEfficientNUse", "CODE_UTILI": 601, "IDENTIFICA": "VD_2025_444424", "NOMBRE_ARB": 0, "PROGRAMME": "Utilisation efficiente de l’azote dans les grandes cultures", "SHAPE_AREA": 34045.615, "SHAPE_LEN": 786.95, "SURFACE_M2": 68092, "UTILISATIO": "Prairies artificielles (sans les pâturages)" }, "geometry": { "type": "MultiPolygon", "coordinates": [ [ [ [ 2541395.629999999888241, 1158383.877 ], [ 2541298.421999999787658, 1158276.064 ], [ 2541295.964999999850988, 1158279.512000000104308 ], [ 2541291.623000000137836, 1158282.457 ], [ 2541268.886, 1158313.412 ], [ 2541243.089000000152737, 1158345.611 ], [ 2541228.281, 1158359.647000000113621 ], [ 2541196.014, 1158386.639 ], [ 2541167.757000000216067, 1158409.764999999897555 ], [ 2541157.881, 1158415.396 ], [ 2541144.869, 1158427.544 ], [ 2541150.674999999813735, 1158448.666 ], [ 2541158.066000000108033, 1158475.558 ], [ 2541159.923, 1158481.204 ], [ 2541166.42, 1158502.281999999890104 ], [ 2541172.348000000230968, 1158518.975 ], [ 2541176.651, 1158531.756 ], [ 2541181.869, 1158547.386 ], [ 2541188.865000000223517, 1158568.034 ], [ 2541313.865000000223517, 1158465.534 ], [ 2541395.629999999888241, 1158383.877 ] ] ] ] } },
{ "type": "Feature", "properties": { "ANNEE_DE_R": 2025, "CODE_PROGR": "psArableSoilCoverage", "CODE_UTILI": 504, "IDENTIFICA": "VD_2025_518602", "NOMBRE_ARB": 0, "PROGRAMME": "Couverture appropriée du sol (les cultures principales sur terres ouvertes)", "SHAPE_AREA": 8957.749, "SHAPE_LEN": 504.058, "SURFACE_M2": 17916, "UTILISATIO": "Avoine" }, "geometry": { "type": "MultiPolygon", "coordinates": [ [ [ [ 2541150.674999999813735, 1158448.666 ], [ 2541144.869, 1158427.544 ], [ 2541134.094, 1158439.5 ], [ 2541128.804, 1158449.6 ], [ 2541123.784, 1158467.35 ], [ 2541122.824, 1158478.29 ], [ 2541123.964999999850988, 1158495.620000000111759 ], [ 2541139.992999999783933, 1158565.629999999888241 ], [ 2541154.975999999791384, 1158623.419 ], [ 2541156.187, 1158642.479 ], [ 2541171.61200000019744, 1158652.067 ], [ 2541208.73700000019744, 1158639.567 ], [ 2541205.865000000223517, 1158626.534 ], [ 2541205.470000000204891, 1158618.077 ], [ 2541188.865000000223517, 1158568.034 ], [ 2541181.869, 1158547.386 ], [ 2541176.651, 1158531.756 ], [ 2541172.348000000230968, 1158518.975 ], [ 2541166.42, 1158502.281999999890104 ], [ 2541159.923, 1158481.204 ], [ 2541158.066000000108033, 1158475.558 ], [ 2541150.674999999813735, 1158448.666 ] ] ] ] } },
{ "type": "Feature", "properties": { "ANNEE_DE_R": 2025, "CODE_PROGR": "psmArableFarming", "CODE_UTILI": 502, "IDENTIFICA": "VD_2025_430243", "NOMBRE_ARB": 0, "PROGRAMME": "Non-recours aux produits phytosanitaires dans les grandes cultures", "SHAPE_AREA": 14289.373, "SHAPE_LEN": 475.001, "SURFACE_M2": 57158, "UTILISATIO": "Orge d’automne" }, "geometry": { "type": "MultiPolygon", "coordinates": [ [ [ [ 2541782.94, 1154508.138 ], [ 2541767.333999999798834, 1154477.299000000115484 ], [ 2541718.765999999828637, 1154504.355 ], [ 2541712.583999999798834, 1154507.799000000115484 ], [ 2541707.475, 1154510.808999999891967 ], [ 2541697.768999999854714, 1154516.529 ], [ 2541653.240000000223517, 1154542.769 ], [ 2541673.308999999891967, 1154579.232 ], [ 2541710.957, 1154625.767 ], [ 2541717.754999999888241, 1154634.936 ], [ 2541771.759999999776483, 1154605.598 ], [ 2541819.424999999813735, 1154579.598 ], [ 2541807.062, 1154555.509 ], [ 2541802.089000000152737, 1154545.977999999886379 ], [ 2541794.986, 1154532.367 ], [ 2541782.94, 1154508.138 ] ] ] ] } },
{ "type": "Feature", "properties": { "ANNEE_DE_R": 2025, "CODE_PROGR": "psClimateEfficientNUse", "CODE_UTILI": 601, "IDENTIFICA": "VD_2025_444426", "NOMBRE_ARB": 0, "PROGRAMME": "Utilisation efficiente de l’azote dans les grandes cultures", "SHAPE_AREA": 20966.731, "SHAPE_LEN": 660.362, "SURFACE_M2": 41934, "UTILISATIO": "Prairies artificielles (sans les pâturages)" }, "geometry": { "type": "MultiPolygon", "coordinates": [ [ [ [ 2541468.293, 1158495.543 ], [ 2541444.950000000186265, 1158452.128 ], [ 2541400.75, 1158479.31 ], [ 2541425.700000000186265, 1158534.378 ], [ 2541377.475999999791384, 1158555.43 ], [ 2541418.614, 1158638.699 ], [ 2541429.200000000186265, 1158660.128 ], [ 2541431.758, 1158664.533 ], [ 2541457.950000000186265, 1158709.628 ], [ 2541477.981000000145286, 1158703.950999999884516 ], [ 2541519.700000000186265, 1158692.128 ], [ 2541523.958999999798834, 1158637.121 ], [ 2541515.6, 1158605.761 ], [ 2541509.700000000186265, 1158583.628 ], [ 2541484.697000000160187, 1158528.426 ], [ 2541477.867, 1158513.348 ], [ 2541468.293, 1158495.543 ] ] ] ] } },
{ "type": "Feature", "properties": { "ANNEE_DE_R": 2025, "CODE_PROGR": "psmArableFarming", "CODE_UTILI": 513, "IDENTIFICA": "VD_2025_34756", "NOMBRE_ARB": 0, "PROGRAMME": "Non-recours aux produits phytosanitaires dans les grandes cultures", "SHAPE_AREA": 20288.823, "SHAPE_LEN": 828.379, "SURFACE_M2": 60867, "UTILISATIO": "Blé d'automne (sans blé fourrager de la liste swiss granum)" }, "geometry": { "type": "MultiPolygon", "coordinates": [ [ [ [ 2541645.153, 1159672.049000000115484 ], [ 2541544.890000000130385, 1159453.891 ], [ 2541533.038000000175089, 1159492.247 ], [ 2541518.307, 1159539.925 ], [ 2541497.207, 1159524.208000000100583 ], [ 2541461.207, 1159475.708000000100583 ], [ 2541448.176, 1159464.088 ], [ 2541460.322000000160187, 1159489.768 ], [ 2541576.68099999986589, 1159735.764 ], [ 2541645.153, 1159672.049000000115484 ] ] ] ] } },
{ "type": "Feature", "properties": { "ANNEE_DE_R": 2025, "CODE_PROGR": "psClimateEfficientNUse", "CODE_UTILI": 601, "IDENTIFICA": "VD_2025_34749", "NOMBRE_ARB": 0, "PROGRAMME": "Utilisation efficiente de l’azote dans les grandes cultures", "SHAPE_AREA": 28447.482, "SHAPE_LEN": 825.397, "SURFACE_M2": 56895, "UTILISATIO": "Prairies artificielles (sans les pâturages)" }, "geometry": { "type": "MultiPolygon", "coordinates": [ [ [ [ 2541552.315, 1160063.727 ], [ 2541529.01299999980256, 1159964.4 ], [ 2541479.558999999891967, 1159980.502 ], [ 2541451.864, 1159992.634 ], [ 2541479.938999999780208, 1160139.217 ], [ 2541497.565, 1160231.241 ], [ 2541532.364, 1160317.634 ], [ 2541605.666999999899417, 1160279.541 ], [ 2541589.603000000119209, 1160227.884 ], [ 2541552.315, 1160063.727 ] ] ] ] } },
{ "type": "Feature", "properties": { "ANNEE_DE_R": 2025, "CODE_PROGR": "psGmf", "CODE_UTILI": 611, "IDENTIFICA": "VD_2025_34746", "NOMBRE_ARB": 0, "PROGRAMME": "Production de lait et de viande basée sur les herbages", "SHAPE_AREA": 10219.649, "SHAPE_LEN": 1005.874, "SURFACE_M2": 10220, "UTILISATIO": "Prairies extensives (sans les pâturages)" }, "geometry": { "type": "MultiPolygon", "coordinates": [ [ [ [ 2541621.910999999847263, 1160430.308999999891967 ], [ 2541548.484999999869615, 1160350.168 ], [ 2541534.794000000227243, 1160322.537 ], [ 2541532.364, 1160317.634 ], [ 2541497.565, 1160231.241 ], [ 2541438.63799999980256, 1160253.669 ], [ 2541425.63799999980256, 1160234.419 ], [ 2541413.63799999980256, 1160188.669 ], [ 2541412.052000000141561, 1160181.423 ], [ 2541405.475999999791384, 1160151.391 ], [ 2541389.38799999980256, 1160077.919 ], [ 2541392.38799999980256, 1160067.169 ], [ 2541376.986, 1160050.225 ], [ 2541374.177000000141561, 1160073.976 ], [ 2541368.636, 1160089.656 ], [ 2541393.13799999980256, 1160215.955 ], [ 2541433.137000000104308, 1160254.492 ], [ 2541462.160999999847263, 1160282.456 ], [ 2541595.075000000186265, 1160410.512000000104308 ], [ 2541618.651, 1160433.226 ], [ 2541621.910999999847263, 1160430.308999999891967 ] ] ] ] } },
{ "type": "Feature", "properties": { "ANNEE_DE_R": 2025, "CODE_PROGR": "psArableSoilCoverage", "CODE_UTILI": 521, "IDENTIFICA": "VD_2025_34751", "NOMBRE_ARB": 0, "PROGRAMME": "Couverture appropriée du sol (les cultures principales sur terres ouvertes)", "SHAPE_AREA": 19091.009, "SHAPE_LEN": 613.595, "SURFACE_M2": 38183, "UTILISATIO": "Maïs d'ensilage et maïs vert" }, "geometry": { "type": "MultiPolygon", "coordinates": [ [ [ [ 2541856.791000000201166, 1160522.487 ], [ 2541691.67, 1160373.51 ], [ 2541687.438999999780208, 1160377.483 ], [ 2541689.33, 1160380.785 ], [ 2541627.791000000201166, 1160433.487 ], [ 2541776.291000000201166, 1160574.454 ], [ 2541856.791000000201166, 1160522.487 ] ] ] ] } },
{ "type": "Feature", "properties": { "ANNEE_DE_R": 2025, "CODE_PROGR": "psGmf", "CODE_UTILI": 613, "IDENTIFICA": "VD_2025_34747", "NOMBRE_ARB": 0, "PROGRAMME": "Production de lait et de viande basée sur les herbages", "SHAPE_AREA": 4090.151, "SHAPE_LEN": 395.487, "SURFACE_M2": 4091, "UTILISATIO": "Autres prairies permanentes (sans les pâturages)" }, "geometry": { "type": "MultiPolygon", "coordinates": [ [ [ [ 2541746.893999999854714, 1159791.601 ], [ 2541737.469, 1159751.065 ], [ 2541722.833999999798834, 1159697.927 ], [ 2541720.636, 1159689.946 ], [ 2541707.903, 1159622.722 ], [ 2541687.262000000104308, 1159644.049000000115484 ], [ 2541723.836999999824911, 1159805.441000000108033 ], [ 2541746.893999999854714, 1159791.601 ] ] ] ] } },
{ "type": "Feature", "properties": { "ANNEE_DE_R": 2025, "CODE_PROGR": "psGmf", "CODE_UTILI": 611, "IDENTIFICA": "VD_2025_6840", "NOMBRE_ARB": 0, "PROGRAMME": "Production de lait et de viande basée sur les herbages", "SHAPE_AREA": 4227.837, "SHAPE_LEN": 334.234, "SURFACE_M2": 4228, "UTILISATIO": "Prairies extensives (sans les pâturages)" }, "geometry": { "type": "MultiPolygon", "coordinates": [ [ [ [ 2542493.416000000201166, 1156384.139 ], [ 2542486.526, 1156413.529 ], [ 2542476.268999999854714, 1156413.212 ], [ 2542475.83600000012666, 1156425.602 ], [ 2542469.947999999858439, 1156449.257 ], [ 2542466.899000000208616, 1156461.444 ], [ 2542477.657000000122935, 1156465.194 ], [ 2542480.168, 1156457.19 ], [ 2542485.168, 1156454.752 ], [ 2542491.478000000119209, 1156452.812 ], [ 2542510.038000000175089, 1156445.894 ], [ 2542515.585, 1156461.319 ], [ 2542524.704, 1156463.678 ], [ 2542532.259999999776483, 1156466.527 ], [ 2542536.072000000160187, 1156462.152 ], [ 2542539.572000000160187, 1156464.527 ], [ 2542536.384999999776483, 1156472.152 ], [ 2542545.697999999858439, 1156480.889 ], [ 2542552.677999999839813, 1156426.35 ], [ 2542493.416000000201166, 1156384.139 ] ] ] ] } },
{ "type": "Feature", "properties": { "ANNEE_DE_R": 2025, "CODE_PROGR": "psArableSoilCoverage", "CODE_UTILI": 521, "IDENTIFICA": "VD_2025_54137", "NOMBRE_ARB": 0, "PROGRAMME": "Couverture appropriée du sol (les cultures principales sur terres ouvertes)", "SHAPE_AREA": 6896.756, "SHAPE_LEN": 422.404, "SURFACE_M2": 20691, "UTILISATIO": "Maïs d'ensilage et maïs vert" }, "geometry": { "type": "MultiPolygon", "coordinates": [ [ [ [ 2542788.518999999854714, 1155210.906999999890104 ], [ 2542738.359999999869615, 1155208.543 ], [ 2542737.938, 1155260.979 ], [ 2542737.711999999824911, 1155289.061 ], [ 2542737.693, 1155293.205 ], [ 2542714.793, 1155369.043 ], [ 2542731.406, 1155374.383 ], [ 2542745.623000000137836, 1155378.953 ], [ 2542750.543, 1155376.102999999886379 ], [ 2542774.87099999981001, 1155295.264999999897555 ], [ 2542782.941999999806285, 1155268.446 ], [ 2542788.518999999854714, 1155210.906999999890104 ] ] ] ] } },
{ "type": "Feature", "properties": { "ANNEE_DE_R": 2025, "CODE_PROGR": "Non", "CODE_UTILI": 611, "IDENTIFICA": "VD_2025_54120", "NOMBRE_ARB": 0, "PROGRAMME": "Aucun programme", "SHAPE_AREA": 817.8, "SHAPE_LEN": 288.035, "SURFACE_M2": 818, "UTILISATIO": "Prairies extensives (sans les pâturages)" }, "geometry": { "type": "MultiPolygon", "coordinates": [ [ [ [ 2542788.518999999854714, 1155210.906999999890104 ], [ 2542789.142, 1155206.929 ], [ 2542733.808000000193715, 1155200.938 ], [ 2542729.682, 1155261.21 ], [ 2542732.211999999824911, 1155275.921 ], [ 2542737.693, 1155293.205 ], [ 2542737.711999999824911, 1155289.061 ], [ 2542737.938, 1155260.979 ], [ 2542738.359999999869615, 1155208.543 ], [ 2542788.518999999854714, 1155210.906999999890104 ] ] ] ] } },
{ "type": "Feature", "properties": { "ANNEE_DE_R": 2025, "CODE_PROGR": "psGmf", "CODE_UTILI": 613, "IDENTIFICA": "VD_2025_204440", "NOMBRE_ARB": 4, "PROGRAMME": "Production de lait et de viande basée sur les herbages", "SHAPE_AREA": 11459.98, "SHAPE_LEN": 534.378, "SURFACE_M2": 11460, "UTILISATIO": "Autres prairies permanentes (sans les pâturages)" }, "geometry": { "type": "MultiPolygon", "coordinates": [ [ [ [ 2542900.393999999854714, 1155968.197 ], [ 2542924.133, 1155987.166999999899417 ], [ 2542912.449, 1156000.08 ], [ 2542879.785000000149012, 1156036.179 ], [ 2542905.376000000163913, 1156076.599 ], [ 2542915.177999999839813, 1156070.487 ], [ 2542924.594, 1156076.254999999888241 ], [ 2542935.256, 1156070.151 ], [ 2542948.548, 1156061.43 ], [ 2542946.673, 1156053.805 ], [ 2542952.298, 1156031.93 ], [ 2542976.46100000012666, 1156037.914000000106171 ], [ 2542983.475999999791384, 1156009.301 ], [ 2542986.646000000182539, 1155990.131 ], [ 2542988.276, 1155969.041 ], [ 2542987.436000000219792, 1155946.941000000108033 ], [ 2542978.75400000018999, 1155883.889999999897555 ], [ 2542965.024000000208616, 1155877.189 ], [ 2542957.344, 1155895.808999999891967 ], [ 2542943.577, 1155920.427 ], [ 2542926.756, 1155941.901 ], [ 2542900.393999999854714, 1155968.197 ] ] ] ] } },
{ "type": "Feature", "properties": { "ANNEE_DE_R": 2025, "CODE_PROGR": "psmArableFarming", "CODE_UTILI": 527, "IDENTIFICA": "VD_2025_204436", "NOMBRE_ARB": 0, "PROGRAMME": "Non-recours aux produits phytosanitaires dans les grandes cultures", "SHAPE_AREA": 11585.382, "SHAPE_LEN": 495.177, "SURFACE_M2": 34757, "UTILISATIO": "Colza d’automne destiné à la fabrication d’huile comestible" }, "geometry": { "type": "MultiPolygon", "coordinates": [ [ [ [ 2543099.346, 1155297.609 ], [ 2542963.636, 1155175.317 ], [ 2542923.356000000145286, 1155226.117 ], [ 2543052.072999999858439, 1155338.848 ], [ 2543107.856000000145286, 1155305.278 ], [ 2543099.346, 1155297.609 ] ] ] ] } },
{ "type": "Feature", "properties": { "ANNEE_DE_R": 2025, "CODE_PROGR": "psGmf", "CODE_UTILI": 613, "IDENTIFICA": "VD_2025_428013", "NOMBRE_ARB": 3, "PROGRAMME": "Production de lait et de viande basée sur les herbages", "SHAPE_AREA": 1951.99, "SHAPE_LEN": 266.745, "SURFACE_M2": 1952, "UTILISATIO": "Autres prairies permanentes (sans les pâturages)" }, "geometry": { "type": "MultiPolygon", "coordinates": [ [ [ [ 2543137.853000000119209, 1155309.456 ], [ 2543157.740000000223517, 1155332.283 ], [ 2543187.79, 1155313.134 ], [ 2543175.109999999869615, 1155288.983 ], [ 2543137.853000000119209, 1155309.456 ] ] ], [ [ [ 2543107.913000000175089, 1155325.909 ], [ 2543068.487999999895692, 1155347.638 ], [ 2543074.849, 1155354.998 ], [ 2543121.958999999798834, 1155351.34 ], [ 2543107.913000000175089, 1155325.909 ] ] ] ] } },
{ "type": "Feature", "properties": { "ANNEE_DE_R": 2025, "CODE_PROGR": "psGmf", "CODE_UTILI": 613, "IDENTIFICA": "VD_2025_63561", "NOMBRE_ARB": 0, "PROGRAMME": "Production de lait et de viande basée sur les herbages", "SHAPE_AREA": 9006.297, "SHAPE_LEN": 522.582, "SURFACE_M2": 9007, "UTILISATIO": "Autres prairies permanentes (sans les pâturages)" }, "geometry": { "type": "MultiPolygon", "coordinates": [ [ [ [ 2543178.640000000130385, 1155287.073 ], [ 2543175.109999999869615, 1155288.983 ], [ 2543187.79, 1155313.134 ], [ 2543157.740000000223517, 1155332.283 ], [ 2543128.65, 1155350.821 ], [ 2543121.958999999798834, 1155351.34 ], [ 2543074.849, 1155354.998 ], [ 2543068.487999999895692, 1155347.638 ], [ 2543056.398, 1155357.848 ], [ 2543044.808000000193715, 1155382.457 ], [ 2543048.193, 1155414.85 ], [ 2543053.859999999869615, 1155444.698 ], [ 2543066.404999999795109, 1155436.858 ], [ 2543069.703000000212342, 1155434.741 ], [ 2543209.841, 1155346.665 ], [ 2543191.120000000111759, 1155311.064 ], [ 2543178.640000000130385, 1155287.073 ] ] ] ] } },
{ "type": "Feature", "properties": { "ANNEE_DE_R": 2025, "CODE_PROGR": "psGmf", "CODE_UTILI": 611, "IDENTIFICA": "VD_2025_62003", "NOMBRE_ARB": 0, "PROGRAMME": "Production de lait et de viande basée sur les herbages", "SHAPE_AREA": 3722.438, "SHAPE_LEN": 319.844, "SURFACE_M2": 3723, "UTILISATIO": "Prairies extensives (sans les pâturages)" }, "geometry": { "type": "MultiPolygon", "coordinates": [ [ [ [ 2543224.58, 1155374.276 ], [ 2543232.700000000186265, 1155357.752 ], [ 2543241.467000000178814, 1155338.311 ], [ 2543247.605, 1155319.538 ], [ 2543253.438, 1155306.276 ], [ 2543253.974, 1155304.267 ], [ 2543257.021000000182539, 1155292.837 ], [ 2543258.808000000193715, 1155284.095 ], [ 2543237.508, 1155296.218000000109896 ], [ 2543240.808999999891967, 1155303.264999999897555 ], [ 2543235.853000000119209, 1155305.924000000115484 ], [ 2543234.791000000201166, 1155304.049000000115484 ], [ 2543229.978000000119209, 1155306.486 ], [ 2543227.228000000119209, 1155301.611 ], [ 2543230.603000000119209, 1155299.799000000115484 ], [ 2543225.419000000227243, 1155289.799000000115484 ], [ 2543224.001000000163913, 1155290.545 ], [ 2543221.02, 1155284.895 ], [ 2543218.153, 1155279.563 ], [ 2543217.41399999987334, 1155278.058999999891967 ], [ 2543211.403, 1155276.0 ], [ 2543204.716, 1155274.5 ], [ 2543202.348000000230968, 1155274.16 ], [ 2543178.640000000130385, 1155287.073 ], [ 2543191.120000000111759, 1155311.064 ], [ 2543209.841, 1155346.665 ], [ 2543224.58, 1155374.276 ] ] ] ] } },
{ "type": "Feature", "properties": { "ANNEE_DE_R": 2025, "CODE_PROGR": "psGmf", "CODE_UTILI": 611, "IDENTIFICA": "VD_2025_77593", "NOMBRE_ARB": 3, "PROGRAMME": "Production de lait et de viande basée sur les herbages", "SHAPE_AREA": 1372.32, "SHAPE_LEN": 339.029, "SURFACE_M2": 1373, "UTILISATIO": "Prairies extensives (sans les pâturages)" }, "geometry": { "type": "MultiPolygon", "coordinates": [ [ [ [ 2543499.997, 1157016.766 ], [ 2543498.637000000104308, 1157014.316000000108033 ], [ 2543504.026999999769032, 1156998.106 ], [ 2543497.637000000104308, 1156971.506 ], [ 2543491.626999999862164, 1156959.106 ], [ 2543474.566999999806285, 1156942.666 ], [ 2543473.404, 1156946.023 ], [ 2543489.36200000019744, 1156962.271 ], [ 2543494.279, 1156972.648 ], [ 2543500.313999999780208, 1156998.793 ], [ 2543495.217000000178814, 1157014.777 ], [ 2543496.508, 1157017.004999999888241 ], [ 2543499.997, 1157016.766 ] ] ], [ [ [ 2543329.825999999884516, 1156981.04 ], [ 2543322.325999999884516, 1156977.977 ], [ 2543317.63799999980256, 1156976.665 ], [ 2543311.200999999884516, 1156976.665 ], [ 2543311.950999999884516, 1156989.227 ], [ 2543313.88799999980256, 1157000.165 ], [ 2543318.26299999980256, 1157011.102 ], [ 2543323.38799999980256, 1157017.665 ], [ 2543332.63799999980256, 1157019.227 ], [ 2543351.53899999987334, 1157012.215 ], [ 2543348.13799999980256, 1156999.29 ], [ 2543344.26299999980256, 1157005.165 ], [ 2543336.950999999884516, 1157003.04 ], [ 2543336.63799999980256, 1156995.665 ], [ 2543341.26299999980256, 1156993.477 ], [ 2543346.575999999884516, 1156994.977 ], [ 2543331.25400000018999, 1156976.92 ], [ 2543329.825999999884516, 1156981.04 ] ] ] ] } },
{ "type": "Feature", "properties": { "ANNEE_DE_R": 2025, "CODE_PROGR": "psGmf", "CODE_UTILI": 611, "IDENTIFICA": "VD_2025_395883", "NOMBRE_ARB": 0, "PROGRAMME": "Production de lait et de viande basée sur les herbages", "SHAPE_AREA": 2759.493, "SHAPE_LEN": 264.928, "SURFACE_M2": 2760, "UTILISATIO": "Prairies extensives (sans les pâturages)" }, "geometry": { "type": "MultiPolygon", "coordinates": [ [ [ [ 2543764.815, 1156259.357 ], [ 2543739.687, 1156238.997 ], [ 2543738.216, 1156222.960999999893829 ], [ 2543731.454, 1156216.818 ], [ 2543737.166000000201166, 1156194.799000000115484 ], [ 2543724.177000000141561, 1156174.114 ], [ 2543706.498999999836087, 1156190.582 ], [ 2543692.819999999832362, 1156203.323 ], [ 2543713.575999999884516, 1156234.529 ], [ 2543722.207, 1156247.506 ], [ 2543739.714000000152737, 1156273.827 ], [ 2543746.904, 1156275.767 ], [ 2543763.875, 1156263.527 ], [ 2543764.815, 1156259.357 ] ] ] ] } },
{ "type": "Feature", "properties": { "ANNEE_DE_R": 2025, "CODE_PROGR": "psGmf", "CODE_UTILI": 611, "IDENTIFICA": "VD_2025_47239", "NOMBRE_ARB": 0, "PROGRAMME": "Production de lait et de viande basée sur les herbages", "SHAPE_AREA": 2545.295, "SHAPE_LEN": 279.433, "SURFACE_M2": 2546, "UTILISATIO": "Prairies extensives (sans les pâturages)" }, "geometry": { "type": "MultiPolygon", "coordinates": [ [ [ [ 2544607.717999999877065, 1158143.904 ], [ 2544603.355, 1158144.316000000108033 ], [ 2544583.975, 1158137.267 ], [ 2544576.865000000223517, 1158131.077 ], [ 2544567.055000000167638, 1158113.316000000108033 ], [ 2544541.524000000208616, 1158093.627 ], [ 2544515.603999999817461, 1158098.717 ], [ 2544499.924000000115484, 1158096.737 ], [ 2544497.274000000208616, 1158103.887000000104308 ], [ 2544498.404, 1158117.018 ], [ 2544505.791000000201166, 1158111.779 ], [ 2544519.205, 1158121.744 ], [ 2544537.06900000013411, 1158129.722 ], [ 2544560.421, 1158140.151 ], [ 2544586.082, 1158151.610000000102445 ], [ 2544595.103999999817461, 1158154.727999999886379 ], [ 2544598.518999999854714, 1158155.908 ], [ 2544601.156, 1158156.82 ], [ 2544607.717999999877065, 1158143.904 ] ] ] ] } },
{ "type": "Feature", "properties": { "ANNEE_DE_R": 2025, "CODE_PROGR": "psArableSoilCoverage", "CODE_UTILI": 523, "IDENTIFICA": "VD_2025_163542", "NOMBRE_ARB": 0, "PROGRAMME": "Couverture appropriée du sol (les cultures principales sur terres ouvertes)", "SHAPE_AREA": 18024.023, "SHAPE_LEN": 722.993, "SURFACE_M2": 36049, "UTILISATIO": "Betteraves fourragères" }, "geometry": { "type": "MultiPolygon", "coordinates": [ [ [ [ 2544751.611127252690494, 1158208.822991277556866 ], [ 2544751.611, 1158208.82 ], [ 2544701.967000000178814, 1158191.662 ], [ 2544601.156, 1158156.82 ], [ 2544598.518999999854714, 1158155.908 ], [ 2544595.103999999817461, 1158154.727999999886379 ], [ 2544586.082, 1158151.610000000102445 ], [ 2544560.421, 1158140.151 ], [ 2544537.06900000013411, 1158129.722 ], [ 2544519.205, 1158121.744 ], [ 2544505.791000000201166, 1158111.779 ], [ 2544498.404, 1158117.018 ], [ 2544493.702, 1158121.384 ], [ 2544462.594, 1158149.335 ], [ 2544450.316000000108033, 1158160.368 ], [ 2544743.588, 1158276.847 ], [ 2544751.611127252690494, 1158208.822991277556866 ] ] ] ] } },
{ "type": "Feature", "properties": { "ANNEE_DE_R": 2025, "CODE_PROGR": "Bio", "CODE_UTILI": 601, "IDENTIFICA": "VD_2025_132610", "NOMBRE_ARB": 0, "PROGRAMME": "Production bio", "SHAPE_AREA": 3175.604, "SHAPE_LEN": 255.38, "SURFACE_M2": 9527, "UTILISATIO": "Prairies artificielles (sans les pâturages)" }, "geometry": { "type": "MultiPolygon", "coordinates": [ [ [ [ 2534734.489, 1156670.02 ], [ 2534737.308999999891967, 1156667.534 ], [ 2534645.720000000204891, 1156667.575999999884516 ], [ 2534645.704, 1156668.617 ], [ 2534645.116, 1156706.472 ], [ 2534664.721, 1156705.808 ], [ 2534680.299999999813735, 1156705.28 ], [ 2534693.575999999884516, 1156704.83 ], [ 2534701.990000000223517, 1156704.545 ], [ 2534704.657999999821186, 1156704.455 ], [ 2534711.742999999783933, 1156704.215 ], [ 2534718.765000000130385, 1156703.977 ], [ 2534730.506, 1156703.579 ], [ 2534726.822999999858439, 1156686.358 ], [ 2534733.586999999824911, 1156672.921 ], [ 2534734.489, 1156670.02 ] ] ] ] } },
{ "type": "Feature", "properties": { "ANNEE_DE_R": 2025, "CODE_PROGR": "Bio", "CODE_UTILI": 545, "IDENTIFICA": "VD_2025_502346", "NOMBRE_ARB": 0, "PROGRAMME": "Production bio", "SHAPE_AREA": 1359.451, "SHAPE_LEN": 197.743, "SURFACE_M2": 4079, "UTILISATIO": "Cultures maraîchères de plein champ annuelles (sauf les légumes de conserve)" }, "geometry": { "type": "MultiPolygon", "coordinates": [ [ [ [ 2534733.288000000175089, 1156707.85 ], [ 2534731.333000000100583, 1156707.446 ], [ 2534651.963, 1156722.232 ], [ 2534659.313, 1156737.377 ], [ 2534739.660000000149012, 1156723.158 ], [ 2534733.288000000175089, 1156707.85 ] ] ] ] } },
{ "type": "Feature", "properties": { "ANNEE_DE_R": 2025, "CODE_PROGR": "Bio", "CODE_UTILI": 811, "IDENTIFICA": "VD_2025_44453", "NOMBRE_ARB": 0, "PROGRAMME": "Production bio", "SHAPE_AREA": 1174.896, "SHAPE_LEN": 158.841, "SURFACE_M2": 1175, "UTILISATIO": "Cultures maraîchères sous abri sans fondations permanentes; sur sol naturel" }, "geometry": { "type": "MultiPolygon", "coordinates": [ [ [ [ 2534745.943, 1156576.213 ], [ 2534744.774000000208616, 1156591.484 ], [ 2534742.938, 1156623.097 ], [ 2534761.475, 1156623.599 ], [ 2534761.589999999850988, 1156632.069 ], [ 2534768.06, 1156632.545 ], [ 2534770.157999999821186, 1156592.273 ], [ 2534770.65, 1156584.044 ], [ 2534762.646000000182539, 1156584.102 ], [ 2534761.592999999877065, 1156578.186 ], [ 2534745.943, 1156576.213 ] ] ] ] } },
{ "type": "Feature", "properties": { "ANNEE_DE_R": 2025, "CODE_PROGR": "Bio", "CODE_UTILI": 617, "IDENTIFICA": "VD_2025_402623", "NOMBRE_ARB": 0, "PROGRAMME": "Production bio", "SHAPE_AREA": 853.815, "SHAPE_LEN": 121.271, "SURFACE_M2": 1708, "UTILISATIO": "Pâturages extensifs" }, "geometry": { "type": "MultiPolygon", "coordinates": [ [ [ [ 2534954.254999999888241, 1153142.944 ], [ 2534954.601245563942939, 1153142.668290871893987 ], [ 2534953.791000000201166, 1153142.683 ], [ 2534953.916000000201166, 1153145.322 ], [ 2534954.291000000201166, 1153152.072 ], [ 2534954.541000000201166, 1153158.197 ], [ 2534953.416000000201166, 1153161.134 ], [ 2534955.172746002208441, 1153178.060299299191684 ], [ 2534954.254999999888241, 1153142.944 ] ] ] ] } },
{ "type": "Feature", "properties": { "ANNEE_DE_R": 2025, "CODE_PROGR": "Non", "CODE_UTILI": 704, "IDENTIFICA": "VD_2025_469518", "NOMBRE_ARB": 0, "PROGRAMME": "Aucun programme", "SHAPE_AREA": 3706.612, "SHAPE_LEN": 247.931, "SURFACE_M2": 3707, "UTILISATIO": "Cultures fruitières (fruits à noyau)" }, "geometry": { "type": "MultiPolygon", "coordinates": [ [ [ [ 2534976.11200000019744, 1157578.110000000102445 ], [ 2534998.018000000156462, 1157647.051 ], [ 2535045.339999999850988, 1157625.004999999888241 ], [ 2535022.291999999899417, 1157556.41 ], [ 2534976.11200000019744, 1157578.110000000102445 ] ] ] ] } },
{ "type": "Feature", "properties": { "ANNEE_DE_R": 2025, "CODE_PROGR": "psArableSoilCoverage", "CODE_UTILI": 556, "IDENTIFICA": "VD_2025_437103", "NOMBRE_ARB": 0, "PROGRAMME": "Couverture appropriée du sol (les cultures principales sur terres ouvertes)", "SHAPE_AREA": 3249.539, "SHAPE_LEN": 232.68, "SURFACE_M2": 6500, "UTILISATIO": "Jachère florale" }, "geometry": { "type": "MultiPolygon", "coordinates": [ [ [ [ 2536241.811000000219792, 1158344.078 ], [ 2536240.108, 1158322.973 ], [ 2536230.702, 1158325.4 ], [ 2536207.577, 1158331.838 ], [ 2536184.813999999780208, 1158337.851 ], [ 2536186.889, 1158365.256 ], [ 2536187.764, 1158379.756 ], [ 2536189.214999999850988, 1158399.916999999899417 ], [ 2536191.236, 1158401.132 ], [ 2536205.603999999817461, 1158393.851 ], [ 2536217.346, 1158387.644 ], [ 2536223.596, 1158383.894 ], [ 2536230.596, 1158380.144 ], [ 2536244.233, 1158374.112999999895692 ], [ 2536243.995000000111759, 1158371.152 ], [ 2536243.481999999843538, 1158364.798 ], [ 2536241.811000000219792, 1158344.078 ] ] ] ] } },
{ "type": "Feature", "properties": { "ANNEE_DE_R": 2025, "CODE_PROGR": "Non", "CODE_UTILI": 611, "IDENTIFICA": "VD_2025_5748", "NOMBRE_ARB": 0, "PROGRAMME": "Aucun programme", "SHAPE_AREA": 374.177, "SHAPE_LEN": 168.381, "SURFACE_M2": 375, "UTILISATIO": "Prairies extensives (sans les pâturages)" }, "geometry": { "type": "MultiPolygon", "coordinates": [ [ [ [ 2536196.865000000223517, 1158430.169 ], [ 2536191.477, 1158430.003 ], [ 2536164.727, 1158441.878 ], [ 2536137.477, 1158453.753 ], [ 2536123.643000000156462, 1158458.379 ], [ 2536124.12099999981001, 1158464.896 ], [ 2536168.100999999791384, 1158445.52 ], [ 2536197.990000000223517, 1158431.669 ], [ 2536196.865000000223517, 1158430.169 ] ] ] ] } },
{ "type": "Feature", "properties": { "ANNEE_DE_R": 2025, "CODE_PROGR": "psmArableFarming", "CODE_UTILI": 527, "IDENTIFICA": "VD_2025_160516", "NOMBRE_ARB": 0, "PROGRAMME": "Non-recours aux produits phytosanitaires dans les grandes cultures", "SHAPE_AREA": 31033.911, "SHAPE_LEN": 814.749, "SURFACE_M2": 155170, "UTILISATIO": "Colza d’automne destiné à la fabrication d’huile comestible" }, "geometry": { "type": "MultiPolygon", "coordinates": [ [ [ [ 2536545.491, 1155221.055 ], [ 2536558.355773979797959, 1155370.342089237412438 ], [ 2536577.467999999877065, 1155424.486 ], [ 2536582.359000000171363, 1155438.096 ], [ 2536594.347, 1155470.352999999886379 ], [ 2536692.075999999884516, 1155521.55 ], [ 2536691.498000000137836, 1155512.164000000106171 ], [ 2536690.100999999791384, 1155489.467 ], [ 2536689.302000000141561, 1155483.43 ], [ 2536686.373999999836087, 1155461.206 ], [ 2536685.438, 1155454.102 ], [ 2536683.733, 1155440.994 ], [ 2536682.356999999843538, 1155430.123 ], [ 2536680.68099999986589, 1155408.457 ], [ 2536679.811000000219792, 1155397.212 ], [ 2536678.623999999836087, 1155381.856 ], [ 2536678.432, 1155379.375 ], [ 2536678.313999999780208, 1155377.857 ], [ 2536677.748999999836087, 1155370.553 ], [ 2536675.589999999850988, 1155345.549000000115484 ], [ 2536670.316999999806285, 1155274.47 ], [ 2536667.947999999858439, 1155243.841 ], [ 2536667.890000000130385, 1155241.75 ], [ 2536662.276, 1155245.484 ], [ 2536656.1, 1155248.812 ], [ 2536650.475, 1155250.875 ], [ 2536644.6, 1155251.75 ], [ 2536639.080999999772757, 1155251.875 ], [ 2536633.008, 1155251.710999999893829 ], [ 2536628.330999999772757, 1155250.687 ], [ 2536625.492, 1155249.845 ], [ 2536620.663000000175089, 1155248.414000000106171 ], [ 2536618.149000000208616, 1155247.669 ], [ 2536611.862999999895692, 1155245.805 ], [ 2536607.616, 1155244.21 ], [ 2536601.887000000104308, 1155242.058999999891967 ], [ 2536596.974, 1155240.215 ], [ 2536595.549999999813735, 1155239.68 ], [ 2536593.106000000145286, 1155238.677 ], [ 2536574.12900000018999, 1155230.893 ], [ 2536559.815, 1155225.058999999891967 ], [ 2536553.753, 1155222.808999999891967 ], [ 2536545.372, 1155219.703 ], [ 2536545.371544733643532, 1155219.702868047636002 ], [ 2536545.491, 1155221.055 ] ] ] ] } },
{ "type": "Feature", "properties": { "ANNEE_DE_R": 2025, "CODE_PROGR": "Non", "CODE_UTILI": 852, "IDENTIFICA": "VD_2025_47793", "NOMBRE_ARB": 0, "PROGRAMME": "Aucun programme", "SHAPE_AREA": 11643.501, "SHAPE_LEN": 2453.279, "SURFACE_M2": 11644, "UTILISATIO": "Haies, bosquets champêtres et berges boisées (avec la bande herbeuse)" }, "geometry": { "type": "MultiPolygon", "coordinates": [ [ [ [ 2536745.412, 1158683.346 ], [ 2536736.912, 1158692.346 ], [ 2536705.740000000223517, 1158737.93 ], [ 2536705.634, 1158739.118 ], [ 2536705.05599999986589, 1158739.983 ], [ 2536699.399000000208616, 1158749.416 ], [ 2536695.36200000019744, 1158756.4 ], [ 2536694.344, 1158758.487999999895692 ], [ 2536693.599, 1158760.017 ], [ 2536670.561000000219792, 1158807.3 ], [ 2536637.171, 1158873.862999999895692 ], [ 2536649.595000000204891, 1158881.775 ], [ 2536656.044000000227243, 1158865.654 ], [ 2536664.012000000104308, 1158845.737 ], [ 2536668.835, 1158835.344 ], [ 2536673.097, 1158826.162 ], [ 2536682.188999999780208, 1158809.32 ], [ 2536683.109000000171363, 1158807.616 ], [ 2536684.003, 1158805.785 ], [ 2536691.109000000171363, 1158791.241 ], [ 2536701.274000000208616, 1158770.811 ], [ 2536704.541999999899417, 1158764.241 ], [ 2536706.687, 1158761.014 ], [ 2536712.691999999806285, 1158751.98 ], [ 2536717.912, 1158743.893 ], [ 2536729.034, 1158726.663 ], [ 2536736.350999999791384, 1158715.325999999884516 ], [ 2536739.602, 1158710.29 ], [ 2536742.842999999877065, 1158705.269 ], [ 2536744.629999999888241, 1158702.852 ], [ 2536748.812, 1158694.225 ], [ 2536750.847, 1158690.063 ], [ 2536756.954, 1158678.622 ], [ 2536759.961999999824911, 1158672.524 ], [ 2536764.111, 1158664.588 ], [ 2536764.631, 1158663.058999999891967 ], [ 2536766.757000000216067, 1158656.811 ], [ 2536770.379999999888241, 1158646.164000000106171 ], [ 2536781.69400000013411, 1158612.91 ], [ 2536781.302999999839813, 1158610.602 ], [ 2536769.892, 1158595.866 ], [ 2536759.719, 1158595.649 ], [ 2536757.501000000163913, 1158635.663 ], [ 2536755.912, 1158664.346 ], [ 2536748.44400000013411, 1158677.616 ], [ 2536745.412, 1158683.346 ] ] ], [ [ [ 2536846.472, 1159139.523 ], [ 2536846.594, 1159135.658 ], [ 2536846.410999999847263, 1159131.491 ], [ 2536843.407000000122935, 1159061.389 ], [ 2536840.248000000137836, 1158986.938 ], [ 2536836.849, 1158906.82 ], [ 2536836.721, 1158903.802 ], [ 2536835.952, 1158888.969 ], [ 2536835.876000000163913, 1158884.382 ], [ 2536835.65, 1158883.156999999890104 ], [ 2536796.85, 1158673.210999999893829 ], [ 2536786.876000000163913, 1158676.382 ], [ 2536826.876000000163913, 1158883.882 ], [ 2536840.063, 1159140.547 ], [ 2536843.721, 1159139.469 ], [ 2536846.472, 1159139.523 ] ] ], [ [ [ 2536820.896000000182539, 1159148.444 ], [ 2536823.298, 1159147.477 ], [ 2536735.376000000163913, 1158745.382 ], [ 2536727.876000000163913, 1158749.382 ], [ 2536765.376000000163913, 1158923.382 ], [ 2536809.585, 1159130.974 ], [ 2536813.815, 1159150.835999999893829 ], [ 2536820.896000000182539, 1159148.444 ] ] ] ] } },
{ "type": "Feature", "properties": { "ANNEE_DE_R": 2025, "CODE_PROGR": "Bio", "CODE_UTILI": 611, "IDENTIFICA": "VD_2025_490662", "NOMBRE_ARB": 0, "PROGRAMME": "Production bio", "SHAPE_AREA": 6536.088, "SHAPE_LEN": 596.754, "SURFACE_M2": 13073, "UTILISATIO": "Prairies extensives (sans les pâturages)" }, "geometry": { "type": "MultiPolygon", "coordinates": [ [ [ [ 2536878.66399999987334, 1154425.905 ], [ 2536882.204, 1154411.043 ], [ 2536896.23, 1154413.308999999891967 ], [ 2536895.98, 1154403.308999999891967 ], [ 2536903.98, 1154394.308999999891967 ], [ 2536909.73, 1154381.558999999891967 ], [ 2536908.373999999836087, 1154380.628 ], [ 2536905.491, 1154383.491 ], [ 2536894.603999999817461, 1154384.509 ], [ 2536893.671999999787658, 1154374.497 ], [ 2536884.73, 1154379.058999999891967 ], [ 2536877.23, 1154395.058999999891967 ], [ 2536875.429, 1154406.979 ], [ 2536871.98, 1154429.808999999891967 ], [ 2536871.504999999888241, 1154445.111 ], [ 2536870.73, 1154470.058999999891967 ], [ 2536864.23, 1154499.308999999891967 ], [ 2536854.98, 1154520.308999999891967 ], [ 2536843.23, 1154525.058999999891967 ], [ 2536832.98, 1154545.308999999891967 ], [ 2536822.58600000012666, 1154596.097 ], [ 2536824.614, 1154596.705 ], [ 2536827.58600000012666, 1154597.597 ], [ 2536841.08600000012666, 1154580.597 ], [ 2536871.392, 1154573.708000000100583 ], [ 2536906.802000000141561, 1154570.649 ], [ 2536907.392, 1154531.708000000100583 ], [ 2536906.058999999891967, 1154503.375 ], [ 2536882.680000000167638, 1154502.193 ], [ 2536878.893000000156462, 1154487.736 ], [ 2536876.373999999836087, 1154457.507 ], [ 2536878.66399999987334, 1154439.645 ], [ 2536878.66399999987334, 1154425.905 ] ] ] ] } },
{ "type": "Feature", "properties": { "ANNEE_DE_R": 2025, "CODE_PROGR": "Non", "CODE_UTILI": 611, "IDENTIFICA": "VD_2025_451874", "NOMBRE_ARB": 0, "PROGRAMME": "Aucun programme", "SHAPE_AREA": 53829.508, "SHAPE_LEN": 5023.938, "SURFACE_M2": 53830, "UTILISATIO": "Prairies extensives (sans les pâturages)" }, "geometry": { "type": "MultiPolygon", "coordinates": [ [ [ [ 2536873.896999999880791, 1154725.636 ], [ 2536903.793, 1154724.382 ], [ 2536895.122, 1154627.945 ], [ 2536922.372, 1154626.945 ], [ 2536928.872, 1154736.695 ], [ 2536986.122, 1154730.445 ], [ 2536996.372, 1154716.695 ], [ 2536980.872, 1154683.945 ], [ 2536975.622, 1154652.695 ], [ 2536976.872, 1154618.695 ], [ 2536973.872, 1154600.695 ], [ 2536966.504999999888241, 1154596.914000000106171 ], [ 2536957.157999999821186, 1154592.116 ], [ 2536907.686000000219792, 1154588.179 ], [ 2536855.514, 1154585.921 ], [ 2536859.089999999850988, 1154613.101 ], [ 2536861.867999999783933, 1154634.216 ], [ 2536873.896999999880791, 1154725.636 ] ] ], [ [ [ 2536941.552000000141561, 1154777.163 ], [ 2536933.552000000141561, 1154788.498 ], [ 2536953.552000000141561, 1155027.828 ], [ 2536961.552000000141561, 1155033.828 ], [ 2536970.887000000104308, 1155025.163 ], [ 2536952.887000000104308, 1154784.498 ], [ 2536941.552000000141561, 1154777.163 ] ] ], [ [ [ 2536974.475, 1155050.973 ], [ 2536963.808000000193715, 1155043.639999999897555 ], [ 2536953.140000000130385, 1155051.639999999897555 ], [ 2536979.549999999813735, 1155377.061 ], [ 2536988.421999999787658, 1155381.433 ], [ 2536998.808000000193715, 1155373.639999999897555 ], [ 2536974.475, 1155050.973 ] ] ], [ [ [ 2537013.052000000141561, 1155202.272000000113621 ], [ 2537017.907000000122935, 1155202.128 ], [ 2537015.512000000104308, 1155168.860000000102445 ], [ 2537002.844, 1155167.527 ], [ 2537005.844, 1155240.192 ], [ 2537000.514, 1155261.525 ], [ 2537009.12099999981001, 1155366.541 ], [ 2537018.177000000141561, 1155377.860000000102445 ], [ 2537026.512000000104308, 1155375.192 ], [ 2537013.052000000141561, 1155202.272000000113621 ] ] ], [ [ [ 2537001.294000000227243, 1155403.072 ], [ 2536989.756, 1155396.767 ], [ 2536980.913000000175089, 1155403.828 ], [ 2536996.808000000193715, 1155621.09 ], [ 2537006.808000000193715, 1155627.09 ], [ 2537017.808000000193715, 1155619.09 ], [ 2537001.294000000227243, 1155403.072 ] ] ], [ [ [ 2536955.839999999850988, 1155692.054 ], [ 2537059.33600000012666, 1155686.122 ], [ 2537082.961999999824911, 1155567.887000000104308 ], [ 2537076.117999999783933, 1155568.882 ], [ 2537057.117999999783933, 1155596.882 ], [ 2537047.117999999783933, 1155599.382 ], [ 2537050.421, 1155636.123 ], [ 2536974.971, 1155639.754999999888241 ], [ 2536945.447000000160187, 1155642.262000000104308 ], [ 2536946.808999999891967, 1155658.913 ], [ 2536948.779, 1155678.841 ], [ 2536950.117999999783933, 1155692.382 ], [ 2536955.839999999850988, 1155692.054 ] ] ], [ [ [ 2537093.453000000212342, 1154844.446 ], [ 2537097.703000000212342, 1154894.696 ], [ 2537097.953000000212342, 1154898.696 ], [ 2537115.203000000212342, 1154850.946 ], [ 2537093.453000000212342, 1154844.446 ] ] ], [ [ [ 2537121.953000000212342, 1154862.887000000104308 ], [ 2537099.453000000212342, 1154916.137000000104308 ], [ 2537103.06, 1154952.436 ], [ 2537111.453000000212342, 1155036.887000000104308 ], [ 2537146.703000000212342, 1154901.387000000104308 ], [ 2537125.453000000212342, 1154890.387000000104308 ], [ 2537136.031, 1154867.273 ], [ 2537121.953000000212342, 1154862.887000000104308 ] ] ], [ [ [ 2537033.719, 1155178.855 ], [ 2537022.634999999776483, 1155180.272000000113621 ], [ 2537024.179, 1155201.192 ], [ 2537034.930000000167638, 1155200.52 ], [ 2537047.961999999824911, 1155199.541 ], [ 2537047.961999999824911, 1155178.791 ], [ 2537033.719, 1155178.855 ] ] ], [ [ [ 2537058.018999999854714, 1155321.51 ], [ 2537063.018999999854714, 1155378.51 ], [ 2537068.018999999854714, 1155386.51 ], [ 2537085.018999999854714, 1155385.01 ], [ 2537080.018999999854714, 1155327.51 ], [ 2537067.518999999854714, 1155327.51 ], [ 2537058.018999999854714, 1155321.51 ] ] ], [ [ [ 2537086.518999999854714, 1155399.51 ], [ 2537082.018999999854714, 1155404.51 ], [ 2537084.018999999854714, 1155419.51 ], [ 2537090.018999999854714, 1155421.01 ], [ 2537092.018999999854714, 1155453.01 ], [ 2537110.018999999854714, 1155453.01 ], [ 2537117.018999999854714, 1155391.01 ], [ 2537107.518999999854714, 1155396.01 ], [ 2537086.518999999854714, 1155399.51 ] ] ], [ [ [ 2537048.018999999854714, 1155441.628 ], [ 2537061.018999999854714, 1155431.128 ], [ 2537060.518999999854714, 1155416.128 ], [ 2537075.518999999854714, 1155418.628 ], [ 2537074.018999999854714, 1155394.128 ], [ 2537062.018999999854714, 1155390.628 ], [ 2537057.018999999854714, 1155383.128 ], [ 2537052.018999999854714, 1155322.628 ], [ 2537046.518999999854714, 1155319.628 ], [ 2537045.018999999854714, 1155304.628 ], [ 2537064.018999999854714, 1155304.128 ], [ 2537062.518999999854714, 1155278.128 ], [ 2537054.518999999854714, 1155275.128 ], [ 2537033.018999999854714, 1155303.628 ], [ 2537037.018999999854714, 1155385.628 ], [ 2537016.066999999806285, 1155400.408 ], [ 2537029.018999999854714, 1155589.628 ], [ 2537034.518999999854714, 1155575.01 ], [ 2537030.018999999854714, 1155466.628 ], [ 2537048.518999999854714, 1155464.628 ], [ 2537048.018999999854714, 1155441.628 ] ] ] ] } },
{ "type": "Feature", "properties": { "ANNEE_DE_R": 2025, "CODE_PROGR": "psGmf", "CODE_UTILI": 611, "IDENTIFICA": "VD_2025_170553", "NOMBRE_ARB": 0, "PROGRAMME": "Production de lait et de viande basée sur les herbages", "SHAPE_AREA": 10449.885, "SHAPE_LEN": 1373.728, "SURFACE_M2": 10450, "UTILISATIO": "Prairies extensives (sans les pâturages)" }, "geometry": { "type": "MultiPolygon", "coordinates": [ [ [ [ 2536835.65, 1158883.156999999890104 ], [ 2536835.876000000163913, 1158884.382 ], [ 2536835.952, 1158888.969 ], [ 2536836.721, 1158903.802 ], [ 2536836.849, 1158906.82 ], [ 2536840.248000000137836, 1158986.938 ], [ 2536843.407000000122935, 1159061.389 ], [ 2536846.410999999847263, 1159131.491 ], [ 2536846.594, 1159135.658 ], [ 2536846.472, 1159139.523 ], [ 2536887.708999999798834, 1159140.327 ], [ 2536924.626000000163913, 1159139.802 ], [ 2536957.006, 1159127.811 ], [ 2536962.467000000178814, 1159118.142 ], [ 2536970.87099999981001, 1159096.602 ], [ 2536974.884, 1159089.118 ], [ 2536981.984999999869615, 1159075.876 ], [ 2536994.257000000216067, 1159061.362999999895692 ], [ 2537012.173, 1159048.922 ], [ 2537035.705, 1159037.629 ], [ 2537058.881, 1159033.134 ], [ 2537054.466, 1158940.513 ], [ 2537060.949, 1158913.815 ], [ 2537064.799999999813735, 1158897.957 ], [ 2537065.58600000012666, 1158895.269 ], [ 2537069.881, 1158884.308999999891967 ], [ 2537050.74599999981001, 1158855.764999999897555 ], [ 2537031.48, 1158860.514 ], [ 2537043.74599999981001, 1159026.764999999897555 ], [ 2537026.481999999843538, 1159030.257 ], [ 2536999.24599999981001, 1159035.764999999897555 ], [ 2536971.74599999981001, 1159061.264999999897555 ], [ 2536954.501000000163913, 1159093.253 ], [ 2536940.733, 1159118.791 ], [ 2536927.751000000163913, 1159121.81 ], [ 2536921.447999999858439, 1159123.276 ], [ 2536918.673, 1159123.921 ], [ 2536897.81900000013411, 1159125.511 ], [ 2536862.079, 1159128.408 ], [ 2536855.691000000108033, 1159034.601 ], [ 2536845.313999999780208, 1158882.223 ], [ 2536835.65, 1158883.156999999890104 ] ] ] ] } },
{ "type": "Feature", "properties": { "ANNEE_DE_R": 2025, "CODE_PROGR": "Bio", "CODE_UTILI": 617, "IDENTIFICA": "VD_2025_444436", "NOMBRE_ARB": 6, "PROGRAMME": "Production bio", "SHAPE_AREA": 5516.408, "SHAPE_LEN": 628.806, "SURFACE_M2": 11033, "UTILISATIO": "Pâturages extensifs" }, "geometry": { "type": "MultiPolygon", "coordinates": [ [ [ [ 2537108.185, 1151475.597 ], [ 2537092.384999999776483, 1151486.997 ], [ 2537080.185, 1151499.597 ], [ 2537076.984999999869615, 1151504.997 ], [ 2537086.785000000149012, 1151524.797 ], [ 2537096.984999999869615, 1151535.397000000113621 ], [ 2537138.185, 1151514.597 ], [ 2537118.984999999869615, 1151484.997 ], [ 2537112.984999999869615, 1151478.997 ], [ 2537108.185, 1151475.597 ] ] ], [ [ [ 2537290.035000000149012, 1151523.397000000113621 ], [ 2537279.835, 1151520.597 ], [ 2537269.035000000149012, 1151516.797 ], [ 2537257.435, 1151509.397000000113621 ], [ 2537248.835, 1151503.397000000113621 ], [ 2537238.435, 1151513.797 ], [ 2537214.634999999776483, 1151530.797 ], [ 2537218.634999999776483, 1151536.197 ], [ 2537225.035000000149012, 1151534.997 ], [ 2537245.435, 1151535.597 ], [ 2537263.035000000149012, 1151536.197 ], [ 2537287.835, 1151537.797 ], [ 2537296.634999999776483, 1151536.197 ], [ 2537299.435, 1151527.397000000113621 ], [ 2537290.035000000149012, 1151523.397000000113621 ] ] ], [ [ [ 2537136.785000000149012, 1151679.876 ], [ 2537132.185, 1151671.075999999884516 ], [ 2537149.585, 1151660.876 ], [ 2537143.984999999869615, 1151655.676 ], [ 2537132.585, 1151649.876 ], [ 2537128.384999999776483, 1151648.676 ], [ 2537122.585, 1151640.476 ], [ 2537116.185, 1151631.876 ], [ 2537113.717999999877065, 1151633.698 ], [ 2537118.117999999783933, 1151642.298 ], [ 2537090.518000000156462, 1151656.098 ], [ 2537085.918, 1151646.098 ], [ 2537089.785000000149012, 1151644.075999999884516 ], [ 2537087.384999999776483, 1151639.276 ], [ 2537079.585, 1151642.276 ], [ 2537087.984999999869615, 1151657.676 ], [ 2537095.984999999869615, 1151666.276 ], [ 2537105.185, 1151677.676 ], [ 2537112.785000000149012, 1151688.876 ], [ 2537117.384999999776483, 1151695.676 ], [ 2537145.785000000149012, 1151683.276 ], [ 2537143.585, 1151677.676 ], [ 2537136.785000000149012, 1151679.876 ] ] ] ] } },
{ "type": "Feature", "properties": { "ANNEE_DE_R": 2025, "CODE_PROGR": "Bio", "CODE_UTILI": 611, "IDENTIFICA": "VD_2025_490666", "NOMBRE_ARB": 0, "PROGRAMME": "Production bio", "SHAPE_AREA": 22935.459, "SHAPE_LEN": 2394.359, "SURFACE_M2": 45871, "UTILISATIO": "Prairies extensives (sans les pâturages)" }, "geometry": { "type": "MultiPolygon", "coordinates": [ [ [ [ 2537233.423, 1155215.21 ], [ 2537235.969, 1155192.473 ], [ 2537241.969, 1155139.598 ], [ 2537221.844, 1155138.848 ], [ 2537220.844, 1155188.223 ], [ 2537142.756, 1155186.025 ], [ 2537146.663000000175089, 1155076.838 ], [ 2537158.231000000145286, 1155077.313 ], [ 2537169.231000000145286, 1155077.563 ], [ 2537190.663000000175089, 1155079.088 ], [ 2537223.27, 1155080.779 ], [ 2537221.56, 1155131.161 ], [ 2537243.81, 1155131.911 ], [ 2537245.81, 1155095.661 ], [ 2537247.007000000216067, 1155083.189 ], [ 2537248.77, 1155074.029 ], [ 2537247.257000000216067, 1155068.189 ], [ 2537242.848000000230968, 1155059.031999999890104 ], [ 2537236.257000000216067, 1155060.189 ], [ 2537234.251000000163913, 1155058.154 ], [ 2537234.007000000216067, 1155054.439 ], [ 2537237.507000000216067, 1155047.939 ], [ 2537224.757000000216067, 1155041.689 ], [ 2537215.007000000216067, 1155036.189 ], [ 2537205.511, 1155039.243 ], [ 2537191.588, 1155031.987 ], [ 2537182.463, 1155028.237 ], [ 2537170.511, 1155020.243 ], [ 2537155.261, 1155013.743 ], [ 2537149.912, 1155012.301 ], [ 2537142.287, 1155022.051 ], [ 2537139.30599999986589, 1155036.639 ], [ 2537144.80599999986589, 1155036.639 ], [ 2537142.43099999986589, 1155046.389 ], [ 2537138.261, 1155071.493 ], [ 2537135.946, 1155186.075 ], [ 2537137.469, 1155197.848 ], [ 2537144.094, 1155217.223 ], [ 2537154.895, 1155219.587 ], [ 2537180.02, 1155218.962 ], [ 2537216.02, 1155217.212 ], [ 2537218.065, 1155250.413 ], [ 2537229.007000000216067, 1155250.372 ], [ 2537227.517, 1155222.489 ], [ 2537227.423, 1155215.585 ], [ 2537233.423, 1155215.21 ] ] ], [ [ [ 2537259.989, 1155175.707 ], [ 2537288.239, 1155118.457 ], [ 2537261.941999999806285, 1155111.006 ], [ 2537258.239, 1155109.957 ], [ 2537252.239, 1155173.207 ], [ 2537259.989, 1155175.707 ] ] ], [ [ [ 2537435.319999999832362, 1155171.32 ], [ 2537414.944999999832362, 1155160.195 ], [ 2537380.069999999832362, 1155144.82 ], [ 2537377.944999999832362, 1155147.82 ], [ 2537374.819999999832362, 1155147.07 ], [ 2537345.944999999832362, 1155236.445 ], [ 2537358.372, 1155238.642 ], [ 2537378.872, 1155221.017 ], [ 2537401.018000000156462, 1155210.931 ], [ 2537406.349, 1155206.27 ], [ 2537408.974, 1155204.145 ], [ 2537410.268000000156462, 1155202.681 ], [ 2537434.512000000104308, 1155190.92 ], [ 2537441.819999999832362, 1155183.445 ], [ 2537443.069999999832362, 1155177.445 ], [ 2537435.319999999832362, 1155171.32 ] ], [ [ 2537408.58600000012666, 1155190.682 ], [ 2537395.387000000104308, 1155192.17 ], [ 2537388.46100000012666, 1155181.682 ], [ 2537393.46100000012666, 1155169.182 ], [ 2537398.83600000012666, 1155160.932 ], [ 2537411.771999999880791, 1155167.168 ], [ 2537417.762000000104308, 1155178.42 ], [ 2537408.58600000012666, 1155190.682 ] ] ], [ [ [ 2537145.896000000182539, 1155346.626 ], [ 2537218.146000000182539, 1155350.126 ], [ 2537218.896000000182539, 1155332.126 ], [ 2537148.396000000182539, 1155334.876 ], [ 2537145.896000000182539, 1155346.626 ] ] ], [ [ [ 2537204.651999999769032, 1155457.722 ], [ 2537139.151999999769032, 1155453.472 ], [ 2537136.901999999769032, 1155464.972 ], [ 2537189.651999999769032, 1155475.472 ], [ 2537192.151999999769032, 1155465.472 ], [ 2537202.651999999769032, 1155466.472 ], [ 2537204.651999999769032, 1155457.722 ] ] ], [ [ [ 2537296.393999999854714, 1155513.686 ], [ 2537289.759, 1155514.142 ], [ 2537286.927999999839813, 1155529.202 ], [ 2537274.157000000122935, 1155600.399 ], [ 2537275.757000000216067, 1155600.647000000113621 ], [ 2537313.565, 1155609.047 ], [ 2537331.23700000019744, 1155578.777 ], [ 2537326.86200000019744, 1155556.652 ], [ 2537311.114, 1155513.143 ], [ 2537305.114, 1155513.268 ], [ 2537296.393999999854714, 1155513.686 ] ], [ [ 2537314.86200000019744, 1155577.527 ], [ 2537311.73700000019744, 1155573.527 ], [ 2537314.86200000019744, 1155562.652 ], [ 2537317.025, 1155561.514 ], [ 2537319.98700000019744, 1155568.277 ], [ 2537319.61200000019744, 1155575.277 ], [ 2537314.86200000019744, 1155577.527 ] ] ], [ [ [ 2537179.656, 1155600.699 ], [ 2537183.406, 1155584.199 ], [ 2537116.156, 1155569.949 ], [ 2537111.906, 1155585.449 ], [ 2537179.656, 1155600.699 ] ] ] ] } },
{ "type": "Feature", "properties": { "ANNEE_DE_R": 2025, "CODE_PROGR": "Bio", "CODE_UTILI": 617, "IDENTIFICA": "VD_2025_402608", "NOMBRE_ARB": 0, "PROGRAMME": "Production bio", "SHAPE_AREA": 1710.81, "SHAPE_LEN": 251.981, "SURFACE_M2": 3422, "UTILISATIO": "Pâturages extensifs" }, "geometry": { "type": "MultiPolygon", "coordinates": [ [ [ [ 2537575.353000000119209, 1152380.041 ], [ 2537572.728000000119209, 1152371.041 ], [ 2537536.478000000119209, 1152378.041 ], [ 2537524.603000000119209, 1152380.416 ], [ 2537521.103000000119209, 1152384.416 ], [ 2537517.103000000119209, 1152386.666 ], [ 2537507.828000000212342, 1152389.925 ], [ 2537513.197000000160187, 1152421.039000000106171 ], [ 2537518.572000000160187, 1152448.539000000106171 ], [ 2537523.947000000160187, 1152440.789000000106171 ], [ 2537522.072000000160187, 1152436.164000000106171 ], [ 2537522.447000000160187, 1152431.414000000106171 ], [ 2537525.572000000160187, 1152427.414000000106171 ], [ 2537526.916999999899417, 1152419.965 ], [ 2537523.065, 1152402.358 ], [ 2537577.353000000119209, 1152388.041 ], [ 2537575.353000000119209, 1152380.041 ] ] ] ] } },
{ "type": "Feature", "properties": { "ANNEE_DE_R": 2025, "CODE_PROGR": "Bio", "CODE_UTILI": 617, "IDENTIFICA": "VD_2025_402575", "NOMBRE_ARB": 0, "PROGRAMME": "Production bio", "SHAPE_AREA": 2659.825, "SHAPE_LEN": 557.805, "SURFACE_M2": 5320, "UTILISATIO": "Pâturages extensifs" }, "geometry": { "type": "MultiPolygon", "coordinates": [ [ [ [ 2538324.207, 1152816.316000000108033 ], [ 2538317.407000000122935, 1152818.516 ], [ 2538308.407000000122935, 1152804.816000000108033 ], [ 2538300.146000000182539, 1152791.519 ], [ 2538291.896000000182539, 1152779.394 ], [ 2538287.507000000216067, 1152772.316000000108033 ], [ 2538283.606999999843538, 1152762.316000000108033 ], [ 2538280.407000000122935, 1152753.316000000108033 ], [ 2538275.007000000216067, 1152754.816000000108033 ], [ 2538280.907000000122935, 1152768.416 ], [ 2538286.407000000122935, 1152780.816000000108033 ], [ 2538293.307, 1152792.916 ], [ 2538297.507000000216067, 1152801.444 ], [ 2538304.807, 1152809.544 ], [ 2538312.606999999843538, 1152816.844 ], [ 2538316.907000000122935, 1152821.444 ], [ 2538320.807, 1152822.244 ], [ 2538323.807, 1152821.844 ], [ 2538326.207, 1152821.216 ], [ 2538324.207, 1152816.316000000108033 ] ] ], [ [ [ 2538289.907000000122935, 1152802.073 ], [ 2538300.207, 1152820.973 ], [ 2538309.407000000122935, 1152842.873 ], [ 2538310.407000000122935, 1152842.673 ], [ 2538310.106999999843538, 1152822.573 ], [ 2538298.207, 1152809.573 ], [ 2538291.407000000122935, 1152801.373 ], [ 2538289.907000000122935, 1152802.073 ] ] ], [ [ [ 2538332.634999999776483, 1152877.936 ], [ 2538324.537, 1152856.066000000108033 ], [ 2538320.077, 1152839.117 ], [ 2538326.077, 1152836.617 ], [ 2538325.938999999780208, 1152827.548 ], [ 2538316.188999999780208, 1152830.173 ], [ 2538314.233, 1152833.909 ], [ 2538312.233, 1152892.909 ], [ 2538317.983, 1152903.159 ], [ 2538322.983, 1152912.909 ], [ 2538342.483, 1152928.159 ], [ 2538360.80599999986589, 1152943.096 ], [ 2538362.555000000167638, 1152942.179 ], [ 2538361.634999999776483, 1152930.159 ], [ 2538356.983, 1152930.159 ], [ 2538346.424999999813735, 1152904.345 ], [ 2538335.134999999776483, 1152877.686 ], [ 2538332.634999999776483, 1152877.936 ] ] ] ] } },
{ "type": "Feature", "properties": { "ANNEE_DE_R": 2025, "CODE_PROGR": "Bio", "CODE_UTILI": 611, "IDENTIFICA": "VD_2025_402568", "NOMBRE_ARB": 0, "PROGRAMME": "Production bio", "SHAPE_AREA": 2558.229, "SHAPE_LEN": 323.602, "SURFACE_M2": 5117, "UTILISATIO": "Prairies extensives (sans les pâturages)" }, "geometry": { "type": "MultiPolygon", "coordinates": [ [ [ [ 2538730.208000000100583, 1153766.423 ], [ 2538713.958000000100583, 1153768.423 ], [ 2538695.285999999847263, 1153774.497 ], [ 2538678.285999999847263, 1153783.997 ], [ 2538665.582, 1153792.636 ], [ 2538666.583000000100583, 1153807.423 ], [ 2538667.083000000100583, 1153829.798 ], [ 2538681.382000000216067, 1153836.241 ], [ 2538711.950000000186265, 1153796.374 ], [ 2538714.134999999776483, 1153783.345 ], [ 2538723.634999999776483, 1153773.095 ], [ 2538731.893999999854714, 1153770.09 ], [ 2538730.208000000100583, 1153766.423 ] ] ], [ [ [ 2538789.325999999884516, 1153835.281999999890104 ], [ 2538786.825999999884516, 1153832.031999999890104 ], [ 2538773.955, 1153833.034 ], [ 2538762.890999999828637, 1153830.896 ], [ 2538752.108, 1153846.679 ], [ 2538755.333999999798834, 1153848.435 ], [ 2538766.160000000149012, 1153837.654 ], [ 2538770.649000000208616, 1153841.864 ], [ 2538775.188999999780208, 1153844.807 ], [ 2538779.200999999884516, 1153847.406999999890104 ], [ 2538789.075999999884516, 1153848.781999999890104 ], [ 2538794.325999999884516, 1153842.406999999890104 ], [ 2538789.325999999884516, 1153835.281999999890104 ] ] ] ] } },
{ "type": "Feature", "properties": { "ANNEE_DE_R": 2025, "CODE_PROGR": "Bio", "CODE_UTILI": 611, "IDENTIFICA": "VD_2025_402566", "NOMBRE_ARB": 0, "PROGRAMME": "Production bio", "SHAPE_AREA": 2489.363, "SHAPE_LEN": 403.488, "SURFACE_M2": 4979, "UTILISATIO": "Prairies extensives (sans les pâturages)" }, "geometry": { "type": "MultiPolygon", "coordinates": [ [ [ [ 2538634.967999999877065, 1153612.133 ], [ 2538630.160999999847263, 1153612.501 ], [ 2538618.396000000182539, 1153624.511 ], [ 2538614.521000000182539, 1153632.011 ], [ 2538612.271000000182539, 1153655.886 ], [ 2538640.352, 1153660.483 ], [ 2538649.102, 1153656.608 ], [ 2538648.967999999877065, 1153633.508 ], [ 2538646.829, 1153628.247 ], [ 2538634.967999999877065, 1153612.133 ] ] ], [ [ [ 2538667.204, 1153609.122 ], [ 2538659.410999999847263, 1153621.251 ], [ 2538654.410999999847263, 1153624.251 ], [ 2538649.217999999877065, 1153625.195 ], [ 2538652.592999999877065, 1153630.57 ], [ 2538652.467999999877065, 1153643.07 ], [ 2538654.017, 1153656.956 ], [ 2538656.660999999847263, 1153665.626 ], [ 2538660.285999999847263, 1153673.876 ], [ 2538662.535999999847263, 1153673.126 ], [ 2538660.785999999847263, 1153663.376 ], [ 2538660.160999999847263, 1153651.876 ], [ 2538660.660999999847263, 1153642.376 ], [ 2538662.285999999847263, 1153635.251 ], [ 2538666.285999999847263, 1153627.126 ], [ 2538671.204, 1153620.622 ], [ 2538680.021000000182539, 1153619.386 ], [ 2538686.521000000182539, 1153610.011 ], [ 2538683.646000000182539, 1153607.011 ], [ 2538667.204, 1153609.122 ] ] ], [ [ [ 2538803.498000000137836, 1153828.562 ], [ 2538819.450000000186265, 1153847.592 ], [ 2538834.200000000186265, 1153836.717 ], [ 2538818.123000000137836, 1153816.937 ], [ 2538803.498000000137836, 1153828.562 ] ] ] ] } },
{ "type": "Feature", "properties": { "ANNEE_DE_R": 2025, "CODE_PROGR": "Bio", "CODE_UTILI": 611, "IDENTIFICA": "VD_2025_517464", "NOMBRE_ARB": 0, "PROGRAMME": "Production bio", "SHAPE_AREA": 2056.678, "SHAPE_LEN": 551.422, "SURFACE_M2": 4114, "UTILISATIO": "Prairies extensives (sans les pâturages)" }, "geometry": { "type": "MultiPolygon", "coordinates": [ [ [ [ 2538934.097, 1153396.767 ], [ 2538931.193, 1153399.832 ], [ 2538942.001000000163913, 1153412.092 ], [ 2538963.779, 1153431.933999999891967 ], [ 2538983.298, 1153452.743 ], [ 2539003.463, 1153472.101 ], [ 2538992.492999999783933, 1153450.969 ], [ 2538967.489, 1153429.675 ], [ 2538934.097, 1153396.767 ] ] ], [ [ [ 2538946.034, 1153383.539000000106171 ], [ 2538937.484999999869615, 1153391.121 ], [ 2538956.68099999986589, 1153408.22 ], [ 2538997.654999999795109, 1153446.775 ], [ 2539029.918, 1153476.134 ], [ 2539061.375, 1153499.202 ], [ 2539052.018999999854714, 1153483.393 ], [ 2539036.532000000122935, 1153466.294 ], [ 2539027.983, 1153462.745000000111759 ], [ 2539020.562, 1153452.582 ], [ 2539008.302000000141561, 1153439.193 ], [ 2538994.106000000145286, 1153430.482 ], [ 2538969.264, 1153408.058999999891967 ], [ 2538957.649000000208616, 1153394.992 ], [ 2538946.034, 1153383.539000000106171 ] ] ] ] } },
{ "type": "Feature", "properties": { "ANNEE_DE_R": 2025, "CODE_PROGR": "Bio", "CODE_UTILI": 617, "IDENTIFICA": "VD_2025_402596", "NOMBRE_ARB": 0, "PROGRAMME": "Production bio", "SHAPE_AREA": 1001.941, "SHAPE_LEN": 137.494, "SURFACE_M2": 2004, "UTILISATIO": "Pâturages extensifs" }, "geometry": { "type": "MultiPolygon", "coordinates": [ [ [ [ 2539084.048, 1154475.071 ], [ 2539081.160000000149012, 1154473.745000000111759 ], [ 2539078.548, 1154473.821 ], [ 2539060.548, 1154481.321 ], [ 2539062.548, 1154492.821 ], [ 2539060.035000000149012, 1154504.370000000111759 ], [ 2539060.035000000149012, 1154521.495000000111759 ], [ 2539060.048, 1154524.852999999886379 ], [ 2539063.173, 1154519.852999999886379 ], [ 2539068.986, 1154514.915 ], [ 2539075.423, 1154511.509 ], [ 2539087.548, 1154507.821 ], [ 2539088.986, 1154506.821 ], [ 2539089.298, 1154505.071 ], [ 2539087.548, 1154480.571 ], [ 2539085.973000000230968, 1154476.870000000111759 ], [ 2539084.048, 1154475.071 ] ] ] ] } },
{ "type": "Feature", "properties": { "ANNEE_DE_R": 2025, "CODE_PROGR": "Bio", "CODE_UTILI": 601, "IDENTIFICA": "VD_2025_211434", "NOMBRE_ARB": 0, "PROGRAMME": "Production bio", "SHAPE_AREA": 10414.251, "SHAPE_LEN": 412.179, "SURFACE_M2": 31243, "UTILISATIO": "Prairies artificielles (sans les pâturages)" }, "geometry": { "type": "MultiPolygon", "coordinates": [ [ [ [ 2539707.278, 1160171.602 ], [ 2539702.918, 1160167.541999999899417 ], [ 2539627.849, 1160186.094 ], [ 2539654.6, 1160289.56 ], [ 2539666.947999999858439, 1160298.729 ], [ 2539686.697999999858439, 1160304.729 ], [ 2539717.447999999858439, 1160304.479 ], [ 2539740.109999999869615, 1160299.508 ], [ 2539725.413000000175089, 1160242.424000000115484 ], [ 2539714.509, 1160199.841 ], [ 2539707.278, 1160171.602 ] ] ] ] } },
{ "type": "Feature", "properties": { "ANNEE_DE_R": 2025, "CODE_PROGR": "Bio", "CODE_UTILI": 601, "IDENTIFICA": "VD_2025_211433", "NOMBRE_ARB": 0, "PROGRAMME": "Production bio", "SHAPE_AREA": 5922.409, "SHAPE_LEN": 325.009, "SURFACE_M2": 17768, "UTILISATIO": "Prairies artificielles (sans les pâturages)" }, "geometry": { "type": "MultiPolygon", "coordinates": [ [ [ [ 2539805.126000000163913, 1160505.106 ], [ 2539779.778, 1160440.683999999891967 ], [ 2539697.211999999824911, 1160454.025 ], [ 2539682.816000000108033, 1160457.210999999893829 ], [ 2539676.625, 1160458.672 ], [ 2539684.023, 1160479.703 ], [ 2539690.264, 1160483.639 ], [ 2539707.742999999783933, 1160494.662 ], [ 2539721.046999999787658, 1160504.004 ], [ 2539724.796999999787658, 1160504.607 ], [ 2539733.76299999980256, 1160506.676 ], [ 2539742.339999999850988, 1160507.323 ], [ 2539747.813, 1160507.551 ], [ 2539805.126000000163913, 1160505.106 ] ] ] ] } },
{ "type": "Feature", "properties": { "ANNEE_DE_R": 2025, "CODE_PROGR": "psGmf", "CODE_UTILI": 613, "IDENTIFICA": "VD_2025_88573", "NOMBRE_ARB": 13, "PROGRAMME": "Production de lait et de viande basée sur les herbages", "SHAPE_AREA": 12676.022, "SHAPE_LEN": 1117.406, "SURFACE_M2": 12677, "UTILISATIO": "Autres prairies permanentes (sans les pâturages)" }, "geometry": { "type": "MultiPolygon", "coordinates": [ [ [ [ 2540117.648, 1160207.825999999884516 ], [ 2540113.515999999828637, 1160211.743 ], [ 2540115.19, 1160216.829 ], [ 2540122.257000000216067, 1160219.709 ], [ 2540130.953000000212342, 1160221.874 ], [ 2540136.492999999783933, 1160221.656 ], [ 2540141.896000000182539, 1160211.424000000115484 ], [ 2540131.429, 1160205.870000000111759 ], [ 2540117.648, 1160207.825999999884516 ] ] ], [ [ [ 2540106.08600000012666, 1160219.4 ], [ 2540103.386, 1160222.183 ], [ 2540094.981999999843538, 1160238.454 ], [ 2540102.390999999828637, 1160237.749 ], [ 2540109.426, 1160240.303 ], [ 2540114.486, 1160230.033 ], [ 2540119.015999999828637, 1160232.142 ], [ 2540121.344, 1160225.81 ], [ 2540114.248000000137836, 1160220.778 ], [ 2540109.734000000171363, 1160219.136 ], [ 2540106.08600000012666, 1160219.4 ] ] ], [ [ [ 2540206.614, 1160114.664000000106171 ], [ 2540146.614, 1160178.914000000106171 ], [ 2540166.487999999895692, 1160197.51 ], [ 2540183.645, 1160212.323 ], [ 2540168.895, 1160236.073 ], [ 2540165.234000000171363, 1160242.661 ], [ 2540161.966, 1160249.741 ], [ 2540152.602, 1160266.960999999893829 ], [ 2540144.404, 1160273.004 ], [ 2540140.427000000141561, 1160274.612 ], [ 2540125.119, 1160266.512000000104308 ], [ 2540121.366, 1160260.651 ], [ 2540109.799999999813735, 1160264.468000000109896 ], [ 2540103.535000000149012, 1160263.626 ], [ 2540089.785999999847263, 1160254.271 ], [ 2540084.191000000108033, 1160253.205 ], [ 2540056.458000000100583, 1160282.223 ], [ 2540010.63799999980256, 1160326.245000000111759 ], [ 2540008.427999999839813, 1160329.313 ], [ 2540018.677999999839813, 1160346.125 ], [ 2540032.159, 1160376.085 ], [ 2540037.188999999780208, 1160387.144 ], [ 2540038.535999999847263, 1160390.105 ], [ 2540051.404999999795109, 1160380.084 ], [ 2540061.173, 1160394.77 ], [ 2540066.282999999821186, 1160393.879999999888241 ], [ 2540073.919000000227243, 1160389.224 ], [ 2540073.024000000208616, 1160387.734 ], [ 2540044.981000000145286, 1160341.058999999891967 ], [ 2540126.606000000145286, 1160295.058999999891967 ], [ 2540162.242, 1160271.884 ], [ 2540164.856000000145286, 1160270.183999999891967 ], [ 2540166.146000000182539, 1160267.187 ], [ 2540168.116, 1160263.489 ], [ 2540173.213, 1160253.919 ], [ 2540197.384, 1160175.882 ], [ 2540240.339999999850988, 1160146.753 ], [ 2540221.551, 1160104.976 ], [ 2540213.114, 1160108.601 ], [ 2540206.614, 1160114.664000000106171 ] ] ], [ [ [ 2540115.807, 1160257.929 ], [ 2540116.160000000149012, 1160253.892 ], [ 2540100.532999999821186, 1160244.235000000102445 ], [ 2540098.278, 1160248.703 ], [ 2540103.151, 1160253.939 ], [ 2540101.878, 1160257.555 ], [ 2540108.941000000108033, 1160261.641 ], [ 2540115.807, 1160257.929 ] ] ] ] } },
{ "type": "Feature", "properties": { "ANNEE_DE_R": 2025, "CODE_PROGR": "psGmf", "CODE_UTILI": 611, "IDENTIFICA": "VD_2025_88581", "NOMBRE_ARB": 0, "PROGRAMME": "Production de lait et de viande basée sur les herbages", "SHAPE_AREA": 6965.612, "SHAPE_LEN": 1018.477, "SURFACE_M2": 6966, "UTILISATIO": "Prairies extensives (sans les pâturages)" }, "geometry": { "type": "MultiPolygon", "coordinates": [ [ [ [ 2540347.225, 1160235.571 ], [ 2540329.225, 1160272.321 ], [ 2540304.71100000012666, 1160304.057 ], [ 2540302.611, 1160306.936 ], [ 2540299.061000000219792, 1160311.553 ], [ 2540276.21100000012666, 1160343.036 ], [ 2540263.256, 1160360.885 ], [ 2540260.892, 1160364.142 ], [ 2540203.225, 1160439.571 ], [ 2540134.975, 1160435.321 ], [ 2540102.515000000130385, 1160453.071 ], [ 2540106.06900000013411, 1160462.293 ], [ 2540106.509, 1160463.692 ], [ 2540114.432, 1160463.096 ], [ 2540124.62900000018999, 1160459.862999999895692 ], [ 2540126.978999999817461, 1160458.212 ], [ 2540127.009, 1160453.882 ], [ 2540134.447000000160187, 1160453.671 ], [ 2540135.308999999891967, 1160442.942 ], [ 2540179.330999999772757, 1160445.049000000115484 ], [ 2540178.978999999817461, 1160451.521 ], [ 2540191.989, 1160452.241 ], [ 2540191.187, 1160466.953 ], [ 2540205.829, 1160470.691000000108033 ], [ 2540210.918, 1160446.56 ], [ 2540212.958000000100583, 1160436.76 ], [ 2540221.978000000119209, 1160432.370000000111759 ], [ 2540264.836999999824911, 1160402.189 ], [ 2540262.557, 1160397.575999999884516 ], [ 2540276.373000000137836, 1160384.423 ], [ 2540273.321, 1160370.575999999884516 ], [ 2540276.849, 1160359.464 ], [ 2540298.649000000208616, 1160346.056 ], [ 2540310.37900000018999, 1160328.597 ], [ 2540317.994, 1160306.497 ], [ 2540325.616, 1160292.104 ], [ 2540341.01299999980256, 1160284.508 ], [ 2540346.636, 1160261.327 ], [ 2540345.949, 1160252.406999999890104 ], [ 2540353.876000000163913, 1160243.377 ], [ 2540361.464999999850988, 1160224.562 ], [ 2540343.873999999836087, 1160213.156999999890104 ], [ 2540335.419000000227243, 1160218.521 ], [ 2540347.225, 1160235.571 ] ] ], [ [ [ 2540073.919000000227243, 1160389.224 ], [ 2540081.722, 1160402.589 ], [ 2540083.845000000204891, 1160406.144 ], [ 2540087.782999999821186, 1160412.739 ], [ 2540089.725, 1160419.571 ], [ 2540120.870000000111759, 1160396.523 ], [ 2540106.106999999843538, 1160367.341 ], [ 2540100.858, 1160370.023 ], [ 2540073.024000000208616, 1160387.734 ], [ 2540073.919000000227243, 1160389.224 ] ] ] ] } },
{ "type": "Feature", "properties": { "ANNEE_DE_R": 2025, "CODE_PROGR": "psGmf", "CODE_UTILI": 611, "IDENTIFICA": "VD_2025_126999", "NOMBRE_ARB": 0, "PROGRAMME": "Production de lait et de viande basée sur les herbages", "SHAPE_AREA": 16960.075, "SHAPE_LEN": 1061.941, "SURFACE_M2": 16961, "UTILISATIO": "Prairies extensives (sans les pâturages)" }, "geometry": { "type": "MultiPolygon", "coordinates": [ [ [ [ 2540532.196, 1160046.301 ], [ 2540548.998000000137836, 1160040.041999999899417 ], [ 2540553.447999999858439, 1160034.942 ], [ 2540514.287, 1159976.483 ], [ 2540503.48700000019744, 1159962.773 ], [ 2540478.247, 1159936.604 ], [ 2540459.98700000019744, 1159945.914000000106171 ], [ 2540446.477, 1159944.125 ], [ 2540442.578000000212342, 1159951.764999999897555 ], [ 2540423.73, 1159943.361 ], [ 2540414.228000000119209, 1159939.125 ], [ 2540379.383, 1159934.311 ], [ 2540380.87099999981001, 1159922.215 ], [ 2540381.433000000193715, 1159919.902 ], [ 2540388.74599999981001, 1159908.777 ], [ 2540395.329, 1159899.51 ], [ 2540413.793, 1159890.489 ], [ 2540411.526999999769032, 1159886.185 ], [ 2540400.407000000122935, 1159886.356 ], [ 2540376.066999999806285, 1159890.426 ], [ 2540339.657999999821186, 1159896.557 ], [ 2540319.568, 1159902.838 ], [ 2540319.109000000171363, 1159909.44 ], [ 2540361.677999999839813, 1159901.125 ], [ 2540361.577, 1159928.886 ], [ 2540361.100999999791384, 1159950.281999999890104 ], [ 2540360.819999999832362, 1159973.739 ], [ 2540360.577, 1159994.886 ], [ 2540346.643999999854714, 1160051.774 ], [ 2540315.361, 1160047.958000000100583 ], [ 2540324.473000000230968, 1160103.723 ], [ 2540325.662, 1160110.997 ], [ 2540341.791999999899417, 1160112.047 ], [ 2540353.441999999806285, 1160110.617 ], [ 2540345.579, 1160078.76 ], [ 2540426.577, 1160047.636 ], [ 2540418.829, 1160002.26 ], [ 2540485.702, 1159977.388 ], [ 2540532.196, 1160046.301 ] ] ] ] } },
{ "type": "Feature", "properties": { "ANNEE_DE_R": 2025, "CODE_PROGR": "psGmf", "CODE_UTILI": 616, "IDENTIFICA": "VD_2025_489458", "NOMBRE_ARB": 0, "PROGRAMME": "Production de lait et de viande basée sur les herbages", "SHAPE_AREA": 12649.774, "SHAPE_LEN": 467.884, "SURFACE_M2": 12650, "UTILISATIO": "Pâturages (pâturages attenants à la ferme, autres pâturages sauf les pâturages d’estivage)" }, "geometry": { "type": "MultiPolygon", "coordinates": [ [ [ [ 2540437.767, 1160907.022000000113621 ], [ 2540328.296, 1160840.595 ], [ 2540322.541999999899417, 1160847.555 ], [ 2540303.477, 1160870.616 ], [ 2540291.086999999824911, 1160891.356 ], [ 2540282.233, 1160909.346 ], [ 2540322.785000000149012, 1160926.854 ], [ 2540307.469, 1160965.017 ], [ 2540354.839000000152737, 1160985.164000000106171 ], [ 2540371.498999999836087, 1160980.102999999886379 ], [ 2540394.188999999780208, 1160962.843000000109896 ], [ 2540411.028, 1160954.541999999899417 ], [ 2540422.848000000230968, 1160934.322 ], [ 2540437.207, 1160913.472 ], [ 2540437.767, 1160907.022000000113621 ] ] ] ] } },
{ "type": "Feature", "properties": { "ANNEE_DE_R": 2025, "CODE_PROGR": "Bio", "CODE_UTILI": 611, "IDENTIFICA": "VD_2025_431697", "NOMBRE_ARB": 0, "PROGRAMME": "Production bio", "SHAPE_AREA": 9424.877, "SHAPE_LEN": 1120.465, "SURFACE_M2": 9425, "UTILISATIO": "Prairies extensives (sans les pâturages)" }, "geometry": { "type": "MultiPolygon", "coordinates": [ [ [ [ 2540672.578000000212342, 1153326.551 ], [ 2540655.81900000013411, 1153332.622 ], [ 2540647.399000000208616, 1153329.291999999899417 ], [ 2540641.379999999888241, 1153313.483 ], [ 2540629.063999999780208, 1153304.708000000100583 ], [ 2540599.208999999798834, 1153283.433999999891967 ], [ 2540587.401, 1153274.99 ], [ 2540561.666999999899417, 1153256.588 ], [ 2540535.098000000230968, 1153243.7 ], [ 2540524.21100000012666, 1153241.045 ], [ 2540504.33, 1153237.233 ], [ 2540489.83, 1153239.733 ], [ 2540471.83, 1153249.733 ], [ 2540467.83, 1153263.733 ], [ 2540462.356000000145286, 1153295.195 ], [ 2540458.943, 1153310.139999999897555 ], [ 2540457.208999999798834, 1153317.731 ], [ 2540458.94, 1153330.879 ], [ 2540464.438, 1153347.58 ], [ 2540467.416999999899417, 1153372.26 ], [ 2540472.271000000182539, 1153371.578 ], [ 2540471.279, 1153367.56 ], [ 2540471.063999999780208, 1153360.161 ], [ 2540470.947000000160187, 1153356.137000000104308 ], [ 2540470.433999999891967, 1153338.506 ], [ 2540470.037, 1153324.846 ], [ 2540469.61200000019744, 1153310.216 ], [ 2540469.662, 1153309.214 ], [ 2540470.06900000013411, 1153301.114 ], [ 2540470.23, 1153297.918 ], [ 2540471.529, 1153272.06 ], [ 2540501.029, 1153277.06 ], [ 2540546.316999999806285, 1153290.517 ], [ 2540596.662, 1153311.108 ], [ 2540621.441000000108033, 1153321.242 ], [ 2540660.316999999806285, 1153337.517 ], [ 2540658.822000000160187, 1153349.474 ], [ 2540657.906, 1153360.356 ], [ 2540657.126000000163913, 1153369.616 ], [ 2540656.838, 1153373.034 ], [ 2540656.50400000018999, 1153376.999 ], [ 2540656.048, 1153382.415 ], [ 2540655.799999999813735, 1153385.362 ], [ 2540655.52, 1153388.689 ], [ 2540655.27, 1153391.654 ], [ 2540654.734000000171363, 1153398.02 ], [ 2540654.316999999806285, 1153403.865 ], [ 2540654.316999999806285, 1153410.285 ], [ 2540654.316999999806285, 1153413.789000000106171 ], [ 2540654.316999999806285, 1153420.535 ], [ 2540654.316999999806285, 1153426.517 ], [ 2540635.427999999839813, 1153422.845 ], [ 2540629.345000000204891, 1153421.662 ], [ 2540626.78899999987334, 1153421.375 ], [ 2540620.727, 1153422.041 ], [ 2540622.086999999824911, 1153423.111 ], [ 2540617.416999999899417, 1153430.001 ], [ 2540616.48, 1153433.223 ], [ 2540673.805000000167638, 1153448.927 ], [ 2540699.501000000163913, 1153485.518 ], [ 2540709.518999999854714, 1153499.784 ], [ 2540717.268999999854714, 1153497.284 ], [ 2540706.984999999869615, 1153486.382 ], [ 2540690.153, 1153462.747 ], [ 2540680.035999999847263, 1153444.851 ], [ 2540668.173, 1153417.881 ], [ 2540670.501000000163913, 1153378.6 ], [ 2540671.526, 1153361.295 ], [ 2540672.025, 1153353.675 ], [ 2540672.383, 1153346.838 ], [ 2540672.833000000100583, 1153339.237 ], [ 2540672.966, 1153336.991 ], [ 2540673.151999999769032, 1153334.116 ], [ 2540672.779, 1153329.207 ], [ 2540672.578000000212342, 1153326.551 ] ] ] ] } },
{ "type": "Feature", "properties": { "ANNEE_DE_R": 2025, "CODE_PROGR": "Bio", "CODE_UTILI": 545, "IDENTIFICA": "VD_2025_431688", "NOMBRE_ARB": 0, "PROGRAMME": "Production bio", "SHAPE_AREA": 1167.594, "SHAPE_LEN": 286.592, "SURFACE_M2": 5838, "UTILISATIO": "Cultures maraîchères de plein champ annuelles (sauf les légumes de conserve)" }, "geometry": { "type": "MultiPolygon", "coordinates": [ [ [ [ 2540590.477, 1153544.675 ], [ 2540562.835, 1153540.543 ], [ 2540570.467000000178814, 1153550.641 ], [ 2540625.268999999854714, 1153560.284 ], [ 2540696.268999999854714, 1153571.284 ], [ 2540699.42, 1153564.116 ], [ 2540590.477, 1153544.675 ] ] ] ] } },
{ "type": "Feature", "properties": { "ANNEE_DE_R": 2025, "CODE_PROGR": "Bio", "CODE_UTILI": 545, "IDENTIFICA": "VD_2025_431689", "NOMBRE_ARB": 0, "PROGRAMME": "Production bio", "SHAPE_AREA": 8959.907, "SHAPE_LEN": 380.549, "SURFACE_M2": 53760, "UTILISATIO": "Cultures maraîchères de plein champ annuelles (sauf les légumes de conserve)" }, "geometry": { "type": "MultiPolygon", "coordinates": [ [ [ [ 2540614.600999999791384, 1153472.948 ], [ 2540593.528, 1153468.458000000100583 ], [ 2540593.404999999795109, 1153489.227999999886379 ], [ 2540591.788000000175089, 1153519.844 ], [ 2540590.981999999843538, 1153535.109 ], [ 2540590.872, 1153537.2 ], [ 2540590.656, 1153541.291 ], [ 2540590.477, 1153544.675 ], [ 2540699.42, 1153564.116 ], [ 2540708.5, 1153543.460999999893829 ], [ 2540713.308000000193715, 1153532.293 ], [ 2540714.123999999836087, 1153527.248 ], [ 2540716.018999999854714, 1153515.534 ], [ 2540709.518999999854714, 1153499.784 ], [ 2540699.501000000163913, 1153485.518 ], [ 2540663.097, 1153481.0 ], [ 2540640.990000000223517, 1153478.226 ], [ 2540614.600999999791384, 1153472.948 ] ] ] ] } },
{ "type": "Feature", "properties": { "ANNEE_DE_R": 2025, "CODE_PROGR": "Bio", "CODE_UTILI": 611, "IDENTIFICA": "VD_2025_437724", "NOMBRE_ARB": 0, "PROGRAMME": "Production bio", "SHAPE_AREA": 10380.933, "SHAPE_LEN": 1479.462, "SURFACE_M2": 10381, "UTILISATIO": "Prairies extensives (sans les pâturages)" }, "geometry": { "type": "MultiPolygon", "coordinates": [ [ [ [ 2540748.48700000019744, 1153896.852999999886379 ], [ 2540747.072999999858439, 1153889.983 ], [ 2540741.305000000167638, 1153850.154 ], [ 2540735.822999999858439, 1153814.483 ], [ 2540676.234000000171363, 1153822.264 ], [ 2540618.501000000163913, 1153829.804 ], [ 2540586.691000000108033, 1153833.958000000100583 ], [ 2540550.52, 1153838.681 ], [ 2540534.707, 1153840.746 ], [ 2540501.372, 1153845.099 ], [ 2540470.623999999836087, 1153849.114 ], [ 2540457.929, 1153850.772000000113621 ], [ 2540453.193, 1153851.391 ], [ 2540459.873000000137836, 1153857.355 ], [ 2540462.941999999806285, 1153859.894 ], [ 2540468.839000000152737, 1153864.769 ], [ 2540470.848000000230968, 1153868.288 ], [ 2540473.205, 1153872.416 ], [ 2540479.964000000152737, 1153884.253 ], [ 2540482.31900000013411, 1153888.377 ], [ 2540485.370000000111759, 1153893.721 ], [ 2540489.176, 1153897.377 ], [ 2540490.953000000212342, 1153899.084 ], [ 2540493.957, 1153901.97 ], [ 2540497.338, 1153905.218000000109896 ], [ 2540499.312, 1153907.115 ], [ 2540508.75, 1153916.181 ], [ 2540516.824, 1153930.512000000104308 ], [ 2540519.207, 1153934.742 ], [ 2540521.389, 1153938.615 ], [ 2540523.830999999772757, 1153942.95 ], [ 2540537.265999999828637, 1153935.656999999890104 ], [ 2540546.12099999981001, 1153930.85 ], [ 2540555.034, 1153927.143 ], [ 2540575.452, 1153918.651 ], [ 2540619.693, 1153903.793 ], [ 2540627.568, 1153902.469 ], [ 2540647.615000000223517, 1153899.098 ], [ 2540656.947000000160187, 1153897.529 ], [ 2540669.534, 1153895.413 ], [ 2540681.194999999832362, 1153897.581 ], [ 2540695.166000000201166, 1153900.178 ], [ 2540700.784, 1153901.223 ], [ 2540724.734999999869615, 1153905.883 ], [ 2540731.24599999981001, 1153906.333000000100583 ], [ 2540740.731000000145286, 1153906.989 ], [ 2540746.208999999798834, 1153907.368 ], [ 2540748.736, 1153907.543 ], [ 2540750.616, 1153907.662 ], [ 2540748.48700000019744, 1153896.852999999886379 ] ], [ [ 2540742.700000000186265, 1153896.786 ], [ 2540735.700000000186265, 1153894.036 ], [ 2540726.450000000186265, 1153827.786 ], [ 2540732.950000000186265, 1153827.786 ], [ 2540742.700000000186265, 1153896.786 ] ], [ [ 2540675.194999999832362, 1153839.091 ], [ 2540683.819999999832362, 1153839.466 ], [ 2540686.026999999769032, 1153839.546 ], [ 2540697.673, 1153839.968000000109896 ], [ 2540707.944999999832362, 1153840.341 ], [ 2540710.751999999862164, 1153840.494 ], [ 2540721.694999999832362, 1153841.091 ], [ 2540726.657999999821186, 1153890.075999999884516 ], [ 2540718.611, 1153889.976 ], [ 2540700.481999999843538, 1153889.751 ], [ 2540686.187, 1153889.573 ], [ 2540685.072000000160187, 1153889.558999999891967 ], [ 2540676.407999999821186, 1153889.450999999884516 ], [ 2540676.15, 1153878.748 ], [ 2540676.003, 1153872.616 ], [ 2540675.884999999776483, 1153867.731 ], [ 2540675.194999999832362, 1153839.091 ] ], [ [ 2540662.018000000156462, 1153886.33 ], [ 2540604.268000000156462, 1153900.08 ], [ 2540568.268000000156462, 1153910.33 ], [ 2540546.018000000156462, 1153916.83 ], [ 2540543.102, 1153912.171 ], [ 2540505.602, 1153856.171 ], [ 2540561.602, 1153847.671 ], [ 2540659.602, 1153835.171 ], [ 2540662.018000000156462, 1153886.33 ] ] ] ] } },
{ "type": "Feature", "properties": { "ANNEE_DE_R": 2025, "CODE_PROGR": "Bio", "CODE_UTILI": 510, "IDENTIFICA": "VD_2025_431695", "NOMBRE_ARB": 0, "PROGRAMME": "Production bio", "SHAPE_AREA": 14941.994, "SHAPE_LEN": 719.723, "SURFACE_M2": 74711, "UTILISATIO": "Blé dur" }, "geometry": { "type": "MultiPolygon", "coordinates": [ [ [ [ 2540793.106000000145286, 1153296.846 ], [ 2540771.291999999899417, 1153254.33 ], [ 2540750.319999999832362, 1153259.674000000115484 ], [ 2540752.316999999806285, 1153300.605 ], [ 2540753.515999999828637, 1153308.74 ], [ 2540759.316999999806285, 1153348.105 ], [ 2540785.370000000111759, 1153402.813 ], [ 2540803.660999999847263, 1153441.223 ], [ 2540818.025, 1153466.54 ], [ 2540819.154999999795109, 1153468.003 ], [ 2540835.291000000201166, 1153488.904 ], [ 2540854.316999999806285, 1153510.605 ], [ 2540918.816999999806285, 1153557.105 ], [ 2540922.623000000137836, 1153550.345 ], [ 2540901.623000000137836, 1153508.345 ], [ 2540896.977, 1153499.29 ], [ 2540888.24599999981001, 1153482.274 ], [ 2540853.649000000208616, 1153414.844 ], [ 2540793.106000000145286, 1153296.846 ] ] ] ] } },
{ "type": "Feature", "properties": { "ANNEE_DE_R": 2025, "CODE_PROGR": "Bio", "CODE_UTILI": 545, "IDENTIFICA": "VD_2025_454820", "NOMBRE_ARB": 1, "PROGRAMME": "Production bio", "SHAPE_AREA": 2575.312, "SHAPE_LEN": 289.629, "SURFACE_M2": 12877, "UTILISATIO": "Cultures maraîchères de plein champ annuelles (sauf les légumes de conserve)" }, "geometry": { "type": "MultiPolygon", "coordinates": [ [ [ [ 2540905.612999999895692, 1153761.481 ], [ 2540873.612999999895692, 1153655.731 ], [ 2540849.362999999895692, 1153663.231 ], [ 2540869.862999999895692, 1153729.731 ], [ 2540881.112999999895692, 1153726.731 ], [ 2540883.862999999895692, 1153740.481 ], [ 2540873.862999999895692, 1153743.731 ], [ 2540878.862999999895692, 1153764.231 ], [ 2540905.612999999895692, 1153761.481 ] ] ] ] } },
{ "type": "Feature", "properties": { "ANNEE_DE_R": 2025, "CODE_PROGR": "Non", "CODE_UTILI": 901, "IDENTIFICA": "VD_2025_72679", "NOMBRE_ARB": 0, "PROGRAMME": "Aucun programme", "SHAPE_AREA": 7275.45, "SHAPE_LEN": 695.813, "SURFACE_M2": 7276, "UTILISATIO": "Forêt" }, "geometry": { "type": "MultiPolygon", "coordinates": [ [ [ [ 2540954.132000000216067, 1160810.038 ], [ 2540947.398, 1160802.507 ], [ 2540945.211999999824911, 1160800.349 ], [ 2540937.484999999869615, 1160797.455 ], [ 2540913.832, 1160793.53 ], [ 2540901.512000000104308, 1160789.27 ], [ 2540891.872, 1160780.370000000111759 ], [ 2540875.762000000104308, 1160757.291 ], [ 2540865.46100000012666, 1160742.151 ], [ 2540855.071, 1160724.281999999890104 ], [ 2540847.580999999772757, 1160729.982 ], [ 2540831.501000000163913, 1160742.322 ], [ 2540832.242, 1160751.182 ], [ 2540840.032000000122935, 1160762.612 ], [ 2540841.702, 1160766.652 ], [ 2540849.572000000160187, 1160777.621 ], [ 2540851.242, 1160783.341 ], [ 2540857.302000000141561, 1160786.641 ], [ 2540866.86200000019744, 1160785.691000000108033 ], [ 2540873.86200000019744, 1160788.731 ], [ 2540885.27, 1160795.472 ], [ 2540896.665, 1160803.43 ], [ 2540911.05599999986589, 1160815.484 ], [ 2540918.258, 1160817.385 ], [ 2540925.023, 1160815.079 ], [ 2540932.742999999783933, 1160821.739 ], [ 2540932.862999999895692, 1160828.319 ], [ 2540934.383, 1160834.029 ], [ 2540944.964000000152737, 1160836.32 ], [ 2540959.973000000230968, 1160838.608 ], [ 2540963.143000000156462, 1160842.188 ], [ 2540965.183000000193715, 1160847.968000000109896 ], [ 2540964.044000000227243, 1160861.338 ], [ 2540966.19400000013411, 1160868.098 ], [ 2540978.85, 1160882.062 ], [ 2540985.307, 1160892.156 ], [ 2540987.67, 1160898.295 ], [ 2540989.264, 1160902.656999999890104 ], [ 2540988.265000000130385, 1160914.587 ], [ 2540978.796999999787658, 1160927.767 ], [ 2540975.904999999795109, 1160933.017 ], [ 2540980.045, 1160935.037 ], [ 2540983.634999999776483, 1160939.227 ], [ 2540976.795, 1160947.367 ], [ 2540978.416000000201166, 1160957.257 ], [ 2540981.33600000012666, 1160958.987 ], [ 2540992.136, 1160956.136 ], [ 2540995.886, 1160956.896 ], [ 2541003.136, 1160962.016 ], [ 2541018.052999999839813, 1160944.253 ], [ 2541026.805000000167638, 1160933.835 ], [ 2541020.984999999869615, 1160922.016 ], [ 2541017.187, 1160917.131 ], [ 2541005.197999999858439, 1160901.249 ], [ 2540998.123999999836087, 1160889.517 ], [ 2540985.103000000119209, 1160851.166999999899417 ], [ 2540976.923, 1160838.117 ], [ 2540954.132000000216067, 1160810.038 ] ] ] ] } },
{ "type": "Feature", "properties": { "ANNEE_DE_R": 2025, "CODE_PROGR": "psmArableFarming", "CODE_UTILI": 513, "IDENTIFICA": "VD_2025_72669", "NOMBRE_ARB": 0, "PROGRAMME": "Non-recours aux produits phytosanitaires dans les grandes cultures", "SHAPE_AREA": 32088.985, "SHAPE_LEN": 747.518, "SURFACE_M2": 96267, "UTILISATIO": "Blé d'automne (sans blé fourrager de la liste swiss granum)" }, "geometry": { "type": "MultiPolygon", "coordinates": [ [ [ [ 2541116.492, 1160726.203 ], [ 2541088.080999999772757, 1160681.944 ], [ 2540953.191999999806285, 1160802.498 ], [ 2540980.072999999858439, 1160835.647000000113621 ], [ 2540988.742999999783933, 1160849.577 ], [ 2540992.686000000219792, 1160861.166 ], [ 2541001.824, 1160888.026 ], [ 2541009.603999999817461, 1160900.876 ], [ 2541024.515000000130385, 1160919.996 ], [ 2541034.375, 1160940.791999999899417 ], [ 2541039.645, 1160952.264999999897555 ], [ 2541056.906, 1160979.844 ], [ 2541081.083000000100583, 1160942.182 ], [ 2541124.589999999850988, 1160874.406 ], [ 2541130.859000000171363, 1160864.639999999897555 ], [ 2541149.640000000130385, 1160835.429 ], [ 2541172.853999999817461, 1160799.321 ], [ 2541116.492, 1160726.203 ] ] ] ] } },
{ "type": "Feature", "properties": { "ANNEE_DE_R": 2025, "CODE_PROGR": "psGmf", "CODE_UTILI": 613, "IDENTIFICA": "VD_2025_16671", "NOMBRE_ARB": 36, "PROGRAMME": "Production de lait et de viande basée sur les herbages", "SHAPE_AREA": 92564.62, "SHAPE_LEN": 2765.935, "SURFACE_M2": 92565, "UTILISATIO": "Autres prairies permanentes (sans les pâturages)" }, "geometry": { "type": "MultiPolygon", "coordinates": [ [ [ [ 2541574.117999999783933, 1156413.35 ], [ 2541513.79, 1156451.099 ], [ 2541642.458000000100583, 1156370.681 ], [ 2541574.117999999783933, 1156413.35 ] ] ] ] } },
{ "type": "Feature", "properties": { "ANNEE_DE_R": 2025, "CODE_PROGR": "psGmf", "CODE_UTILI": 611, "IDENTIFICA": "VD_2025_72653", "NOMBRE_ARB": 0, "PROGRAMME": "Production de lait et de viande basée sur les herbages", "SHAPE_AREA": 2327.795, "SHAPE_LEN": 436.449, "SURFACE_M2": 2328, "UTILISATIO": "Prairies extensives (sans les pâturages)" }, "geometry": { "type": "MultiPolygon", "coordinates": [ [ [ [ 2541306.144655993208289, 1160993.18133768485859 ], [ 2541282.302000000141561, 1160988.449 ], [ 2541270.029, 1161018.148 ], [ 2541279.288000000175089, 1161020.166999999899417 ], [ 2541288.842000000178814, 1161003.628 ], [ 2541303.744209481868893, 1161006.520781840663403 ], [ 2541306.144655993208289, 1160993.18133768485859 ] ] ] ] } },
{ "type": "Feature", "properties": { "ANNEE_DE_R": 2025, "CODE_PROGR": "Non", "CODE_UTILI": 617, "IDENTIFICA": "VD_2025_408510", "NOMBRE_ARB": 0, "PROGRAMME": "Aucun programme", "SHAPE_AREA": 6551.994, "SHAPE_LEN": 726.629, "SURFACE_M2": 6552, "UTILISATIO": "Pâturages extensifs" }, "geometry": { "type": "MultiPolygon", "coordinates": [ [ [ [ 2541690.768999999854714, 1154341.806 ], [ 2541673.319999999832362, 1154319.433 ], [ 2541655.669000000227243, 1154296.432 ], [ 2541643.284, 1154305.973 ], [ 2541627.847, 1154290.661 ], [ 2541622.472, 1154284.411 ], [ 2541607.347, 1154271.786 ], [ 2541605.924000000115484, 1154266.027 ], [ 2541605.438999999780208, 1154261.454 ], [ 2541604.174000000115484, 1154249.527 ], [ 2541582.816999999806285, 1154221.098 ], [ 2541586.724, 1154214.477999999886379 ], [ 2541607.727, 1154198.604 ], [ 2541610.628, 1154196.443 ], [ 2541595.455, 1154180.25 ], [ 2541581.213, 1154163.852999999886379 ], [ 2541573.018999999854714, 1154154.421 ], [ 2541549.478999999817461, 1154131.334 ], [ 2541543.68099999986589, 1154137.611 ], [ 2541542.981999999843538, 1154144.132 ], [ 2541567.088, 1154160.068 ], [ 2541580.373000000137836, 1154181.644 ], [ 2541579.237999999895692, 1154188.093000000109896 ], [ 2541568.93099999986589, 1154199.699 ], [ 2541549.842999999877065, 1154215.854 ], [ 2541545.279999999795109, 1154219.104 ], [ 2541525.878, 1154234.041999999899417 ], [ 2541526.224, 1154235.819 ], [ 2541530.197999999858439, 1154256.224 ], [ 2541561.498999999836087, 1154231.061 ], [ 2541574.51299999980256, 1154248.662 ], [ 2541579.526, 1154255.442 ], [ 2541583.795, 1154269.316000000108033 ], [ 2541585.526, 1154274.942 ], [ 2541588.223000000230968, 1154278.33 ], [ 2541596.089000000152737, 1154271.122 ], [ 2541610.759, 1154289.903 ], [ 2541630.369, 1154314.122 ], [ 2541634.619, 1154321.372 ], [ 2541640.617999999783933, 1154331.351 ], [ 2541654.367999999783933, 1154352.101 ], [ 2541661.75, 1154359.021 ], [ 2541664.092000000178814, 1154357.727999999886379 ], [ 2541685.9, 1154345.683999999891967 ], [ 2541689.04, 1154343.183 ], [ 2541690.768999999854714, 1154341.806 ] ] ] ] } },
{ "type": "Feature", "properties": { "ANNEE_DE_R": 2025, "CODE_PROGR": "psGmf", "CODE_UTILI": 616, "IDENTIFICA": "VD_2025_34736", "NOMBRE_ARB": 0, "PROGRAMME": "Production de lait et de viande basée sur les herbages", "SHAPE_AREA": 4927.092, "SHAPE_LEN": 644.728, "SURFACE_M2": 4928, "UTILISATIO": "Pâturages (pâturages attenants à la ferme, autres pâturages sauf les pâturages d’estivage)" }, "geometry": { "type": "MultiPolygon", "coordinates": [ [ [ [ 2541392.38799999980256, 1160067.169 ], [ 2541411.478999999817461, 1160043.118 ], [ 2541423.268999999854714, 1160028.469 ], [ 2541439.74599999981001, 1160007.82 ], [ 2541451.864, 1159992.634 ], [ 2541479.558999999891967, 1159980.502 ], [ 2541529.01299999980256, 1159964.4 ], [ 2541530.01299999980256, 1159963.963 ], [ 2541531.893999999854714, 1159963.346 ], [ 2541557.143999999854714, 1159952.096 ], [ 2541558.952, 1159949.642 ], [ 2541570.821, 1159933.531999999890104 ], [ 2541584.808000000193715, 1159914.142 ], [ 2541600.416999999899417, 1159892.504999999888241 ], [ 2541602.207, 1159888.35 ], [ 2541603.916999999899417, 1159884.379999999888241 ], [ 2541603.614, 1159878.404 ], [ 2541560.096, 1159914.918 ], [ 2541542.501999999862164, 1159929.831 ], [ 2541539.467999999877065, 1159939.152 ], [ 2541539.646000000182539, 1159944.431 ], [ 2541540.208999999798834, 1159950.735000000102445 ], [ 2541537.291999999899417, 1159952.067 ], [ 2541532.174000000115484, 1159955.109 ], [ 2541530.384, 1159955.223 ], [ 2541490.42, 1159957.756 ], [ 2541480.623000000137836, 1159972.144 ], [ 2541453.240000000223517, 1159971.954 ], [ 2541428.981999999843538, 1159977.071 ], [ 2541419.88799999980256, 1159994.011 ], [ 2541405.356999999843538, 1160000.08 ], [ 2541403.342000000178814, 1160035.382 ], [ 2541396.515999999828637, 1160046.365 ], [ 2541376.986, 1160050.225 ], [ 2541392.38799999980256, 1160067.169 ] ] ] ] } },
{ "type": "Feature", "properties": { "ANNEE_DE_R": 2025, "CODE_PROGR": "psGmf", "CODE_UTILI": 613, "IDENTIFICA": "VD_2025_501025", "NOMBRE_ARB": 0, "PROGRAMME": "Production de lait et de viande basée sur les herbages", "SHAPE_AREA": 3359.393, "SHAPE_LEN": 241.356, "SURFACE_M2": 3360, "UTILISATIO": "Autres prairies permanentes (sans les pâturages)" }, "geometry": { "type": "MultiPolygon", "coordinates": [ [ [ [ 2541720.41399999987334, 1154427.02 ], [ 2541725.74599999981001, 1154425.006 ], [ 2541733.99599999981001, 1154421.381 ], [ 2541739.12099999981001, 1154437.19 ], [ 2541740.592000000178814, 1154435.666 ], [ 2541746.160000000149012, 1154429.903 ], [ 2541752.839999999850988, 1154419.504 ], [ 2541757.120000000111759, 1154407.894 ], [ 2541759.370000000111759, 1154395.565 ], [ 2541759.134999999776483, 1154387.803 ], [ 2541758.990000000223517, 1154383.035 ], [ 2541756.35, 1154372.485000000102445 ], [ 2541751.509999999776483, 1154363.585 ], [ 2541738.680000000167638, 1154344.375 ], [ 2541699.29, 1154375.174000000115484 ], [ 2541720.41399999987334, 1154427.02 ] ] ] ] } },
{ "type": "Feature", "properties": { "ANNEE_DE_R": 2025, "CODE_PROGR": "psGmf", "CODE_UTILI": 613, "IDENTIFICA": "VD_2025_132500", "NOMBRE_ARB": 25, "PROGRAMME": "Production de lait et de viande basée sur les herbages", "SHAPE_AREA": 22891.338, "SHAPE_LEN": 900.054, "SURFACE_M2": 22892, "UTILISATIO": "Autres prairies permanentes (sans les pâturages)" }, "geometry": { "type": "MultiPolygon", "coordinates": [ [ [ [ 2541765.478999999817461, 1154773.824 ], [ 2541738.919000000227243, 1154789.815 ], [ 2541741.537, 1154795.993 ], [ 2541743.044000000227243, 1154797.707 ], [ 2541747.146999999880791, 1154797.572 ], [ 2541818.688999999780208, 1154761.411 ], [ 2541812.754999999888241, 1154751.683999999891967 ], [ 2541765.478999999817461, 1154773.824 ] ] ], [ [ [ 2541822.389, 1154761.274 ], [ 2541824.03899999987334, 1154763.131 ], [ 2541803.568, 1154773.432 ], [ 2541820.847, 1154807.521 ], [ 2541834.791000000201166, 1154835.031 ], [ 2541856.475, 1154877.81 ], [ 2541869.588, 1154876.094 ], [ 2541877.134999999776483, 1154876.286 ], [ 2541883.217999999877065, 1154874.311 ], [ 2541894.276, 1154868.54 ], [ 2541914.949, 1154857.751 ], [ 2541912.998999999836087, 1154855.121 ], [ 2541894.450000000186265, 1154838.648 ], [ 2541913.739, 1154817.186 ], [ 2541925.114, 1154827.227999999886379 ], [ 2541940.089999999850988, 1154819.287 ], [ 2541946.69, 1154817.385 ], [ 2541949.867999999783933, 1154823.272000000113621 ], [ 2541951.640000000130385, 1154822.261 ], [ 2541955.620000000111759, 1154830.85 ], [ 2541944.998999999836087, 1154836.45 ], [ 2541945.978000000119209, 1154840.477 ], [ 2541948.62099999981001, 1154840.546 ], [ 2541961.704, 1154834.979 ], [ 2541986.432, 1154822.615 ], [ 2541994.134999999776483, 1154817.998 ], [ 2542002.69400000013411, 1154812.378 ], [ 2542015.850999999791384, 1154802.619 ], [ 2541998.276999999769032, 1154752.97 ], [ 2541978.611, 1154697.41 ], [ 2541933.307, 1154713.799000000115484 ], [ 2541933.074, 1154715.074 ], [ 2541929.057, 1154716.926 ], [ 2541928.947000000160187, 1154715.376 ], [ 2541912.129999999888241, 1154721.46 ], [ 2541906.975, 1154710.889 ], [ 2541902.812, 1154710.191000000108033 ], [ 2541900.680000000167638, 1154710.620000000111759 ], [ 2541892.674999999813735, 1154715.599 ], [ 2541868.341, 1154730.6 ], [ 2541867.341, 1154731.516 ], [ 2541859.186000000219792, 1154735.901 ], [ 2541822.389, 1154761.274 ] ] ] ] } },
{ "type": "Feature", "properties": { "ANNEE_DE_R": 2025, "CODE_PROGR": "Non", "CODE_UTILI": 613, "IDENTIFICA": "VD_2025_430316", "NOMBRE_ARB": 0, "PROGRAMME": "Aucun programme", "SHAPE_AREA": 3938.398, "SHAPE_LEN": 568.216, "SURFACE_M2": 3939, "UTILISATIO": "Autres prairies permanentes (sans les pâturages)" }, "geometry": { "type": "MultiPolygon", "coordinates": [ [ [ [ 2541997.44, 1154821.06 ], [ 2541965.032999999821186, 1154838.17 ], [ 2541962.759999999776483, 1154839.370000000111759 ], [ 2541980.679, 1154873.23 ], [ 2541983.329, 1154872.009 ], [ 2542013.471, 1154855.83 ], [ 2542027.106999999843538, 1154848.523 ], [ 2542036.346, 1154843.517 ], [ 2542047.294000000227243, 1154837.585999999893829 ], [ 2542018.629999999888241, 1154807.242 ], [ 2541997.44, 1154821.06 ] ] ], [ [ [ 2542164.913000000175089, 1154831.041 ], [ 2542163.301, 1154837.929 ], [ 2542161.355, 1154846.244 ], [ 2542157.836999999824911, 1154861.274 ], [ 2542156.69, 1154866.173 ], [ 2542157.728000000119209, 1154870.747 ], [ 2542162.978999999817461, 1154883.022000000113621 ], [ 2542159.248999999836087, 1154886.218000000109896 ], [ 2542160.271000000182539, 1154887.889 ], [ 2542168.562, 1154902.698 ], [ 2542174.827, 1154913.889 ], [ 2542177.466, 1154912.124 ], [ 2542183.245000000111759, 1154907.406 ], [ 2542189.58600000012666, 1154902.23 ], [ 2542202.674000000115484, 1154893.177 ], [ 2542204.532999999821186, 1154891.891 ], [ 2542216.855, 1154884.911 ], [ 2542219.66399999987334, 1154883.593000000109896 ], [ 2542230.731999999843538, 1154894.507 ], [ 2542238.396999999880791, 1154902.111 ], [ 2542241.676, 1154900.709 ], [ 2542240.504999999888241, 1154898.737999999895692 ], [ 2542236.890999999828637, 1154892.658 ], [ 2542222.471, 1154876.039000000106171 ], [ 2542213.395, 1154880.767 ], [ 2542179.511, 1154898.418 ], [ 2542162.932, 1154865.798 ], [ 2542165.725999999791384, 1154853.859 ], [ 2542172.108, 1154826.593000000109896 ], [ 2542167.080999999772757, 1154821.779 ], [ 2542164.913000000175089, 1154831.041 ] ] ] ] } },
{ "type": "Feature", "properties": { "ANNEE_DE_R": 2025, "CODE_PROGR": "Bio", "CODE_UTILI": 513, "IDENTIFICA": "VD_2025_438510", "NOMBRE_ARB": 0, "PROGRAMME": "Production bio", "SHAPE_AREA": 10023.905, "SHAPE_LEN": 398.402, "SURFACE_M2": 30072, "UTILISATIO": "Blé d'automne (sans blé fourrager de la liste swiss granum)" }, "geometry": { "type": "MultiPolygon", "coordinates": [ [ [ [ 2541869.504999999888241, 1156866.357 ], [ 2541793.574, 1156850.041 ], [ 2541776.004999999888241, 1156957.357 ], [ 2541819.075000000186265, 1156970.497 ], [ 2541864.504999999888241, 1156984.357 ], [ 2541876.324, 1156912.337 ], [ 2541869.504999999888241, 1156866.357 ] ] ] ] } },
{ "type": "Feature", "properties": { "ANNEE_DE_R": 2025, "CODE_PROGR": "psGmf", "CODE_UTILI": 613, "IDENTIFICA": "VD_2025_426584", "NOMBRE_ARB": 0, "PROGRAMME": "Production de lait et de viande basée sur les herbages", "SHAPE_AREA": 15910.391, "SHAPE_LEN": 585.893, "SURFACE_M2": 15911, "UTILISATIO": "Autres prairies permanentes (sans les pâturages)" }, "geometry": { "type": "MultiPolygon", "coordinates": [ [ [ [ 2542358.092000000178814, 1155735.152 ], [ 2542362.102, 1155706.051 ], [ 2542387.024000000208616, 1155542.09 ], [ 2542384.833000000100583, 1155541.263 ], [ 2542350.146000000182539, 1155547.513 ], [ 2542311.583000000100583, 1155553.325999999884516 ], [ 2542307.393000000156462, 1155556.354 ], [ 2542301.974, 1155565.199 ], [ 2542296.849, 1155574.021 ], [ 2542287.134999999776483, 1155636.399 ], [ 2542279.46100000012666, 1155685.674000000115484 ], [ 2542281.759, 1155694.566000000108033 ], [ 2542283.946, 1155700.316000000108033 ], [ 2542286.93099999986589, 1155707.081 ], [ 2542287.435, 1155714.579 ], [ 2542286.193, 1155719.064 ], [ 2542268.997, 1155751.861 ], [ 2542268.271999999880791, 1155757.833000000100583 ], [ 2542270.83, 1155759.442 ], [ 2542295.629999999888241, 1155742.929 ], [ 2542334.450000000186265, 1155731.078 ], [ 2542358.092000000178814, 1155735.152 ] ] ] ] } },
{ "type": "Feature", "properties": { "ANNEE_DE_R": 2025, "CODE_PROGR": "Bio", "CODE_UTILI": 617, "IDENTIFICA": "VD_2025_402602", "NOMBRE_ARB": 0, "PROGRAMME": "Production bio", "SHAPE_AREA": 1728.852, "SHAPE_LEN": 271.451, "SURFACE_M2": 3458, "UTILISATIO": "Pâturages extensifs" }, "geometry": { "type": "MultiPolygon", "coordinates": [ [ [ [ 2542173.719, 1156504.087 ], [ 2542181.08, 1156498.901 ], [ 2542188.225999999791384, 1156500.127 ], [ 2542192.143000000156462, 1156500.799000000115484 ], [ 2542192.346, 1156499.653 ], [ 2542183.645, 1156497.571 ], [ 2542177.395, 1156487.321 ], [ 2542171.895, 1156486.071 ], [ 2542166.721, 1156458.369 ], [ 2542160.471, 1156419.869 ], [ 2542151.971, 1156398.119 ], [ 2542141.145, 1156399.446 ], [ 2542144.145, 1156417.821 ], [ 2542149.895, 1156455.571 ], [ 2542157.395, 1156491.321 ], [ 2542167.395, 1156505.821 ], [ 2542173.585, 1156508.44 ], [ 2542173.719, 1156504.087 ] ] ] ] } },
{ "type": "Feature", "properties": { "ANNEE_DE_R": 2025, "CODE_PROGR": "psGmf", "CODE_UTILI": 611, "IDENTIFICA": "VD_2025_34731", "NOMBRE_ARB": 0, "PROGRAMME": "Production de lait et de viande basée sur les herbages", "SHAPE_AREA": 57824.161, "SHAPE_LEN": 1515.271, "SURFACE_M2": 57825, "UTILISATIO": "Prairies extensives (sans les pâturages)" }, "geometry": { "type": "MultiPolygon", "coordinates": [ [ [ [ 2542445.169000000227243, 1157142.700999999884516 ], [ 2542451.21100000012666, 1157133.645 ], [ 2542442.296, 1157121.703 ], [ 2542387.734999999869615, 1157052.871 ], [ 2542340.674999999813735, 1156955.110000000102445 ], [ 2542342.669000000227243, 1156914.526 ], [ 2542343.214999999850988, 1156898.860000000102445 ], [ 2542338.674000000115484, 1156868.370000000111759 ], [ 2542335.264, 1156832.76 ], [ 2542332.274000000208616, 1156832.6 ], [ 2542338.36200000019744, 1156801.827 ], [ 2542342.50400000018999, 1156743.002 ], [ 2542345.873999999836087, 1156723.122 ], [ 2542355.304, 1156675.053 ], [ 2542360.91399999987334, 1156605.064 ], [ 2542293.413000000175089, 1156608.622 ], [ 2542289.716, 1156538.031 ], [ 2542278.382000000216067, 1156533.423 ], [ 2542276.642, 1156527.213 ], [ 2542255.490000000223517, 1156527.423 ], [ 2542238.511, 1156533.522000000113621 ], [ 2542226.861, 1156541.352 ], [ 2542223.001000000163913, 1156550.381 ], [ 2542222.605, 1156558.546 ], [ 2542224.401, 1156588.811 ], [ 2542223.46100000012666, 1156602.821 ], [ 2542217.191000000108033, 1156616.891 ], [ 2542205.781, 1156627.25 ], [ 2542190.43099999986589, 1156635.73 ], [ 2542182.54, 1156643.739 ], [ 2542181.5, 1156651.619 ], [ 2542196.168, 1156740.79 ], [ 2542212.512000000104308, 1156832.038 ], [ 2542229.892, 1156881.597 ], [ 2542248.083000000100583, 1156917.216 ], [ 2542268.024000000208616, 1156944.275 ], [ 2542283.096, 1156963.666 ], [ 2542317.16399999987334, 1157005.120000000111759 ], [ 2542322.41399999987334, 1157011.620000000111759 ], [ 2542338.77, 1157027.534 ], [ 2542355.401999999769032, 1157045.183 ], [ 2542376.775, 1157052.041 ], [ 2542384.376000000163913, 1157061.162 ], [ 2542384.952, 1157068.114 ], [ 2542383.592000000178814, 1157079.712 ], [ 2542409.816000000108033, 1157111.832 ], [ 2542422.876000000163913, 1157132.712 ], [ 2542439.085, 1157151.522000000113621 ], [ 2542445.169000000227243, 1157142.700999999884516 ] ] ] ] } },
{ "type": "Feature", "properties": { "ANNEE_DE_R": 2025, "CODE_PROGR": "psmArableFarming", "CODE_UTILI": 514, "IDENTIFICA": "VD_2025_434034", "NOMBRE_ARB": 0, "PROGRAMME": "Non-recours aux produits phytosanitaires dans les grandes cultures", "SHAPE_AREA": 14200.769, "SHAPE_LEN": 486.118, "SURFACE_M2": 56804, "UTILISATIO": "Seigle" }, "geometry": { "type": "MultiPolygon", "coordinates": [ [ [ [ 2542669.242999999783933, 1155241.266 ], [ 2542657.865000000223517, 1155240.139999999897555 ], [ 2542650.018000000156462, 1155242.916 ], [ 2542638.870000000111759, 1155246.859 ], [ 2542631.957, 1155249.304 ], [ 2542611.350999999791384, 1155256.593000000109896 ], [ 2542608.947999999858439, 1155257.443 ], [ 2542601.26299999980256, 1155260.161 ], [ 2542577.856000000145286, 1155268.441000000108033 ], [ 2542559.481000000145286, 1155282.651 ], [ 2542552.140999999828637, 1155298.627 ], [ 2542551.61200000019744, 1155299.778 ], [ 2542548.096, 1155308.008 ], [ 2542545.433999999891967, 1155314.237 ], [ 2542583.532000000122935, 1155327.245000000111759 ], [ 2542628.515999999828637, 1155341.57 ], [ 2542695.693, 1155362.960999999893829 ], [ 2542709.529999999795109, 1155367.367 ], [ 2542731.981000000145286, 1155297.651 ], [ 2542722.731000000145286, 1155293.151 ], [ 2542716.231000000145286, 1155286.651 ], [ 2542706.947999999858439, 1155280.227 ], [ 2542701.083000000100583, 1155270.628 ], [ 2542687.865000000223517, 1155252.389999999897555 ], [ 2542677.872, 1155245.54 ], [ 2542669.242999999783933, 1155241.266 ] ] ] ] } },
{ "type": "Feature", "properties": { "ANNEE_DE_R": 2025, "CODE_PROGR": "psClimateEfficientNUse", "CODE_UTILI": 601, "IDENTIFICA": "VD_2025_426583", "NOMBRE_ARB": 0, "PROGRAMME": "Utilisation efficiente de l’azote dans les grandes cultures", "SHAPE_AREA": 16623.074, "SHAPE_LEN": 546.316, "SURFACE_M2": 33247, "UTILISATIO": "Prairies artificielles (sans les pâturages)" }, "geometry": { "type": "MultiPolygon", "coordinates": [ [ [ [ 2542432.649000000208616, 1155535.84 ], [ 2542418.399000000208616, 1155534.59 ], [ 2542387.024000000208616, 1155542.09 ], [ 2542362.102, 1155706.051 ], [ 2542358.092000000178814, 1155735.152 ], [ 2542374.833000000100583, 1155738.038 ], [ 2542430.774000000208616, 1155733.465 ], [ 2542447.024000000208616, 1155706.84 ], [ 2542459.149000000208616, 1155635.675 ], [ 2542462.149000000208616, 1155614.675 ], [ 2542464.399000000208616, 1155587.925 ], [ 2542469.899000000208616, 1155556.425 ], [ 2542464.00400000018999, 1155541.379999999888241 ], [ 2542432.649000000208616, 1155535.84 ] ] ] ] } },
{ "type": "Feature", "properties": { "ANNEE_DE_R": 2025, "CODE_PROGR": "psmArableFarming", "CODE_UTILI": 507, "IDENTIFICA": "VD_2025_176549", "NOMBRE_ARB": 0, "PROGRAMME": "Non-recours aux produits phytosanitaires dans les grandes cultures", "SHAPE_AREA": 25171.651, "SHAPE_LEN": 847.311, "SURFACE_M2": 75515, "UTILISATIO": "Blé fourrager selon liste swiss granum" }, "geometry": { "type": "MultiPolygon", "coordinates": [ [ [ [ 2542577.973000000230968, 1157435.271 ], [ 2542547.188, 1157433.94 ], [ 2542548.278, 1157464.011 ], [ 2542548.273, 1157465.489 ], [ 2542548.153, 1157504.626 ], [ 2542548.103999999817461, 1157520.549000000115484 ], [ 2542547.470000000204891, 1157539.948 ], [ 2542547.375, 1157544.862 ], [ 2542545.930000000167638, 1157587.071 ], [ 2542509.200000000186265, 1157587.591 ], [ 2542507.737999999895692, 1157637.669 ], [ 2542505.677999999839813, 1157691.075 ], [ 2542504.140999999828637, 1157730.944 ], [ 2542506.424000000115484, 1157736.291999999899417 ], [ 2542516.737999999895692, 1157760.455 ], [ 2542522.551, 1157765.705 ], [ 2542529.157999999821186, 1157769.773 ], [ 2542539.346, 1157774.148 ], [ 2542561.873000000137836, 1157775.837 ], [ 2542590.207, 1157777.960999999893829 ], [ 2542592.65, 1157735.529 ], [ 2542595.014, 1157694.475 ], [ 2542595.438999999780208, 1157687.102 ], [ 2542596.389, 1157670.606 ], [ 2542598.128, 1157640.401 ], [ 2542600.764, 1157594.619 ], [ 2542603.007000000216067, 1157555.668 ], [ 2542606.634, 1157502.882 ], [ 2542607.188, 1157483.065 ], [ 2542609.421999999787658, 1157436.631 ], [ 2542577.973000000230968, 1157435.271 ] ] ] ] } },
{ "type": "Feature", "properties": { "ANNEE_DE_R": 2025, "CODE_PROGR": "psClimateEfficientNUse", "CODE_UTILI": 601, "IDENTIFICA": "VD_2025_518041", "NOMBRE_ARB": 0, "PROGRAMME": "Utilisation efficiente de l’azote dans les grandes cultures", "SHAPE_AREA": 2977.055, "SHAPE_LEN": 369.13, "SURFACE_M2": 2978, "UTILISATIO": "Prairies artificielles (sans les pâturages)" }, "geometry": { "type": "MultiPolygon", "coordinates": [ [ [ [ 2542571.98, 1157782.112 ], [ 2542567.944999999832362, 1157825.883 ], [ 2542567.248999999836087, 1157832.838 ], [ 2542564.444999999832362, 1157860.883 ], [ 2542555.801, 1157944.764999999897555 ], [ 2542572.700999999884516, 1157952.291 ], [ 2542576.200999999884516, 1157931.666 ], [ 2542576.771000000182539, 1157924.835999999893829 ], [ 2542578.904, 1157899.293 ], [ 2542579.046, 1157897.595 ], [ 2542579.305000000167638, 1157894.494 ], [ 2542582.410000000149012, 1157858.24 ], [ 2542584.171999999787658, 1157839.109 ], [ 2542585.54, 1157824.262000000104308 ], [ 2542588.151999999769032, 1157793.069 ], [ 2542588.575999999884516, 1157782.541 ], [ 2542579.778, 1157782.46 ], [ 2542571.98, 1157782.112 ] ] ] ] } },
{ "type": "Feature", "properties": { "ANNEE_DE_R": 2025, "CODE_PROGR": "Non", "CODE_UTILI": 611, "IDENTIFICA": "VD_2025_431262", "NOMBRE_ARB": 0, "PROGRAMME": "Aucun programme", "SHAPE_AREA": 40880.842, "SHAPE_LEN": 1071.84, "SURFACE_M2": 40881, "UTILISATIO": "Prairies extensives (sans les pâturages)" }, "geometry": { "type": "MultiPolygon", "coordinates": [ [ [ [ 2542373.910000000149012, 1158326.632 ], [ 2542387.631, 1158348.457 ], [ 2542407.632000000216067, 1158385.457 ], [ 2542409.699, 1158416.083000000100583 ], [ 2542433.179, 1158470.421 ], [ 2542438.353000000119209, 1158486.221 ], [ 2542448.140999999828637, 1158508.626 ], [ 2542456.390999999828637, 1158532.001 ], [ 2542472.015999999828637, 1158570.376 ], [ 2542492.651999999769032, 1158618.051 ], [ 2542524.907000000122935, 1158686.303 ], [ 2542531.572999999858439, 1158692.557 ], [ 2542543.345000000204891, 1158692.94 ], [ 2542547.589999999850988, 1158693.078 ], [ 2542561.026999999769032, 1158693.514999999897555 ], [ 2542585.808000000193715, 1158696.556 ], [ 2542579.637000000104308, 1158667.463 ], [ 2542574.636, 1158655.462 ], [ 2542554.651, 1158626.91 ], [ 2542549.636, 1158620.462 ], [ 2542537.634999999776483, 1158602.460999999893829 ], [ 2542604.636, 1158589.463 ], [ 2542597.964999999850988, 1158572.016 ], [ 2542591.636, 1158555.463 ], [ 2542592.021000000182539, 1158551.222 ], [ 2542585.33600000012666, 1158528.739 ], [ 2542576.758, 1158507.183 ], [ 2542566.407999999821186, 1158483.585999999893829 ], [ 2542553.139, 1158457.875 ], [ 2542551.139, 1158449.75 ], [ 2542548.634, 1158428.460999999893829 ], [ 2542534.963, 1158405.24 ], [ 2542537.52, 1158389.389 ], [ 2542538.633, 1158370.460999999893829 ], [ 2542541.222, 1158361.216 ], [ 2542543.633, 1158334.46 ], [ 2542373.910000000149012, 1158326.632 ] ] ] ] } },
{ "type": "Feature", "properties": { "ANNEE_DE_R": 2025, "CODE_PROGR": "psGmf", "CODE_UTILI": 613, "IDENTIFICA": "VD_2025_181643", "NOMBRE_ARB": 0, "PROGRAMME": "Production de lait et de viande basée sur les herbages", "SHAPE_AREA": 15347.714, "SHAPE_LEN": 1067.261, "SURFACE_M2": 15348, "UTILISATIO": "Autres prairies permanentes (sans les pâturages)" }, "geometry": { "type": "MultiPolygon", "coordinates": [ [ [ [ 2542990.470000000204891, 1155534.346 ], [ 2543003.77, 1155543.517 ], [ 2543011.279999999795109, 1155545.537 ], [ 2543037.910999999847263, 1155545.539000000106171 ], [ 2543046.241, 1155528.039000000106171 ], [ 2543047.295, 1155523.096 ], [ 2543028.52, 1155514.788 ], [ 2543016.779999999795109, 1155528.837 ], [ 2543004.890000000130385, 1155537.467 ], [ 2542993.009999999776483, 1155532.696 ], [ 2542992.676, 1155527.553 ], [ 2543002.095000000204891, 1155517.093000000109896 ], [ 2543006.997, 1155514.078 ], [ 2543013.267, 1155502.151 ], [ 2543013.626000000163913, 1155465.99 ], [ 2543007.389, 1155456.53 ], [ 2543001.023, 1155453.43 ], [ 2542995.836999999824911, 1155441.825999999884516 ], [ 2542983.986, 1155406.847 ], [ 2542983.132000000216067, 1155404.441000000108033 ], [ 2542983.296, 1155394.027 ], [ 2542972.597, 1155378.581 ], [ 2542967.146000000182539, 1155375.855 ], [ 2542965.100999999791384, 1155366.313 ], [ 2542940.736, 1155350.791999999899417 ], [ 2542920.895, 1155330.001 ], [ 2542905.205, 1155316.15 ], [ 2542891.407000000122935, 1155299.698 ], [ 2542854.183000000193715, 1155260.487999999895692 ], [ 2542843.541999999899417, 1155244.858 ], [ 2542829.472, 1155222.558 ], [ 2542817.262000000104308, 1155200.489 ], [ 2542793.832, 1155197.058 ], [ 2542792.381, 1155211.897000000113621 ], [ 2542831.529, 1155255.023 ], [ 2542867.671, 1155294.838 ], [ 2542876.430000000167638, 1155304.487 ], [ 2542891.467000000178814, 1155321.052 ], [ 2542874.187, 1155359.123 ], [ 2542866.467000000178814, 1155384.552 ], [ 2542894.815, 1155403.957 ], [ 2542900.80599999986589, 1155408.058 ], [ 2542907.74599999981001, 1155412.808 ], [ 2542933.926, 1155430.729 ], [ 2542992.467000000178814, 1155485.552 ], [ 2542964.893000000156462, 1155515.155 ], [ 2542990.470000000204891, 1155534.346 ] ], [ [ 2543004.359000000171363, 1155496.126 ], [ 2543005.929, 1155488.986 ], [ 2543009.669000000227243, 1155489.777 ], [ 2543008.119, 1155496.906999999890104 ], [ 2543004.359000000171363, 1155496.126 ] ] ] ] } },
{ "type": "Feature", "properties": { "ANNEE_DE_R": 2025, "CODE_PROGR": "Non", "CODE_UTILI": 613, "IDENTIFICA": "VD_2025_427135", "NOMBRE_ARB": 0, "PROGRAMME": "Aucun programme", "SHAPE_AREA": 7099.617, "SHAPE_LEN": 354.884, "SURFACE_M2": 7100, "UTILISATIO": "Autres prairies permanentes (sans les pâturages)" }, "geometry": { "type": "MultiPolygon", "coordinates": [ [ [ [ 2542784.131, 1155865.646 ], [ 2542782.659, 1155863.331 ], [ 2542782.100999999791384, 1155862.215 ], [ 2542769.29, 1155839.9 ], [ 2542756.740000000223517, 1155817.905 ], [ 2542742.17, 1155792.416999999899417 ], [ 2542734.549999999813735, 1155779.094 ], [ 2542696.08, 1155800.985000000102445 ], [ 2542710.478999999817461, 1155854.889999999897555 ], [ 2542724.392, 1155914.878 ], [ 2542757.552000000141561, 1155904.204 ], [ 2542791.796, 1155881.389999999897555 ], [ 2542784.131, 1155865.646 ] ] ] ] } },
{ "type": "Feature", "properties": { "ANNEE_DE_R": 2025, "CODE_PROGR": "Non", "CODE_UTILI": 613, "IDENTIFICA": "VD_2025_427137", "NOMBRE_ARB": 0, "PROGRAMME": "Aucun programme", "SHAPE_AREA": 17098.647, "SHAPE_LEN": 672.277, "SURFACE_M2": 17099, "UTILISATIO": "Autres prairies permanentes (sans les pâturages)" }, "geometry": { "type": "MultiPolygon", "coordinates": [ [ [ [ 2542784.131, 1155865.646 ], [ 2542841.62099999981001, 1155827.644 ], [ 2542839.71100000012666, 1155824.134 ], [ 2542888.381, 1155791.994 ], [ 2542836.849, 1155676.06 ], [ 2542799.188, 1155652.29 ], [ 2542779.288000000175089, 1155683.741 ], [ 2542717.299000000115484, 1155748.733 ], [ 2542734.549999999813735, 1155779.094 ], [ 2542742.17, 1155792.416999999899417 ], [ 2542756.740000000223517, 1155817.905 ], [ 2542801.75, 1155788.243 ], [ 2542827.221, 1155832.474 ], [ 2542782.100999999791384, 1155862.215 ], [ 2542782.659, 1155863.331 ], [ 2542784.131, 1155865.646 ] ] ] ] } },
{ "type": "Feature", "properties": { "ANNEE_DE_R": 2025, "CODE_PROGR": "psmArableFarming", "CODE_UTILI": 513, "IDENTIFICA": "VD_2025_61998", "NOMBRE_ARB": 0, "PROGRAMME": "Non-recours aux produits phytosanitaires dans les grandes cultures", "SHAPE_AREA": 31055.565, "SHAPE_LEN": 775.072, "SURFACE_M2": 124223, "UTILISATIO": "Blé d'automne (sans blé fourrager de la liste swiss granum)" }, "geometry": { "type": "MultiPolygon", "coordinates": [ [ [ [ 2543209.849, 1155239.671 ], [ 2543057.844, 1155100.81 ], [ 2543052.873999999836087, 1155108.791 ], [ 2543050.312, 1155110.602999999886379 ], [ 2543047.248999999836087, 1155110.166 ], [ 2543002.187, 1155084.041 ], [ 2542978.333999999798834, 1155074.237 ], [ 2542965.799000000115484, 1155077.075 ], [ 2542956.657999999821186, 1155082.896 ], [ 2542922.841, 1155115.213 ], [ 2542918.631, 1155125.682 ], [ 2542923.282000000122935, 1155138.953 ], [ 2542963.636, 1155175.317 ], [ 2543099.346, 1155297.609 ], [ 2543107.856000000145286, 1155305.278 ], [ 2543215.646999999880791, 1155245.15 ], [ 2543213.654999999795109, 1155243.109 ], [ 2543209.849, 1155239.671 ] ] ] ] } },
{ "type": "Feature", "properties": { "ANNEE_DE_R": 2025, "CODE_PROGR": "Non", "CODE_UTILI": 613, "IDENTIFICA": "VD_2025_428335", "NOMBRE_ARB": 0, "PROGRAMME": "Aucun programme", "SHAPE_AREA": 1609.706, "SHAPE_LEN": 167.694, "SURFACE_M2": 1610, "UTILISATIO": "Autres prairies permanentes (sans les pâturages)" }, "geometry": { "type": "MultiPolygon", "coordinates": [ [ [ [ 2543032.952, 1156297.447 ], [ 2543032.12900000018999, 1156295.938 ], [ 2543005.853999999817461, 1156310.365 ], [ 2543032.492, 1156358.868 ], [ 2543057.193, 1156342.099 ], [ 2543032.952, 1156297.447 ] ] ] ] } },
{ "type": "Feature", "properties": { "ANNEE_DE_R": 2025, "CODE_PROGR": "psGmf", "CODE_UTILI": 612, "IDENTIFICA": "VD_2025_181642", "NOMBRE_ARB": 0, "PROGRAMME": "Production de lait et de viande basée sur les herbages", "SHAPE_AREA": 4609.843, "SHAPE_LEN": 275.749, "SURFACE_M2": 4610, "UTILISATIO": "Prairies peu intensives (sans les pâturages)" }, "geometry": { "type": "MultiPolygon", "coordinates": [ [ [ [ 2543280.909, 1156023.894 ], [ 2543250.796, 1156046.648 ], [ 2543213.182, 1156075.112999999895692 ], [ 2543230.521999999880791, 1156093.784 ], [ 2543253.483, 1156118.556 ], [ 2543311.835, 1156070.758 ], [ 2543288.223000000230968, 1156034.977999999886379 ], [ 2543280.909, 1156023.894 ] ] ] ] } },
{ "type": "Feature", "properties": { "ANNEE_DE_R": 2025, "CODE_PROGR": "Non", "CODE_UTILI": 613, "IDENTIFICA": "VD_2025_201350", "NOMBRE_ARB": 0, "PROGRAMME": "Aucun programme", "SHAPE_AREA": 18554.187, "SHAPE_LEN": 1085.538, "SURFACE_M2": 18555, "UTILISATIO": "Autres prairies permanentes (sans les pâturages)" }, "geometry": { "type": "MultiPolygon", "coordinates": [ [ [ [ 2543513.072000000160187, 1158737.308 ], [ 2543507.441000000108033, 1158734.866 ], [ 2543499.648, 1158731.485000000102445 ], [ 2543492.126999999862164, 1158722.94 ], [ 2543488.646999999880791, 1158718.985000000102445 ], [ 2543482.646999999880791, 1158706.484 ], [ 2543471.146999999880791, 1158663.484 ], [ 2543469.46, 1158656.156 ], [ 2543456.646000000182539, 1158600.483 ], [ 2543427.058999999891967, 1158587.688 ], [ 2543382.645, 1158568.481 ], [ 2543390.759, 1158585.960999999893829 ], [ 2543404.94, 1158615.779 ], [ 2543416.53899999987334, 1158639.739 ], [ 2543423.464000000152737, 1158653.943 ], [ 2543434.086999999824911, 1158674.649 ], [ 2543438.392, 1158680.93 ], [ 2543454.049999999813735, 1158697.896 ], [ 2543463.467999999877065, 1158707.117 ], [ 2543476.544000000227243, 1158719.214 ], [ 2543487.361, 1158728.522000000113621 ], [ 2543495.501000000163913, 1158733.398 ], [ 2543506.344, 1158737.724 ], [ 2543518.415, 1158739.626 ], [ 2543513.072000000160187, 1158737.308 ] ] ], [ [ [ 2543479.464999999850988, 1158725.812 ], [ 2543469.437, 1158716.182 ], [ 2543455.35, 1158702.784 ], [ 2543442.174999999813735, 1158689.833000000100583 ], [ 2543430.103999999817461, 1158673.891 ], [ 2543420.026, 1158653.186 ], [ 2543405.966, 1158624.204 ], [ 2543386.798, 1158584.359 ], [ 2543379.11200000019744, 1158568.394 ], [ 2543376.829, 1158566.169 ], [ 2543374.421999999787658, 1158565.035 ], [ 2543369.674999999813735, 1158564.950999999884516 ], [ 2543357.506, 1158568.912 ], [ 2543331.825000000186265, 1158577.48 ], [ 2543353.648, 1158629.257 ], [ 2543387.106000000145286, 1158763.687 ], [ 2543403.157999999821186, 1158759.655 ], [ 2543409.174999999813735, 1158758.143 ], [ 2543419.095000000204891, 1158755.651 ], [ 2543447.881, 1158748.42 ], [ 2543484.077, 1158739.328 ], [ 2543492.66399999987334, 1158736.237999999895692 ], [ 2543487.145, 1158731.981 ], [ 2543479.464999999850988, 1158725.812 ] ], [ [ 2543425.912, 1158680.172 ], [ 2543436.787, 1158688.797 ], [ 2543429.606000000145286, 1158700.764 ], [ 2543417.694999999832362, 1158693.173 ], [ 2543425.912, 1158680.172 ] ] ] ] } },
{ "type": "Feature", "properties": { "ANNEE_DE_R": 2025, "CODE_PROGR": "psSoilMildTreatment", "CODE_UTILI": 601, "IDENTIFICA": "VD_2025_82430", "NOMBRE_ARB": 0, "PROGRAMME": "Techniques culturales préservant le sol dans les cultures principales sur terres assolées", "SHAPE_AREA": 11147.016, "SHAPE_LEN": 609.021, "SURFACE_M2": 22295, "UTILISATIO": "Prairies artificielles (sans les pâturages)" }, "geometry": { "type": "MultiPolygon", "coordinates": [ [ [ [ 2543579.359999999869615, 1155947.628 ], [ 2543566.109000000171363, 1155929.004 ], [ 2543547.100999999791384, 1155942.841 ], [ 2543529.657000000122935, 1155955.795 ], [ 2543551.157000000122935, 1155987.545 ], [ 2543585.176, 1156039.074 ], [ 2543625.484000000171363, 1156099.004 ], [ 2543652.359000000171363, 1156140.504 ], [ 2543675.609000000171363, 1156174.379 ], [ 2543701.484000000171363, 1156155.629 ], [ 2543672.484000000171363, 1156102.879 ], [ 2543676.984000000171363, 1156098.004 ], [ 2543635.984000000171363, 1156034.629 ], [ 2543601.484000000171363, 1155982.879 ], [ 2543596.876999999862164, 1155975.513 ], [ 2543579.984000000171363, 1155948.504 ], [ 2543579.359999999869615, 1155947.628 ] ] ] ] } },
{ "type": "Feature", "properties": { "ANNEE_DE_R": 2025, "CODE_PROGR": "psGmf", "CODE_UTILI": 612, "IDENTIFICA": "VD_2025_155960", "NOMBRE_ARB": 0, "PROGRAMME": "Production de lait et de viande basée sur les herbages", "SHAPE_AREA": 683.959, "SHAPE_LEN": 436.031, "SURFACE_M2": 684, "UTILISATIO": "Prairies peu intensives (sans les pâturages)" }, "geometry": { "type": "MultiPolygon", "coordinates": [ [ [ [ 2544457.114, 1158184.641 ], [ 2544454.112999999895692, 1158183.449 ], [ 2544459.901999999769032, 1158201.68 ], [ 2544462.423, 1158209.620000000111759 ], [ 2544474.133, 1158219.389999999897555 ], [ 2544480.865000000223517, 1158228.367 ], [ 2544489.633, 1158240.06 ], [ 2544516.526999999769032, 1158244.224 ], [ 2544537.685, 1158247.5 ], [ 2544551.754999999888241, 1158249.679 ], [ 2544572.525, 1158253.639 ], [ 2544589.835, 1158260.049000000115484 ], [ 2544607.035000000149012, 1158257.288 ], [ 2544624.966, 1158261.908 ], [ 2544630.705, 1158265.115 ], [ 2544634.009999999776483, 1158266.962 ], [ 2544635.563999999780208, 1158264.067 ], [ 2544632.432, 1158262.905 ], [ 2544626.782000000122935, 1158259.624 ], [ 2544607.598000000230968, 1158254.072 ], [ 2544589.214999999850988, 1158256.589 ], [ 2544574.125, 1158250.473 ], [ 2544492.143999999854714, 1158236.775 ], [ 2544477.347, 1158218.031999999890104 ], [ 2544465.279, 1158208.294 ], [ 2544457.114, 1158184.641 ] ] ] ] } },
{ "type": "Feature", "properties": { "ANNEE_DE_R": 2025, "CODE_PROGR": "Bio", "CODE_UTILI": 616, "IDENTIFICA": "VD_2025_491181", "NOMBRE_ARB": 0, "PROGRAMME": "Production bio", "SHAPE_AREA": 2286.722, "SHAPE_LEN": 224.941, "SURFACE_M2": 4574, "UTILISATIO": "Pâturages (pâturages attenants à la ferme, autres pâturages sauf les pâturages d’estivage)" }, "geometry": { "type": "MultiPolygon", "coordinates": [ [ [ [ 2534746.325999999884516, 1156569.349 ], [ 2534746.328000000212342, 1156564.747 ], [ 2534660.296999999787658, 1156565.953 ], [ 2534659.77, 1156586.677 ], [ 2534659.296, 1156592.552 ], [ 2534744.774000000208616, 1156591.484 ], [ 2534745.943, 1156576.213 ], [ 2534746.325999999884516, 1156569.349 ] ] ] ] } },
{ "type": "Feature", "properties": { "ANNEE_DE_R": 2025, "CODE_PROGR": "Non", "CODE_UTILI": 611, "IDENTIFICA": "VD_2025_55965", "NOMBRE_ARB": 0, "PROGRAMME": "Aucun programme", "SHAPE_AREA": 6842.318, "SHAPE_LEN": 894.738, "SURFACE_M2": 6843, "UTILISATIO": "Prairies extensives (sans les pâturages)" }, "geometry": { "type": "MultiPolygon", "coordinates": [ [ [ [ 2534877.535999999847263, 1157449.329 ], [ 2534862.850999999791384, 1157454.678 ], [ 2534872.191999999806285, 1157472.119 ], [ 2534878.896999999880791, 1157484.639999999897555 ], [ 2534884.910999999847263, 1157494.819 ], [ 2534888.943, 1157502.643 ], [ 2534891.623000000137836, 1157507.45 ], [ 2534896.651999999769032, 1157516.81 ], [ 2534896.991, 1157518.732 ], [ 2534903.702, 1157549.656 ], [ 2534906.131, 1157560.797 ], [ 2534906.947999999858439, 1157564.543 ], [ 2534908.166000000201166, 1157570.132 ], [ 2534908.529999999795109, 1157571.8 ], [ 2534906.515000000130385, 1157603.344 ], [ 2534906.365000000223517, 1157605.232 ], [ 2534905.089999999850988, 1157625.661 ], [ 2534904.65, 1157626.745000000111759 ], [ 2534920.73, 1157652.171 ], [ 2534934.004999999888241, 1157678.379999999888241 ], [ 2534939.186000000219792, 1157688.609 ], [ 2534940.111, 1157690.436 ], [ 2534941.640000000130385, 1157693.455 ], [ 2534947.71100000012666, 1157705.441000000108033 ], [ 2534951.282999999821186, 1157722.735000000102445 ], [ 2534958.779999999795109, 1157763.215 ], [ 2534956.416999999899417, 1157778.985000000102445 ], [ 2534951.079, 1157809.085999999893829 ], [ 2534952.287, 1157817.155 ], [ 2534952.734000000171363, 1157821.347 ], [ 2534953.870000000111759, 1157839.9 ], [ 2534966.191999999806285, 1157858.59 ], [ 2534996.17, 1157832.441000000108033 ], [ 2534990.952, 1157818.892 ], [ 2534971.761, 1157761.898 ], [ 2534965.123000000137836, 1157731.748 ], [ 2534964.605, 1157730.213 ], [ 2534958.703000000212342, 1157712.710999999893829 ], [ 2534945.231000000145286, 1157671.658 ], [ 2534941.478999999817461, 1157661.288 ], [ 2534938.629999999888241, 1157653.436 ], [ 2534935.486, 1157640.948 ], [ 2534925.859000000171363, 1157601.724 ], [ 2534921.433999999891967, 1157603.778 ], [ 2534915.964000000152737, 1157582.483 ], [ 2534918.295, 1157569.896 ], [ 2534912.55599999986589, 1157545.749 ], [ 2534907.716, 1157530.743 ], [ 2534905.75, 1157524.126 ], [ 2534897.653, 1157496.868 ], [ 2534891.403, 1157480.743 ], [ 2534890.653, 1157479.049000000115484 ], [ 2534877.535999999847263, 1157449.329 ] ] ] ] } },
{ "type": "Feature", "properties": { "ANNEE_DE_R": 2025, "CODE_PROGR": "Non", "CODE_UTILI": 901, "IDENTIFICA": "VD_2025_453676", "NOMBRE_ARB": 0, "PROGRAMME": "Aucun programme", "SHAPE_AREA": 1099.322, "SHAPE_LEN": 162.5, "SURFACE_M2": 1100, "UTILISATIO": "Forêt" }, "geometry": { "type": "MultiPolygon", "coordinates": [ [ [ [ 2535002.48, 1157290.194 ], [ 2535000.120000000111759, 1157310.324 ], [ 2535059.33, 1157288.814 ], [ 2535059.71, 1157270.203 ], [ 2535002.48, 1157290.194 ] ] ] ] } },
{ "type": "Feature", "properties": { "ANNEE_DE_R": 2025, "CODE_PROGR": "psVegetableSoilCoverage", "CODE_UTILI": 545, "IDENTIFICA": "VD_2025_150461", "NOMBRE_ARB": 0, "PROGRAMME": "Couverture appropriée du sol (légumes dans les terres ouvertes)", "SHAPE_AREA": 6246.743, "SHAPE_LEN": 404.814, "SURFACE_M2": 12494, "UTILISATIO": "Cultures maraîchères de plein champ annuelles (sauf les légumes de conserve)" }, "geometry": { "type": "MultiPolygon", "coordinates": [ [ [ [ 2535029.299000000115484, 1157805.06 ], [ 2534977.671999999787658, 1157656.555 ], [ 2534945.231000000145286, 1157671.658 ], [ 2534958.703000000212342, 1157712.710999999893829 ], [ 2534964.605, 1157730.213 ], [ 2534965.123000000137836, 1157731.748 ], [ 2534971.761, 1157761.898 ], [ 2534990.952, 1157818.892 ], [ 2534996.17, 1157832.441000000108033 ], [ 2535029.299000000115484, 1157805.06 ] ] ] ] } },
{ "type": "Feature", "properties": { "ANNEE_DE_R": 2025, "CODE_PROGR": "Non", "CODE_UTILI": 702, "IDENTIFICA": "VD_2025_131446", "NOMBRE_ARB": 0, "PROGRAMME": "Aucun programme", "SHAPE_AREA": 10516.771, "SHAPE_LEN": 442.976, "SURFACE_M2": 10517, "UTILISATIO": "Cultures fruitières (pommes)" }, "geometry": { "type": "MultiPolygon", "coordinates": [ [ [ [ 2534977.671999999787658, 1157656.555 ], [ 2535029.299000000115484, 1157805.06 ], [ 2535085.924000000115484, 1157752.623 ], [ 2535045.339999999850988, 1157625.004999999888241 ], [ 2534998.018000000156462, 1157647.051 ], [ 2534977.671999999787658, 1157656.555 ] ] ] ] } },
{ "type": "Feature", "properties": { "ANNEE_DE_R": 2025, "CODE_PROGR": "psVegetableSoilCoverage", "CODE_UTILI": 545, "IDENTIFICA": "VD_2025_469463", "NOMBRE_ARB": 0, "PROGRAMME": "Couverture appropriée du sol (légumes dans les terres ouvertes)", "SHAPE_AREA": 4355.985, "SHAPE_LEN": 273.863, "SURFACE_M2": 8712, "UTILISATIO": "Cultures maraîchères de plein champ annuelles (sauf les légumes de conserve)" }, "geometry": { "type": "MultiPolygon", "coordinates": [ [ [ [ 2535209.821, 1157596.466 ], [ 2535184.336999999824911, 1157571.799000000115484 ], [ 2535124.546, 1157635.385 ], [ 2535161.56900000013411, 1157670.126 ], [ 2535195.05599999986589, 1157633.476 ], [ 2535219.757000000216067, 1157606.442 ], [ 2535209.821, 1157596.466 ] ] ] ] } },
{ "type": "Feature", "properties": { "ANNEE_DE_R": 2025, "CODE_PROGR": "psVegetableSoilCoverage", "CODE_UTILI": 545, "IDENTIFICA": "VD_2025_517309", "NOMBRE_ARB": 0, "PROGRAMME": "Couverture appropriée du sol (légumes dans les terres ouvertes)", "SHAPE_AREA": 991.882, "SHAPE_LEN": 133.358, "SURFACE_M2": 1984, "UTILISATIO": "Cultures maraîchères de plein champ annuelles (sauf les légumes de conserve)" }, "geometry": { "type": "MultiPolygon", "coordinates": [ [ [ [ 2535232.529, 1157517.019 ], [ 2535220.225, 1157498.128 ], [ 2535218.359000000171363, 1157499.874 ], [ 2535208.452, 1157509.146 ], [ 2535186.975, 1157531.089 ], [ 2535203.00400000018999, 1157546.518 ], [ 2535232.529, 1157517.019 ] ] ] ] } },
{ "type": "Feature", "properties": { "ANNEE_DE_R": 2025, "CODE_PROGR": "Non", "CODE_UTILI": 705, "IDENTIFICA": "VD_2025_56007", "NOMBRE_ARB": 0, "PROGRAMME": "Aucun programme", "SHAPE_AREA": 341.18, "SHAPE_LEN": 96.629, "SURFACE_M2": 342, "UTILISATIO": "Baies pluriannuelles" }, "geometry": { "type": "MultiPolygon", "coordinates": [ [ [ [ 2535232.529, 1157517.019 ], [ 2535203.00400000018999, 1157546.518 ], [ 2535209.089999999850988, 1157552.375 ], [ 2535212.065, 1157549.758 ], [ 2535233.315, 1157528.383 ], [ 2535235.214000000152737, 1157524.717 ], [ 2535233.455, 1157518.441000000108033 ], [ 2535232.529, 1157517.019 ] ] ] ] } },
{ "type": "Feature", "properties": { "ANNEE_DE_R": 2025, "CODE_PROGR": "Non", "CODE_UTILI": 611, "IDENTIFICA": "VD_2025_426178", "NOMBRE_ARB": 0, "PROGRAMME": "Aucun programme", "SHAPE_AREA": 3281.451, "SHAPE_LEN": 576.942, "SURFACE_M2": 3282, "UTILISATIO": "Prairies extensives (sans les pâturages)" }, "geometry": { "type": "MultiPolygon", "coordinates": [ [ [ [ 2536333.433000000193715, 1157916.898 ], [ 2536342.021999999880791, 1157914.533 ], [ 2536342.021944247186184, 1157914.532795619918033 ], [ 2536333.433000000193715, 1157916.898 ] ] ] ] } },
{ "type": "Feature", "properties": { "ANNEE_DE_R": 2025, "CODE_PROGR": "psmArableFarming", "CODE_UTILI": 527, "IDENTIFICA": "VD_2025_514082", "NOMBRE_ARB": 0, "PROGRAMME": "Non-recours aux produits phytosanitaires dans les grandes cultures", "SHAPE_AREA": 15605.866, "SHAPE_LEN": 741.21, "SURFACE_M2": 62424, "UTILISATIO": "Colza d’automne destiné à la fabrication d’huile comestible" }, "geometry": { "type": "MultiPolygon", "coordinates": [ [ [ [ 2536465.233, 1157900.918 ], [ 2536450.233, 1157901.008 ], [ 2536458.313, 1157927.092 ], [ 2536461.719, 1157924.781 ], [ 2536476.969, 1157927.531 ], [ 2536495.969, 1157939.281 ], [ 2536510.061000000219792, 1157941.742 ], [ 2536502.417682855855674, 1157900.69511664356105 ], [ 2536465.233, 1157900.918 ] ] ] ] } },
{ "type": "Feature", "properties": { "ANNEE_DE_R": 2025, "CODE_PROGR": "Non", "CODE_UTILI": 611, "IDENTIFICA": "VD_2025_63537", "NOMBRE_ARB": 0, "PROGRAMME": "Aucun programme", "SHAPE_AREA": 1748.238, "SHAPE_LEN": 360.259, "SURFACE_M2": 1749, "UTILISATIO": "Prairies extensives (sans les pâturages)" }, "geometry": { "type": "MultiPolygon", "coordinates": [ [ [ [ 2536331.534, 1157918.741 ], [ 2536313.29, 1157922.716 ], [ 2536325.775, 1157935.045 ], [ 2536329.15, 1157938.92 ], [ 2536335.464000000152737, 1157948.999 ], [ 2536364.839000000152737, 1157999.874 ], [ 2536378.849, 1158020.156 ], [ 2536398.884, 1158055.325 ], [ 2536405.082, 1158065.037 ], [ 2536411.910000000149012, 1158061.721 ], [ 2536395.785999999847263, 1158032.541 ], [ 2536361.04, 1157971.0 ], [ 2536331.534, 1157918.741 ] ] ] ] } },
{ "type": "Feature", "properties": { "ANNEE_DE_R": 2025, "CODE_PROGR": "psmArableFarming", "CODE_UTILI": 513, "IDENTIFICA": "VD_2025_5753", "NOMBRE_ARB": 0, "PROGRAMME": "Non-recours aux produits phytosanitaires dans les grandes cultures", "SHAPE_AREA": 34590.998, "SHAPE_LEN": 950.08, "SURFACE_M2": 138364, "UTILISATIO": "Blé d'automne (sans blé fourrager de la liste swiss granum)" }, "geometry": { "type": "MultiPolygon", "coordinates": [ [ [ [ 2536529.736, 1158694.700999999884516 ], [ 2536549.91399999987334, 1158602.727999999886379 ], [ 2536559.063999999780208, 1158561.338 ], [ 2536567.089999999850988, 1158520.359 ], [ 2536567.426, 1158518.641 ], [ 2536472.407999999821186, 1158522.016 ], [ 2536472.521999999880791, 1158523.22 ], [ 2536479.450999999884516, 1158596.217 ], [ 2536444.756, 1158596.901 ], [ 2536436.31900000013411, 1158524.487 ], [ 2536436.191000000108033, 1158523.392 ], [ 2536371.381, 1158526.085 ], [ 2536371.471, 1158526.825999999884516 ], [ 2536371.842999999877065, 1158541.577 ], [ 2536373.19400000013411, 1158561.433 ], [ 2536373.268999999854714, 1158572.132 ], [ 2536372.228999999817461, 1158587.205 ], [ 2536369.720000000204891, 1158607.954 ], [ 2536365.583999999798834, 1158632.071 ], [ 2536362.278, 1158650.477 ], [ 2536360.12900000018999, 1158663.311 ], [ 2536367.669000000227243, 1158663.615 ], [ 2536368.339999999850988, 1158677.638 ], [ 2536393.079, 1158676.511 ], [ 2536402.17, 1158723.879999999888241 ], [ 2536408.285999999847263, 1158758.212 ], [ 2536482.893999999854714, 1158746.843000000109896 ], [ 2536505.228000000119209, 1158743.281 ], [ 2536515.876000000163913, 1158741.622 ], [ 2536518.208999999798834, 1158740.814 ], [ 2536519.251999999862164, 1158739.6 ], [ 2536520.254999999888241, 1158736.966 ], [ 2536521.827, 1158731.814 ], [ 2536523.251000000163913, 1158725.862 ], [ 2536529.736, 1158694.700999999884516 ] ] ] ] } },
{ "type": "Feature", "properties": { "ANNEE_DE_R": 2025, "CODE_PROGR": "psClimateEfficientNUse", "CODE_UTILI": 601, "IDENTIFICA": "VD_2025_396170", "NOMBRE_ARB": 0, "PROGRAMME": "Utilisation efficiente de l’azote dans les grandes cultures", "SHAPE_AREA": 27406.756, "SHAPE_LEN": 764.462, "SURFACE_M2": 27407, "UTILISATIO": "Prairies artificielles (sans les pâturages)" }, "geometry": { "type": "MultiPolygon", "coordinates": [ [ [ [ 2536560.085, 1154991.733 ], [ 2536567.844, 1154964.611 ], [ 2536568.86200000019744, 1154961.053 ], [ 2536578.538000000175089, 1154927.229 ], [ 2536585.881, 1154901.563 ], [ 2536585.880655316635966, 1154901.562924558762461 ], [ 2536557.583000000100583, 1155000.471 ], [ 2536554.246088614687324, 1155012.141267625615001 ], [ 2536557.237999999895692, 1155001.685 ], [ 2536560.085, 1154991.733 ] ] ], [ [ [ 2536542.308999999891967, 1155158.793 ], [ 2536542.753, 1155153.202 ], [ 2536542.785457727033645, 1155152.792123193619773 ], [ 2536541.771999999880791, 1155165.554 ], [ 2536542.308999999891967, 1155158.793 ] ] ], [ [ [ 2536545.369, 1155120.26 ], [ 2536553.842999999877065, 1155013.551 ], [ 2536545.062979695852846, 1155124.112629216397181 ], [ 2536545.369, 1155120.26 ] ] ] ] } },
{ "type": "Feature", "properties": { "ANNEE_DE_R": 2025, "CODE_PROGR": "psmArableFarming", "CODE_UTILI": 513, "IDENTIFICA": "VD_2025_63530", "NOMBRE_ARB": 0, "PROGRAMME": "Non-recours aux produits phytosanitaires dans les grandes cultures", "SHAPE_AREA": 42750.394, "SHAPE_LEN": 1123.055, "SURFACE_M2": 171002, "UTILISATIO": "Blé d'automne (sans blé fourrager de la liste swiss granum)" }, "geometry": { "type": "MultiPolygon", "coordinates": [ [ [ [ 2536632.933999999891967, 1157882.708000000100583 ], [ 2536632.592721895780414, 1157882.834199241595343 ], [ 2536632.977, 1157888.085999999893829 ], [ 2536635.227, 1157912.335999999893829 ], [ 2536636.872, 1157921.464 ], [ 2536637.447999999858439, 1157924.916 ], [ 2536641.193, 1157934.111 ], [ 2536646.186000000219792, 1157948.724 ], [ 2536652.764, 1157958.073 ], [ 2536656.389, 1157964.962 ], [ 2536660.87099999981001, 1157984.217 ], [ 2536663.640000000130385, 1158004.102 ], [ 2536664.617, 1158011.116 ], [ 2536668.56, 1158044.325999999884516 ], [ 2536671.395, 1158068.197 ], [ 2536671.721, 1158069.360000000102445 ], [ 2536675.074, 1158081.324 ], [ 2536677.77, 1158090.947 ], [ 2536679.384999999776483, 1158095.688 ], [ 2536700.795, 1158158.544 ], [ 2536705.31900000013411, 1158170.942 ], [ 2536721.145, 1158214.322 ], [ 2536726.558999999891967, 1158224.033 ], [ 2536727.645, 1158224.447 ], [ 2536728.622, 1158224.703 ], [ 2536732.947999999858439, 1158230.709 ], [ 2536743.273, 1158236.327 ], [ 2536750.399000000208616, 1158240.42 ], [ 2536767.322999999858439, 1158257.709 ], [ 2536782.447999999858439, 1158271.209 ], [ 2536790.33600000012666, 1158274.121 ], [ 2536801.182, 1158278.143 ], [ 2536799.432, 1158270.393 ], [ 2536793.932, 1158256.643 ], [ 2536790.182, 1158243.393 ], [ 2536785.106000000145286, 1158223.78 ], [ 2536784.682, 1158222.143 ], [ 2536780.432, 1158203.143 ], [ 2536780.06, 1158200.823 ], [ 2536779.311000000219792, 1158196.161 ], [ 2536777.389, 1158184.18 ], [ 2536777.182, 1158182.893 ], [ 2536775.878, 1158169.705 ], [ 2536774.932, 1158160.143 ], [ 2536773.46, 1158146.545 ], [ 2536770.682, 1158120.893 ], [ 2536770.015999999828637, 1158107.085999999893829 ], [ 2536768.682, 1158088.143 ], [ 2536767.682, 1158067.393 ], [ 2536766.432, 1158044.643 ], [ 2536765.682, 1158024.893 ], [ 2536764.878, 1158018.459 ], [ 2536763.362999999895692, 1158006.348 ], [ 2536762.669000000227243, 1158000.794 ], [ 2536762.369, 1157998.393 ], [ 2536759.133, 1157951.525 ], [ 2536757.432, 1157926.893 ], [ 2536756.66399999987334, 1157914.095 ], [ 2536755.932, 1157901.893 ], [ 2536755.842000000178814, 1157900.732 ], [ 2536754.983, 1157889.646 ], [ 2536753.552000000141561, 1157871.168 ], [ 2536753.182, 1157866.393 ], [ 2536753.99599999981001, 1157836.898 ], [ 2536754.182, 1157830.143 ], [ 2536741.967999999877065, 1157824.391 ], [ 2536739.146999999880791, 1157823.342 ], [ 2536730.941999999806285, 1157820.29 ], [ 2536728.08600000012666, 1157819.247 ], [ 2536711.758, 1157814.272000000113621 ], [ 2536699.25400000018999, 1157810.462 ], [ 2536696.366, 1157809.582 ], [ 2536632.910000000149012, 1157791.53 ], [ 2536629.477, 1157796.335999999893829 ], [ 2536629.727, 1157813.085999999893829 ], [ 2536630.227, 1157844.585999999893829 ], [ 2536631.66246939683333, 1157868.450678726192564 ], [ 2536632.933999999891967, 1157882.708000000100583 ] ] ] ] } },
{ "type": "Feature", "properties": { "ANNEE_DE_R": 2025, "CODE_PROGR": "psmArableFarming", "CODE_UTILI": 513, "IDENTIFICA": "VD_2025_63540", "NOMBRE_ARB": 0, "PROGRAMME": "Non-recours aux produits phytosanitaires dans les grandes cultures", "SHAPE_AREA": 39437.025, "SHAPE_LEN": 1097.885, "SURFACE_M2": 157749, "UTILISATIO": "Blé d'automne (sans blé fourrager de la liste swiss granum)" }, "geometry": { "type": "MultiPolygon", "coordinates": [ [ [ [ 2536709.842999999877065, 1158339.504999999888241 ], [ 2536623.742, 1158279.246 ], [ 2536615.636, 1158347.688 ], [ 2536609.728000000119209, 1158387.700999999884516 ], [ 2536607.204, 1158395.879 ], [ 2536592.506, 1158491.729 ], [ 2536581.117, 1158549.829 ], [ 2536572.98700000019744, 1158588.849 ], [ 2536563.38799999980256, 1158627.45 ], [ 2536540.859000000171363, 1158742.01 ], [ 2536553.253, 1158741.68 ], [ 2536558.94, 1158741.558999999891967 ], [ 2536622.981999999843538, 1158739.976 ], [ 2536662.390999999828637, 1158547.338 ], [ 2536702.128, 1158540.944 ], [ 2536697.878, 1158415.194 ], [ 2536699.878, 1158376.444 ], [ 2536705.378, 1158347.194 ], [ 2536709.842999999877065, 1158339.504999999888241 ] ] ] ] } },
{ "type": "Feature", "properties": { "ANNEE_DE_R": 2025, "CODE_PROGR": "psmArableFarming", "CODE_UTILI": 513, "IDENTIFICA": "VD_2025_141686", "NOMBRE_ARB": 0, "PROGRAMME": "Non-recours aux produits phytosanitaires dans les grandes cultures", "SHAPE_AREA": 25475.802, "SHAPE_LEN": 799.514, "SURFACE_M2": 76428, "UTILISATIO": "Blé d'automne (sans blé fourrager de la liste swiss granum)" }, "geometry": { "type": "MultiPolygon", "coordinates": [ [ [ [ 2536753.884, 1158938.726 ], [ 2536719.052999999839813, 1158770.535 ], [ 2536673.140999999828637, 1158859.931 ], [ 2536670.898, 1158864.298 ], [ 2536668.946, 1158868.098 ], [ 2536666.134999999776483, 1158873.571 ], [ 2536664.089000000152737, 1158877.556 ], [ 2536652.31900000013411, 1158900.473 ], [ 2536651.869, 1158901.404 ], [ 2536651.992, 1158906.002 ], [ 2536652.535000000149012, 1158908.318 ], [ 2536653.42, 1158912.09 ], [ 2536691.028, 1159072.41 ], [ 2536699.386, 1159107.976 ], [ 2536789.921, 1159112.954 ], [ 2536753.884, 1158938.726 ] ] ] ] } },
{ "type": "Feature", "properties": { "ANNEE_DE_R": 2025, "CODE_PROGR": "psmArableFarming", "CODE_UTILI": 537, "IDENTIFICA": "VD_2025_518228", "NOMBRE_ARB": 0, "PROGRAMME": "Non-recours aux produits phytosanitaires dans les grandes cultures", "SHAPE_AREA": 5967.104, "SHAPE_LEN": 434.21, "SURFACE_M2": 29836, "UTILISATIO": "Pois en grains (p.ex. pois protéagineux)" }, "geometry": { "type": "MultiPolygon", "coordinates": [ [ [ [ 2536986.186185191851109, 1157737.448395473184064 ], [ 2536985.808999999891967, 1157739.107 ], [ 2536983.128, 1157750.895 ], [ 2536979.720000000204891, 1157765.878 ], [ 2536948.821, 1157901.748 ], [ 2536980.393000000156462, 1157905.335999999893829 ], [ 2537010.662, 1157776.950999999884516 ], [ 2537016.913000000175089, 1157751.066000000108033 ], [ 2537020.202, 1157732.687 ], [ 2537015.521722278557718, 1157729.498580580111593 ], [ 2536986.186185191851109, 1157737.448395473184064 ] ] ] ] } },
{ "type": "Feature", "properties": { "ANNEE_DE_R": 2025, "CODE_PROGR": "Non", "CODE_UTILI": 702, "IDENTIFICA": "VD_2025_97365", "NOMBRE_ARB": 1, "PROGRAMME": "Aucun programme", "SHAPE_AREA": 709.766, "SHAPE_LEN": 105.704, "SURFACE_M2": 710, "UTILISATIO": "Cultures fruitières (pommes)" }, "geometry": { "type": "MultiPolygon", "coordinates": [ [ [ [ 2536861.822000000160187, 1158314.702 ], [ 2536886.384999999776483, 1158303.702 ], [ 2536874.634999999776483, 1158280.264 ], [ 2536866.001999999862164, 1158283.408 ], [ 2536850.197000000160187, 1158292.271 ], [ 2536861.822000000160187, 1158314.702 ] ] ] ] } },
{ "type": "Feature", "properties": { "ANNEE_DE_R": 2025, "CODE_PROGR": "Bio", "CODE_UTILI": 611, "IDENTIFICA": "VD_2025_402576", "NOMBRE_ARB": 0, "PROGRAMME": "Production bio", "SHAPE_AREA": 538.415, "SHAPE_LEN": 154.092, "SURFACE_M2": 1077, "UTILISATIO": "Prairies extensives (sans les pâturages)" }, "geometry": { "type": "MultiPolygon", "coordinates": [ [ [ [ 2538591.992, 1152682.487 ], [ 2538584.116, 1152682.985000000102445 ], [ 2538589.898, 1152705.916999999899417 ], [ 2538591.992, 1152682.487 ] ] ], [ [ [ 2538593.579, 1152681.141 ], [ 2538593.136, 1152692.226 ], [ 2538591.572999999858439, 1152711.0 ], [ 2538605.015999999828637, 1152706.274 ], [ 2538605.521999999880791, 1152696.845 ], [ 2538610.521999999880791, 1152690.595 ], [ 2538619.271999999880791, 1152688.47 ], [ 2538613.021999999880791, 1152682.095 ], [ 2538593.579, 1152681.141 ] ] ] ] } },
{ "type": "Feature", "properties": { "ANNEE_DE_R": 2025, "CODE_PROGR": "Bio", "CODE_UTILI": 611, "IDENTIFICA": "VD_2025_500456", "NOMBRE_ARB": 0, "PROGRAMME": "Production bio", "SHAPE_AREA": 1005.53, "SHAPE_LEN": 161.863, "SURFACE_M2": 2012, "UTILISATIO": "Prairies extensives (sans les pâturages)" }, "geometry": { "type": "MultiPolygon", "coordinates": [ [ [ [ 2539000.501000000163913, 1152333.263 ], [ 2538997.126000000163913, 1152327.888 ], [ 2538990.251000000163913, 1152332.950999999884516 ], [ 2538985.313999999780208, 1152326.700999999884516 ], [ 2538942.177000000141561, 1152346.014 ], [ 2538957.802000000141561, 1152370.639 ], [ 2538970.126000000163913, 1152362.075999999884516 ], [ 2538966.876000000163913, 1152355.700999999884516 ], [ 2539000.501000000163913, 1152333.263 ] ] ] ] } },
{ "type": "Feature", "properties": { "ANNEE_DE_R": 2025, "CODE_PROGR": "psmArableFarming", "CODE_UTILI": 513, "IDENTIFICA": "VD_2025_407691", "NOMBRE_ARB": 0, "PROGRAMME": "Non-recours aux produits phytosanitaires dans les grandes cultures", "SHAPE_AREA": 11155.232, "SHAPE_LEN": 554.469, "SURFACE_M2": 44621, "UTILISATIO": "Blé d'automne (sans blé fourrager de la liste swiss granum)" }, "geometry": { "type": "MultiPolygon", "coordinates": [ [ [ [ 2539611.898, 1160430.107 ], [ 2539556.713, 1160206.648 ], [ 2539544.5, 1160210.335999999893829 ], [ 2539504.791000000201166, 1160212.73 ], [ 2539518.173, 1160279.204 ], [ 2539533.53899999987334, 1160335.823 ], [ 2539542.452, 1160364.197 ], [ 2539545.183000000193715, 1160367.779 ], [ 2539554.932, 1160380.569 ], [ 2539560.80599999986589, 1160388.275 ], [ 2539565.983, 1160395.066000000108033 ], [ 2539573.339999999850988, 1160409.017 ], [ 2539576.558000000193715, 1160415.119 ], [ 2539584.582, 1160430.335 ], [ 2539590.13799999980256, 1160437.995000000111759 ], [ 2539592.329, 1160439.085 ], [ 2539599.392, 1160438.272000000113621 ], [ 2539612.994, 1160433.262000000104308 ], [ 2539611.898, 1160430.107 ] ] ] ] } },
{ "type": "Feature", "properties": { "ANNEE_DE_R": 2025, "CODE_PROGR": "Bio", "CODE_UTILI": 601, "IDENTIFICA": "VD_2025_211435", "NOMBRE_ARB": 0, "PROGRAMME": "Production bio", "SHAPE_AREA": 30584.722, "SHAPE_LEN": 831.583, "SURFACE_M2": 91755, "UTILISATIO": "Prairies artificielles (sans les pâturages)" }, "geometry": { "type": "MultiPolygon", "coordinates": [ [ [ [ 2539779.778, 1160440.683999999891967 ], [ 2539770.102, 1160416.191000000108033 ], [ 2539761.9, 1160384.877 ], [ 2539740.109999999869615, 1160299.508 ], [ 2539717.447999999858439, 1160304.479 ], [ 2539686.697999999858439, 1160304.729 ], [ 2539666.947999999858439, 1160298.729 ], [ 2539654.6, 1160289.56 ], [ 2539627.849, 1160186.094 ], [ 2539565.796999999787658, 1160203.905 ], [ 2539559.336999999824911, 1160205.856 ], [ 2539611.898, 1160430.107 ], [ 2539626.842999999877065, 1160428.674000000115484 ], [ 2539638.443, 1160424.683999999891967 ], [ 2539670.842999999877065, 1160442.233 ], [ 2539676.625, 1160458.672 ], [ 2539682.816000000108033, 1160457.210999999893829 ], [ 2539697.211999999824911, 1160454.025 ], [ 2539779.778, 1160440.683999999891967 ] ] ] ] } },
{ "type": "Feature", "properties": { "ANNEE_DE_R": 2025, "CODE_PROGR": "psmArableFarming", "CODE_UTILI": 513, "IDENTIFICA": "VD_2025_88572", "NOMBRE_ARB": 0, "PROGRAMME": "Non-recours aux produits phytosanitaires dans les grandes cultures", "SHAPE_AREA": 18544.339, "SHAPE_LEN": 712.799, "SURFACE_M2": 74178, "UTILISATIO": "Blé d'automne (sans blé fourrager de la liste swiss granum)" }, "geometry": { "type": "MultiPolygon", "coordinates": [ [ [ [ 2540251.41399999987334, 1160171.816000000108033 ], [ 2540240.339999999850988, 1160146.753 ], [ 2540197.384, 1160175.882 ], [ 2540173.213, 1160253.919 ], [ 2540168.116, 1160263.489 ], [ 2540166.146000000182539, 1160267.187 ], [ 2540164.856000000145286, 1160270.183999999891967 ], [ 2540162.242, 1160271.884 ], [ 2540126.606000000145286, 1160295.058999999891967 ], [ 2540044.981000000145286, 1160341.058999999891967 ], [ 2540073.024000000208616, 1160387.734 ], [ 2540100.858, 1160370.023 ], [ 2540106.106999999843538, 1160367.341 ], [ 2540156.776999999769032, 1160341.452 ], [ 2540187.646999999880791, 1160320.381 ], [ 2540219.446, 1160292.96 ], [ 2540285.924999999813735, 1160249.919 ], [ 2540251.41399999987334, 1160171.816000000108033 ] ] ] ] } },
{ "type": "Feature", "properties": { "ANNEE_DE_R": 2025, "CODE_PROGR": "Bio", "CODE_UTILI": 516, "IDENTIFICA": "VD_2025_431700", "NOMBRE_ARB": 0, "PROGRAMME": "Production bio", "SHAPE_AREA": 19964.356, "SHAPE_LEN": 679.985, "SURFACE_M2": 119787, "UTILISATIO": "Epeautre" }, "geometry": { "type": "MultiPolygon", "coordinates": [ [ [ [ 2540574.424999999813735, 1153654.298 ], [ 2540572.745000000111759, 1153644.514 ], [ 2540555.089000000152737, 1153646.677 ], [ 2540365.339000000152737, 1153634.427 ], [ 2540348.839999999850988, 1153691.185 ], [ 2540454.563, 1153705.427 ], [ 2540451.839000000152737, 1153722.806 ], [ 2540445.578000000212342, 1153762.737999999895692 ], [ 2540497.583000000100583, 1153753.960999999893829 ], [ 2540595.853000000119209, 1153737.376 ], [ 2540593.876999999862164, 1153731.023 ], [ 2540581.563, 1153691.427 ], [ 2540574.424999999813735, 1153654.298 ] ] ] ] } },
{ "type": "Feature", "properties": { "ANNEE_DE_R": 2025, "CODE_PROGR": "Bio", "CODE_UTILI": 548, "IDENTIFICA": "VD_2025_454823", "NOMBRE_ARB": 0, "PROGRAMME": "Production bio", "SHAPE_AREA": 5225.38, "SHAPE_LEN": 304.625, "SURFACE_M2": 26127, "UTILISATIO": "Sarrasin" }, "geometry": { "type": "MultiPolygon", "coordinates": [ [ [ [ 2540534.9, 1153456.023 ], [ 2540505.321, 1153449.752 ], [ 2540507.487999999895692, 1153455.117 ], [ 2540515.031, 1153475.786 ], [ 2540526.531, 1153505.786 ], [ 2540537.532000000122935, 1153517.075999999884516 ], [ 2540539.424999999813735, 1153519.019 ], [ 2540543.421999999787658, 1153523.121 ], [ 2540545.531, 1153525.286 ], [ 2540562.835, 1153540.543 ], [ 2540590.477, 1153544.675 ], [ 2540590.656, 1153541.291 ], [ 2540590.872, 1153537.2 ], [ 2540590.981999999843538, 1153535.109 ], [ 2540591.788000000175089, 1153519.844 ], [ 2540593.404999999795109, 1153489.227999999886379 ], [ 2540593.528, 1153468.458000000100583 ], [ 2540586.916999999899417, 1153467.05 ], [ 2540542.916999999899417, 1153457.8 ], [ 2540534.9, 1153456.023 ] ] ] ] } },
{ "type": "Feature", "properties": { "ANNEE_DE_R": 2025, "CODE_PROGR": "Bio", "CODE_UTILI": 545, "IDENTIFICA": "VD_2025_431696", "NOMBRE_ARB": 0, "PROGRAMME": "Production bio", "SHAPE_AREA": 18190.16, "SHAPE_LEN": 582.676, "SURFACE_M2": 109141, "UTILISATIO": "Cultures maraîchères de plein champ annuelles (sauf les légumes de conserve)" }, "geometry": { "type": "MultiPolygon", "coordinates": [ [ [ [ 2540654.316999999806285, 1153426.517 ], [ 2540654.316999999806285, 1153420.535 ], [ 2540654.316999999806285, 1153413.789000000106171 ], [ 2540654.316999999806285, 1153410.285 ], [ 2540654.316999999806285, 1153403.865 ], [ 2540654.734000000171363, 1153398.02 ], [ 2540655.27, 1153391.654 ], [ 2540655.52, 1153388.689 ], [ 2540655.799999999813735, 1153385.362 ], [ 2540656.048, 1153382.415 ], [ 2540656.50400000018999, 1153376.999 ], [ 2540656.838, 1153373.034 ], [ 2540657.126000000163913, 1153369.616 ], [ 2540657.906, 1153360.356 ], [ 2540658.822000000160187, 1153349.474 ], [ 2540660.316999999806285, 1153337.517 ], [ 2540621.441000000108033, 1153321.242 ], [ 2540596.662, 1153311.108 ], [ 2540546.316999999806285, 1153290.517 ], [ 2540501.029, 1153277.06 ], [ 2540471.529, 1153272.06 ], [ 2540470.23, 1153297.918 ], [ 2540470.06900000013411, 1153301.114 ], [ 2540469.662, 1153309.214 ], [ 2540469.61200000019744, 1153310.216 ], [ 2540470.037, 1153324.846 ], [ 2540470.433999999891967, 1153338.506 ], [ 2540470.947000000160187, 1153356.137000000104308 ], [ 2540471.063999999780208, 1153360.161 ], [ 2540471.279, 1153367.56 ], [ 2540472.271000000182539, 1153371.578 ], [ 2540486.066000000108033, 1153369.639 ], [ 2540498.964999999850988, 1153372.038 ], [ 2540527.673, 1153381.607 ], [ 2540540.242999999783933, 1153387.629 ], [ 2540566.096, 1153399.794 ], [ 2540577.76299999980256, 1153404.178 ], [ 2540594.333000000100583, 1153410.209 ], [ 2540607.978000000119209, 1153414.212 ], [ 2540617.11200000019744, 1153419.821 ], [ 2540620.727, 1153422.041 ], [ 2540626.78899999987334, 1153421.375 ], [ 2540629.345000000204891, 1153421.662 ], [ 2540635.427999999839813, 1153422.845 ], [ 2540654.316999999806285, 1153426.517 ] ] ] ] } },
{ "type": "Feature", "properties": { "ANNEE_DE_R": 2025, "CODE_PROGR": "Bio", "CODE_UTILI": 611, "IDENTIFICA": "VD_2025_431709", "NOMBRE_ARB": 22, "PROGRAMME": "Production bio", "SHAPE_AREA": 14079.921, "SHAPE_LEN": 1932.291, "SURFACE_M2": 14080, "UTILISATIO": "Prairies extensives (sans les pâturages)" }, "geometry": { "type": "MultiPolygon", "coordinates": [ [ [ [ 2540668.29, 1153287.092 ], [ 2540671.469, 1153312.752 ], [ 2540672.578000000212342, 1153326.551 ], [ 2540672.779, 1153329.207 ], [ 2540673.151999999769032, 1153334.116 ], [ 2540680.423, 1153332.506 ], [ 2540689.173, 1153327.506 ], [ 2540695.798, 1153348.381 ], [ 2540698.946, 1153357.82 ], [ 2540700.159, 1153361.457 ], [ 2540707.15, 1153382.42 ], [ 2540710.328000000212342, 1153391.950999999884516 ], [ 2540711.169000000227243, 1153394.473 ], [ 2540711.747, 1153396.205 ], [ 2540714.009, 1153401.833000000100583 ], [ 2540730.492, 1153442.851 ], [ 2540743.9, 1153469.474 ], [ 2540750.742, 1153483.058999999891967 ], [ 2540771.143000000156462, 1153508.232 ], [ 2540778.659, 1153517.504999999888241 ], [ 2540779.873999999836087, 1153519.004 ], [ 2540781.742, 1153521.308999999891967 ], [ 2540786.645, 1153526.207 ], [ 2540807.242, 1153546.778 ], [ 2540827.234999999869615, 1153561.739 ], [ 2540855.066999999806285, 1153582.566000000108033 ], [ 2540844.623999999836087, 1153590.036 ], [ 2540837.947000000160187, 1153594.812 ], [ 2540836.44400000013411, 1153595.887000000104308 ], [ 2540833.143999999854714, 1153598.248 ], [ 2540826.85, 1153602.75 ], [ 2540833.483, 1153607.281999999890104 ], [ 2540835.021999999880791, 1153608.334 ], [ 2540837.890000000130385, 1153610.294 ], [ 2540842.204, 1153613.241 ], [ 2540843.594, 1153614.191000000108033 ], [ 2540845.898, 1153615.308 ], [ 2540848.941000000108033, 1153616.784 ], [ 2540852.191000000108033, 1153617.909 ], [ 2540860.628, 1153619.721 ], [ 2540862.748000000137836, 1153621.943 ], [ 2540871.404, 1153643.2 ], [ 2540898.470000000204891, 1153601.710999999893829 ], [ 2540901.532999999821186, 1153597.014999999897555 ], [ 2540904.514, 1153593.085 ], [ 2540929.032999999821186, 1153560.764999999897555 ], [ 2540931.406, 1153557.892 ], [ 2540920.79, 1153515.799000000115484 ], [ 2540925.240000000223517, 1153506.549000000115484 ], [ 2540919.231999999843538, 1153496.239 ], [ 2540917.6, 1153493.438 ], [ 2540913.259, 1153476.788 ], [ 2540903.119, 1153452.767 ], [ 2540879.83, 1153422.106 ], [ 2540870.967999999877065, 1153410.665 ], [ 2540863.108, 1153399.734 ], [ 2540866.68099999986589, 1153393.643 ], [ 2540862.365000000223517, 1153385.524 ], [ 2540850.026, 1153364.129 ], [ 2540837.057, 1153341.642 ], [ 2540831.916999999899417, 1153314.321 ], [ 2540825.563, 1153316.066000000108033 ], [ 2540814.765999999828637, 1153296.710999999893829 ], [ 2540804.598000000230968, 1153278.484 ], [ 2540794.765000000130385, 1153260.855 ], [ 2540788.782999999821186, 1153250.132 ], [ 2540784.563, 1153242.566000000108033 ], [ 2540786.276, 1153237.328 ], [ 2540739.208000000100583, 1153250.45 ], [ 2540721.328000000212342, 1153258.371 ], [ 2540708.358, 1153260.75 ], [ 2540706.637000000104308, 1153261.065 ], [ 2540705.623000000137836, 1153261.251 ], [ 2540689.29, 1153264.242 ], [ 2540668.29, 1153287.092 ] ], [ [ 2540916.316999999806285, 1153562.105 ], [ 2540913.057, 1153565.691000000108033 ], [ 2540911.316999999806285, 1153567.605 ], [ 2540909.327, 1153569.487 ], [ 2540902.643999999854714, 1153575.808999999891967 ], [ 2540896.747, 1153581.387000000104308 ], [ 2540892.816999999806285, 1153585.105 ], [ 2540886.095000000204891, 1153588.364 ], [ 2540883.910999999847263, 1153589.423 ], [ 2540881.835, 1153590.43 ], [ 2540876.316999999806285, 1153593.105 ], [ 2540863.103999999817461, 1153585.79 ], [ 2540862.171, 1153585.274 ], [ 2540848.112999999895692, 1153574.397000000113621 ], [ 2540841.518000000156462, 1153569.294 ], [ 2540839.603999999817461, 1153567.55 ], [ 2540828.063, 1153557.035 ], [ 2540816.521999999880791, 1153546.52 ], [ 2540807.768000000156462, 1153538.544 ], [ 2540806.773, 1153537.473 ], [ 2540787.484000000171363, 1153516.717 ], [ 2540783.501999999862164, 1153512.432 ], [ 2540782.676, 1153511.544 ], [ 2540775.566000000108033, 1153502.428 ], [ 2540755.426, 1153476.606 ], [ 2540740.16399999987334, 1153443.619 ], [ 2540736.018999999854714, 1153434.66 ], [ 2540722.382000000216067, 1153401.636 ], [ 2540709.757000000216067, 1153367.565 ], [ 2540700.494, 1153337.137000000104308 ], [ 2540696.816999999806285, 1153312.855 ], [ 2540698.191999999806285, 1153286.855 ], [ 2540702.639, 1153280.056 ], [ 2540703.859000000171363, 1153278.508 ], [ 2540704.526, 1153277.525 ], [ 2540707.441999999806285, 1153273.23 ], [ 2540715.115000000223517, 1153270.791999999899417 ], [ 2540723.812, 1153268.028 ], [ 2540725.873999999836087, 1153267.373 ], [ 2540727.75400000018999, 1153266.775 ], [ 2540743.484999999869615, 1153261.776 ], [ 2540749.207, 1153259.958000000100583 ], [ 2540750.319999999832362, 1153259.674000000115484 ], [ 2540771.291999999899417, 1153254.33 ], [ 2540793.106000000145286, 1153296.846 ], [ 2540853.649000000208616, 1153414.844 ], [ 2540888.24599999981001, 1153482.274 ], [ 2540896.977, 1153499.29 ], [ 2540901.623000000137836, 1153508.345 ], [ 2540922.623000000137836, 1153550.345 ], [ 2540918.816999999806285, 1153557.105 ], [ 2540916.316999999806285, 1153562.105 ] ] ] ] } },
{ "type": "Feature", "properties": { "ANNEE_DE_R": 2025, "CODE_PROGR": "Bio", "CODE_UTILI": 545, "IDENTIFICA": "VD_2025_431692", "NOMBRE_ARB": 0, "PROGRAMME": "Production bio", "SHAPE_AREA": 8088.463, "SHAPE_LEN": 379.238, "SURFACE_M2": 48531, "UTILISATIO": "Cultures maraîchères de plein champ annuelles (sauf les légumes de conserve)" }, "geometry": { "type": "MultiPolygon", "coordinates": [ [ [ [ 2540780.614, 1153582.359 ], [ 2540759.76299999980256, 1153559.467 ], [ 2540699.04, 1153584.734 ], [ 2540694.994, 1153591.814 ], [ 2540690.026, 1153591.899 ], [ 2540686.569999999832362, 1153603.408 ], [ 2540677.271999999880791, 1153634.369 ], [ 2540672.919000000227243, 1153648.862 ], [ 2540669.455, 1153660.397000000113621 ], [ 2540668.887000000104308, 1153662.288 ], [ 2540667.818, 1153665.85 ], [ 2540663.281, 1153680.957 ], [ 2540672.098000000230968, 1153677.391 ], [ 2540712.961999999824911, 1153660.9 ], [ 2540718.569999999832362, 1153658.594 ], [ 2540776.349, 1153637.405 ], [ 2540777.972, 1153616.452 ], [ 2540779.606000000145286, 1153595.366 ], [ 2540780.614, 1153582.359 ] ] ] ] } },
{ "type": "Feature", "properties": { "ANNEE_DE_R": 2025, "CODE_PROGR": "Bio", "CODE_UTILI": 617, "IDENTIFICA": "VD_2025_431705", "NOMBRE_ARB": 48, "PROGRAMME": "Production bio", "SHAPE_AREA": 9010.499, "SHAPE_LEN": 837.592, "SURFACE_M2": 9011, "UTILISATIO": "Pâturages extensifs" }, "geometry": { "type": "MultiPolygon", "coordinates": [ [ [ [ 2540773.99599999981001, 1153908.924000000115484 ], [ 2540806.457, 1153909.104 ], [ 2540837.682, 1153903.109 ], [ 2540836.825999999884516, 1153890.638 ], [ 2540802.700999999884516, 1153894.388 ], [ 2540800.450999999884516, 1153872.013 ], [ 2540855.325999999884516, 1153865.263 ], [ 2540856.450999999884516, 1153850.638 ], [ 2540863.708999999798834, 1153848.759 ], [ 2540865.833999999798834, 1153849.072 ], [ 2540867.98, 1153848.658 ], [ 2540868.605, 1153841.158 ], [ 2540875.105, 1153841.158 ], [ 2540867.48, 1153835.033 ], [ 2540868.98, 1153832.408 ], [ 2540876.855, 1153836.658 ], [ 2540881.48, 1153830.158 ], [ 2540879.825999999884516, 1153808.686 ], [ 2540873.700999999884516, 1153795.186 ], [ 2540866.325999999884516, 1153791.061 ], [ 2540846.450999999884516, 1153794.436 ], [ 2540835.450999999884516, 1153790.811 ], [ 2540734.575999999884516, 1153803.686 ], [ 2540735.822999999858439, 1153814.483 ], [ 2540741.305000000167638, 1153850.154 ], [ 2540747.072999999858439, 1153889.983 ], [ 2540748.48700000019744, 1153896.852999999886379 ], [ 2540750.616, 1153907.662 ], [ 2540773.99599999981001, 1153908.924000000115484 ] ], [ [ 2540850.353000000119209, 1153835.379 ], [ 2540838.901999999769032, 1153835.639 ], [ 2540791.776999999769032, 1153840.139 ], [ 2540780.853000000119209, 1153831.879 ], [ 2540758.353000000119209, 1153833.379 ], [ 2540749.353000000119209, 1153810.629 ], [ 2540830.353000000119209, 1153802.379 ], [ 2540858.353000000119209, 1153803.879 ], [ 2540862.853000000119209, 1153813.379 ], [ 2540860.853000000119209, 1153834.879 ], [ 2540850.353000000119209, 1153835.379 ] ] ] ] } },
{ "type": "Feature", "properties": { "ANNEE_DE_R": 2025, "CODE_PROGR": "Bio", "CODE_UTILI": 601, "IDENTIFICA": "VD_2025_48125", "NOMBRE_ARB": 0, "PROGRAMME": "Production bio", "SHAPE_AREA": 15298.959, "SHAPE_LEN": 595.625, "SURFACE_M2": 45897, "UTILISATIO": "Prairies artificielles (sans les pâturages)" }, "geometry": { "type": "MultiPolygon", "coordinates": [ [ [ [ 2540851.612999999895692, 1160704.452 ], [ 2541014.768999999854714, 1160588.387000000104308 ], [ 2541001.919000000227243, 1160571.987999999895692 ], [ 2540998.308999999891967, 1160567.468000000109896 ], [ 2540984.81, 1160546.283 ], [ 2540908.224, 1160595.69 ], [ 2540903.077, 1160597.823 ], [ 2540896.606999999843538, 1160598.117 ], [ 2540890.503, 1160597.308 ], [ 2540885.577, 1160595.175 ], [ 2540881.312, 1160592.778 ], [ 2540841.355, 1160570.312 ], [ 2540821.696, 1160584.972 ], [ 2540790.179, 1160608.474 ], [ 2540822.265000000130385, 1160652.045 ], [ 2540830.75, 1160663.453 ], [ 2540843.23, 1160685.742 ], [ 2540851.612999999895692, 1160704.452 ] ] ] ] } },
{ "type": "Feature", "properties": { "ANNEE_DE_R": 2025, "CODE_PROGR": "Bio", "CODE_UTILI": 613, "IDENTIFICA": "VD_2025_99198", "NOMBRE_ARB": 0, "PROGRAMME": "Production bio", "SHAPE_AREA": 5827.2, "SHAPE_LEN": 1625.596, "SURFACE_M2": 11655, "UTILISATIO": "Autres prairies permanentes (sans les pâturages)" }, "geometry": { "type": "MultiPolygon", "coordinates": [ [ [ [ 2541035.322999999858439, 1160592.68 ], [ 2541040.830999999772757, 1160575.764999999897555 ], [ 2541043.18099999986589, 1160571.415 ], [ 2541049.893000000156462, 1160559.374 ], [ 2541055.376999999862164, 1160549.536 ], [ 2541068.117, 1160526.681 ], [ 2541073.975999999791384, 1160516.171 ], [ 2541078.751000000163913, 1160508.054 ], [ 2541079.287, 1160507.115 ], [ 2541085.262000000104308, 1160496.618 ], [ 2541087.722, 1160492.296 ], [ 2541092.633, 1160483.481 ], [ 2541102.883, 1160465.083000000100583 ], [ 2541104.128, 1160462.847 ], [ 2541109.835, 1160452.602999999886379 ], [ 2541115.271000000182539, 1160442.846 ], [ 2541118.481999999843538, 1160437.084 ], [ 2541126.160999999847263, 1160423.301 ], [ 2541135.345000000204891, 1160406.815 ], [ 2541130.941999999806285, 1160401.457 ], [ 2541118.163000000175089, 1160424.196 ], [ 2541116.433000000193715, 1160427.274 ], [ 2541107.490000000223517, 1160443.187 ], [ 2541099.822999999858439, 1160456.83 ], [ 2541094.552000000141561, 1160466.209 ], [ 2541085.026, 1160483.159 ], [ 2541081.200999999884516, 1160489.966 ], [ 2541072.205, 1160506.139999999897555 ], [ 2541068.140000000130385, 1160513.449 ], [ 2541061.11200000019744, 1160526.57 ], [ 2541059.700999999884516, 1160528.971 ], [ 2541050.325999999884516, 1160544.925 ], [ 2541045.649000000208616, 1160553.682 ], [ 2541039.021999999880791, 1160565.833000000100583 ], [ 2541037.49599999981001, 1160568.632 ], [ 2541032.353999999817461, 1160577.127 ], [ 2541027.768000000156462, 1160584.703 ], [ 2541024.525, 1160580.868 ], [ 2541023.322999999858439, 1160579.446 ], [ 2541020.978999999817461, 1160576.674000000115484 ], [ 2541020.248999999836087, 1160575.81 ], [ 2541019.386, 1160574.733 ], [ 2541018.376000000163913, 1160573.472 ], [ 2541017.08600000012666, 1160571.860000000102445 ], [ 2541015.666000000201166, 1160570.087 ], [ 2541014.029999999795109, 1160568.045 ], [ 2541011.498999999836087, 1160564.885 ], [ 2541008.915, 1160561.656999999890104 ], [ 2541004.967999999877065, 1160556.729 ], [ 2540998.143000000156462, 1160546.884 ], [ 2540997.133, 1160545.237999999895692 ], [ 2540989.475999999791384, 1160532.825999999884516 ], [ 2540988.23700000019744, 1160530.75 ], [ 2540983.893000000156462, 1160523.473 ], [ 2540981.665, 1160519.706 ], [ 2540977.791000000201166, 1160513.322 ], [ 2540977.026, 1160512.062 ], [ 2540973.133, 1160505.645 ], [ 2540972.049999999813735, 1160503.861 ], [ 2540967.850999999791384, 1160496.591 ], [ 2540964.808000000193715, 1160491.323 ], [ 2540963.169000000227243, 1160488.486 ], [ 2540959.555000000167638, 1160482.229 ], [ 2540958.315, 1160480.111 ], [ 2540953.845000000204891, 1160472.476 ], [ 2540950.73, 1160467.156 ], [ 2540949.919000000227243, 1160465.706 ], [ 2540945.562, 1160458.019 ], [ 2540942.049000000115484, 1160451.645 ], [ 2540937.083000000100583, 1160442.636 ], [ 2540930.106999999843538, 1160429.741 ], [ 2540927.467000000178814, 1160425.138 ], [ 2540926.924999999813735, 1160424.194 ], [ 2540916.467999999877065, 1160405.960999999893829 ], [ 2540914.103999999817461, 1160401.848 ], [ 2540904.776999999769032, 1160385.627 ], [ 2540903.316999999806285, 1160383.087 ], [ 2540899.990000000223517, 1160377.3 ], [ 2540897.393999999854714, 1160372.916 ], [ 2540895.225999999791384, 1160369.256 ], [ 2540894.458999999798834, 1160367.877 ], [ 2540892.024000000208616, 1160363.5 ], [ 2540883.716, 1160348.568 ], [ 2540899.052000000141561, 1160341.526 ], [ 2540904.636, 1160338.553 ], [ 2540906.302999999839813, 1160337.665 ], [ 2540914.322000000160187, 1160333.313 ], [ 2540928.089000000152737, 1160332.751 ], [ 2540931.273, 1160335.404 ], [ 2540936.044000000227243, 1160339.379 ], [ 2540937.759999999776483, 1160340.808 ], [ 2540939.603999999817461, 1160342.345 ], [ 2540957.508, 1160357.261 ], [ 2540970.853999999817461, 1160363.254 ], [ 2540982.410000000149012, 1160364.092 ], [ 2540990.56900000013411, 1160362.996 ], [ 2540995.426, 1160362.343000000109896 ], [ 2541000.117999999783933, 1160361.652 ], [ 2541014.492999999783933, 1160357.071 ], [ 2541022.975999999791384, 1160354.334 ], [ 2541026.458999999798834, 1160353.21 ], [ 2541028.44, 1160352.571 ], [ 2541036.75, 1160349.997 ], [ 2541045.683000000193715, 1160347.056 ], [ 2541059.697999999858439, 1160343.254999999888241 ], [ 2541065.873999999836087, 1160344.175 ], [ 2541077.381, 1160348.145 ], [ 2541088.930000000167638, 1160355.56 ], [ 2541100.362999999895692, 1160366.068 ], [ 2541105.187, 1160370.489 ], [ 2541108.744, 1160374.717 ], [ 2541117.833999999798834, 1160385.522000000113621 ], [ 2541129.458999999798834, 1160398.200999999884516 ], [ 2541129.349, 1160396.284 ], [ 2541129.080999999772757, 1160391.649 ], [ 2541128.916999999899417, 1160388.804 ], [ 2541124.21100000012666, 1160385.835 ], [ 2541120.517, 1160383.504 ], [ 2541115.455, 1160375.491 ], [ 2541112.716, 1160372.35 ], [ 2541086.725999999791384, 1160348.165 ], [ 2541082.651, 1160333.78 ], [ 2541071.361, 1160330.682 ], [ 2541064.526, 1160330.016 ], [ 2541056.947000000160187, 1160333.16 ], [ 2541043.409, 1160338.774 ], [ 2541012.346, 1160351.658 ], [ 2540997.279999999795109, 1160354.144 ], [ 2540980.640000000130385, 1160356.889 ], [ 2540972.095000000204891, 1160358.299000000115484 ], [ 2540962.299000000115484, 1160348.664000000106171 ], [ 2540938.916999999899417, 1160325.668 ], [ 2540913.336999999824911, 1160324.306 ], [ 2540898.001999999862164, 1160332.812 ], [ 2540887.364, 1160338.712 ], [ 2540874.529, 1160342.416 ], [ 2540871.487999999895692, 1160343.294 ], [ 2540868.912, 1160344.038 ], [ 2540873.293, 1160349.241 ], [ 2540924.311000000219792, 1160431.968000000109896 ], [ 2540933.96100000012666, 1160449.118 ], [ 2540950.511, 1160480.450999999884516 ], [ 2540960.511, 1160497.501 ], [ 2540970.21100000012666, 1160513.351 ], [ 2540974.611, 1160521.151 ], [ 2540982.111, 1160533.901 ], [ 2540991.160999999847263, 1160547.700999999884516 ], [ 2540998.811000000219792, 1160559.601 ], [ 2541001.861, 1160563.551 ], [ 2541008.261, 1160572.301 ], [ 2541014.410999999847263, 1160579.901 ], [ 2541025.848000000230968, 1160594.575 ], [ 2541032.279, 1160602.027 ], [ 2541035.322999999858439, 1160592.68 ] ] ] ] } },
{ "type": "Feature", "properties": { "ANNEE_DE_R": 2025, "CODE_PROGR": "Bio", "CODE_UTILI": 611, "IDENTIFICA": "VD_2025_48117", "NOMBRE_ARB": 0, "PROGRAMME": "Production bio", "SHAPE_AREA": 5957.405, "SHAPE_LEN": 694.529, "SURFACE_M2": 11915, "UTILISATIO": "Prairies extensives (sans les pâturages)" }, "geometry": { "type": "MultiPolygon", "coordinates": [ [ [ [ 2541203.342999999877065, 1160778.379999999888241 ], [ 2541174.983, 1160744.102 ], [ 2541168.5, 1160748.28 ], [ 2541145.705, 1160727.25 ], [ 2541133.793, 1160712.69 ], [ 2541132.859000000171363, 1160711.428 ], [ 2541113.648, 1160685.485000000102445 ], [ 2541095.998000000137836, 1160658.425 ], [ 2541090.26299999980256, 1160647.102999999886379 ], [ 2541075.555000000167638, 1160628.865 ], [ 2541083.521999999880791, 1160621.256 ], [ 2541059.605, 1160594.73 ], [ 2541057.524000000208616, 1160592.423 ], [ 2541054.839999999850988, 1160589.446 ], [ 2541040.830999999772757, 1160575.764999999897555 ], [ 2541035.322999999858439, 1160592.68 ], [ 2541032.279, 1160602.027 ], [ 2541044.680000000167638, 1160616.746 ], [ 2541084.311000000219792, 1160665.874 ], [ 2541121.452, 1160722.773 ], [ 2541123.549999999813735, 1160721.706 ], [ 2541125.481999999843538, 1160720.723 ], [ 2541171.903, 1160779.241 ], [ 2541186.094, 1160796.171 ], [ 2541221.794000000227243, 1160825.889 ], [ 2541221.622, 1160828.751 ], [ 2541221.384999999776483, 1160832.679 ], [ 2541227.521999999880791, 1160835.023 ], [ 2541232.145, 1160836.789000000106171 ], [ 2541233.339999999850988, 1160835.857 ], [ 2541235.634999999776483, 1160834.069 ], [ 2541237.791000000201166, 1160821.327 ], [ 2541237.975, 1160820.239 ], [ 2541203.342999999877065, 1160778.379999999888241 ] ] ] ] } },
{ "type": "Feature", "properties": { "ANNEE_DE_R": 2025, "CODE_PROGR": "psGmf", "CODE_UTILI": 611, "IDENTIFICA": "VD_2025_444428", "NOMBRE_ARB": 0, "PROGRAMME": "Production de lait et de viande basée sur les herbages", "SHAPE_AREA": 18096.999, "SHAPE_LEN": 1470.932, "SURFACE_M2": 18098, "UTILISATIO": "Prairies extensives (sans les pâturages)" }, "geometry": { "type": "MultiPolygon", "coordinates": [ [ [ [ 2541445.072999999858439, 1158412.477999999886379 ], [ 2541460.160999999847263, 1158390.486 ], [ 2541415.117999999783933, 1158338.879999999888241 ], [ 2541339.776, 1158261.172 ], [ 2541330.006, 1158255.644 ], [ 2541313.642, 1158264.933 ], [ 2541308.717000000178814, 1158270.862 ], [ 2541300.955, 1158273.682 ], [ 2541298.421999999787658, 1158276.064 ], [ 2541395.629999999888241, 1158383.877 ], [ 2541428.322000000160187, 1158429.117 ], [ 2541447.0, 1158415.058 ], [ 2541445.072999999858439, 1158412.477999999886379 ] ] ], [ [ [ 2541519.700000000186265, 1158692.128 ], [ 2541477.981000000145286, 1158703.950999999884516 ], [ 2541493.08600000012666, 1158782.871 ], [ 2541502.407999999821186, 1158846.232 ], [ 2541474.018000000156462, 1158847.242 ], [ 2541447.936000000219792, 1158846.536 ], [ 2541394.524000000208616, 1158843.129 ], [ 2541393.26299999980256, 1158843.188 ], [ 2541382.884999999776483, 1158843.761 ], [ 2541347.99599999981001, 1158848.93 ], [ 2541337.850999999791384, 1158850.006 ], [ 2541335.62099999981001, 1158850.243 ], [ 2541323.654, 1158848.870000000111759 ], [ 2541316.941999999806285, 1158838.381 ], [ 2541311.436000000219792, 1158826.286 ], [ 2541309.623000000137836, 1158822.654 ], [ 2541306.325000000186265, 1158823.879999999888241 ], [ 2541291.006, 1158829.779 ], [ 2541296.233, 1158839.97 ], [ 2541305.483, 1158846.47 ], [ 2541317.733, 1158854.845 ], [ 2541331.744, 1158854.289000000106171 ], [ 2541358.869, 1158851.414000000106171 ], [ 2541379.221, 1158847.808 ], [ 2541392.035000000149012, 1158847.953 ], [ 2541394.87099999981001, 1158847.986 ], [ 2541412.282999999821186, 1158848.183 ], [ 2541435.401999999769032, 1158849.74 ], [ 2541479.247, 1158850.727 ], [ 2541485.449, 1158850.399 ], [ 2541490.372, 1158850.188 ], [ 2541517.123999999836087, 1158848.095 ], [ 2541528.353000000119209, 1158848.563 ], [ 2541534.575000000186265, 1158848.297 ], [ 2541555.311000000219792, 1158848.178 ], [ 2541560.335, 1158846.068 ], [ 2541537.574, 1158766.047 ], [ 2541536.663000000175089, 1158762.742 ], [ 2541533.472, 1158754.165 ], [ 2541532.736, 1158748.489 ], [ 2541529.623999999836087, 1158737.197 ], [ 2541529.782999999821186, 1158725.727999999886379 ], [ 2541527.472, 1158707.915 ], [ 2541534.213, 1158679.176 ], [ 2541532.398, 1158658.547 ], [ 2541542.648, 1158648.821 ], [ 2541545.196, 1158642.487999999895692 ], [ 2541532.986, 1158643.42 ], [ 2541523.958999999798834, 1158637.121 ], [ 2541519.700000000186265, 1158692.128 ] ] ] ] } },
{ "type": "Feature", "properties": { "ANNEE_DE_R": 2025, "CODE_PROGR": "psGmf", "CODE_UTILI": 617, "IDENTIFICA": "VD_2025_444442", "NOMBRE_ARB": 0, "PROGRAMME": "Production de lait et de viande basée sur les herbages", "SHAPE_AREA": 6714.941, "SHAPE_LEN": 379.852, "SURFACE_M2": 6715, "UTILISATIO": "Pâturages extensifs" }, "geometry": { "type": "MultiPolygon", "coordinates": [ [ [ [ 2541167.387000000104308, 1158669.248 ], [ 2541177.850999999791384, 1158686.9 ], [ 2541198.685, 1158723.503 ], [ 2541199.876000000163913, 1158725.595 ], [ 2541202.285000000149012, 1158729.828 ], [ 2541226.759, 1158780.367 ], [ 2541278.296, 1158758.612999999895692 ], [ 2541262.600999999791384, 1158720.9 ], [ 2541247.850999999791384, 1158686.4 ], [ 2541229.045, 1158695.644 ], [ 2541218.795, 1158673.144 ], [ 2541212.600999999791384, 1158653.4 ], [ 2541202.188, 1158653.204 ], [ 2541166.336999999824911, 1158664.273 ], [ 2541166.523, 1158667.325 ], [ 2541167.387000000104308, 1158669.248 ] ] ] ] } },
{ "type": "Feature", "properties": { "ANNEE_DE_R": 2025, "CODE_PROGR": "psGmf", "CODE_UTILI": 616, "IDENTIFICA": "VD_2025_444427", "NOMBRE_ARB": 0, "PROGRAMME": "Production de lait et de viande basée sur les herbages", "SHAPE_AREA": 36693.896, "SHAPE_LEN": 1307.419, "SURFACE_M2": 36694, "UTILISATIO": "Pâturages (pâturages attenants à la ferme, autres pâturages sauf les pâturages d’estivage)" }, "geometry": { "type": "MultiPolygon", "coordinates": [ [ [ [ 2541188.865000000223517, 1158568.034 ], [ 2541205.470000000204891, 1158618.077 ], [ 2541205.865000000223517, 1158626.534 ], [ 2541208.73700000019744, 1158639.567 ], [ 2541225.86200000019744, 1158630.739 ], [ 2541221.100999999791384, 1158616.366 ], [ 2541212.088, 1158596.322 ], [ 2541231.463, 1158585.885 ], [ 2541247.62099999981001, 1158614.816000000108033 ], [ 2541260.285000000149012, 1158613.614 ], [ 2541265.973000000230968, 1158624.058 ], [ 2541285.247, 1158666.594 ], [ 2541291.279999999795109, 1158664.014999999897555 ], [ 2541298.622, 1158654.969 ], [ 2541311.372, 1158646.969 ], [ 2541319.372, 1158660.094 ], [ 2541297.083999999798834, 1158671.707 ], [ 2541299.441999999806285, 1158678.436 ], [ 2541323.727, 1158666.833000000100583 ], [ 2541333.160999999847263, 1158662.325 ], [ 2541371.436000000219792, 1158644.036 ], [ 2541385.521000000182539, 1158670.960999999893829 ], [ 2541393.37900000018999, 1158690.969 ], [ 2541398.77, 1158704.569 ], [ 2541403.094, 1158715.476 ], [ 2541413.0, 1158740.664000000106171 ], [ 2541422.631, 1158765.152 ], [ 2541434.103999999817461, 1158795.164000000106171 ], [ 2541439.577, 1158814.539000000106171 ], [ 2541447.936000000219792, 1158846.536 ], [ 2541474.018000000156462, 1158847.242 ], [ 2541502.407999999821186, 1158846.232 ], [ 2541493.08600000012666, 1158782.871 ], [ 2541477.981000000145286, 1158703.950999999884516 ], [ 2541457.950000000186265, 1158709.628 ], [ 2541431.758, 1158664.533 ], [ 2541429.200000000186265, 1158660.128 ], [ 2541418.614, 1158638.699 ], [ 2541377.475999999791384, 1158555.43 ], [ 2541369.912, 1158558.732 ], [ 2541313.865000000223517, 1158465.534 ], [ 2541188.865000000223517, 1158568.034 ] ] ] ] } },
{ "type": "Feature", "properties": { "ANNEE_DE_R": 2025, "CODE_PROGR": "psGmf", "CODE_UTILI": 613, "IDENTIFICA": "VD_2025_34740", "NOMBRE_ARB": 0, "PROGRAMME": "Production de lait et de viande basée sur les herbages", "SHAPE_AREA": 18152.719, "SHAPE_LEN": 783.053, "SURFACE_M2": 18153, "UTILISATIO": "Autres prairies permanentes (sans les pâturages)" }, "geometry": { "type": "MultiPolygon", "coordinates": [ [ [ [ 2541401.592999999877065, 1159504.226 ], [ 2541401.108, 1159509.59 ], [ 2541407.396999999880791, 1159715.637000000104308 ], [ 2541337.044000000227243, 1159759.936 ], [ 2541379.73, 1159771.516 ], [ 2541421.71100000012666, 1159781.763 ], [ 2541461.975, 1159788.931 ], [ 2541489.521000000182539, 1159787.672 ], [ 2541508.312, 1159785.045 ], [ 2541519.981999999843538, 1159781.193 ], [ 2541518.08600000012666, 1159776.758 ], [ 2541401.592999999877065, 1159504.226 ] ] ] ] } },
{ "type": "Feature", "properties": { "ANNEE_DE_R": 2025, "CODE_PROGR": "Bio", "CODE_UTILI": 537, "IDENTIFICA": "VD_2025_498511", "NOMBRE_ARB": 0, "PROGRAMME": "Production bio", "SHAPE_AREA": 40238.251, "SHAPE_LEN": 967.872, "SURFACE_M2": 241430, "UTILISATIO": "Pois en grains (p.ex. pois protéagineux)" }, "geometry": { "type": "MultiPolygon", "coordinates": [ [ [ [ 2541149.378, 1160423.551 ], [ 2541135.345000000204891, 1160406.815 ], [ 2541126.160999999847263, 1160423.301 ], [ 2541118.481999999843538, 1160437.084 ], [ 2541115.271000000182539, 1160442.846 ], [ 2541109.835, 1160452.602999999886379 ], [ 2541104.128, 1160462.847 ], [ 2541102.883, 1160465.083000000100583 ], [ 2541092.633, 1160483.481 ], [ 2541087.722, 1160492.296 ], [ 2541085.262000000104308, 1160496.618 ], [ 2541079.287, 1160507.115 ], [ 2541078.751000000163913, 1160508.054 ], [ 2541073.975999999791384, 1160516.171 ], [ 2541068.117, 1160526.681 ], [ 2541055.376999999862164, 1160549.536 ], [ 2541049.893000000156462, 1160559.374 ], [ 2541043.18099999986589, 1160571.415 ], [ 2541049.637000000104308, 1160577.31 ], [ 2541058.413000000175089, 1160585.325 ], [ 2541067.930000000167638, 1160594.842 ], [ 2541075.219, 1160602.131 ], [ 2541077.356000000145286, 1160604.226 ], [ 2541083.848000000230968, 1160610.592 ], [ 2541087.878, 1160614.544 ], [ 2541105.629999999888241, 1160638.16 ], [ 2541106.478000000119209, 1160639.288 ], [ 2541111.974, 1160646.889999999897555 ], [ 2541117.924000000115484, 1160655.077 ], [ 2541122.234000000171363, 1160661.022000000113621 ], [ 2541143.577, 1160692.378 ], [ 2541145.640999999828637, 1160695.41 ], [ 2541148.859000000171363, 1160700.139 ], [ 2541152.312, 1160705.210999999893829 ], [ 2541152.96, 1160706.163 ], [ 2541154.748000000137836, 1160708.79 ], [ 2541156.75, 1160711.339 ], [ 2541162.736, 1160718.960999999893829 ], [ 2541167.756, 1160725.354 ], [ 2541170.512000000104308, 1160728.822 ], [ 2541179.680000000167638, 1160740.360000000102445 ], [ 2541196.467999999877065, 1160761.933999999891967 ], [ 2541197.535999999847263, 1160763.307 ], [ 2541203.419000000227243, 1160770.802 ], [ 2541207.521999999880791, 1160776.028 ], [ 2541208.271000000182539, 1160776.982 ], [ 2541209.333000000100583, 1160778.335 ], [ 2541213.313, 1160783.073 ], [ 2541218.153, 1160788.860000000102445 ], [ 2541221.21, 1160792.475 ], [ 2541223.088, 1160794.76 ], [ 2541229.549000000115484, 1160802.620000000111759 ], [ 2541234.801, 1160809.01 ], [ 2541239.058999999891967, 1160814.191000000108033 ], [ 2541240.5, 1160806.105 ], [ 2541253.433000000193715, 1160733.993 ], [ 2541257.721, 1160709.846 ], [ 2541255.862999999895692, 1160704.428 ], [ 2541214.339000000152737, 1160656.721 ], [ 2541212.392, 1160654.59 ], [ 2541215.251999999862164, 1160651.889999999897555 ], [ 2541225.762000000104308, 1160605.081 ], [ 2541239.566999999806285, 1160543.562 ], [ 2541240.133, 1160541.036 ], [ 2541221.30599999986589, 1160515.914000000106171 ], [ 2541218.08600000012666, 1160511.617 ], [ 2541211.151, 1160502.362999999895692 ], [ 2541199.526999999769032, 1160491.457 ], [ 2541190.506, 1160482.994 ], [ 2541184.131, 1160473.952 ], [ 2541182.253, 1160469.954 ], [ 2541176.194999999832362, 1160457.058999999891967 ], [ 2541153.419000000227243, 1160428.504999999888241 ], [ 2541151.494, 1160426.196 ], [ 2541149.378, 1160423.551 ] ] ] ] } },
{ "type": "Feature", "properties": { "ANNEE_DE_R": 2025, "CODE_PROGR": "Non", "CODE_UTILI": 611, "IDENTIFICA": "VD_2025_108050", "NOMBRE_ARB": 0, "PROGRAMME": "Aucun programme", "SHAPE_AREA": 4445.599, "SHAPE_LEN": 768.977, "SURFACE_M2": 4446, "UTILISATIO": "Prairies extensives (sans les pâturages)" }, "geometry": { "type": "MultiPolygon", "coordinates": [ [ [ [ 2541352.663000000175089, 1160649.455 ], [ 2541318.899000000208616, 1160616.545 ], [ 2541317.433000000193715, 1160631.028 ], [ 2541317.992999999783933, 1160632.125 ], [ 2541331.325000000186265, 1160642.408 ], [ 2541347.779999999795109, 1160655.101 ], [ 2541347.780211662407964, 1160655.101096179336309 ], [ 2541352.663000000175089, 1160649.455 ] ] ], [ [ [ 2541354.902133814059198, 1160646.816970613785088 ], [ 2541354.901999999769032, 1160646.817 ], [ 2541352.663000000175089, 1160649.455 ], [ 2541354.902133814059198, 1160646.816970613785088 ] ] ] ] } },
{ "type": "Feature", "properties": { "ANNEE_DE_R": 2025, "CODE_PROGR": "Non", "CODE_UTILI": 613, "IDENTIFICA": "VD_2025_408446", "NOMBRE_ARB": 0, "PROGRAMME": "Aucun programme", "SHAPE_AREA": 12908.155, "SHAPE_LEN": 1422.079, "SURFACE_M2": 12909, "UTILISATIO": "Autres prairies permanentes (sans les pâturages)" }, "geometry": { "type": "MultiPolygon", "coordinates": [ [ [ [ 2541508.356000000145286, 1154205.179 ], [ 2541515.927999999839813, 1154203.632 ], [ 2541511.409, 1154180.188 ], [ 2541510.87099999981001, 1154177.4 ], [ 2541505.080999999772757, 1154147.366 ], [ 2541499.410999999847263, 1154142.669 ], [ 2541466.910999999847263, 1154126.482 ], [ 2541448.867999999783933, 1154117.205 ], [ 2541426.55599999986589, 1154132.142 ], [ 2541408.30599999986589, 1154146.58 ], [ 2541400.80599999986589, 1154152.073 ], [ 2541385.68099999986589, 1154168.823 ], [ 2541371.224, 1154190.675 ], [ 2541375.13799999980256, 1154222.704 ], [ 2541387.597, 1154239.83 ], [ 2541391.450000000186265, 1154259.772000000113621 ], [ 2541393.637000000104308, 1154273.084 ], [ 2541397.575000000186265, 1154280.147000000113621 ], [ 2541403.200000000186265, 1154284.397000000113621 ], [ 2541422.387000000104308, 1154296.334 ], [ 2541436.950000000186265, 1154300.272000000113621 ], [ 2541457.700000000186265, 1154317.459 ], [ 2541470.325000000186265, 1154337.897000000113621 ], [ 2541465.887000000104308, 1154352.897000000113621 ], [ 2541458.716, 1154360.529 ], [ 2541452.966, 1154364.529 ], [ 2541462.955, 1154387.99 ], [ 2541477.467000000178814, 1154401.573 ], [ 2541469.427000000141561, 1154418.812 ], [ 2541470.879999999888241, 1154428.092 ], [ 2541488.30599999986589, 1154464.721 ], [ 2541503.458999999798834, 1154485.825 ], [ 2541507.846, 1154490.996 ], [ 2541515.295, 1154499.301 ], [ 2541516.219, 1154500.332 ], [ 2541517.276999999769032, 1154506.274 ], [ 2541513.401999999769032, 1154518.585999999893829 ], [ 2541510.339000000152737, 1154527.899 ], [ 2541511.901999999769032, 1154535.585999999893829 ], [ 2541517.006, 1154545.99 ], [ 2541526.12099999981001, 1154555.308999999891967 ], [ 2541531.433000000193715, 1154550.371 ], [ 2541539.74599999981001, 1154541.746 ], [ 2541547.322999999858439, 1154541.011 ], [ 2541556.322999999858439, 1154547.198 ], [ 2541566.028, 1154540.134 ], [ 2541547.884999999776483, 1154516.511 ], [ 2541534.634999999776483, 1154499.386 ], [ 2541523.464000000152737, 1154480.210999999893829 ], [ 2541567.825000000186265, 1154459.998 ], [ 2541566.470000000204891, 1154457.717 ], [ 2541523.592000000178814, 1154477.356 ], [ 2541513.71100000012666, 1154481.881 ], [ 2541509.435, 1154463.127 ], [ 2541504.96100000012666, 1154443.506 ], [ 2541497.021000000182539, 1154406.796 ], [ 2541494.355, 1154394.467 ], [ 2541491.083999999798834, 1154378.848 ], [ 2541482.549000000115484, 1154338.087 ], [ 2541470.356999999843538, 1154320.646 ], [ 2541459.018000000156462, 1154307.419 ], [ 2541445.598000000230968, 1154291.763 ], [ 2541429.473000000230968, 1154291.263 ], [ 2541425.665, 1154284.213 ], [ 2541407.782000000122935, 1154251.108 ], [ 2541398.435, 1154233.805 ], [ 2541396.802000000141561, 1154226.948 ], [ 2541385.947000000160187, 1154181.378 ], [ 2541440.603999999817461, 1154168.625 ], [ 2541460.947000000160187, 1154163.878 ], [ 2541479.318, 1154159.906 ], [ 2541482.953000000212342, 1154159.120000000111759 ], [ 2541494.768000000156462, 1154156.565 ], [ 2541497.947000000160187, 1154155.878 ], [ 2541502.978999999817461, 1154179.715 ], [ 2541508.356000000145286, 1154205.179 ] ] ] ] } },
{ "type": "Feature", "properties": { "ANNEE_DE_R": 2025, "CODE_PROGR": "psGmf", "CODE_UTILI": 613, "IDENTIFICA": "VD_2025_34728", "NOMBRE_ARB": 0, "PROGRAMME": "Production de lait et de viande basée sur les herbages", "SHAPE_AREA": 1586.846, "SHAPE_LEN": 392.582, "SURFACE_M2": 1587, "UTILISATIO": "Autres prairies permanentes (sans les pâturages)" }, "geometry": { "type": "MultiPolygon", "coordinates": [ [ [ [ 2541647.072000000160187, 1160279.111 ], [ 2541677.082, 1160310.602999999886379 ], [ 2541678.696, 1160311.291999999899417 ], [ 2541673.421, 1160254.857 ], [ 2541644.200000000186265, 1160264.99 ], [ 2541641.366, 1160266.06 ], [ 2541636.787, 1160268.318 ], [ 2541647.072000000160187, 1160279.111 ] ] ], [ [ [ 2541636.787, 1160268.318 ], [ 2541605.666999999899417, 1160279.541 ], [ 2541532.364, 1160317.634 ], [ 2541534.794000000227243, 1160322.537 ], [ 2541601.973000000230968, 1160286.611 ], [ 2541607.046, 1160283.898 ], [ 2541636.787, 1160268.318 ] ] ] ] } },
{ "type": "Feature", "properties": { "ANNEE_DE_R": 2025, "CODE_PROGR": "psArableSoilCoverage", "CODE_UTILI": 527, "IDENTIFICA": "VD_2025_108899", "NOMBRE_ARB": 0, "PROGRAMME": "Couverture appropriée du sol (les cultures principales sur terres ouvertes)", "SHAPE_AREA": 14140.711, "SHAPE_LEN": 461.994, "SURFACE_M2": 42423, "UTILISATIO": "Colza d’automne destiné à la fabrication d’huile comestible" }, "geometry": { "type": "MultiPolygon", "coordinates": [ [ [ [ 2541647.072000000160187, 1160279.111 ], [ 2541636.787, 1160268.318 ], [ 2541607.046, 1160283.898 ], [ 2541601.973000000230968, 1160286.611 ], [ 2541534.794000000227243, 1160322.537 ], [ 2541548.484999999869615, 1160350.168 ], [ 2541621.910999999847263, 1160430.308999999891967 ], [ 2541623.724, 1160428.687 ], [ 2541685.242999999783933, 1160373.635 ], [ 2541677.082, 1160310.602999999886379 ], [ 2541647.072000000160187, 1160279.111 ] ] ] ] } },
{ "type": "Feature", "properties": { "ANNEE_DE_R": 2025, "CODE_PROGR": "Bio", "CODE_UTILI": 612, "IDENTIFICA": "VD_2025_204464", "NOMBRE_ARB": 0, "PROGRAMME": "Production bio", "SHAPE_AREA": 11965.488, "SHAPE_LEN": 1246.932, "SURFACE_M2": 23931, "UTILISATIO": "Prairies peu intensives (sans les pâturages)" }, "geometry": { "type": "MultiPolygon", "coordinates": [ [ [ [ 2542073.126000000163913, 1156739.8 ], [ 2542060.771000000182539, 1156722.948 ], [ 2542039.605, 1156732.142 ], [ 2542036.984000000171363, 1156725.094 ], [ 2542030.984000000171363, 1156695.094 ], [ 2542023.66399999987334, 1156651.288 ], [ 2542033.643999999854714, 1156643.441000000108033 ], [ 2542046.484000000171363, 1156633.344 ], [ 2542043.157999999821186, 1156618.014 ], [ 2542040.311000000219792, 1156604.888 ], [ 2542034.588, 1156571.676 ], [ 2542033.886, 1156562.797 ], [ 2542087.21, 1156553.614 ], [ 2542092.009, 1156570.17 ], [ 2542096.353999999817461, 1156590.71 ], [ 2542112.421, 1156607.416999999899417 ], [ 2542132.065, 1156621.639999999897555 ], [ 2542138.628, 1156639.202 ], [ 2542140.990000000223517, 1156653.788 ], [ 2542153.257000000216067, 1156650.575 ], [ 2542152.58, 1156646.749 ], [ 2542141.518999999854714, 1156624.449 ], [ 2542127.112999999895692, 1156614.73 ], [ 2542110.169000000227243, 1156603.298 ], [ 2542100.068, 1156591.428 ], [ 2542099.565, 1156590.138 ], [ 2542093.728000000119209, 1156565.909 ], [ 2542089.626999999862164, 1156546.416999999899417 ], [ 2542086.441999999806285, 1156531.278 ], [ 2542085.098000000230968, 1156524.889 ], [ 2542080.771000000182539, 1156516.291999999899417 ], [ 2542073.628, 1156510.769 ], [ 2542053.537, 1156504.568 ], [ 2542041.046999999787658, 1156504.487 ], [ 2542031.827, 1156504.428 ], [ 2542023.245000000111759, 1156508.618 ], [ 2542020.079, 1156510.164000000106171 ], [ 2542015.58600000012666, 1156512.358 ], [ 2542023.73700000019744, 1156554.387000000104308 ], [ 2542034.791999999899417, 1156610.325 ], [ 2542038.796999999787658, 1156632.956 ], [ 2542020.687, 1156647.236 ], [ 2542035.157000000122935, 1156723.875 ], [ 2542019.617999999783933, 1156721.504 ], [ 2542007.626999999862164, 1156719.675 ], [ 2542005.287, 1156723.355 ], [ 2542009.157000000122935, 1156732.925 ], [ 2541984.549000000115484, 1156748.844 ], [ 2541971.497, 1156757.293 ], [ 2541937.711999999824911, 1156779.263 ], [ 2541914.055000000167638, 1156794.602 ], [ 2541932.58600000012666, 1156841.612 ], [ 2541965.325999999884516, 1156818.216 ], [ 2541984.795, 1156804.058 ], [ 2542000.142, 1156792.896 ], [ 2542025.467000000178814, 1156774.479 ], [ 2542059.903, 1156749.422 ], [ 2542073.126000000163913, 1156739.8 ] ] ] ] } },
{ "type": "Feature", "properties": { "ANNEE_DE_R": 2025, "CODE_PROGR": "psGmf", "CODE_UTILI": 611, "IDENTIFICA": "VD_2025_452877", "NOMBRE_ARB": 0, "PROGRAMME": "Production de lait et de viande basée sur les herbages", "SHAPE_AREA": 7031.544, "SHAPE_LEN": 355.016, "SURFACE_M2": 7032, "UTILISATIO": "Prairies extensives (sans les pâturages)" }, "geometry": { "type": "MultiPolygon", "coordinates": [ [ [ [ 2542047.294000000227243, 1154837.585999999893829 ], [ 2542036.346, 1154843.517 ], [ 2542027.106999999843538, 1154848.523 ], [ 2542013.471, 1154855.83 ], [ 2541983.329, 1154872.009 ], [ 2541999.953000000212342, 1154885.648 ], [ 2542016.026, 1154900.661 ], [ 2542074.364, 1154950.462 ], [ 2542086.662, 1154939.787 ], [ 2542104.693, 1154925.512000000104308 ], [ 2542118.791000000201166, 1154914.379 ], [ 2542101.791000000201166, 1154896.736 ], [ 2542099.472, 1154894.237 ], [ 2542087.517, 1154881.328 ], [ 2542080.904, 1154874.188 ], [ 2542071.541999999899417, 1154864.095 ], [ 2542061.794000000227243, 1154853.585999999893829 ], [ 2542059.234999999869615, 1154850.762000000104308 ], [ 2542047.294000000227243, 1154837.585999999893829 ] ] ] ] } },
{ "type": "Feature", "properties": { "ANNEE_DE_R": 2025, "CODE_PROGR": "Bio", "CODE_UTILI": 617, "IDENTIFICA": "VD_2025_402601", "NOMBRE_ARB": 0, "PROGRAMME": "Production bio", "SHAPE_AREA": 2606.668, "SHAPE_LEN": 629.043, "SURFACE_M2": 5214, "UTILISATIO": "Pâturages extensifs" }, "geometry": { "type": "MultiPolygon", "coordinates": [ [ [ [ 2542165.632000000216067, 1157102.394 ], [ 2542135.757000000216067, 1157087.019 ], [ 2542123.950000000186265, 1157096.345 ], [ 2542179.600999999791384, 1157125.308 ], [ 2542194.778, 1157133.151 ], [ 2542233.182, 1157152.998 ], [ 2542277.396999999880791, 1157189.793 ], [ 2542294.838, 1157204.287 ], [ 2542304.293, 1157212.145 ], [ 2542321.227, 1157225.048 ], [ 2542341.93099999986589, 1157240.635 ], [ 2542376.927000000141561, 1157266.982 ], [ 2542380.157999999821186, 1157262.933999999891967 ], [ 2542360.657999999821186, 1157249.558999999891967 ], [ 2542329.407999999821186, 1157225.058999999891967 ], [ 2542297.032999999821186, 1157197.183999999891967 ], [ 2542269.617999999783933, 1157173.506 ], [ 2542243.839999999850988, 1157150.852999999886379 ], [ 2542210.339999999850988, 1157128.477999999886379 ], [ 2542165.632000000216067, 1157102.394 ] ] ] ] } },
{ "type": "Feature", "properties": { "ANNEE_DE_R": 2025, "CODE_PROGR": "Non", "CODE_UTILI": 616, "IDENTIFICA": "VD_2025_87692", "NOMBRE_ARB": 50, "PROGRAMME": "Aucun programme", "SHAPE_AREA": 49895.062, "SHAPE_LEN": 3659.465, "SURFACE_M2": 49896, "UTILISATIO": "Pâturages (pâturages attenants à la ferme, autres pâturages sauf les pâturages d’estivage)" }, "geometry": { "type": "MultiPolygon", "coordinates": [ [ [ [ 2542728.494, 1156921.229 ], [ 2542719.433000000193715, 1156919.979 ], [ 2542704.744, 1156918.729 ], [ 2542691.1, 1156923.937 ], [ 2542679.015000000130385, 1156929.562 ], [ 2542671.518000000156462, 1156936.644 ], [ 2542670.683000000193715, 1156938.833000000100583 ], [ 2542708.910999999847263, 1156947.166999999899417 ], [ 2542711.410999999847263, 1156943.833000000100583 ], [ 2542766.515000000130385, 1156955.812 ], [ 2542757.975, 1156941.229 ], [ 2542742.765000000130385, 1156926.854 ], [ 2542728.494, 1156921.229 ] ] ], [ [ [ 2542744.71, 1157112.335 ], [ 2542742.003, 1157114.522000000113621 ], [ 2542735.023, 1157121.397000000113621 ], [ 2542723.54, 1157126.796 ], [ 2542724.214999999850988, 1157122.606 ], [ 2542730.231999999843538, 1157122.022000000113621 ], [ 2542733.46, 1157119.106 ], [ 2542744.19, 1157106.397000000113621 ], [ 2542745.856999999843538, 1157072.335 ], [ 2542710.753, 1157063.377 ], [ 2542709.293, 1157069.813 ], [ 2542707.626000000163913, 1157075.437 ], [ 2542695.33600000012666, 1157080.125 ], [ 2542618.774000000208616, 1157063.273 ], [ 2542608.142, 1157053.249 ], [ 2542612.313999999780208, 1157035.125 ], [ 2542595.699, 1157029.969 ], [ 2542585.44400000013411, 1157052.023 ], [ 2542580.44400000013411, 1157064.938 ], [ 2542585.282000000122935, 1157082.834 ], [ 2542589.083999999798834, 1157090.334 ], [ 2542597.524000000208616, 1157099.102999999886379 ], [ 2542616.375, 1157109.552 ], [ 2542655.594, 1157124.24 ], [ 2542690.169000000227243, 1157136.932 ], [ 2542701.998999999836087, 1157140.751 ], [ 2542709.609000000171363, 1157142.023 ], [ 2542717.937, 1157141.011 ], [ 2542721.69400000013411, 1157138.273 ], [ 2542726.106999999843538, 1157137.814 ], [ 2542732.356999999843538, 1157134.479 ], [ 2542740.899000000208616, 1157128.229 ], [ 2542744.085, 1157124.522000000113621 ], [ 2542745.544000000227243, 1157120.877 ], [ 2542746.045, 1157117.391 ], [ 2542746.524000000208616, 1157114.064 ], [ 2542744.71, 1157112.335 ] ], [ [ 2542708.251000000163913, 1157080.385 ], [ 2542708.302999999839813, 1157078.979 ], [ 2542717.521999999880791, 1157087.104 ], [ 2542708.251000000163913, 1157080.385 ] ] ], [ [ [ 2542738.896000000182539, 1157165.303 ], [ 2542741.916999999899417, 1157149.99 ], [ 2542743.48, 1157134.678 ], [ 2542717.437, 1157148.324 ], [ 2542737.125, 1157170.408 ], [ 2542738.896000000182539, 1157165.303 ] ] ], [ [ [ 2542751.052000000141561, 1157134.916 ], [ 2542737.302000000141561, 1157207.831 ], [ 2542748.759999999776483, 1157208.041 ], [ 2542751.884999999776483, 1157204.291 ], [ 2542754.384999999776483, 1157189.916 ], [ 2542755.427000000141561, 1157175.331 ], [ 2542757.893000000156462, 1157166.311 ], [ 2542759.483, 1157163.142 ], [ 2542762.347, 1157150.017 ], [ 2542761.884999999776483, 1157133.666 ], [ 2542755.427000000141561, 1157122.416 ], [ 2542752.717000000178814, 1157127.416 ], [ 2542751.052000000141561, 1157134.916 ] ] ], [ [ [ 2542608.676, 1157116.501 ], [ 2542594.031, 1157121.262000000104308 ], [ 2542584.926, 1157129.416 ], [ 2542576.741, 1157136.47 ], [ 2542572.011, 1157149.831 ], [ 2542571.532000000122935, 1157168.552 ], [ 2542576.176, 1157179.416 ], [ 2542582.366, 1157193.97 ], [ 2542592.841, 1157203.166 ], [ 2542634.926, 1157219.831 ], [ 2542670.341, 1157235.251 ], [ 2542698.886, 1157235.251 ], [ 2542703.890000000130385, 1157230.462 ], [ 2542705.345000000204891, 1157230.051 ], [ 2542707.98, 1157228.512000000104308 ], [ 2542711.620000000111759, 1157226.385 ], [ 2542719.615000000223517, 1157221.713 ], [ 2542728.308999999891967, 1157201.674000000115484 ], [ 2542715.867999999783933, 1157189.508 ], [ 2542709.558999999891967, 1157183.339 ], [ 2542707.478999999817461, 1157174.799000000115484 ], [ 2542689.464999999850988, 1157163.966 ], [ 2542692.094, 1157145.977 ], [ 2542666.591, 1157134.831 ], [ 2542636.591, 1157122.331 ], [ 2542621.949, 1157116.47 ], [ 2542608.676, 1157116.501 ] ] ], [ [ [ 2542514.288000000175089, 1157216.625 ], [ 2542566.364, 1157243.189 ], [ 2542668.646999999880791, 1157289.432 ], [ 2542666.321, 1157277.112 ], [ 2542644.236, 1157265.447 ], [ 2542629.301, 1157258.656999999890104 ], [ 2542627.815, 1157257.982 ], [ 2542612.151, 1157250.862 ], [ 2542600.671999999787658, 1157244.942 ], [ 2542582.716, 1157237.139 ], [ 2542552.75400000018999, 1157222.612 ], [ 2542526.649000000208616, 1157209.096 ], [ 2542510.4, 1157198.837 ], [ 2542508.293, 1157196.888 ], [ 2542500.404, 1157192.52 ], [ 2542488.94400000013411, 1157180.852 ], [ 2542478.31900000013411, 1157161.477 ], [ 2542464.159, 1157161.286 ], [ 2542445.169000000227243, 1157142.700999999884516 ], [ 2542439.085, 1157151.522000000113621 ], [ 2542455.73700000019744, 1157170.843000000109896 ], [ 2542482.683000000193715, 1157194.44 ], [ 2542514.288000000175089, 1157216.625 ] ] ], [ [ [ 2542715.802999999839813, 1156883.064 ], [ 2542714.640000000130385, 1156912.477 ], [ 2542740.473000000230968, 1156919.977 ], [ 2542759.848000000230968, 1156933.312 ], [ 2542767.765000000130385, 1156946.852 ], [ 2542773.390000000130385, 1156953.102 ], [ 2542775.382000000216067, 1156958.082 ], [ 2542785.382000000216067, 1156934.332 ], [ 2542805.802000000141561, 1156920.168 ], [ 2542816.801, 1156919.933999999891967 ], [ 2542824.325000000186265, 1156916.618 ], [ 2542801.632000000216067, 1156849.332 ], [ 2542741.217000000178814, 1156853.918 ], [ 2542715.802999999839813, 1156883.064 ] ] ], [ [ [ 2542889.35, 1157097.746 ], [ 2542865.808000000193715, 1157075.246 ], [ 2542825.106000000145286, 1157049.511 ], [ 2542807.907000000122935, 1157041.213 ], [ 2542788.81, 1157032.34 ], [ 2542780.842000000178814, 1157026.178 ], [ 2542772.475, 1157022.121 ], [ 2542772.892, 1157026.078 ], [ 2542784.975, 1157035.453 ], [ 2542796.433000000193715, 1157053.788 ], [ 2542806.017, 1157060.871 ], [ 2542827.683000000193715, 1157069.621 ], [ 2542835.944999999832362, 1157078.031999999890104 ], [ 2542839.143999999854714, 1157083.846 ], [ 2542853.645, 1157088.066000000108033 ], [ 2542852.187, 1157110.776 ], [ 2542863.313, 1157115.308999999891967 ], [ 2542869.062, 1157117.651 ], [ 2542876.072999999858439, 1157121.639 ], [ 2542879.687, 1157123.694 ], [ 2542878.080999999772757, 1157128.216 ], [ 2542883.308000000193715, 1157127.746 ], [ 2542897.446, 1157132.352 ], [ 2542908.933000000193715, 1157114.413 ], [ 2542889.35, 1157097.746 ] ] ], [ [ [ 2542887.372, 1157155.526 ], [ 2542894.77, 1157139.694 ], [ 2542895.08, 1157136.046 ], [ 2542892.268000000156462, 1157133.129999999888241 ], [ 2542887.372, 1157131.254999999888241 ], [ 2542883.308999999891967, 1157130.734 ], [ 2542877.691999999806285, 1157129.308999999891967 ], [ 2542866.991, 1157159.429 ], [ 2542859.566000000108033, 1157180.33 ], [ 2542857.187, 1157187.026 ], [ 2542854.955999999772757, 1157189.444 ], [ 2542852.187, 1157192.444 ], [ 2542858.93099999986589, 1157196.950999999884516 ], [ 2542861.469, 1157195.176 ], [ 2542870.115000000223517, 1157181.737999999895692 ], [ 2542887.372, 1157155.526 ] ] ], [ [ [ 2542915.901, 1157118.379 ], [ 2542842.895, 1157230.696 ], [ 2542882.901999999769032, 1157288.329 ], [ 2542939.98, 1157187.777 ], [ 2542949.208000000100583, 1157156.42 ], [ 2542947.38799999980256, 1157154.479 ], [ 2542929.776999999769032, 1157134.501 ], [ 2542915.901, 1157118.379 ] ] ], [ [ [ 2542795.991, 1157215.957 ], [ 2542796.12900000018999, 1157211.303 ], [ 2542779.325999999884516, 1157210.854 ], [ 2542780.26299999980256, 1157215.124 ], [ 2542784.01299999980256, 1157225.124 ], [ 2542786.617, 1157233.562 ], [ 2542789.742, 1157242.521 ], [ 2542785.575999999884516, 1157246.271 ], [ 2542789.325999999884516, 1157259.707 ], [ 2542793.596, 1157270.126 ], [ 2542795.784, 1157273.771 ], [ 2542800.784, 1157273.771 ], [ 2542807.656, 1157267.207 ], [ 2542813.700999999884516, 1157256.479 ], [ 2542813.909, 1157248.146 ], [ 2542808.075999999884516, 1157250.646 ], [ 2542800.367, 1157233.771 ], [ 2542795.991, 1157215.957 ] ] ], [ [ [ 2542825.204, 1157330.653 ], [ 2542828.313999999780208, 1157341.102999999886379 ], [ 2542822.014, 1157342.973 ], [ 2542827.146000000182539, 1157348.948 ], [ 2542831.324, 1157353.813 ], [ 2542845.014, 1157355.223 ], [ 2542856.025, 1157347.223 ], [ 2542865.171999999787658, 1157331.328 ], [ 2542856.483, 1157325.999 ], [ 2542853.983, 1157313.499 ], [ 2542840.528, 1157317.698 ], [ 2542842.75400000018999, 1157325.523 ], [ 2542825.204, 1157330.653 ] ] ] ] } },
{ "type": "Feature", "properties": { "ANNEE_DE_R": 2025, "CODE_PROGR": "psmArableFarming", "CODE_UTILI": 507, "IDENTIFICA": "VD_2025_176548", "NOMBRE_ARB": 0, "PROGRAMME": "Non-recours aux produits phytosanitaires dans les grandes cultures", "SHAPE_AREA": 16054.455, "SHAPE_LEN": 593.316, "SURFACE_M2": 48164, "UTILISATIO": "Blé fourrager selon liste swiss granum" }, "geometry": { "type": "MultiPolygon", "coordinates": [ [ [ [ 2542567.944999999832362, 1157825.883 ], [ 2542571.98, 1157782.112 ], [ 2542567.575999999884516, 1157781.916 ], [ 2542565.035999999847263, 1157781.916 ], [ 2542557.325999999884516, 1157781.916 ], [ 2542546.075999999884516, 1157780.666 ], [ 2542535.075999999884516, 1157778.541 ], [ 2542525.075999999884516, 1157774.416 ], [ 2542514.075999999884516, 1157767.916 ], [ 2542511.76299999980256, 1157778.902 ], [ 2542510.325999999884516, 1157795.791 ], [ 2542510.27, 1157797.25 ], [ 2542509.825999999884516, 1157808.916 ], [ 2542505.108, 1157808.127 ], [ 2542498.474, 1157807.018 ], [ 2542489.704, 1157805.552 ], [ 2542470.200999999884516, 1157802.291 ], [ 2542469.279, 1157823.685 ], [ 2542468.49599999981001, 1157841.846 ], [ 2542467.56900000013411, 1157863.366 ], [ 2542464.216, 1157894.368 ], [ 2542463.207, 1157903.703 ], [ 2542466.197000000160187, 1157907.819 ], [ 2542468.188999999780208, 1157910.393 ], [ 2542482.447000000160187, 1157928.819 ], [ 2542504.697000000160187, 1157947.069 ], [ 2542515.528, 1157956.786 ], [ 2542531.447000000160187, 1157971.069 ], [ 2542559.069999999832362, 1157988.284 ], [ 2542562.575999999884516, 1157979.416 ], [ 2542572.700999999884516, 1157952.291 ], [ 2542555.801, 1157944.764999999897555 ], [ 2542564.444999999832362, 1157860.883 ], [ 2542567.248999999836087, 1157832.838 ], [ 2542567.944999999832362, 1157825.883 ] ] ] ] } },
{ "type": "Feature", "properties": { "ANNEE_DE_R": 2025, "CODE_PROGR": "psGmf", "CODE_UTILI": 613, "IDENTIFICA": "VD_2025_431207", "NOMBRE_ARB": 0, "PROGRAMME": "Production de lait et de viande basée sur les herbages", "SHAPE_AREA": 9988.205, "SHAPE_LEN": 405.802, "SURFACE_M2": 9989, "UTILISATIO": "Autres prairies permanentes (sans les pâturages)" }, "geometry": { "type": "MultiPolygon", "coordinates": [ [ [ [ 2543181.660999999847263, 1154983.678 ], [ 2543178.890000000130385, 1154973.208000000100583 ], [ 2543177.835, 1154960.223 ], [ 2543177.585, 1154940.889 ], [ 2543173.501999999862164, 1154938.723 ], [ 2543173.168, 1154933.389 ], [ 2543168.501999999862164, 1154930.056 ], [ 2543165.751999999862164, 1154919.556 ], [ 2543164.669000000227243, 1154918.556 ], [ 2543162.001999999862164, 1154903.973 ], [ 2543158.085, 1154901.639 ], [ 2543155.333999999798834, 1154901.222 ], [ 2543149.001999999862164, 1154900.722 ], [ 2543143.001999999862164, 1154897.441000000108033 ], [ 2543121.168, 1154888.388 ], [ 2543099.168, 1154887.109 ], [ 2543094.162, 1154894.252 ], [ 2543090.453000000212342, 1154895.007 ], [ 2543052.46, 1154929.44 ], [ 2543103.217000000178814, 1154981.503 ], [ 2543136.75400000018999, 1155024.403 ], [ 2543162.563999999780208, 1154991.145 ], [ 2543181.660999999847263, 1154983.678 ] ] ] ] } },
{ "type": "Feature", "properties": { "ANNEE_DE_R": 2025, "CODE_PROGR": "psGmf", "CODE_UTILI": 613, "IDENTIFICA": "VD_2025_126866", "NOMBRE_ARB": 0, "PROGRAMME": "Production de lait et de viande basée sur les herbages", "SHAPE_AREA": 10003.4, "SHAPE_LEN": 517.253, "SURFACE_M2": 10004, "UTILISATIO": "Autres prairies permanentes (sans les pâturages)" }, "geometry": { "type": "MultiPolygon", "coordinates": [ [ [ [ 2543110.024000000208616, 1155065.192 ], [ 2543081.94400000013411, 1155100.91 ], [ 2543082.804, 1155109.67 ], [ 2543228.779999999795109, 1155245.146 ], [ 2543263.614, 1155223.857 ], [ 2543264.639, 1155223.225 ], [ 2543198.315, 1155156.902 ], [ 2543183.276999999769032, 1155133.125 ], [ 2543110.024000000208616, 1155065.192 ] ] ] ] } },
{ "type": "Feature", "properties": { "ANNEE_DE_R": 2025, "CODE_PROGR": "Bio", "CODE_UTILI": 611, "IDENTIFICA": "VD_2025_402549", "NOMBRE_ARB": 0, "PROGRAMME": "Production bio", "SHAPE_AREA": 1835.013, "SHAPE_LEN": 302.487, "SURFACE_M2": 3671, "UTILISATIO": "Prairies extensives (sans les pâturages)" }, "geometry": { "type": "MultiPolygon", "coordinates": [ [ [ [ 2543168.386, 1156839.525 ], [ 2543132.575999999884516, 1156812.519 ], [ 2543129.325999999884516, 1156809.207 ], [ 2543094.009999999776483, 1156822.454 ], [ 2543097.509999999776483, 1156838.829 ], [ 2543112.384999999776483, 1156821.704 ], [ 2543127.009999999776483, 1156818.079 ], [ 2543150.265000000130385, 1156833.486 ], [ 2543130.200999999884516, 1156857.029 ], [ 2543137.950999999884516, 1156863.779 ], [ 2543137.450999999884516, 1156871.779 ], [ 2543156.828000000212342, 1156886.436 ], [ 2543172.953000000212342, 1156863.436 ], [ 2543161.328000000212342, 1156854.686 ], [ 2543168.386, 1156839.525 ] ] ] ] } },
{ "type": "Feature", "properties": { "ANNEE_DE_R": 2025, "CODE_PROGR": "Non", "CODE_UTILI": 901, "IDENTIFICA": "VD_2025_106269", "NOMBRE_ARB": 0, "PROGRAMME": "Aucun programme", "SHAPE_AREA": 5059.304, "SHAPE_LEN": 328.511, "SURFACE_M2": 5060, "UTILISATIO": "Forêt" }, "geometry": { "type": "MultiPolygon", "coordinates": [ [ [ [ 2543485.492999999783933, 1155809.481 ], [ 2543476.052999999839813, 1155809.331 ], [ 2543467.953000000212342, 1155806.101 ], [ 2543450.812, 1155804.411 ], [ 2543447.979764696210623, 1155804.668255306081846 ], [ 2543471.205999999772757, 1155829.791999999899417 ], [ 2543492.695866423193365, 1155812.326495351502672 ], [ 2543485.492999999783933, 1155809.481 ] ] ], [ [ [ 2543434.932, 1155789.231 ], [ 2543436.622, 1155781.950999999884516 ], [ 2543428.62099999981001, 1155770.611 ], [ 2543420.021000000182539, 1155764.35 ], [ 2543417.311000000219792, 1155758.66 ], [ 2543414.491, 1155746.629999999888241 ], [ 2543412.472572717349976, 1155744.123089325381443 ], [ 2543400.273, 1155753.064 ], [ 2543434.420577000360936, 1155790.001325195422396 ], [ 2543434.932, 1155789.231 ] ] ] ] } },
{ "type": "Feature", "properties": { "ANNEE_DE_R": 2025, "CODE_PROGR": "Bio", "CODE_UTILI": 513, "IDENTIFICA": "VD_2025_476949", "NOMBRE_ARB": 0, "PROGRAMME": "Production bio", "SHAPE_AREA": 29638.847, "SHAPE_LEN": 727.826, "SURFACE_M2": 177834, "UTILISATIO": "Blé d'automne (sans blé fourrager de la liste swiss granum)" }, "geometry": { "type": "MultiPolygon", "coordinates": [ [ [ [ 2543480.134999999776483, 1156044.825999999884516 ], [ 2543452.231999999843538, 1156005.723 ], [ 2543366.526, 1156067.212 ], [ 2543358.157000000122935, 1156074.499 ], [ 2543490.160000000149012, 1156278.411 ], [ 2543490.24599999981001, 1156278.343000000109896 ], [ 2543592.756, 1156197.07 ], [ 2543525.140999999828637, 1156105.666 ], [ 2543480.134999999776483, 1156044.825999999884516 ] ] ] ] } },
{ "type": "Feature", "properties": { "ANNEE_DE_R": 2025, "CODE_PROGR": "Non", "CODE_UTILI": 613, "IDENTIFICA": "VD_2025_61933", "NOMBRE_ARB": 6, "PROGRAMME": "Aucun programme", "SHAPE_AREA": 23714.896, "SHAPE_LEN": 834.138, "SURFACE_M2": 23715, "UTILISATIO": "Autres prairies permanentes (sans les pâturages)" }, "geometry": { "type": "MultiPolygon", "coordinates": [ [ [ [ 2543413.785999999847263, 1156760.950999999884516 ], [ 2543337.893999999854714, 1156759.406 ], [ 2543335.771000000182539, 1156758.796 ], [ 2543326.822000000160187, 1156756.224 ], [ 2543322.072999999858439, 1156754.860000000102445 ], [ 2543318.88799999980256, 1156760.635 ], [ 2543324.25400000018999, 1156763.406 ], [ 2543321.19400000013411, 1156768.566000000108033 ], [ 2543319.591, 1156777.351 ], [ 2543322.849, 1156782.291 ], [ 2543328.75400000018999, 1156783.824 ], [ 2543330.335, 1156779.098 ], [ 2543343.953000000212342, 1156783.345 ], [ 2543355.598000000230968, 1156783.839 ], [ 2543357.703000000212342, 1156789.095 ], [ 2543360.045, 1156796.825999999884516 ], [ 2543361.390000000130385, 1156798.66 ], [ 2543356.703000000212342, 1156808.285 ], [ 2543353.924999999813735, 1156809.896 ], [ 2543345.835, 1156814.046 ], [ 2543343.91399999987334, 1156810.296 ], [ 2543336.824, 1156813.936 ], [ 2543335.026, 1156810.362999999895692 ], [ 2543329.896000000182539, 1156812.862 ], [ 2543319.457, 1156793.517 ], [ 2543322.203000000212342, 1156787.723 ], [ 2543316.494, 1156780.387000000104308 ], [ 2543311.324, 1156785.456 ], [ 2543336.724, 1156837.596 ], [ 2543361.205, 1156887.846 ], [ 2543441.236, 1156866.596 ], [ 2543468.52, 1156909.34 ], [ 2543471.376999999862164, 1156913.816000000108033 ], [ 2543477.441000000108033, 1156923.317 ], [ 2543480.677000000141561, 1156928.386 ], [ 2543498.671999999787658, 1156912.348 ], [ 2543515.537, 1156896.075999999884516 ], [ 2543523.327, 1156874.206 ], [ 2543522.949, 1156857.919 ], [ 2543522.906, 1156856.072 ], [ 2543521.747, 1156844.106 ], [ 2543520.057, 1156827.596 ], [ 2543520.086999999824911, 1156812.416 ], [ 2543522.464999999850988, 1156776.535 ], [ 2543522.957, 1156768.616 ], [ 2543520.930000000167638, 1156763.034 ], [ 2543503.430000000167638, 1156752.029 ], [ 2543464.035999999847263, 1156758.566000000108033 ], [ 2543464.098000000230968, 1156757.012000000104308 ], [ 2543441.05599999986589, 1156761.506 ], [ 2543413.785999999847263, 1156760.950999999884516 ] ] ] ] } },
{ "type": "Feature", "properties": { "ANNEE_DE_R": 2025, "CODE_PROGR": "psArableSoilCoverage", "CODE_UTILI": 521, "IDENTIFICA": "VD_2025_515077", "NOMBRE_ARB": 0, "PROGRAMME": "Couverture appropriée du sol (les cultures principales sur terres ouvertes)", "SHAPE_AREA": 22919.847, "SHAPE_LEN": 728.362, "SURFACE_M2": 68760, "UTILISATIO": "Maïs d'ensilage et maïs vert" }, "geometry": { "type": "MultiPolygon", "coordinates": [ [ [ [ 2543670.125, 1157888.376 ], [ 2543659.642, 1157887.986 ], [ 2543604.642, 1157909.736 ], [ 2543595.744, 1157912.891 ], [ 2543541.892, 1157931.986 ], [ 2543529.949, 1157935.848 ], [ 2543483.953000000212342, 1157950.721 ], [ 2543489.001999999862164, 1157974.453 ], [ 2543490.333999999798834, 1157980.716 ], [ 2543493.609999999869615, 1157996.114 ], [ 2543495.007000000216067, 1158002.68 ], [ 2543498.782000000122935, 1158017.761 ], [ 2543500.511, 1158024.669 ], [ 2543505.378, 1158044.116 ], [ 2543791.046, 1157936.878 ], [ 2543775.254999999888241, 1157930.784 ], [ 2543725.27, 1157910.621 ], [ 2543670.125, 1157888.376 ] ] ] ] } },
{ "type": "Feature", "properties": { "ANNEE_DE_R": 2025, "CODE_PROGR": "Non", "CODE_UTILI": 613, "IDENTIFICA": "VD_2025_147050", "NOMBRE_ARB": 0, "PROGRAMME": "Aucun programme", "SHAPE_AREA": 46831.56, "SHAPE_LEN": 2119.137, "SURFACE_M2": 46832, "UTILISATIO": "Autres prairies permanentes (sans les pâturages)" }, "geometry": { "type": "MultiPolygon", "coordinates": [ [ [ [ 2544169.267, 1158037.584 ], [ 2544166.866, 1158043.2 ], [ 2544199.745000000111759, 1158059.651 ], [ 2544222.390999999828637, 1158068.634 ], [ 2544241.991, 1158078.137000000104308 ], [ 2544242.69, 1158073.989 ], [ 2544239.28899999987334, 1158072.611 ], [ 2544229.79, 1158061.906 ], [ 2544219.43099999986589, 1158056.935 ], [ 2544224.55599999986589, 1158041.685 ], [ 2544236.870000000111759, 1158011.075999999884516 ], [ 2544248.992, 1157977.644 ], [ 2544257.637000000104308, 1157958.452 ], [ 2544255.157000000122935, 1157957.212 ], [ 2544235.833999999798834, 1157949.97 ], [ 2544196.37900000018999, 1157928.65 ], [ 2544203.23700000019744, 1157918.909 ], [ 2544215.11200000019744, 1157927.659 ], [ 2544220.545, 1157922.226 ], [ 2544215.458999999798834, 1157911.737999999895692 ], [ 2544184.308000000193715, 1157880.808 ], [ 2544171.717999999877065, 1157863.958000000100583 ], [ 2544164.426, 1157854.199 ], [ 2544141.406, 1157823.57 ], [ 2544126.508, 1157803.848 ], [ 2544119.154999999795109, 1157793.033 ], [ 2544118.057, 1157791.418 ], [ 2544117.575999999884516, 1157790.383 ], [ 2544103.157000000122935, 1157766.188 ], [ 2544081.537, 1157737.798 ], [ 2544060.646000000182539, 1157749.148 ], [ 2544041.953000000212342, 1157763.394 ], [ 2544030.9, 1157771.817 ], [ 2544026.015999999828637, 1157775.539000000106171 ], [ 2544012.251000000163913, 1157786.981 ], [ 2544006.705999999772757, 1157793.43 ], [ 2543976.612999999895692, 1157813.168 ], [ 2543966.254999999888241, 1157819.960999999893829 ], [ 2543964.915, 1157820.679 ], [ 2543949.654999999795109, 1157828.852 ], [ 2543935.893999999854714, 1157836.222 ], [ 2543878.153, 1157801.172 ], [ 2543853.943, 1157817.192 ], [ 2543806.932, 1157847.744 ], [ 2543771.751999999862164, 1157869.061 ], [ 2543723.591, 1157869.675 ], [ 2543742.429, 1157877.062 ], [ 2543761.23, 1157884.435 ], [ 2543815.774000000208616, 1157905.825 ], [ 2543933.507000000216067, 1157952.639999999897555 ], [ 2543995.566999999806285, 1157978.182 ], [ 2544115.251999999862164, 1158026.134 ], [ 2544119.813999999780208, 1158027.943 ], [ 2544127.63799999980256, 1158031.047 ], [ 2544121.578000000212342, 1158024.611 ], [ 2544126.098000000230968, 1158016.071 ], [ 2544112.932, 1158009.482 ], [ 2544068.614, 1157987.007 ], [ 2544061.035999999847263, 1157983.164000000106171 ], [ 2544058.771000000182539, 1157982.014999999897555 ], [ 2544051.967999999877065, 1157978.968000000109896 ], [ 2544032.197000000160187, 1157970.112999999895692 ], [ 2544013.083000000100583, 1157961.553 ], [ 2544026.484999999869615, 1157943.637000000104308 ], [ 2544044.984999999869615, 1157911.021 ], [ 2544064.322999999858439, 1157875.175 ], [ 2544071.44, 1157861.958000000100583 ], [ 2544072.08, 1157860.796 ], [ 2544074.02, 1157856.691000000108033 ], [ 2544097.929, 1157806.102999999886379 ], [ 2544116.327, 1157828.708000000100583 ], [ 2544151.85, 1157872.356 ], [ 2544170.660999999847263, 1157895.348 ], [ 2544186.799000000115484, 1157917.537 ], [ 2544184.308999999891967, 1157922.128 ], [ 2544180.098000000230968, 1157929.893 ], [ 2544189.662, 1157935.08 ], [ 2544204.793, 1157943.285 ], [ 2544219.832, 1157951.44 ], [ 2544248.205, 1157966.827 ], [ 2544242.67, 1157980.225 ], [ 2544236.785000000149012, 1157994.47 ], [ 2544228.883, 1158013.599 ], [ 2544226.123999999836087, 1158020.281 ], [ 2544225.615000000223517, 1158021.513 ], [ 2544223.660000000149012, 1158027.091 ], [ 2544217.552000000141561, 1158044.526 ], [ 2544214.582, 1158053.003 ], [ 2544212.455, 1158059.077 ], [ 2544169.267, 1158037.584 ] ] ] ] } },
{ "type": "Feature", "properties": { "ANNEE_DE_R": 2025, "CODE_PROGR": "psGmf", "CODE_UTILI": 612, "IDENTIFICA": "VD_2025_47238", "NOMBRE_ARB": 0, "PROGRAMME": "Production de lait et de viande basée sur les herbages", "SHAPE_AREA": 6938.786, "SHAPE_LEN": 726.116, "SURFACE_M2": 6939, "UTILISATIO": "Prairies peu intensives (sans les pâturages)" }, "geometry": { "type": "MultiPolygon", "coordinates": [ [ [ [ 2544753.256316709797829, 1158194.874267987906933 ], [ 2544752.833000000100583, 1158194.713 ], [ 2544753.548, 1158187.571 ], [ 2544746.648, 1158190.345 ], [ 2544729.48700000019744, 1158176.395 ], [ 2544723.097, 1158163.385 ], [ 2544703.007000000216067, 1158155.065 ], [ 2544690.757000000216067, 1158146.705 ], [ 2544671.796999999787658, 1158143.236 ], [ 2544647.736, 1158144.075999999884516 ], [ 2544627.285999999847263, 1158142.056 ], [ 2544607.717999999877065, 1158143.904 ], [ 2544601.156, 1158156.82 ], [ 2544701.967000000178814, 1158191.662 ], [ 2544751.611, 1158208.82 ], [ 2544751.611475341953337, 1158208.820040005259216 ], [ 2544753.256316709797829, 1158194.874267987906933 ] ] ], [ [ [ 2544456.322999999858439, 1158148.129 ], [ 2544453.883, 1158146.799000000115484 ], [ 2544450.333000000100583, 1158140.251 ], [ 2544429.862999999895692, 1158123.879 ], [ 2544427.424999999813735, 1158113.236 ], [ 2544425.438, 1158116.892 ], [ 2544419.916999999899417, 1158130.153 ], [ 2544416.602, 1158146.929 ], [ 2544450.316000000108033, 1158160.368 ], [ 2544462.594, 1158149.335 ], [ 2544458.163000000175089, 1158147.719 ], [ 2544456.322999999858439, 1158148.129 ] ] ] ] } },
{ "type": "Feature", "properties": { "ANNEE_DE_R": 2025, "CODE_PROGR": "Bio", "CODE_UTILI": 611, "IDENTIFICA": "VD_2025_44445", "NOMBRE_ARB": 0, "PROGRAMME": "Production bio", "SHAPE_AREA": 7832.64, "SHAPE_LEN": 375.544, "SURFACE_M2": 15666, "UTILISATIO": "Prairies extensives (sans les pâturages)" }, "geometry": { "type": "MultiPolygon", "coordinates": [ [ [ [ 2534699.282999999821186, 1156367.806 ], [ 2534684.697999999858439, 1156341.475 ], [ 2534656.6, 1156352.758 ], [ 2534638.299999999813735, 1156360.108 ], [ 2534637.572000000160187, 1156370.099 ], [ 2534636.026, 1156374.186 ], [ 2534633.651999999769032, 1156377.522000000113621 ], [ 2534631.063999999780208, 1156380.501 ], [ 2534627.356000000145286, 1156384.229 ], [ 2534640.409, 1156403.074 ], [ 2534629.992999999783933, 1156443.818 ], [ 2534658.321, 1156443.28 ], [ 2534664.832, 1156443.094 ], [ 2534689.134999999776483, 1156442.401 ], [ 2534726.987999999895692, 1156441.322 ], [ 2534731.707, 1156441.187 ], [ 2534735.862999999895692, 1156441.068 ], [ 2534745.344, 1156440.798 ], [ 2534743.449, 1156434.031 ], [ 2534739.759999999776483, 1156425.467 ], [ 2534732.307, 1156408.166 ], [ 2534703.866, 1156374.133 ], [ 2534700.666999999899417, 1156370.305 ], [ 2534699.282999999821186, 1156367.806 ] ] ] ] } },
{ "type": "Feature", "properties": { "ANNEE_DE_R": 2025, "CODE_PROGR": "Bio", "CODE_UTILI": 601, "IDENTIFICA": "VD_2025_465941", "NOMBRE_ARB": 0, "PROGRAMME": "Production bio", "SHAPE_AREA": 2464.871, "SHAPE_LEN": 238.204, "SURFACE_M2": 7395, "UTILISATIO": "Prairies artificielles (sans les pâturages)" }, "geometry": { "type": "MultiPolygon", "coordinates": [ [ [ [ 2534739.586999999824911, 1156644.172 ], [ 2534739.079, 1156640.675 ], [ 2534650.821, 1156642.163 ], [ 2534645.849, 1156659.256 ], [ 2534645.720000000204891, 1156667.575999999884516 ], [ 2534737.308999999891967, 1156667.534 ], [ 2534739.521000000182539, 1156664.332 ], [ 2534742.191999999806285, 1156661.659 ], [ 2534744.703000000212342, 1156659.145 ], [ 2534746.176, 1156657.671 ], [ 2534742.315, 1156651.104 ], [ 2534742.640000000130385, 1156649.634 ], [ 2534739.586999999824911, 1156644.172 ] ] ] ] } },
{ "type": "Feature", "properties": { "ANNEE_DE_R": 2025, "CODE_PROGR": "Bio", "CODE_UTILI": 617, "IDENTIFICA": "VD_2025_44450", "NOMBRE_ARB": 5, "PROGRAMME": "Production bio", "SHAPE_AREA": 1099.412, "SHAPE_LEN": 369.848, "SURFACE_M2": 2199, "UTILISATIO": "Pâturages extensifs" }, "geometry": { "type": "MultiPolygon", "coordinates": [ [ [ [ 2534844.634, 1156909.864 ], [ 2534848.31900000013411, 1156903.57 ], [ 2534807.458000000100583, 1156912.494 ], [ 2534672.713, 1156941.918 ], [ 2534671.174000000115484, 1156947.038 ], [ 2534729.967000000178814, 1156936.768 ], [ 2534743.427000000141561, 1156933.610000000102445 ], [ 2534747.662, 1156932.616 ], [ 2534769.594, 1156927.47 ], [ 2534774.546, 1156926.308999999891967 ], [ 2534776.936000000219792, 1156925.748 ], [ 2534824.287, 1156914.638 ], [ 2534834.984999999869615, 1156912.128 ], [ 2534844.634, 1156909.864 ] ] ] ] } },
{ "type": "Feature", "properties": { "ANNEE_DE_R": 2025, "CODE_PROGR": "Bio", "CODE_UTILI": 611, "IDENTIFICA": "VD_2025_446175", "NOMBRE_ARB": 0, "PROGRAMME": "Production bio", "SHAPE_AREA": 525.995, "SHAPE_LEN": 109.855, "SURFACE_M2": 1052, "UTILISATIO": "Prairies extensives (sans les pâturages)" }, "geometry": { "type": "MultiPolygon", "coordinates": [ [ [ [ 2535106.535999999847263, 1152836.102 ], [ 2535105.598000000230968, 1152833.352 ], [ 2535102.848000000230968, 1152833.977 ], [ 2535100.098000000230968, 1152835.415 ], [ 2535091.848000000230968, 1152840.915 ], [ 2535088.223000000230968, 1152846.665 ], [ 2535088.910999999847263, 1152848.102 ], [ 2535089.410999999847263, 1152851.352 ], [ 2535090.410999999847263, 1152855.227 ], [ 2535093.785999999847263, 1152858.102 ], [ 2535098.598000000230968, 1152860.29 ], [ 2535109.098000000230968, 1152864.602 ], [ 2535120.348000000230968, 1152868.352 ], [ 2535123.723000000230968, 1152869.04 ], [ 2535121.285999999847263, 1152866.165 ], [ 2535118.910999999847263, 1152862.477 ], [ 2535114.035999999847263, 1152857.54 ], [ 2535108.723000000230968, 1152852.79 ], [ 2535107.285999999847263, 1152843.415 ], [ 2535106.535999999847263, 1152836.102 ] ] ] ] } },
{ "type": "Feature", "properties": { "ANNEE_DE_R": 2025, "CODE_PROGR": "Non", "CODE_UTILI": 703, "IDENTIFICA": "VD_2025_454046", "NOMBRE_ARB": 0, "PROGRAMME": "Aucun programme", "SHAPE_AREA": 953.736, "SHAPE_LEN": 155.248, "SURFACE_M2": 954, "UTILISATIO": "Cultures fruitières (poires)" }, "geometry": { "type": "MultiPolygon", "coordinates": [ [ [ [ 2535076.889, 1157715.224 ], [ 2535082.967000000178814, 1157734.921 ], [ 2535110.329, 1157726.264999999897555 ], [ 2535138.705999999772757, 1157696.281999999890104 ], [ 2535091.870000000111759, 1157710.634 ], [ 2535076.889, 1157715.224 ] ] ] ] } },
{ "type": "Feature", "properties": { "ANNEE_DE_R": 2025, "CODE_PROGR": "Non", "CODE_UTILI": 902, "IDENTIFICA": "VD_2025_55990", "NOMBRE_ARB": 0, "PROGRAMME": "Aucun programme", "SHAPE_AREA": 1583.514, "SHAPE_LEN": 498.035, "SURFACE_M2": 1584, "UTILISATIO": "Surfaces improductives (p. ex. haies sans les bandes tampons, surfaces broyées, surfaces avec un degré élevé de mauvaises herbes)" }, "geometry": { "type": "MultiPolygon", "coordinates": [ [ [ [ 2535326.866, 1157484.367 ], [ 2535326.869290719740093, 1157482.622918497305363 ], [ 2535326.869, 1157482.623 ], [ 2535326.866, 1157484.367 ] ] ] ] } },
{ "type": "Feature", "properties": { "ANNEE_DE_R": 2025, "CODE_PROGR": "psArableSoilCoverage", "CODE_UTILI": 521, "IDENTIFICA": "VD_2025_518299", "NOMBRE_ARB": 0, "PROGRAMME": "Couverture appropriée du sol (les cultures principales sur terres ouvertes)", "SHAPE_AREA": 17387.307, "SHAPE_LEN": 669.791, "SURFACE_M2": 52162, "UTILISATIO": "Maïs d'ensilage et maïs vert" }, "geometry": { "type": "MultiPolygon", "coordinates": [ [ [ [ 2535858.057, 1158339.383 ], [ 2535849.166999999899417, 1158325.778 ], [ 2535830.473000000230968, 1158340.555 ], [ 2535825.098000000230968, 1158345.242 ], [ 2535821.473000000230968, 1158348.867 ], [ 2535818.967999999877065, 1158359.159 ], [ 2535818.625, 1158371.79 ], [ 2535819.981000000145286, 1158384.33 ], [ 2535827.543, 1158406.33 ], [ 2535834.721, 1158420.422 ], [ 2535847.137000000104308, 1158443.574 ], [ 2535860.159, 1158469.473 ], [ 2535886.409, 1158507.473 ], [ 2535912.758, 1158557.79 ], [ 2535923.194999999832362, 1158580.352999999886379 ], [ 2535927.375, 1158589.879999999888241 ], [ 2535995.80599999986589, 1158582.78 ], [ 2535971.603000000119209, 1158530.334 ], [ 2535967.035999999847263, 1158520.217 ], [ 2535957.572000000160187, 1158502.014999999897555 ], [ 2535952.031, 1158491.176 ], [ 2535937.089999999850988, 1158463.962 ], [ 2535931.916999999899417, 1158456.889999999897555 ], [ 2535917.632000000216067, 1158436.932 ], [ 2535916.92, 1158435.789000000106171 ], [ 2535901.288000000175089, 1158410.688 ], [ 2535900.532999999821186, 1158409.263 ], [ 2535886.253, 1158384.210999999893829 ], [ 2535884.970000000204891, 1158382.206 ], [ 2535872.682, 1158362.258 ], [ 2535858.057, 1158339.383 ] ] ] ] } },
{ "type": "Feature", "properties": { "ANNEE_DE_R": 2025, "CODE_PROGR": "psClimateEfficientNUse", "CODE_UTILI": 601, "IDENTIFICA": "VD_2025_499749", "NOMBRE_ARB": 0, "PROGRAMME": "Utilisation efficiente de l’azote dans les grandes cultures", "SHAPE_AREA": 15534.647, "SHAPE_LEN": 633.019, "SURFACE_M2": 15535, "UTILISATIO": "Prairies artificielles (sans les pâturages)" }, "geometry": { "type": "MultiPolygon", "coordinates": [ [ [ [ 2536585.353999999817461, 1157900.198 ], [ 2536573.922370262909681, 1157900.266520686913282 ], [ 2536573.336999999824911, 1157912.091 ], [ 2536559.853000000119209, 1157933.569 ], [ 2536518.561000000219792, 1157939.628 ], [ 2536510.061000000219792, 1157941.742 ], [ 2536495.969, 1157939.281 ], [ 2536476.969, 1157927.531 ], [ 2536461.719, 1157924.781 ], [ 2536458.313, 1157927.092 ], [ 2536433.719, 1157943.781 ], [ 2536425.719, 1157952.031 ], [ 2536417.719, 1157970.531 ], [ 2536411.469, 1157988.031 ], [ 2536411.469, 1158009.031 ], [ 2536411.719, 1158030.281 ], [ 2536409.418, 1158049.56 ], [ 2536453.416999999899417, 1158030.81 ], [ 2536475.418, 1158021.435 ], [ 2536481.846, 1158018.352 ], [ 2536502.991, 1158008.210999999893829 ], [ 2536512.168, 1158003.81 ], [ 2536518.975, 1158000.952 ], [ 2536530.932, 1157995.931 ], [ 2536534.799999999813735, 1157994.307 ], [ 2536555.381, 1157985.665 ], [ 2536557.418, 1157984.81 ], [ 2536567.526999999769032, 1157981.072 ], [ 2536581.418, 1157975.935 ], [ 2536582.774000000208616, 1157975.358 ], [ 2536605.268000000156462, 1157965.231 ], [ 2536607.543, 1157972.685 ], [ 2536616.398, 1157964.342 ], [ 2536619.131, 1157959.825999999884516 ], [ 2536617.768000000156462, 1157927.294 ], [ 2536613.231999999843538, 1157892.102 ], [ 2536594.461999999824911, 1157897.091 ], [ 2536593.560452805832028, 1157897.1954145738855 ], [ 2536585.353999999817461, 1157900.198 ] ] ] ] } },
{ "type": "Feature", "properties": { "ANNEE_DE_R": 2025, "CODE_PROGR": "Non", "CODE_UTILI": 611, "IDENTIFICA": "VD_2025_5758", "NOMBRE_ARB": 0, "PROGRAMME": "Aucun programme", "SHAPE_AREA": 3014.54, "SHAPE_LEN": 341.399, "SURFACE_M2": 3015, "UTILISATIO": "Prairies extensives (sans les pâturages)" }, "geometry": { "type": "MultiPolygon", "coordinates": [ [ [ [ 2536262.291000000201166, 1158425.653 ], [ 2536245.183000000193715, 1158396.982 ], [ 2536193.683000000193715, 1158423.982 ], [ 2536196.865000000223517, 1158430.169 ], [ 2536197.990000000223517, 1158431.669 ], [ 2536168.100999999791384, 1158445.52 ], [ 2536124.12099999981001, 1158464.896 ], [ 2536125.788000000175089, 1158478.456 ], [ 2536157.869, 1158466.132 ], [ 2536159.933999999891967, 1158465.166 ], [ 2536168.811000000219792, 1158461.652 ], [ 2536177.873000000137836, 1158458.162 ], [ 2536191.799000000115484, 1158452.614 ], [ 2536232.146999999880791, 1158437.185 ], [ 2536255.853000000119209, 1158428.019 ], [ 2536262.291000000201166, 1158425.653 ] ] ] ] } },
{ "type": "Feature", "properties": { "ANNEE_DE_R": 2025, "CODE_PROGR": "psArableSoilCoverage", "CODE_UTILI": 557, "IDENTIFICA": "VD_2025_490947", "NOMBRE_ARB": 0, "PROGRAMME": "Couverture appropriée du sol (les cultures principales sur terres ouvertes)", "SHAPE_AREA": 3367.127, "SHAPE_LEN": 237.525, "SURFACE_M2": 6735, "UTILISATIO": "Jachère tournante" }, "geometry": { "type": "MultiPolygon", "coordinates": [ [ [ [ 2536436.231999999843538, 1158522.056 ], [ 2536444.055000000167638, 1158473.57 ], [ 2536367.478000000119209, 1158477.371 ], [ 2536371.103000000119209, 1158523.808999999891967 ], [ 2536430.031, 1158522.534 ], [ 2536436.231999999843538, 1158522.056 ] ] ] ] } },
{ "type": "Feature", "properties": { "ANNEE_DE_R": 2025, "CODE_PROGR": "psmArableFarming", "CODE_UTILI": 513, "IDENTIFICA": "VD_2025_391981", "NOMBRE_ARB": 0, "PROGRAMME": "Non-recours aux produits phytosanitaires dans les grandes cultures", "SHAPE_AREA": 21191.633, "SHAPE_LEN": 640.148, "SURFACE_M2": 105959, "UTILISATIO": "Blé d'automne (sans blé fourrager de la liste swiss granum)" }, "geometry": { "type": "MultiPolygon", "coordinates": [ [ [ [ 2536375.858, 1158835.333000000100583 ], [ 2536379.080999999772757, 1158816.242 ], [ 2536339.032000000122935, 1158829.261 ], [ 2536273.17, 1158850.673 ], [ 2536266.366, 1158852.885 ], [ 2536248.822999999858439, 1158858.588 ], [ 2536240.349, 1158861.343000000109896 ], [ 2536238.191000000108033, 1158862.044 ], [ 2536169.551, 1158884.359 ], [ 2536165.660999999847263, 1158892.079 ], [ 2536165.032000000122935, 1158985.587 ], [ 2536168.899000000208616, 1158988.665 ], [ 2536214.76299999980256, 1158973.618 ], [ 2536360.62099999981001, 1158925.59 ], [ 2536375.858, 1158835.333000000100583 ] ] ] ] } },
{ "type": "Feature", "properties": { "ANNEE_DE_R": 2025, "CODE_PROGR": "Bio", "CODE_UTILI": 611, "IDENTIFICA": "VD_2025_402618", "NOMBRE_ARB": 0, "PROGRAMME": "Production bio", "SHAPE_AREA": 5020.047, "SHAPE_LEN": 1431.412, "SURFACE_M2": 10041, "UTILISATIO": "Prairies extensives (sans les pâturages)" }, "geometry": { "type": "MultiPolygon", "coordinates": [ [ [ [ 2536735.50400000018999, 1154522.399 ], [ 2536717.935, 1154571.516 ], [ 2536708.541000000201166, 1154594.307 ], [ 2536710.561000000219792, 1154603.768 ], [ 2536713.936000000219792, 1154604.018 ], [ 2536746.204, 1154510.477 ], [ 2536739.704, 1154516.415 ], [ 2536735.50400000018999, 1154522.399 ] ] ], [ [ [ 2536620.373000000137836, 1154631.889 ], [ 2536619.796999999787658, 1154640.73 ], [ 2536621.882000000216067, 1154642.168 ], [ 2536626.123000000137836, 1154621.467 ], [ 2536626.554, 1154612.985000000102445 ], [ 2536622.673, 1154612.266 ], [ 2536621.234999999869615, 1154623.623 ], [ 2536620.373000000137836, 1154631.889 ] ] ], [ [ [ 2536743.757000000216067, 1154610.834 ], [ 2536713.970000000204891, 1154695.752 ], [ 2536716.845000000204891, 1154695.252 ], [ 2536731.96100000012666, 1154682.26 ], [ 2536738.83600000012666, 1154657.26 ], [ 2536746.33600000012666, 1154634.51 ], [ 2536765.58600000012666, 1154576.237999999895692 ], [ 2536751.71100000012666, 1154586.487999999895692 ], [ 2536743.757000000216067, 1154610.834 ] ] ], [ [ [ 2536641.828000000212342, 1154670.742 ], [ 2536647.974, 1154656.518 ], [ 2536639.466, 1154652.414000000106171 ], [ 2536629.156, 1154649.311 ], [ 2536629.828000000212342, 1154658.617 ], [ 2536636.078000000212342, 1154670.117 ], [ 2536641.828000000212342, 1154670.742 ] ] ], [ [ [ 2536628.055000000167638, 1154670.332 ], [ 2536624.350999999791384, 1154661.924000000115484 ], [ 2536622.349, 1154644.807 ], [ 2536619.446, 1154644.206 ], [ 2536622.449, 1154670.531999999890104 ], [ 2536634.660999999847263, 1154680.942 ], [ 2536628.055000000167638, 1154670.332 ] ] ], [ [ [ 2536601.078000000212342, 1154670.367 ], [ 2536602.765000000130385, 1154672.242 ], [ 2536605.390000000130385, 1154672.242 ], [ 2536608.328000000212342, 1154671.242 ], [ 2536609.640000000130385, 1154668.117 ], [ 2536608.274000000208616, 1154659.322 ], [ 2536601.274000000208616, 1154668.197 ], [ 2536601.078000000212342, 1154670.367 ] ] ], [ [ [ 2536772.467000000178814, 1154482.554 ], [ 2536775.80599999986589, 1154472.906 ], [ 2536778.119, 1154471.156 ], [ 2536784.092000000178814, 1154453.992 ], [ 2536775.904999999795109, 1154451.179 ], [ 2536768.654999999795109, 1154472.617 ], [ 2536771.717000000178814, 1154477.367 ], [ 2536772.467000000178814, 1154482.554 ] ] ], [ [ [ 2536748.367999999783933, 1154497.544 ], [ 2536755.367999999783933, 1154476.551 ], [ 2536758.617999999783933, 1154473.112999999895692 ], [ 2536765.492999999783933, 1154470.612999999895692 ], [ 2536772.717000000178814, 1154450.244 ], [ 2536758.529, 1154449.744 ], [ 2536745.555000000167638, 1154487.672 ], [ 2536737.80599999986589, 1154510.919 ], [ 2536748.367999999783933, 1154497.544 ] ] ], [ [ [ 2536765.619, 1154544.196 ], [ 2536771.994, 1154562.196 ], [ 2536789.390000000130385, 1154495.985000000102445 ], [ 2536779.515000000130385, 1154503.235000000102445 ], [ 2536765.619, 1154544.196 ] ] ], [ [ [ 2536745.316000000108033, 1154563.938 ], [ 2536742.441000000108033, 1154564.001 ], [ 2536729.876999999862164, 1154601.531999999890104 ], [ 2536734.373000000137836, 1154605.331 ], [ 2536737.498000000137836, 1154610.393 ], [ 2536775.137000000104308, 1154500.28 ], [ 2536768.737999999895692, 1154486.56 ], [ 2536747.003, 1154552.001 ], [ 2536748.441000000108033, 1154555.813 ], [ 2536745.316000000108033, 1154563.938 ] ] ], [ [ [ 2536769.640000000130385, 1154564.485000000102445 ], [ 2536764.515000000130385, 1154548.360000000102445 ], [ 2536752.890000000130385, 1154581.485000000102445 ], [ 2536767.015000000130385, 1154571.360000000102445 ], [ 2536769.640000000130385, 1154564.485000000102445 ] ] ] ] } },
{ "type": "Feature", "properties": { "ANNEE_DE_R": 2025, "CODE_PROGR": "psmArableFarming", "CODE_UTILI": 513, "IDENTIFICA": "VD_2025_113045", "NOMBRE_ARB": 0, "PROGRAMME": "Non-recours aux produits phytosanitaires dans les grandes cultures", "SHAPE_AREA": 35574.39, "SHAPE_LEN": 747.409, "SURFACE_M2": 106724, "UTILISATIO": "Blé d'automne (sans blé fourrager de la liste swiss granum)" }, "geometry": { "type": "MultiPolygon", "coordinates": [ [ [ [ 2536553.842999999877065, 1155013.551 ], [ 2536545.369, 1155120.26 ], [ 2536545.062979695852846, 1155124.112629216397181 ], [ 2536542.785457727033645, 1155152.792123193619773 ], [ 2536542.753, 1155153.202 ], [ 2536542.308999999891967, 1155158.793 ], [ 2536541.771999999880791, 1155165.554 ], [ 2536542.640000000130385, 1155173.471 ], [ 2536543.328000000212342, 1155180.596 ], [ 2536545.021000000182539, 1155215.735000000102445 ], [ 2536583.373999999836087, 1155231.546 ], [ 2536606.679, 1155240.984 ], [ 2536612.188999999780208, 1155242.547 ], [ 2536623.111, 1155245.644 ], [ 2536631.804, 1155248.109 ], [ 2536638.99599999981001, 1155248.343000000109896 ], [ 2536640.822000000160187, 1155248.403 ], [ 2536644.37900000018999, 1155248.519 ], [ 2536648.967000000178814, 1155247.442 ], [ 2536653.566000000108033, 1155246.362 ], [ 2536655.546, 1155245.897000000113621 ], [ 2536657.515999999828637, 1155245.435 ], [ 2536659.41399999987334, 1155243.94 ], [ 2536660.44, 1155243.131 ], [ 2536663.120000000111759, 1155241.021 ], [ 2536664.444999999832362, 1155239.977 ], [ 2536665.977, 1155238.77 ], [ 2536670.665, 1155233.27 ], [ 2536673.18099999986589, 1155229.173 ], [ 2536675.199, 1155225.528 ], [ 2536676.791000000201166, 1155219.352 ], [ 2536680.983, 1155203.088 ], [ 2536681.382000000216067, 1155201.29 ], [ 2536683.089999999850988, 1155193.596 ], [ 2536684.719, 1155183.857 ], [ 2536686.078000000212342, 1155175.729 ], [ 2536687.524000000208616, 1155167.084 ], [ 2536689.666000000201166, 1155155.834 ], [ 2536690.001999999862164, 1155154.068 ], [ 2536690.751999999862164, 1155148.932 ], [ 2536692.438999999780208, 1155137.381 ], [ 2536693.304, 1155132.719 ], [ 2536693.707, 1155130.156999999890104 ], [ 2536696.02, 1155118.075 ], [ 2536696.893999999854714, 1155113.509 ], [ 2536699.910000000149012, 1155096.429 ], [ 2536700.856999999843538, 1155091.068 ], [ 2536703.233, 1155081.222 ], [ 2536705.606999999843538, 1155071.379999999888241 ], [ 2536707.011, 1155066.115 ], [ 2536709.651999999769032, 1155056.209 ], [ 2536713.736, 1155035.815 ], [ 2536714.433000000193715, 1155033.747 ], [ 2536717.899000000208616, 1155023.464 ], [ 2536719.768000000156462, 1155018.128 ], [ 2536717.724, 1155016.158 ], [ 2536707.180000000167638, 1155011.24 ], [ 2536695.555000000167638, 1155005.74 ], [ 2536678.75, 1155003.918 ], [ 2536669.669000000227243, 1155002.163 ], [ 2536665.813, 1155001.418 ], [ 2536657.052000000141561, 1154999.316000000108033 ], [ 2536622.643999999854714, 1154995.125 ], [ 2536620.54, 1154995.011 ], [ 2536575.697000000160187, 1154992.58 ], [ 2536560.085, 1154991.733 ], [ 2536557.237999999895692, 1155001.685 ], [ 2536554.246088614687324, 1155012.141267625615001 ], [ 2536553.842999999877065, 1155013.551 ] ] ] ] } },
{ "type": "Feature", "properties": { "ANNEE_DE_R": 2025, "CODE_PROGR": "psGmf", "CODE_UTILI": 617, "IDENTIFICA": "VD_2025_38085", "NOMBRE_ARB": 4, "PROGRAMME": "Production de lait et de viande basée sur les herbages", "SHAPE_AREA": 5903.121, "SHAPE_LEN": 368.463, "SURFACE_M2": 5904, "UTILISATIO": "Pâturages extensifs" }, "geometry": { "type": "MultiPolygon", "coordinates": [ [ [ [ 2536717.724, 1155016.158 ], [ 2536720.404, 1155012.477999999886379 ], [ 2536711.029, 1155002.852999999886379 ], [ 2536699.529, 1154993.537 ], [ 2536690.029, 1154984.037 ], [ 2536689.029, 1154955.037 ], [ 2536691.529, 1154937.037 ], [ 2536697.029, 1154930.537 ], [ 2536701.332, 1154924.47 ], [ 2536623.421, 1154897.439 ], [ 2536618.393999999854714, 1154915.504999999888241 ], [ 2536622.142, 1154934.033 ], [ 2536623.957, 1154939.689 ], [ 2536625.126000000163913, 1154943.333000000100583 ], [ 2536625.580999999772757, 1154944.751 ], [ 2536627.848000000230968, 1154951.816000000108033 ], [ 2536629.895, 1154956.585 ], [ 2536631.677000000141561, 1154960.735000000102445 ], [ 2536634.11200000019744, 1154966.408 ], [ 2536637.958000000100583, 1154974.18 ], [ 2536640.700000000186265, 1154979.721 ], [ 2536641.535000000149012, 1154981.408 ], [ 2536642.574, 1154983.093000000109896 ], [ 2536644.758, 1154986.635 ], [ 2536648.473000000230968, 1154992.658 ], [ 2536650.26299999980256, 1154994.264999999897555 ], [ 2536653.048, 1154996.628 ], [ 2536657.052000000141561, 1154999.316000000108033 ], [ 2536665.813, 1155001.418 ], [ 2536669.669000000227243, 1155002.163 ], [ 2536678.75, 1155003.918 ], [ 2536695.555000000167638, 1155005.74 ], [ 2536707.180000000167638, 1155011.24 ], [ 2536717.724, 1155016.158 ] ] ] ] } },
{ "type": "Feature", "properties": { "ANNEE_DE_R": 2025, "CODE_PROGR": "Non", "CODE_UTILI": 611, "IDENTIFICA": "VD_2025_63541", "NOMBRE_ARB": 0, "PROGRAMME": "Aucun programme", "SHAPE_AREA": 1689.042, "SHAPE_LEN": 428.218, "SURFACE_M2": 1690, "UTILISATIO": "Prairies extensives (sans les pâturages)" }, "geometry": { "type": "MultiPolygon", "coordinates": [ [ [ [ 2536709.842999999877065, 1158339.504999999888241 ], [ 2536705.378, 1158347.194 ], [ 2536699.878, 1158376.444 ], [ 2536697.878, 1158415.194 ], [ 2536702.128, 1158540.944 ], [ 2536713.822999999858439, 1158538.945 ], [ 2536716.523, 1158538.483 ], [ 2536713.26299999980256, 1158529.746 ], [ 2536705.410000000149012, 1158412.32 ], [ 2536705.045, 1158408.22 ], [ 2536705.509, 1158380.077 ], [ 2536707.73, 1158351.587 ], [ 2536714.566999999806285, 1158352.210999999893829 ], [ 2536714.941000000108033, 1158342.525 ], [ 2536709.842999999877065, 1158339.504999999888241 ] ] ] ] } },
{ "type": "Feature", "properties": { "ANNEE_DE_R": 2025, "CODE_PROGR": "psGmf", "CODE_UTILI": 617, "IDENTIFICA": "VD_2025_47792", "NOMBRE_ARB": 7, "PROGRAMME": "Production de lait et de viande basée sur les herbages", "SHAPE_AREA": 36603.058, "SHAPE_LEN": 1744.32, "SURFACE_M2": 36604, "UTILISATIO": "Pâturages extensifs" }, "geometry": { "type": "MultiPolygon", "coordinates": [ [ [ [ 2536868.808000000193715, 1158459.803 ], [ 2536870.668, 1158459.927 ], [ 2536878.085, 1158460.176 ], [ 2536884.444999999832362, 1158459.428 ], [ 2536890.038000000175089, 1158458.77 ], [ 2536904.484999999869615, 1158455.769 ], [ 2536919.241, 1158453.075 ], [ 2536932.163000000175089, 1158450.02 ], [ 2536941.825000000186265, 1158448.185 ], [ 2536942.981999999843538, 1158447.965 ], [ 2536958.419000000227243, 1158445.965 ], [ 2536961.143000000156462, 1158445.581 ], [ 2536967.526999999769032, 1158445.104 ], [ 2536969.276999999769032, 1158444.854 ], [ 2536976.651999999769032, 1158443.854 ], [ 2536980.589000000152737, 1158442.354 ], [ 2536985.271000000182539, 1158440.324 ], [ 2536987.858, 1158437.911 ], [ 2536987.807, 1158436.72 ], [ 2536983.58, 1158433.831 ], [ 2536977.393000000156462, 1158437.081 ], [ 2536973.268000000156462, 1158437.331 ], [ 2536968.768000000156462, 1158435.518 ], [ 2536964.893000000156462, 1158431.143 ], [ 2536961.143000000156462, 1158430.831 ], [ 2536954.58, 1158431.893 ], [ 2536955.737999999895692, 1158434.6 ], [ 2536959.018000000156462, 1158442.268 ], [ 2536938.977, 1158443.773 ], [ 2536937.977, 1158430.71 ], [ 2536939.018000000156462, 1158427.252 ], [ 2536929.393000000156462, 1158423.877 ], [ 2536903.643000000156462, 1158412.774 ], [ 2536896.955999999772757, 1158410.462 ], [ 2536893.893000000156462, 1158411.065 ], [ 2536891.080999999772757, 1158411.565 ], [ 2536884.893000000156462, 1158412.315 ], [ 2536861.143000000156462, 1158417.274 ], [ 2536868.808000000193715, 1158459.803 ] ] ], [ [ [ 2536885.978999999817461, 1158410.938 ], [ 2536897.299999999813735, 1158408.847 ], [ 2536905.549999999813735, 1158411.347 ], [ 2536916.299999999813735, 1158416.222 ], [ 2536939.018000000156462, 1158427.252 ], [ 2536930.978000000119209, 1158420.108 ], [ 2536912.453000000212342, 1158413.31 ], [ 2536910.259999999776483, 1158410.737999999895692 ], [ 2536909.407000000122935, 1158407.927 ], [ 2536896.56900000013411, 1158361.801 ], [ 2536877.600999999791384, 1158358.84 ], [ 2536854.815, 1158347.949 ], [ 2536802.193, 1158320.308 ], [ 2536785.646000000182539, 1158311.717 ], [ 2536740.19400000013411, 1158288.926 ], [ 2536668.81900000013411, 1158238.926 ], [ 2536638.287, 1158220.577 ], [ 2536632.183000000193715, 1158221.558999999891967 ], [ 2536628.551, 1158228.679 ], [ 2536626.08, 1158257.639999999897555 ], [ 2536625.31900000013411, 1158265.531 ], [ 2536624.927999999839813, 1158269.091 ], [ 2536624.36200000019744, 1158274.25 ], [ 2536623.742, 1158279.246 ], [ 2536709.842999999877065, 1158339.504999999888241 ], [ 2536714.941000000108033, 1158342.525 ], [ 2536714.566999999806285, 1158352.210999999893829 ], [ 2536714.563999999780208, 1158377.583000000100583 ], [ 2536718.097, 1158405.921 ], [ 2536720.029, 1158411.387000000104308 ], [ 2536723.166999999899417, 1158419.561 ], [ 2536730.27, 1158443.642 ], [ 2536734.19400000013411, 1158504.164000000106171 ], [ 2536735.719, 1158508.595 ], [ 2536746.258, 1158539.656999999890104 ], [ 2536748.71, 1158548.263 ], [ 2536748.537, 1158565.382 ], [ 2536733.025, 1158573.572 ], [ 2536746.754999999888241, 1158654.158 ], [ 2536748.44400000013411, 1158677.616 ], [ 2536755.912, 1158664.346 ], [ 2536757.501000000163913, 1158635.663 ], [ 2536759.719, 1158595.649 ], [ 2536769.892, 1158595.866 ], [ 2536781.302999999839813, 1158610.602 ], [ 2536780.748999999836087, 1158607.331 ], [ 2536778.679, 1158595.123 ], [ 2536774.481999999843538, 1158570.355 ], [ 2536767.24599999981001, 1158526.963 ], [ 2536763.805000000167638, 1158507.352 ], [ 2536760.884, 1158490.115 ], [ 2536757.808999999891967, 1158471.531999999890104 ], [ 2536757.457, 1158464.483 ], [ 2536757.832, 1158459.858 ], [ 2536758.251999999862164, 1158458.948 ], [ 2536759.332, 1158456.608 ], [ 2536760.62099999981001, 1158453.662 ], [ 2536763.546, 1158451.35 ], [ 2536765.086999999824911, 1158450.636 ], [ 2536766.316000000108033, 1158450.067 ], [ 2536769.671, 1158449.356 ], [ 2536788.969, 1158451.359 ], [ 2536841.208000000100583, 1158457.308 ], [ 2536842.721, 1158457.481 ], [ 2536850.643000000156462, 1158458.383 ], [ 2536844.728999999817461, 1158419.59 ], [ 2536860.674999999813735, 1158416.372 ], [ 2536861.143000000156462, 1158417.274 ], [ 2536885.978999999817461, 1158410.938 ] ] ] ] } },
{ "type": "Feature", "properties": { "ANNEE_DE_R": 2025, "CODE_PROGR": "Non", "CODE_UTILI": 902, "IDENTIFICA": "VD_2025_499106", "NOMBRE_ARB": 0, "PROGRAMME": "Aucun programme", "SHAPE_AREA": 3260.613, "SHAPE_LEN": 2260.7, "SURFACE_M2": 3261, "UTILISATIO": "Surfaces improductives (p. ex. haies sans les bandes tampons, surfaces broyées, surfaces avec un degré élevé de mauvaises herbes)" }, "geometry": { "type": "MultiPolygon", "coordinates": [ [ [ [ 2536781.302999999839813, 1158610.602 ], [ 2536781.69400000013411, 1158612.91 ], [ 2536770.379999999888241, 1158646.164000000106171 ], [ 2536766.757000000216067, 1158656.811 ], [ 2536764.631, 1158663.058999999891967 ], [ 2536764.111, 1158664.588 ], [ 2536759.961999999824911, 1158672.524 ], [ 2536756.954, 1158678.622 ], [ 2536750.847, 1158690.063 ], [ 2536748.812, 1158694.225 ], [ 2536744.629999999888241, 1158702.852 ], [ 2536742.842999999877065, 1158705.269 ], [ 2536739.602, 1158710.29 ], [ 2536736.350999999791384, 1158715.325999999884516 ], [ 2536729.034, 1158726.663 ], [ 2536717.912, 1158743.893 ], [ 2536712.691999999806285, 1158751.98 ], [ 2536706.687, 1158761.014 ], [ 2536704.541999999899417, 1158764.241 ], [ 2536701.274000000208616, 1158770.811 ], [ 2536691.109000000171363, 1158791.241 ], [ 2536684.003, 1158805.785 ], [ 2536683.109000000171363, 1158807.616 ], [ 2536682.188999999780208, 1158809.32 ], [ 2536673.097, 1158826.162 ], [ 2536668.835, 1158835.344 ], [ 2536664.012000000104308, 1158845.737 ], [ 2536656.044000000227243, 1158865.654 ], [ 2536649.595000000204891, 1158881.775 ], [ 2536656.876000000163913, 1158867.129999999888241 ], [ 2536657.899000000208616, 1158865.071 ], [ 2536658.679, 1158863.503 ], [ 2536659.188, 1158862.479 ], [ 2536661.483, 1158857.862999999895692 ], [ 2536668.088, 1158844.578 ], [ 2536670.842000000178814, 1158839.038 ], [ 2536681.975, 1158816.645 ], [ 2536687.191000000108033, 1158806.154 ], [ 2536697.967999999877065, 1158784.476 ], [ 2536700.193, 1158780.0 ], [ 2536712.529999999795109, 1158755.183999999891967 ], [ 2536723.089999999850988, 1158745.623 ], [ 2536724.955, 1158743.935 ], [ 2536742.896000000182539, 1158714.234 ], [ 2536743.687, 1158712.253 ], [ 2536750.19400000013411, 1158695.952 ], [ 2536750.796, 1158694.835999999893829 ], [ 2536761.801, 1158674.223 ], [ 2536767.845000000204891, 1158663.207 ], [ 2536772.538000000175089, 1158651.499 ], [ 2536777.342999999877065, 1158635.787 ], [ 2536777.816000000108033, 1158634.227 ], [ 2536783.924000000115484, 1158620.115 ], [ 2536786.106000000145286, 1158615.075 ], [ 2536785.523, 1158611.919 ], [ 2536780.651, 1158585.558 ], [ 2536777.967000000178814, 1158571.037 ], [ 2536775.171999999787658, 1158557.008 ], [ 2536772.916000000201166, 1158545.685 ], [ 2536768.714999999850988, 1158525.742 ], [ 2536767.836999999824911, 1158521.575 ], [ 2536765.734000000171363, 1158509.724 ], [ 2536761.683999999891967, 1158486.906999999890104 ], [ 2536761.183999999891967, 1158483.781999999890104 ], [ 2536760.862999999895692, 1158481.416999999899417 ], [ 2536759.565, 1158471.834 ], [ 2536759.896999999880791, 1158466.085999999893829 ], [ 2536760.521999999880791, 1158460.585999999893829 ], [ 2536761.785999999847263, 1158456.018 ], [ 2536764.035999999847263, 1158453.268 ], [ 2536768.223000000230968, 1158452.018 ], [ 2536771.021999999880791, 1158452.210999999893829 ], [ 2536819.625, 1158457.44 ], [ 2536834.055000000167638, 1158458.992 ], [ 2536836.264, 1158459.349 ], [ 2536851.055000000167638, 1158461.742 ], [ 2536849.949, 1158467.443 ], [ 2536852.136, 1158476.818 ], [ 2536858.324, 1158474.006 ], [ 2536864.136, 1158481.256 ], [ 2536867.261, 1158482.818 ], [ 2536870.569999999832362, 1158482.629999999888241 ], [ 2536877.981999999843538, 1158525.355 ], [ 2536878.236, 1158526.904 ], [ 2536888.36200000019744, 1158586.242 ], [ 2536888.322999999858439, 1158588.306 ], [ 2536894.676, 1158626.938 ], [ 2536894.845000000204891, 1158627.969 ], [ 2536902.134999999776483, 1158666.717 ], [ 2536912.472, 1158721.656999999890104 ], [ 2536914.514, 1158732.512000000104308 ], [ 2536923.677999999839813, 1158781.214 ], [ 2536934.401, 1158838.210999999893829 ], [ 2536934.717999999877065, 1158839.894 ], [ 2536938.991, 1158856.543 ], [ 2536935.089000000152737, 1158835.614 ], [ 2536931.771000000182539, 1158817.814 ], [ 2536925.990000000223517, 1158786.804 ], [ 2536917.057, 1158738.889 ], [ 2536908.068, 1158690.672 ], [ 2536899.352, 1158643.919 ], [ 2536896.534, 1158627.039000000106171 ], [ 2536891.259, 1158595.445 ], [ 2536890.119, 1158588.169 ], [ 2536884.486, 1158555.061 ], [ 2536881.058999999891967, 1158534.916999999899417 ], [ 2536880.558999999891967, 1158532.604 ], [ 2536880.241, 1158530.932 ], [ 2536879.16399999987334, 1158525.259 ], [ 2536875.918, 1158506.356 ], [ 2536871.832, 1158482.558 ], [ 2536872.971, 1158477.683 ], [ 2536875.207, 1158470.808 ], [ 2536879.233, 1158466.793 ], [ 2536880.596, 1158465.433 ], [ 2536882.583000000100583, 1158464.151 ], [ 2536885.045, 1158463.098 ], [ 2536886.839999999850988, 1158462.939 ], [ 2536891.48700000019744, 1158461.623 ], [ 2536902.048, 1158459.841 ], [ 2536907.089999999850988, 1158458.814 ], [ 2536953.457, 1158451.166999999899417 ], [ 2536974.544000000227243, 1158447.689 ], [ 2536976.137000000104308, 1158449.548 ], [ 2536977.662, 1158451.95 ], [ 2536978.259999999776483, 1158452.892 ], [ 2536982.51299999980256, 1158483.266 ], [ 2536982.764, 1158484.822 ], [ 2536985.407999999821186, 1158484.306 ], [ 2536981.623000000137836, 1158452.266 ], [ 2536989.338, 1158451.556 ], [ 2536989.080999999772757, 1158445.28 ], [ 2536989.433000000193715, 1158443.381 ], [ 2536991.444999999832362, 1158441.842 ], [ 2536987.858, 1158437.911 ], [ 2536985.271000000182539, 1158440.324 ], [ 2536980.589000000152737, 1158442.354 ], [ 2536976.651999999769032, 1158443.854 ], [ 2536969.276999999769032, 1158444.854 ], [ 2536967.526999999769032, 1158445.104 ], [ 2536961.143000000156462, 1158445.581 ], [ 2536958.419000000227243, 1158445.965 ], [ 2536942.981999999843538, 1158447.965 ], [ 2536941.825000000186265, 1158448.185 ], [ 2536932.163000000175089, 1158450.02 ], [ 2536919.241, 1158453.075 ], [ 2536904.484999999869615, 1158455.769 ], [ 2536890.038000000175089, 1158458.77 ], [ 2536884.444999999832362, 1158459.428 ], [ 2536878.085, 1158460.176 ], [ 2536870.668, 1158459.927 ], [ 2536868.808000000193715, 1158459.803 ], [ 2536855.924999999813735, 1158458.944 ], [ 2536852.128, 1158458.691000000108033 ], [ 2536850.643000000156462, 1158458.383 ], [ 2536842.721, 1158457.481 ], [ 2536841.208000000100583, 1158457.308 ], [ 2536788.969, 1158451.359 ], [ 2536769.671, 1158449.356 ], [ 2536766.316000000108033, 1158450.067 ], [ 2536765.086999999824911, 1158450.636 ], [ 2536763.546, 1158451.35 ], [ 2536760.62099999981001, 1158453.662 ], [ 2536759.332, 1158456.608 ], [ 2536758.251999999862164, 1158458.948 ], [ 2536757.832, 1158459.858 ], [ 2536757.457, 1158464.483 ], [ 2536757.808999999891967, 1158471.531999999890104 ], [ 2536760.884, 1158490.115 ], [ 2536763.805000000167638, 1158507.352 ], [ 2536767.24599999981001, 1158526.963 ], [ 2536774.481999999843538, 1158570.355 ], [ 2536778.679, 1158595.123 ], [ 2536780.748999999836087, 1158607.331 ], [ 2536781.302999999839813, 1158610.602 ] ] ] ] } },
{ "type": "Feature", "properties": { "ANNEE_DE_R": 2025, "CODE_PROGR": "Bio", "CODE_UTILI": 611, "IDENTIFICA": "VD_2025_402585", "NOMBRE_ARB": 0, "PROGRAMME": "Production bio", "SHAPE_AREA": 664.982, "SHAPE_LEN": 130.931, "SURFACE_M2": 1330, "UTILISATIO": "Prairies extensives (sans les pâturages)" }, "geometry": { "type": "MultiPolygon", "coordinates": [ [ [ [ 2536787.501000000163913, 1152312.413 ], [ 2536791.751000000163913, 1152307.538 ], [ 2536793.751000000163913, 1152302.913 ], [ 2536796.987999999895692, 1152299.176 ], [ 2536792.626000000163913, 1152291.601 ], [ 2536789.063999999780208, 1152285.288 ], [ 2536782.751000000163913, 1152288.288 ], [ 2536779.586999999824911, 1152294.654 ], [ 2536774.461999999824911, 1152300.529 ], [ 2536755.626000000163913, 1152307.788 ], [ 2536748.376000000163913, 1152311.413 ], [ 2536747.876000000163913, 1152315.288 ], [ 2536753.501000000163913, 1152313.788 ], [ 2536762.626000000163913, 1152310.788 ], [ 2536765.251000000163913, 1152315.788 ], [ 2536770.751000000163913, 1152317.288 ], [ 2536779.501000000163913, 1152316.038 ], [ 2536787.501000000163913, 1152312.413 ] ] ] ] } },
{ "type": "Feature", "properties": { "ANNEE_DE_R": 2025, "CODE_PROGR": "Bio", "CODE_UTILI": 513, "IDENTIFICA": "VD_2025_496354", "NOMBRE_ARB": 0, "PROGRAMME": "Production bio", "SHAPE_AREA": 11174.899, "SHAPE_LEN": 518.108, "SURFACE_M2": 67050, "UTILISATIO": "Blé d'automne (sans blé fourrager de la liste swiss granum)" }, "geometry": { "type": "MultiPolygon", "coordinates": [ [ [ [ 2536852.433999999891967, 1155597.595 ], [ 2536826.509999999776483, 1155569.821 ], [ 2536811.117, 1155616.693 ], [ 2536806.498000000137836, 1155630.759 ], [ 2536814.981000000145286, 1155642.15 ], [ 2536823.711999999824911, 1155652.112999999895692 ], [ 2536840.916999999899417, 1155670.999 ], [ 2536854.992999999783933, 1155686.450999999884516 ], [ 2536883.969, 1155718.259 ], [ 2536907.370000000111759, 1155740.724 ], [ 2536933.833000000100583, 1155758.145 ], [ 2536952.782999999821186, 1155770.428 ], [ 2536952.640000000130385, 1155768.134 ], [ 2536952.524000000208616, 1155766.259 ], [ 2536952.213, 1155761.247 ], [ 2536952.410999999847263, 1155757.056 ], [ 2536952.498000000137836, 1155755.229 ], [ 2536951.85, 1155734.799000000115484 ], [ 2536951.657999999821186, 1155729.927 ], [ 2536951.088, 1155715.484 ], [ 2536950.845000000204891, 1155700.671 ], [ 2536938.727, 1155688.482 ], [ 2536904.30599999986589, 1155653.813 ], [ 2536884.659, 1155632.52 ], [ 2536873.469, 1155620.393 ], [ 2536852.433999999891967, 1155597.595 ] ] ] ] } },
{ "type": "Feature", "properties": { "ANNEE_DE_R": 2025, "CODE_PROGR": "psmArableFarming", "CODE_UTILI": 527, "IDENTIFICA": "VD_2025_491971", "NOMBRE_ARB": 0, "PROGRAMME": "Non-recours aux produits phytosanitaires dans les grandes cultures", "SHAPE_AREA": 55659.731, "SHAPE_LEN": 1102.011, "SURFACE_M2": 278299, "UTILISATIO": "Colza d’automne destiné à la fabrication d’huile comestible" }, "geometry": { "type": "MultiPolygon", "coordinates": [ [ [ [ 2536761.301, 1157831.526 ], [ 2536754.846, 1157829.144 ], [ 2536754.182, 1157830.143 ], [ 2536753.99599999981001, 1157836.898 ], [ 2536753.182, 1157866.393 ], [ 2536753.552000000141561, 1157871.168 ], [ 2536754.983, 1157889.646 ], [ 2536755.842000000178814, 1157900.732 ], [ 2536755.932, 1157901.893 ], [ 2536756.66399999987334, 1157914.095 ], [ 2536757.432, 1157926.893 ], [ 2536759.133, 1157951.525 ], [ 2536762.369, 1157998.393 ], [ 2536762.669000000227243, 1158000.794 ], [ 2536763.362999999895692, 1158006.348 ], [ 2536764.878, 1158018.459 ], [ 2536765.682, 1158024.893 ], [ 2536766.432, 1158044.643 ], [ 2536767.682, 1158067.393 ], [ 2536768.682, 1158088.143 ], [ 2536770.015999999828637, 1158107.085999999893829 ], [ 2536770.682, 1158120.893 ], [ 2536773.46, 1158146.545 ], [ 2536774.932, 1158160.143 ], [ 2536775.878, 1158169.705 ], [ 2536777.182, 1158182.893 ], [ 2536777.389, 1158184.18 ], [ 2536779.311000000219792, 1158196.161 ], [ 2536780.06, 1158200.823 ], [ 2536780.432, 1158203.143 ], [ 2536784.682, 1158222.143 ], [ 2536785.106000000145286, 1158223.78 ], [ 2536790.182, 1158243.393 ], [ 2536793.932, 1158256.643 ], [ 2536799.432, 1158270.393 ], [ 2536801.182, 1158278.143 ], [ 2536802.307, 1158278.54 ], [ 2536808.802000000141561, 1158280.937 ], [ 2536814.721, 1158282.915 ], [ 2536840.096, 1158282.79 ], [ 2536860.346, 1158276.79 ], [ 2536861.685, 1158276.149 ], [ 2536933.471, 1158241.79 ], [ 2536922.614, 1158215.477 ], [ 2536915.188999999780208, 1158196.913 ], [ 2536913.191000000108033, 1158187.83 ], [ 2536911.620000000111759, 1158177.382 ], [ 2536909.98, 1158154.597 ], [ 2536906.691999999806285, 1158118.666 ], [ 2536898.700999999884516, 1158024.038 ], [ 2536893.404, 1157964.227999999886379 ], [ 2536889.944999999832362, 1157911.360000000102445 ], [ 2536888.546, 1157893.354 ], [ 2536889.200000000186265, 1157886.441000000108033 ], [ 2536888.50400000018999, 1157885.342 ], [ 2536867.433999999891967, 1157878.718000000109896 ], [ 2536859.793, 1157875.377 ], [ 2536837.990000000223517, 1157865.841 ], [ 2536823.234000000171363, 1157859.388 ], [ 2536797.393999999854714, 1157848.088 ], [ 2536795.546999999787658, 1157847.24 ], [ 2536777.620000000111759, 1157839.014 ], [ 2536762.895, 1157832.258 ], [ 2536761.301, 1157831.526 ] ] ] ] } },
{ "type": "Feature", "properties": { "ANNEE_DE_R": 2025, "CODE_PROGR": "Non", "CODE_UTILI": 902, "IDENTIFICA": "VD_2025_63545", "NOMBRE_ARB": 0, "PROGRAMME": "Aucun programme", "SHAPE_AREA": 4571.144, "SHAPE_LEN": 285.313, "SURFACE_M2": 4572, "UTILISATIO": "Surfaces improductives (p. ex. haies sans les bandes tampons, surfaces broyées, surfaces avec un degré élevé de mauvaises herbes)" }, "geometry": { "type": "MultiPolygon", "coordinates": [ [ [ [ 2536915.714999999850988, 1158292.443 ], [ 2536902.69, 1158298.212 ], [ 2536899.364, 1158300.311 ], [ 2536897.492999999783933, 1158300.585 ], [ 2536895.776999999769032, 1158301.132 ], [ 2536894.253, 1158301.947 ], [ 2536891.526999999769032, 1158304.584 ], [ 2536888.913000000175089, 1158310.251 ], [ 2536880.342999999877065, 1158314.419 ], [ 2536878.583999999798834, 1158318.399 ], [ 2536884.268000000156462, 1158331.766 ], [ 2536880.62900000018999, 1158346.448 ], [ 2536883.00400000018999, 1158348.412 ], [ 2536884.691000000108033, 1158349.807 ], [ 2536883.983, 1158352.132 ], [ 2536882.683000000193715, 1158353.52 ], [ 2536900.109999999869615, 1158356.446 ], [ 2536914.103999999817461, 1158356.653 ], [ 2536943.166999999899417, 1158353.079 ], [ 2536951.305000000167638, 1158350.612999999895692 ], [ 2536972.43099999986589, 1158340.415 ], [ 2536974.386, 1158336.110000000102445 ], [ 2536967.961999999824911, 1158321.287 ], [ 2536957.53899999987334, 1158297.584 ], [ 2536956.089999999850988, 1158298.843000000109896 ], [ 2536946.490000000223517, 1158303.647000000113621 ], [ 2536944.876999999862164, 1158300.234 ], [ 2536942.904999999795109, 1158296.134 ], [ 2536941.148, 1158292.529 ], [ 2536920.916000000201166, 1158302.493 ], [ 2536918.973000000230968, 1158298.704 ], [ 2536918.222, 1158297.24 ], [ 2536915.714999999850988, 1158292.443 ] ] ] ] } },
{ "type": "Feature", "properties": { "ANNEE_DE_R": 2025, "CODE_PROGR": "psGmf", "CODE_UTILI": 616, "IDENTIFICA": "VD_2025_47791", "NOMBRE_ARB": 14, "PROGRAMME": "Production de lait et de viande basée sur les herbages", "SHAPE_AREA": 41634.589, "SHAPE_LEN": 1565.382, "SURFACE_M2": 41635, "UTILISATIO": "Pâturages (pâturages attenants à la ferme, autres pâturages sauf les pâturages d’estivage)" }, "geometry": { "type": "MultiPolygon", "coordinates": [ [ [ [ 2537011.211999999824911, 1158607.178 ], [ 2537002.588, 1158539.003 ], [ 2537014.867999999783933, 1158533.214 ], [ 2537021.117999999783933, 1158522.714 ], [ 2537022.117999999783933, 1158472.464 ], [ 2537029.867999999783933, 1158456.464 ], [ 2537038.671999999787658, 1158457.883 ], [ 2537045.997, 1158459.847 ], [ 2537056.197999999858439, 1158462.99 ], [ 2537058.595000000204891, 1158464.973 ], [ 2537061.44400000013411, 1158467.222 ], [ 2537068.139, 1158458.491 ], [ 2537071.725999999791384, 1158451.26 ], [ 2537074.859999999869615, 1158444.943 ], [ 2537079.558000000193715, 1158435.472 ], [ 2537094.728999999817461, 1158399.743 ], [ 2537097.952, 1158382.672 ], [ 2537097.756, 1158370.568 ], [ 2537097.691000000108033, 1158366.567 ], [ 2537096.08600000012666, 1158360.176 ], [ 2537092.376000000163913, 1158354.619 ], [ 2537086.859999999869615, 1158351.075999999884516 ], [ 2537060.6, 1158335.44 ], [ 2537053.798, 1158332.575999999884516 ], [ 2537058.208999999798834, 1158374.019 ], [ 2537032.554, 1158383.395 ], [ 2537028.819999999832362, 1158398.997 ], [ 2537051.589000000152737, 1158418.327 ], [ 2537026.421, 1158428.852 ], [ 2537024.893999999854714, 1158433.581 ], [ 2537023.49599999981001, 1158436.279 ], [ 2537019.222, 1158440.554 ], [ 2537015.24599999981001, 1158442.391 ], [ 2537010.532000000122935, 1158443.02 ], [ 2537014.148, 1158448.741 ], [ 2537018.224, 1158456.012000000104308 ], [ 2537006.318, 1158470.682 ], [ 2537004.224, 1158473.262000000104308 ], [ 2536996.849, 1158481.262000000104308 ], [ 2536998.009, 1158502.424000000115484 ], [ 2536997.765000000130385, 1158510.950999999884516 ], [ 2536992.665, 1158512.004999999888241 ], [ 2536991.265000000130385, 1158503.541 ], [ 2536985.827, 1158503.84 ], [ 2536982.764, 1158484.822 ], [ 2536982.51299999980256, 1158483.266 ], [ 2536978.259999999776483, 1158452.892 ], [ 2536977.662, 1158451.95 ], [ 2536976.137000000104308, 1158449.548 ], [ 2536974.544000000227243, 1158447.689 ], [ 2536953.457, 1158451.166999999899417 ], [ 2536907.089999999850988, 1158458.814 ], [ 2536902.048, 1158459.841 ], [ 2536891.48700000019744, 1158461.623 ], [ 2536886.839999999850988, 1158462.939 ], [ 2536885.045, 1158463.098 ], [ 2536882.583000000100583, 1158464.151 ], [ 2536880.596, 1158465.433 ], [ 2536879.233, 1158466.793 ], [ 2536875.207, 1158470.808 ], [ 2536872.971, 1158477.683 ], [ 2536871.832, 1158482.558 ], [ 2536875.918, 1158506.356 ], [ 2536879.16399999987334, 1158525.259 ], [ 2536880.241, 1158530.932 ], [ 2536880.558999999891967, 1158532.604 ], [ 2536881.058999999891967, 1158534.916999999899417 ], [ 2536884.486, 1158555.061 ], [ 2536890.119, 1158588.169 ], [ 2536891.259, 1158595.445 ], [ 2536896.534, 1158627.039000000106171 ], [ 2537011.211999999824911, 1158607.178 ] ] ], [ [ [ 2536792.671999999787658, 1158614.833000000100583 ], [ 2536888.322999999858439, 1158588.306 ], [ 2536888.36200000019744, 1158586.242 ], [ 2536878.236, 1158526.904 ], [ 2536877.981999999843538, 1158525.355 ], [ 2536870.569999999832362, 1158482.629999999888241 ], [ 2536867.261, 1158482.818 ], [ 2536864.287, 1158483.096 ], [ 2536858.537, 1158483.659 ], [ 2536855.85, 1158480.971 ], [ 2536852.136, 1158476.818 ], [ 2536849.949, 1158467.443 ], [ 2536851.055000000167638, 1158461.742 ], [ 2536836.264, 1158459.349 ], [ 2536834.055000000167638, 1158458.992 ], [ 2536819.625, 1158457.44 ], [ 2536771.021999999880791, 1158452.210999999893829 ], [ 2536768.223000000230968, 1158452.018 ], [ 2536764.035999999847263, 1158453.268 ], [ 2536761.785999999847263, 1158456.018 ], [ 2536760.521999999880791, 1158460.585999999893829 ], [ 2536759.896999999880791, 1158466.085999999893829 ], [ 2536759.565, 1158471.834 ], [ 2536760.862999999895692, 1158481.416999999899417 ], [ 2536761.183999999891967, 1158483.781999999890104 ], [ 2536761.683999999891967, 1158486.906999999890104 ], [ 2536765.734000000171363, 1158509.724 ], [ 2536767.836999999824911, 1158521.575 ], [ 2536768.714999999850988, 1158525.742 ], [ 2536772.916000000201166, 1158545.685 ], [ 2536775.171999999787658, 1158557.008 ], [ 2536777.967000000178814, 1158571.037 ], [ 2536780.651, 1158585.558 ], [ 2536785.523, 1158611.919 ], [ 2536786.106000000145286, 1158615.075 ], [ 2536792.671999999787658, 1158614.833000000100583 ] ] ] ] } },
{ "type": "Feature", "properties": { "ANNEE_DE_R": 2025, "CODE_PROGR": "psClimateEfficientNUse", "CODE_UTILI": 601, "IDENTIFICA": "VD_2025_47737", "NOMBRE_ARB": 0, "PROGRAMME": "Utilisation efficiente de l’azote dans les grandes cultures", "SHAPE_AREA": 27195.003, "SHAPE_LEN": 755.476, "SURFACE_M2": 54391, "UTILISATIO": "Prairies artificielles (sans les pâturages)" }, "geometry": { "type": "MultiPolygon", "coordinates": [ [ [ [ 2536894.676, 1158626.938 ], [ 2536888.322999999858439, 1158588.306 ], [ 2536792.671999999787658, 1158614.833000000100583 ], [ 2536810.73700000019744, 1158708.425 ], [ 2536845.313999999780208, 1158882.223 ], [ 2536940.279, 1158871.149 ], [ 2536940.606999999843538, 1158868.808 ], [ 2536939.410000000149012, 1158864.648 ], [ 2536938.223000000230968, 1158858.523 ], [ 2536938.991, 1158856.543 ], [ 2536934.717999999877065, 1158839.894 ], [ 2536934.401, 1158838.210999999893829 ], [ 2536923.677999999839813, 1158781.214 ], [ 2536914.514, 1158732.512000000104308 ], [ 2536912.472, 1158721.656999999890104 ], [ 2536902.134999999776483, 1158666.717 ], [ 2536894.845000000204891, 1158627.969 ], [ 2536894.676, 1158626.938 ] ] ] ] } },
{ "type": "Feature", "properties": { "ANNEE_DE_R": 2025, "CODE_PROGR": "psArableSoilCoverage", "CODE_UTILI": 521, "IDENTIFICA": "VD_2025_47733", "NOMBRE_ARB": 0, "PROGRAMME": "Couverture appropriée du sol (les cultures principales sur terres ouvertes)", "SHAPE_AREA": 28454.968, "SHAPE_LEN": 727.053, "SURFACE_M2": 85365, "UTILISATIO": "Maïs d'ensilage et maïs vert" }, "geometry": { "type": "MultiPolygon", "coordinates": [ [ [ [ 2537050.74599999981001, 1158855.764999999897555 ], [ 2537011.211999999824911, 1158607.178 ], [ 2536896.534, 1158627.039000000106171 ], [ 2536899.352, 1158643.919 ], [ 2536908.068, 1158690.672 ], [ 2536917.057, 1158738.889 ], [ 2536925.990000000223517, 1158786.804 ], [ 2536931.771000000182539, 1158817.814 ], [ 2536935.089000000152737, 1158835.614 ], [ 2536938.991, 1158856.543 ], [ 2536938.223000000230968, 1158858.523 ], [ 2536939.410000000149012, 1158864.648 ], [ 2536940.606999999843538, 1158868.808 ], [ 2536941.421999999787658, 1158871.016 ], [ 2536942.700000000186265, 1158870.867 ], [ 2537031.48, 1158860.514 ], [ 2537050.74599999981001, 1158855.764999999897555 ] ] ] ] } },
{ "type": "Feature", "properties": { "ANNEE_DE_R": 2025, "CODE_PROGR": "psGmf", "CODE_UTILI": 613, "IDENTIFICA": "VD_2025_495592", "NOMBRE_ARB": 0, "PROGRAMME": "Production de lait et de viande basée sur les herbages", "SHAPE_AREA": 10083.562, "SHAPE_LEN": 509.92, "SURFACE_M2": 10084, "UTILISATIO": "Autres prairies permanentes (sans les pâturages)" }, "geometry": { "type": "MultiPolygon", "coordinates": [ [ [ [ 2537043.74599999981001, 1159026.764999999897555 ], [ 2536997.123000000137836, 1159028.708000000100583 ], [ 2536984.86200000019744, 1159029.219 ], [ 2536967.372, 1159029.947 ], [ 2536924.893999999854714, 1159031.717 ], [ 2536855.691000000108033, 1159034.601 ], [ 2536862.079, 1159128.408 ], [ 2536897.81900000013411, 1159125.511 ], [ 2536918.673, 1159123.921 ], [ 2536921.447999999858439, 1159123.276 ], [ 2536927.751000000163913, 1159121.81 ], [ 2536940.733, 1159118.791 ], [ 2536954.501000000163913, 1159093.253 ], [ 2536971.74599999981001, 1159061.264999999897555 ], [ 2536999.24599999981001, 1159035.764999999897555 ], [ 2537026.481999999843538, 1159030.257 ], [ 2537043.74599999981001, 1159026.764999999897555 ] ] ] ] } },
{ "type": "Feature", "properties": { "ANNEE_DE_R": 2025, "CODE_PROGR": "Bio", "CODE_UTILI": 611, "IDENTIFICA": "VD_2025_496370", "NOMBRE_ARB": 19, "PROGRAMME": "Production bio", "SHAPE_AREA": 13888.834, "SHAPE_LEN": 718.767, "SURFACE_M2": 27778, "UTILISATIO": "Prairies extensives (sans les pâturages)" }, "geometry": { "type": "MultiPolygon", "coordinates": [ [ [ [ 2537162.549000000115484, 1155852.396 ], [ 2537175.694443394895643, 1155791.452485791174695 ], [ 2537174.089000000152737, 1155791.615 ], [ 2537166.56900000013411, 1155774.495000000111759 ], [ 2537166.359000000171363, 1155762.034 ], [ 2537171.919000000227243, 1155745.808 ], [ 2537166.707, 1155727.256 ], [ 2537141.207, 1155722.256 ], [ 2537134.582, 1155718.631 ], [ 2537134.082, 1155711.381 ], [ 2537137.007000000216067, 1155704.636 ], [ 2537082.372, 1155693.401 ], [ 2537067.631, 1155760.507 ], [ 2537065.83, 1155776.48 ], [ 2537095.136, 1155777.564 ], [ 2537110.93099999986589, 1155780.25 ], [ 2537120.13799999980256, 1155815.587 ], [ 2537120.93099999986589, 1155830.25 ], [ 2537137.43099999986589, 1155845.25 ], [ 2537175.980080072302371, 1155856.856174645479769 ], [ 2537162.549000000115484, 1155852.396 ] ] ] ] } },
{ "type": "Feature", "properties": { "ANNEE_DE_R": 2025, "CODE_PROGR": "Bio", "CODE_UTILI": 617, "IDENTIFICA": "VD_2025_402595", "NOMBRE_ARB": 0, "PROGRAMME": "Production bio", "SHAPE_AREA": 1475.202, "SHAPE_LEN": 157.749, "SURFACE_M2": 2951, "UTILISATIO": "Pâturages extensifs" }, "geometry": { "type": "MultiPolygon", "coordinates": [ [ [ [ 2538560.62900000018999, 1153216.274 ], [ 2538550.609999999869615, 1153207.797 ], [ 2538540.359999999869615, 1153212.047 ], [ 2538529.109999999869615, 1153204.797 ], [ 2538517.359999999869615, 1153213.547 ], [ 2538514.00400000018999, 1153226.399 ], [ 2538515.50400000018999, 1153243.274 ], [ 2538520.87900000018999, 1153253.274 ], [ 2538533.609999999869615, 1153250.797 ], [ 2538536.609999999869615, 1153246.047 ], [ 2538548.359999999869615, 1153232.047 ], [ 2538553.859999999869615, 1153231.797 ], [ 2538564.62900000018999, 1153222.024 ], [ 2538560.62900000018999, 1153216.274 ] ] ] ] } },
{ "type": "Feature", "properties": { "ANNEE_DE_R": 2025, "CODE_PROGR": "Bio", "CODE_UTILI": 611, "IDENTIFICA": "VD_2025_405155", "NOMBRE_ARB": 0, "PROGRAMME": "Production bio", "SHAPE_AREA": 749.138, "SHAPE_LEN": 213.085, "SURFACE_M2": 1499, "UTILISATIO": "Prairies extensives (sans les pâturages)" }, "geometry": { "type": "MultiPolygon", "coordinates": [ [ [ [ 2538517.707, 1153590.986 ], [ 2538488.957, 1153576.861 ], [ 2538489.714000000152737, 1153586.272000000113621 ], [ 2538511.457, 1153606.986 ], [ 2538542.294000000227243, 1153625.323 ], [ 2538543.919000000227243, 1153632.573 ], [ 2538546.207, 1153637.861 ], [ 2538561.582, 1153628.611 ], [ 2538507.457, 1153597.361 ], [ 2538517.707, 1153590.986 ] ] ] ] } },
{ "type": "Feature", "properties": { "ANNEE_DE_R": 2025, "CODE_PROGR": "Bio", "CODE_UTILI": 617, "IDENTIFICA": "VD_2025_402588", "NOMBRE_ARB": 0, "PROGRAMME": "Production bio", "SHAPE_AREA": 7290.263, "SHAPE_LEN": 1011.115, "SURFACE_M2": 14581, "UTILISATIO": "Pâturages extensifs" }, "geometry": { "type": "MultiPolygon", "coordinates": [ [ [ [ 2538529.268000000156462, 1154381.798 ], [ 2538522.450999999884516, 1154383.23 ], [ 2538489.274000000208616, 1154392.297 ], [ 2538488.268000000156462, 1154394.298 ], [ 2538495.145, 1154402.376 ], [ 2538508.13799999980256, 1154417.297 ], [ 2538523.205999999772757, 1154406.922 ], [ 2538527.330999999772757, 1154398.547 ], [ 2538533.518000000156462, 1154390.610000000102445 ], [ 2538529.268000000156462, 1154381.798 ] ] ], [ [ [ 2538644.342999999877065, 1154407.892 ], [ 2538644.41399999987334, 1154409.27 ], [ 2538642.727, 1154413.52 ], [ 2538637.268000000156462, 1154417.547 ], [ 2538634.018000000156462, 1154420.172 ], [ 2538635.393000000156462, 1154423.297 ], [ 2538632.268000000156462, 1154437.422 ], [ 2538624.825999999884516, 1154445.412 ], [ 2538655.893000000156462, 1154440.922 ], [ 2538655.893000000156462, 1154437.172 ], [ 2538656.603999999817461, 1154408.837 ], [ 2538644.342999999877065, 1154407.892 ] ] ], [ [ [ 2538588.051, 1154450.996 ], [ 2538595.676, 1154455.496 ], [ 2538617.801, 1154446.871 ], [ 2538623.301, 1154442.121 ], [ 2538629.426, 1154434.621 ], [ 2538632.051, 1154422.871 ], [ 2538631.426, 1154420.621 ], [ 2538619.176, 1154425.371 ], [ 2538597.051, 1154430.246 ], [ 2538586.301, 1154430.996 ], [ 2538578.176, 1154428.371 ], [ 2538564.301, 1154418.746 ], [ 2538549.676, 1154406.996 ], [ 2538542.907000000122935, 1154413.044 ], [ 2538536.984999999869615, 1154419.291 ], [ 2538533.551, 1154422.913 ], [ 2538539.051, 1154428.746 ], [ 2538545.676, 1154436.621 ], [ 2538550.930000000167638, 1154444.23 ], [ 2538559.707, 1154437.77 ], [ 2538563.268999999854714, 1154441.52 ], [ 2538559.518999999854714, 1154446.832 ], [ 2538572.676, 1154448.871 ], [ 2538588.051, 1154450.996 ] ] ], [ [ [ 2538558.518999999854714, 1154453.395 ], [ 2538559.518999999854714, 1154446.832 ], [ 2538555.31900000013411, 1154449.885 ], [ 2538558.518999999854714, 1154453.395 ] ] ], [ [ [ 2538627.021000000182539, 1154468.862999999895692 ], [ 2538625.583999999798834, 1154480.112999999895692 ], [ 2538657.799000000115484, 1154475.625 ], [ 2538655.96, 1154445.202 ], [ 2538641.767, 1154446.958000000100583 ], [ 2538639.328000000212342, 1154460.386 ], [ 2538631.453000000212342, 1154460.011 ], [ 2538630.531, 1154466.261 ], [ 2538626.75400000018999, 1154466.134 ], [ 2538622.091, 1154465.977 ], [ 2538620.583999999798834, 1154465.926 ], [ 2538622.406, 1154449.261 ], [ 2538597.031, 1154458.386 ], [ 2538588.406, 1154466.011 ], [ 2538582.281, 1154465.136 ], [ 2538580.781, 1154476.011 ], [ 2538573.781, 1154474.761 ], [ 2538575.406, 1154462.136 ], [ 2538561.156, 1154459.011 ], [ 2538556.406, 1154455.511 ], [ 2538553.262000000104308, 1154452.403 ], [ 2538543.887000000104308, 1154459.09 ], [ 2538539.324, 1154454.59 ], [ 2538548.781, 1154447.386 ], [ 2538542.114, 1154436.913 ], [ 2538533.364, 1154428.788 ], [ 2538524.614, 1154416.663 ], [ 2538524.038000000175089, 1154413.959 ], [ 2538512.966, 1154422.842 ], [ 2538517.395, 1154427.928 ], [ 2538522.628, 1154438.012000000104308 ], [ 2538524.264, 1154440.136 ], [ 2538550.08, 1154490.396 ], [ 2538582.855, 1154485.987 ], [ 2538620.396000000182539, 1154480.795 ], [ 2538621.583999999798834, 1154468.987999999895692 ], [ 2538627.021000000182539, 1154468.862999999895692 ] ] ] ] } },
{ "type": "Feature", "properties": { "ANNEE_DE_R": 2025, "CODE_PROGR": "Bio", "CODE_UTILI": 611, "IDENTIFICA": "VD_2025_402583", "NOMBRE_ARB": 0, "PROGRAMME": "Production bio", "SHAPE_AREA": 2359.028, "SHAPE_LEN": 195.454, "SURFACE_M2": 4719, "UTILISATIO": "Prairies extensives (sans les pâturages)" }, "geometry": { "type": "MultiPolygon", "coordinates": [ [ [ [ 2538666.975999999791384, 1150944.714 ], [ 2538685.342000000178814, 1150942.723 ], [ 2538689.967000000178814, 1150930.598 ], [ 2538692.842000000178814, 1150927.598 ], [ 2538692.717000000178814, 1150923.098 ], [ 2538690.592000000178814, 1150916.973 ], [ 2538690.842000000178814, 1150910.473 ], [ 2538691.115000000223517, 1150898.703 ], [ 2538682.342000000178814, 1150892.111 ], [ 2538667.967000000178814, 1150888.861 ], [ 2538657.467000000178814, 1150899.611 ], [ 2538652.592000000178814, 1150907.236 ], [ 2538646.966, 1150915.349 ], [ 2538642.600999999791384, 1150922.964 ], [ 2538636.350999999791384, 1150929.339 ], [ 2538632.225999999791384, 1150935.214 ], [ 2538629.475999999791384, 1150942.589 ], [ 2538633.716, 1150944.974 ], [ 2538642.466, 1150944.349 ], [ 2538652.216, 1150944.974 ], [ 2538666.975999999791384, 1150944.714 ] ] ] ] } },
{ "type": "Feature", "properties": { "ANNEE_DE_R": 2025, "CODE_PROGR": "Bio", "CODE_UTILI": 611, "IDENTIFICA": "VD_2025_402532", "NOMBRE_ARB": 0, "PROGRAMME": "Production bio", "SHAPE_AREA": 768.464, "SHAPE_LEN": 197.549, "SURFACE_M2": 1537, "UTILISATIO": "Prairies extensives (sans les pâturages)" }, "geometry": { "type": "MultiPolygon", "coordinates": [ [ [ [ 2539229.83600000012666, 1152691.319 ], [ 2539222.21100000012666, 1152702.819 ], [ 2539211.96100000012666, 1152706.694 ], [ 2539216.35, 1152710.679 ], [ 2539219.975, 1152717.679 ], [ 2539244.975, 1152709.929 ], [ 2539239.225, 1152695.429 ], [ 2539229.83600000012666, 1152691.319 ] ] ], [ [ [ 2539215.187, 1152740.727999999886379 ], [ 2539217.562, 1152730.102999999886379 ], [ 2539216.088, 1152723.459 ], [ 2539208.463, 1152721.334 ], [ 2539205.838, 1152725.459 ], [ 2539212.963, 1152729.959 ], [ 2539208.588, 1152744.084 ], [ 2539201.838, 1152742.334 ], [ 2539199.463, 1152750.334 ], [ 2539197.838, 1152757.209 ], [ 2539206.187, 1152760.602999999886379 ], [ 2539211.062, 1152751.352999999886379 ], [ 2539215.187, 1152740.727999999886379 ] ] ] ] } },
{ "type": "Feature", "properties": { "ANNEE_DE_R": 2025, "CODE_PROGR": "psGmf", "CODE_UTILI": 611, "IDENTIFICA": "VD_2025_88567", "NOMBRE_ARB": 0, "PROGRAMME": "Production de lait et de viande basée sur les herbages", "SHAPE_AREA": 3963.668, "SHAPE_LEN": 634.48, "SURFACE_M2": 3964, "UTILISATIO": "Prairies extensives (sans les pâturages)" }, "geometry": { "type": "MultiPolygon", "coordinates": [ [ [ [ 2539504.791000000201166, 1160212.73 ], [ 2539500.68099999986589, 1160212.987 ], [ 2539523.771999999880791, 1160326.406999999890104 ], [ 2539529.438999999780208, 1160346.700999999884516 ], [ 2539485.11200000019744, 1160360.302 ], [ 2539487.072999999858439, 1160362.197 ], [ 2539492.799000000115484, 1160368.385 ], [ 2539494.879999999888241, 1160370.554 ], [ 2539506.384, 1160370.582 ], [ 2539514.254999999888241, 1160375.116 ], [ 2539556.285000000149012, 1160420.798 ], [ 2539557.754999999888241, 1160429.366 ], [ 2539568.933999999891967, 1160438.616 ], [ 2539574.224, 1160441.373 ], [ 2539588.248999999836087, 1160442.319 ], [ 2539608.662, 1160447.435 ], [ 2539615.847, 1160440.038 ], [ 2539612.994, 1160433.262000000104308 ], [ 2539599.392, 1160438.272000000113621 ], [ 2539592.329, 1160439.085 ], [ 2539590.13799999980256, 1160437.995000000111759 ], [ 2539584.582, 1160430.335 ], [ 2539576.558000000193715, 1160415.119 ], [ 2539573.339999999850988, 1160409.017 ], [ 2539565.983, 1160395.066000000108033 ], [ 2539560.80599999986589, 1160388.275 ], [ 2539554.932, 1160380.569 ], [ 2539545.183000000193715, 1160367.779 ], [ 2539542.452, 1160364.197 ], [ 2539533.53899999987334, 1160335.823 ], [ 2539518.173, 1160279.204 ], [ 2539504.791000000201166, 1160212.73 ] ] ] ] } },
{ "type": "Feature", "properties": { "ANNEE_DE_R": 2025, "CODE_PROGR": "psmArableFarming", "CODE_UTILI": 513, "IDENTIFICA": "VD_2025_208133", "NOMBRE_ARB": 0, "PROGRAMME": "Non-recours aux produits phytosanitaires dans les grandes cultures", "SHAPE_AREA": 28000.682, "SHAPE_LEN": 700.872, "SURFACE_M2": 112003, "UTILISATIO": "Blé d'automne (sans blé fourrager de la liste swiss granum)" }, "geometry": { "type": "MultiPolygon", "coordinates": [ [ [ [ 2539884.416999999899417, 1160026.708000000100583 ], [ 2539876.884999999776483, 1160024.328 ], [ 2539867.582, 1160026.582 ], [ 2539853.813, 1160033.884 ], [ 2539843.356000000145286, 1160042.229 ], [ 2539827.986, 1160061.179 ], [ 2539788.867, 1160104.69 ], [ 2539815.597, 1160162.389999999897555 ], [ 2539832.436000000219792, 1160198.762000000104308 ], [ 2539837.03899999987334, 1160208.759 ], [ 2539848.148, 1160232.699 ], [ 2539885.969, 1160314.468000000109896 ], [ 2539958.858, 1160254.666 ], [ 2539963.467000000178814, 1160248.976 ], [ 2539955.026999999769032, 1160190.436 ], [ 2539944.756, 1160147.766 ], [ 2539910.375, 1160084.637000000104308 ], [ 2539888.785000000149012, 1160031.487999999895692 ], [ 2539884.416999999899417, 1160026.708000000100583 ] ] ] ] } },
{ "type": "Feature", "properties": { "ANNEE_DE_R": 2025, "CODE_PROGR": "psmPerennialCulture", "CODE_UTILI": 717, "IDENTIFICA": "VD_2025_436938", "NOMBRE_ARB": 0, "PROGRAMME": "Non-recours aux insecticides, aux acaricides et aux fongicides dans les cultures pérennes après la floraison", "SHAPE_AREA": 594.782, "SHAPE_LEN": 99.085, "SURFACE_M2": 595, "UTILISATIO": "Surfaces viticoles présentant une biodiversité naturelle" }, "geometry": { "type": "MultiPolygon", "coordinates": [ [ [ [ 2539917.329, 1152991.246 ], [ 2539927.78899999987334, 1152997.392 ], [ 2539937.779, 1153002.835999999893829 ], [ 2539943.441999999806285, 1153005.835999999893829 ], [ 2539952.927000000141561, 1152987.927 ], [ 2539927.13799999980256, 1152974.185 ], [ 2539917.329, 1152991.246 ] ] ] ] } },
{ "type": "Feature", "properties": { "ANNEE_DE_R": 2025, "CODE_PROGR": "Bio", "CODE_UTILI": 616, "IDENTIFICA": "VD_2025_48100", "NOMBRE_ARB": 34, "PROGRAMME": "Production bio", "SHAPE_AREA": 35557.487, "SHAPE_LEN": 1800.889, "SURFACE_M2": 71115, "UTILISATIO": "Pâturages (pâturages attenants à la ferme, autres pâturages sauf les pâturages d’estivage)" }, "geometry": { "type": "MultiPolygon", "coordinates": [ [ [ [ 2540165.378074481151998, 1161130.953146568965167 ], [ 2540173.035999999847263, 1161129.906999999890104 ], [ 2540177.751000000163913, 1161122.585 ], [ 2540182.700999999884516, 1161112.277 ], [ 2540190.248999999836087, 1161087.977999999886379 ], [ 2540188.96959504019469, 1161087.205229562241584 ], [ 2540165.378074481151998, 1161130.953146568965167 ] ] ], [ [ [ 2540137.455, 1161182.338 ], [ 2540202.595489209517837, 1161190.964523334056139 ], [ 2540204.006, 1161189.061 ], [ 2540205.15, 1161185.561 ], [ 2540194.828000000212342, 1161162.811 ], [ 2540192.535999999847263, 1161163.507 ], [ 2540177.5, 1161175.15 ], [ 2540171.821, 1161174.977999999886379 ], [ 2540167.191000000108033, 1161173.791999999899417 ], [ 2540160.071, 1161176.621 ], [ 2540156.285999999847263, 1161174.835 ], [ 2540147.75, 1161168.014 ], [ 2540154.893000000156462, 1161159.229 ], [ 2540153.407700851559639, 1161153.094093505525962 ], [ 2540137.455, 1161182.338 ] ] ], [ [ [ 2540264.932, 1161115.093000000109896 ], [ 2540261.853000000119209, 1161113.926 ], [ 2540259.71100000012666, 1161112.639 ], [ 2540247.075000000186265, 1161107.291 ], [ 2540238.515999999828637, 1161124.546 ], [ 2540233.478999999817461, 1161135.082 ], [ 2540232.08600000012666, 1161138.653 ], [ 2540232.53899999987334, 1161142.825999999884516 ], [ 2540231.518999999854714, 1161145.669 ], [ 2540230.53899999987334, 1161148.399 ], [ 2540227.796999999787658, 1161150.825999999884516 ], [ 2540222.654, 1161152.111 ], [ 2540219.977, 1161151.352 ], [ 2540217.619, 1161149.209 ], [ 2540215.69, 1161145.173 ], [ 2540215.281, 1161141.784 ], [ 2540216.19, 1161138.637000000104308 ], [ 2540218.512000000104308, 1161135.816000000108033 ], [ 2540222.548, 1161131.78 ], [ 2540201.298, 1161123.709 ], [ 2540202.943, 1161135.156999999890104 ], [ 2540212.71100000012666, 1161153.354 ], [ 2540216.566000000108033, 1161153.926 ], [ 2540221.281, 1161155.639 ], [ 2540231.224, 1161166.791999999899417 ], [ 2540247.003, 1161144.209 ], [ 2540256.213, 1161130.645 ], [ 2540264.932, 1161115.093000000109896 ] ] ], [ [ [ 2540209.393999999854714, 1161179.572 ], [ 2540211.322999999858439, 1161181.144 ], [ 2540214.788000000175089, 1161179.501 ], [ 2540218.143999999854714, 1161176.572 ], [ 2540221.501999999862164, 1161172.037 ], [ 2540224.180000000167638, 1161167.787 ], [ 2540218.788000000175089, 1161162.537 ], [ 2540214.788000000175089, 1161161.608 ], [ 2540209.066999999806285, 1161164.269 ], [ 2540202.966, 1161167.108 ], [ 2540209.393999999854714, 1161179.572 ] ] ] ] } },
{ "type": "Feature", "properties": { "ANNEE_DE_R": 2025, "CODE_PROGR": "Bio", "CODE_UTILI": 611, "IDENTIFICA": "VD_2025_431702", "NOMBRE_ARB": 0, "PROGRAMME": "Production bio", "SHAPE_AREA": 5881.481, "SHAPE_LEN": 1343.181, "SURFACE_M2": 5882, "UTILISATIO": "Prairies extensives (sans les pâturages)" }, "geometry": { "type": "MultiPolygon", "coordinates": [ [ [ [ 2540580.08, 1153643.615 ], [ 2540572.745000000111759, 1153644.514 ], [ 2540574.424999999813735, 1153654.298 ], [ 2540581.563, 1153691.427 ], [ 2540593.876999999862164, 1153731.023 ], [ 2540595.853000000119209, 1153737.376 ], [ 2540610.702, 1153761.604 ], [ 2540614.853000000119209, 1153768.376 ], [ 2540621.663000000175089, 1153777.67 ], [ 2540634.728000000119209, 1153795.501 ], [ 2540594.416000000201166, 1153800.779 ], [ 2540563.484999999869615, 1153804.828 ], [ 2540555.125, 1153805.922 ], [ 2540489.126999999862164, 1153814.562 ], [ 2540436.369, 1153821.469 ], [ 2540438.815, 1153805.868 ], [ 2540445.578000000212342, 1153762.737999999895692 ], [ 2540451.839000000152737, 1153722.806 ], [ 2540454.563, 1153705.427 ], [ 2540348.839999999850988, 1153691.185 ], [ 2540348.46, 1153692.492 ], [ 2540357.15, 1153697.237 ], [ 2540381.56900000013411, 1153701.075 ], [ 2540410.957, 1153705.695 ], [ 2540439.404999999795109, 1153712.143 ], [ 2540444.865000000223517, 1153720.333000000100583 ], [ 2540440.568, 1153748.967 ], [ 2540440.003, 1153752.731 ], [ 2540434.01299999980256, 1153792.311 ], [ 2540430.61200000019744, 1153814.571 ], [ 2540425.597, 1153813.96 ], [ 2540411.691000000108033, 1153812.264999999897555 ], [ 2540402.242999999783933, 1153811.112999999895692 ], [ 2540386.933999999891967, 1153811.273 ], [ 2540373.845000000204891, 1153817.284 ], [ 2540373.204, 1153828.243 ], [ 2540364.813999999780208, 1153834.114 ], [ 2540360.864, 1153834.574 ], [ 2540358.904, 1153839.654 ], [ 2540379.018999999854714, 1153837.062 ], [ 2540435.807, 1153829.656 ], [ 2540506.984999999869615, 1153820.549000000115484 ], [ 2540547.562, 1153815.314 ], [ 2540590.454, 1153809.788 ], [ 2540635.066999999806285, 1153803.889999999897555 ], [ 2540637.583999999798834, 1153802.656 ], [ 2540641.223000000230968, 1153798.673 ], [ 2540641.793, 1153794.548 ], [ 2540641.557, 1153791.656 ], [ 2540634.933000000193715, 1153777.364 ], [ 2540615.153, 1153750.673 ], [ 2540606.802999999839813, 1153739.405 ], [ 2540601.776, 1153728.088 ], [ 2540592.910999999847263, 1153707.474 ], [ 2540591.421999999787658, 1153704.011 ], [ 2540588.194999999832362, 1153686.828 ], [ 2540585.805000000167638, 1153674.102999999886379 ], [ 2540581.728999999817461, 1153652.399 ], [ 2540580.08, 1153643.615 ] ] ] ] } },
{ "type": "Feature", "properties": { "ANNEE_DE_R": 2025, "CODE_PROGR": "Bio", "CODE_UTILI": 611, "IDENTIFICA": "VD_2025_500439", "NOMBRE_ARB": 0, "PROGRAMME": "Production bio", "SHAPE_AREA": 1639.948, "SHAPE_LEN": 514.276, "SURFACE_M2": 3280, "UTILISATIO": "Prairies extensives (sans les pâturages)" }, "geometry": { "type": "MultiPolygon", "coordinates": [ [ [ [ 2540233.157999999821186, 1154093.237999999895692 ], [ 2540238.846, 1154096.237999999895692 ], [ 2540242.846, 1154101.176 ], [ 2540244.722, 1154100.769 ], [ 2540241.472, 1154096.019 ], [ 2540234.222, 1154090.644 ], [ 2540223.222, 1154089.269 ], [ 2540220.597, 1154088.269 ], [ 2540218.097, 1154088.644 ], [ 2540215.471, 1154088.644 ], [ 2540214.347, 1154088.644 ], [ 2540209.347, 1154089.519 ], [ 2540204.347, 1154093.144 ], [ 2540200.597, 1154100.519 ], [ 2540198.776, 1154106.364 ], [ 2540201.091, 1154106.343000000109896 ], [ 2540201.971, 1154104.426 ], [ 2540206.282999999821186, 1154096.112999999895692 ], [ 2540215.346, 1154092.612999999895692 ], [ 2540224.721, 1154091.987999999895692 ], [ 2540233.157999999821186, 1154093.237999999895692 ] ] ], [ [ [ 2540249.279, 1154120.024 ], [ 2540281.529, 1154105.835999999893829 ], [ 2540247.279, 1154102.899 ], [ 2540249.279, 1154120.024 ] ] ], [ [ [ 2540284.367999999783933, 1154198.298 ], [ 2540283.367999999783933, 1154205.298 ], [ 2540283.535000000149012, 1154212.631 ], [ 2540282.867999999783933, 1154259.131 ], [ 2540284.867999999783933, 1154278.965 ], [ 2540305.202, 1154292.798 ], [ 2540299.035000000149012, 1154262.798 ], [ 2540290.702, 1154231.131 ], [ 2540289.867999999783933, 1154197.465 ], [ 2540284.367999999783933, 1154198.298 ] ] ], [ [ [ 2540277.035000000149012, 1154222.798 ], [ 2540275.035000000149012, 1154240.965 ], [ 2540275.535000000149012, 1154257.965 ], [ 2540280.702, 1154270.631 ], [ 2540279.867999999783933, 1154240.131 ], [ 2540280.50400000018999, 1154220.92 ], [ 2540277.035000000149012, 1154222.798 ] ] ] ] } },
{ "type": "Feature", "properties": { "ANNEE_DE_R": 2025, "CODE_PROGR": "psGmf", "CODE_UTILI": 611, "IDENTIFICA": "VD_2025_201698", "NOMBRE_ARB": 0, "PROGRAMME": "Production de lait et de viande basée sur les herbages", "SHAPE_AREA": 834.726, "SHAPE_LEN": 278.966, "SURFACE_M2": 835, "UTILISATIO": "Prairies extensives (sans les pâturages)" }, "geometry": { "type": "MultiPolygon", "coordinates": [ [ [ [ 2540269.916000000201166, 1158276.950999999884516 ], [ 2540273.063, 1158293.135 ], [ 2540274.322000000160187, 1158303.718000000109896 ], [ 2540278.501999999862164, 1158338.846 ], [ 2540277.191000000108033, 1158356.396 ], [ 2540273.75, 1158408.237 ], [ 2540273.745940209366381, 1158408.301677102455869 ], [ 2540275.734000000171363, 1158408.243 ], [ 2540279.143999999854714, 1158355.046 ], [ 2540279.412, 1158334.716 ], [ 2540277.532000000122935, 1158313.955 ], [ 2540274.923, 1158296.215 ], [ 2540271.518999999854714, 1158277.553 ], [ 2540269.899531140457839, 1158276.866321810754016 ], [ 2540269.916000000201166, 1158276.950999999884516 ] ] ] ] } },
{ "type": "Feature", "properties": { "ANNEE_DE_R": 2025, "CODE_PROGR": "Bio", "CODE_UTILI": 601, "IDENTIFICA": "VD_2025_437721", "NOMBRE_ARB": 0, "PROGRAMME": "Production bio", "SHAPE_AREA": 5242.627, "SHAPE_LEN": 577.649, "SURFACE_M2": 10486, "UTILISATIO": "Prairies artificielles (sans les pâturages)" }, "geometry": { "type": "MultiPolygon", "coordinates": [ [ [ [ 2540676.324, 1153388.45 ], [ 2540670.501000000163913, 1153378.6 ], [ 2540668.173, 1153417.881 ], [ 2540690.153, 1153462.747 ], [ 2540758.483, 1153544.625 ], [ 2540766.759999999776483, 1153553.463 ], [ 2540782.673, 1153569.217 ], [ 2540792.77, 1153579.482 ], [ 2540799.045, 1153585.183999999891967 ], [ 2540806.842000000178814, 1153592.27 ], [ 2540809.759, 1153594.92 ], [ 2540811.44400000013411, 1153596.452 ], [ 2540817.450000000186265, 1153601.91 ], [ 2540822.108, 1153606.142 ], [ 2540826.85, 1153602.75 ], [ 2540833.143999999854714, 1153598.248 ], [ 2540836.44400000013411, 1153595.887000000104308 ], [ 2540827.16399999987334, 1153587.431 ], [ 2540824.666000000201166, 1153585.155 ], [ 2540807.105, 1153569.154 ], [ 2540794.623000000137836, 1153557.78 ], [ 2540771.795, 1153536.979 ], [ 2540756.035999999847263, 1153513.347 ], [ 2540739.648, 1153488.772000000113621 ], [ 2540727.183999999891967, 1153470.081 ], [ 2540714.258, 1153450.698 ], [ 2540704.245000000111759, 1153435.683 ], [ 2540693.390000000130385, 1153417.32 ], [ 2540684.96, 1153403.058999999891967 ], [ 2540683.174000000115484, 1153400.038 ], [ 2540682.217999999877065, 1153398.421 ], [ 2540680.028, 1153394.716 ], [ 2540679.291000000201166, 1153393.469 ], [ 2540677.418, 1153390.301 ], [ 2540676.324, 1153388.45 ] ] ] ] } },
{ "type": "Feature", "properties": { "ANNEE_DE_R": 2025, "CODE_PROGR": "Bio", "CODE_UTILI": 513, "IDENTIFICA": "VD_2025_437727", "NOMBRE_ARB": 0, "PROGRAMME": "Production bio", "SHAPE_AREA": 5017.861, "SHAPE_LEN": 781.938, "SURFACE_M2": 30108, "UTILISATIO": "Blé d'automne (sans blé fourrager de la liste swiss granum)" }, "geometry": { "type": "MultiPolygon", "coordinates": [ [ [ [ 2540717.478999999817461, 1153301.573 ], [ 2540715.115000000223517, 1153270.791999999899417 ], [ 2540707.441999999806285, 1153273.23 ], [ 2540704.353000000119209, 1153283.743 ], [ 2540703.563999999780208, 1153312.182 ], [ 2540713.35, 1153355.595 ], [ 2540732.856000000145286, 1153409.212 ], [ 2540753.882000000216067, 1153452.808999999891967 ], [ 2540774.355, 1153489.302 ], [ 2540797.33600000012666, 1153518.867 ], [ 2540819.904, 1153542.405 ], [ 2540847.964000000152737, 1153568.181 ], [ 2540863.481000000145286, 1153578.374 ], [ 2540881.835, 1153590.43 ], [ 2540883.910999999847263, 1153589.423 ], [ 2540886.095000000204891, 1153588.364 ], [ 2540892.816999999806285, 1153585.105 ], [ 2540896.747, 1153581.387000000104308 ], [ 2540852.987999999895692, 1153553.705 ], [ 2540824.46100000012666, 1153526.758 ], [ 2540807.622, 1153510.852 ], [ 2540785.449, 1153476.892 ], [ 2540777.117, 1153464.129999999888241 ], [ 2540765.202, 1153445.879999999888241 ], [ 2540755.05599999986589, 1153430.341 ], [ 2540750.092999999877065, 1153418.716 ], [ 2540739.494, 1153393.892 ], [ 2540731.413000000175089, 1153374.964 ], [ 2540727.023, 1153358.045 ], [ 2540719.964999999850988, 1153330.846 ], [ 2540719.605, 1153326.609 ], [ 2540717.478999999817461, 1153301.573 ] ] ] ] } },
{ "type": "Feature", "properties": { "ANNEE_DE_R": 2025, "CODE_PROGR": "Bio", "CODE_UTILI": 513, "IDENTIFICA": "VD_2025_437730", "NOMBRE_ARB": 0, "PROGRAMME": "Production bio", "SHAPE_AREA": 12952.195, "SHAPE_LEN": 804.098, "SURFACE_M2": 77714, "UTILISATIO": "Blé d'automne (sans blé fourrager de la liste swiss granum)" }, "geometry": { "type": "MultiPolygon", "coordinates": [ [ [ [ 2540752.316999999806285, 1153300.605 ], [ 2540750.319999999832362, 1153259.674000000115484 ], [ 2540749.207, 1153259.958000000100583 ], [ 2540743.484999999869615, 1153261.776 ], [ 2540727.75400000018999, 1153266.775 ], [ 2540725.873999999836087, 1153267.373 ], [ 2540723.812, 1153268.028 ], [ 2540715.115000000223517, 1153270.791999999899417 ], [ 2540717.478999999817461, 1153301.573 ], [ 2540719.605, 1153326.609 ], [ 2540719.964999999850988, 1153330.846 ], [ 2540727.023, 1153358.045 ], [ 2540739.494, 1153393.892 ], [ 2540750.092999999877065, 1153418.716 ], [ 2540765.202, 1153445.879999999888241 ], [ 2540777.117, 1153464.129999999888241 ], [ 2540785.449, 1153476.892 ], [ 2540807.622, 1153510.852 ], [ 2540824.46100000012666, 1153526.758 ], [ 2540852.987999999895692, 1153553.705 ], [ 2540896.747, 1153581.387000000104308 ], [ 2540902.643999999854714, 1153575.808999999891967 ], [ 2540909.327, 1153569.487 ], [ 2540911.316999999806285, 1153567.605 ], [ 2540913.057, 1153565.691000000108033 ], [ 2540916.316999999806285, 1153562.105 ], [ 2540918.816999999806285, 1153557.105 ], [ 2540854.316999999806285, 1153510.605 ], [ 2540835.291000000201166, 1153488.904 ], [ 2540822.316999999806285, 1153474.105 ], [ 2540819.154999999795109, 1153468.003 ], [ 2540785.370000000111759, 1153402.813 ], [ 2540759.316999999806285, 1153348.105 ], [ 2540753.515999999828637, 1153308.74 ], [ 2540752.316999999806285, 1153300.605 ] ] ] ] } },
{ "type": "Feature", "properties": { "ANNEE_DE_R": 2025, "CODE_PROGR": "Bio", "CODE_UTILI": 702, "IDENTIFICA": "VD_2025_454785", "NOMBRE_ARB": 0, "PROGRAMME": "Production bio", "SHAPE_AREA": 5855.293, "SHAPE_LEN": 309.361, "SURFACE_M2": 17566, "UTILISATIO": "Cultures fruitières (pommes)" }, "geometry": { "type": "MultiPolygon", "coordinates": [ [ [ [ 2540712.637000000104308, 1153707.465 ], [ 2540705.646999999880791, 1153680.298 ], [ 2540694.00400000018999, 1153684.012000000104308 ], [ 2540667.225999999791384, 1153695.313 ], [ 2540662.53899999987334, 1153705.188 ], [ 2540660.754999999888241, 1153712.17 ], [ 2540659.665, 1153716.435 ], [ 2540657.915, 1153740.935 ], [ 2540662.579, 1153759.025 ], [ 2540666.165, 1153772.935 ], [ 2540667.390000000130385, 1153775.465 ], [ 2540675.938999999780208, 1153793.124 ], [ 2540733.813999999780208, 1153783.3 ], [ 2540719.461999999824911, 1153733.142 ], [ 2540717.301, 1153725.588 ], [ 2540712.637000000104308, 1153707.465 ] ] ] ] } },
{ "type": "Feature", "properties": { "ANNEE_DE_R": 2025, "CODE_PROGR": "Bio", "CODE_UTILI": 601, "IDENTIFICA": "VD_2025_48123", "NOMBRE_ARB": 0, "PROGRAMME": "Production bio", "SHAPE_AREA": 7229.927, "SHAPE_LEN": 414.645, "SURFACE_M2": 21690, "UTILISATIO": "Prairies artificielles (sans les pâturages)" }, "geometry": { "type": "MultiPolygon", "coordinates": [ [ [ [ 2540664.538000000175089, 1160247.785 ], [ 2540656.634, 1160247.379999999888241 ], [ 2540650.646000000182539, 1160247.587 ], [ 2540647.038000000175089, 1160247.710999999893829 ], [ 2540643.214000000152737, 1160247.968000000109896 ], [ 2540638.545, 1160249.402 ], [ 2540607.617999999783933, 1160277.605 ], [ 2540602.157999999821186, 1160282.584 ], [ 2540582.808000000193715, 1160299.692 ], [ 2540684.708000000100583, 1160302.364 ], [ 2540763.923, 1160303.906 ], [ 2540764.521000000182539, 1160276.784 ], [ 2540727.910000000149012, 1160262.037 ], [ 2540724.143999999854714, 1160260.52 ], [ 2540720.946, 1160258.987 ], [ 2540710.531, 1160253.998 ], [ 2540697.517, 1160251.791999999899417 ], [ 2540687.773, 1160250.579 ], [ 2540683.267, 1160250.037 ], [ 2540664.538000000175089, 1160247.785 ] ] ] ] } },
{ "type": "Feature", "properties": { "ANNEE_DE_R": 2025, "CODE_PROGR": "Bio", "CODE_UTILI": 613, "IDENTIFICA": "VD_2025_97780", "NOMBRE_ARB": 0, "PROGRAMME": "Production bio", "SHAPE_AREA": 2384.206, "SHAPE_LEN": 835.682, "SURFACE_M2": 4769, "UTILISATIO": "Autres prairies permanentes (sans les pâturages)" }, "geometry": { "type": "MultiPolygon", "coordinates": [ [ [ [ 2540629.285000000149012, 1160415.924000000115484 ], [ 2540626.702, 1160414.091 ], [ 2540625.117999999783933, 1160412.799000000115484 ], [ 2540622.992999999783933, 1160412.466 ], [ 2540619.117999999783933, 1160411.632 ], [ 2540615.711999999824911, 1160411.653 ], [ 2540606.358, 1160412.675 ], [ 2540604.634, 1160412.950999999884516 ], [ 2540581.358, 1160416.675 ], [ 2540573.850999999791384, 1160417.475 ], [ 2540574.186000000219792, 1160393.497 ], [ 2540574.779999999795109, 1160342.985000000102445 ], [ 2540574.741, 1160333.785 ], [ 2540574.62099999981001, 1160305.344 ], [ 2540564.615000000223517, 1160305.047 ], [ 2540557.713, 1160305.952 ], [ 2540555.984000000171363, 1160306.610000000102445 ], [ 2540554.234000000171363, 1160309.485000000102445 ], [ 2540554.183000000193715, 1160334.125 ], [ 2540571.140999999828637, 1160334.413 ], [ 2540571.06900000013411, 1160393.082 ], [ 2540554.842999999877065, 1160393.014 ], [ 2540554.887000000104308, 1160425.149 ], [ 2540581.222, 1160420.135 ], [ 2540582.952, 1160419.99 ], [ 2540606.66399999987334, 1160415.631 ], [ 2540612.078000000212342, 1160414.636 ], [ 2540616.094, 1160414.814 ], [ 2540617.401999999769032, 1160414.872 ], [ 2540623.362999999895692, 1160415.136 ], [ 2540643.06, 1160438.776 ], [ 2540661.361, 1160460.742 ], [ 2540668.812, 1160468.607 ], [ 2540672.24599999981001, 1160472.231 ], [ 2540681.830999999772757, 1160479.087 ], [ 2540698.537, 1160487.318 ], [ 2540704.472, 1160490.242 ], [ 2540711.83, 1160492.251 ], [ 2540721.441999999806285, 1160494.877 ], [ 2540735.358, 1160500.984 ], [ 2540770.291000000201166, 1160515.777 ], [ 2540783.704, 1160521.414000000106171 ], [ 2540785.224, 1160532.754 ], [ 2540790.765999999828637, 1160532.821 ], [ 2540791.924999999813735, 1160533.771 ], [ 2540793.265999999828637, 1160532.893 ], [ 2540787.815, 1160519.879999999888241 ], [ 2540776.683999999891967, 1160514.258 ], [ 2540772.33, 1160512.058 ], [ 2540766.705999999772757, 1160509.733 ], [ 2540713.742999999783933, 1160487.838 ], [ 2540703.117999999783933, 1160484.629 ], [ 2540693.492999999783933, 1160480.42 ], [ 2540683.160000000149012, 1160475.212 ], [ 2540677.839999999850988, 1160472.15 ], [ 2540676.77, 1160471.534 ], [ 2540672.867999999783933, 1160468.587 ], [ 2540668.785000000149012, 1160464.504 ], [ 2540659.619, 1160453.004 ], [ 2540655.234000000171363, 1160447.48 ], [ 2540646.953000000212342, 1160437.046 ], [ 2540644.938, 1160434.544 ], [ 2540635.410000000149012, 1160422.713 ], [ 2540629.285000000149012, 1160415.924000000115484 ] ] ] ] } },
{ "type": "Feature", "properties": { "ANNEE_DE_R": 2025, "CODE_PROGR": "Bio", "CODE_UTILI": 611, "IDENTIFICA": "VD_2025_444962", "NOMBRE_ARB": 0, "PROGRAMME": "Production bio", "SHAPE_AREA": 2330.549, "SHAPE_LEN": 583.466, "SURFACE_M2": 2331, "UTILISATIO": "Prairies extensives (sans les pâturages)" }, "geometry": { "type": "MultiPolygon", "coordinates": [ [ [ [ 2540786.276, 1153237.328 ], [ 2540784.563, 1153242.566000000108033 ], [ 2540788.782999999821186, 1153250.132 ], [ 2540794.765000000130385, 1153260.855 ], [ 2540804.598000000230968, 1153278.484 ], [ 2540814.765999999828637, 1153296.710999999893829 ], [ 2540825.563, 1153316.066000000108033 ], [ 2540831.916999999899417, 1153314.321 ], [ 2540831.757000000216067, 1153305.431 ], [ 2540834.329, 1153302.991 ], [ 2540847.253, 1153242.271 ], [ 2540854.253, 1153232.771 ], [ 2540854.503, 1153210.021 ], [ 2540766.822999999858439, 1153193.784 ], [ 2540786.276, 1153237.328 ] ], [ [ 2540786.276, 1153237.328 ], [ 2540797.312, 1153204.563 ], [ 2540806.969, 1153206.582 ], [ 2540847.950999999884516, 1153215.897000000113621 ], [ 2540843.912, 1153239.619 ], [ 2540834.813, 1153294.566000000108033 ], [ 2540786.276, 1153237.328 ] ] ] ] } },
{ "type": "Feature", "properties": { "ANNEE_DE_R": 2025, "CODE_PROGR": "Non", "CODE_UTILI": 901, "IDENTIFICA": "VD_2025_172479", "NOMBRE_ARB": 0, "PROGRAMME": "Aucun programme", "SHAPE_AREA": 2974.553, "SHAPE_LEN": 219.483, "SURFACE_M2": 2975, "UTILISATIO": "Forêt" }, "geometry": { "type": "MultiPolygon", "coordinates": [ [ [ ] ] ] } },
{ "type": "Feature", "properties": { "ANNEE_DE_R": 2025, "CODE_PROGR": "psGmf", "CODE_UTILI": 613, "IDENTIFICA": "VD_2025_444437", "NOMBRE_ARB": 0, "PROGRAMME": "Production de lait et de viande basée sur les herbages", "SHAPE_AREA": 11791.832, "SHAPE_LEN": 481.733, "SURFACE_M2": 11792, "UTILISATIO": "Autres prairies permanentes (sans les pâturages)" }, "geometry": { "type": "MultiPolygon", "coordinates": [ [ [ [ 2541395.629999999888241, 1158383.877 ], [ 2541313.865000000223517, 1158465.534 ], [ 2541369.912, 1158558.732 ], [ 2541377.475999999791384, 1158555.43 ], [ 2541425.700000000186265, 1158534.378 ], [ 2541400.75, 1158479.31 ], [ 2541444.950000000186265, 1158452.128 ], [ 2541429.014, 1158430.075 ], [ 2541428.322000000160187, 1158429.117 ], [ 2541395.629999999888241, 1158383.877 ] ] ] ] } },
{ "type": "Feature", "properties": { "ANNEE_DE_R": 2025, "CODE_PROGR": "psClimateEfficientNUse", "CODE_UTILI": 601, "IDENTIFICA": "VD_2025_444425", "NOMBRE_ARB": 0, "PROGRAMME": "Utilisation efficiente de l’azote dans les grandes cultures", "SHAPE_AREA": 23820.159, "SHAPE_LEN": 628.927, "SURFACE_M2": 47641, "UTILISATIO": "Prairies artificielles (sans les pâturages)" }, "geometry": { "type": "MultiPolygon", "coordinates": [ [ [ [ 2541393.26299999980256, 1158843.188 ], [ 2541394.524000000208616, 1158843.129 ], [ 2541447.936000000219792, 1158846.536 ], [ 2541439.577, 1158814.539000000106171 ], [ 2541434.103999999817461, 1158795.164000000106171 ], [ 2541422.631, 1158765.152 ], [ 2541413.0, 1158740.664000000106171 ], [ 2541403.094, 1158715.476 ], [ 2541398.77, 1158704.569 ], [ 2541393.37900000018999, 1158690.969 ], [ 2541385.521000000182539, 1158670.960999999893829 ], [ 2541371.436000000219792, 1158644.036 ], [ 2541333.160999999847263, 1158662.325 ], [ 2541323.727, 1158666.833000000100583 ], [ 2541299.441999999806285, 1158678.436 ], [ 2541295.398, 1158680.369 ], [ 2541260.686000000219792, 1158699.536 ], [ 2541259.648, 1158702.744 ], [ 2541281.94, 1158757.075 ], [ 2541290.174999999813735, 1158777.762000000104308 ], [ 2541305.301, 1158813.995000000111759 ], [ 2541309.623000000137836, 1158822.654 ], [ 2541311.436000000219792, 1158826.286 ], [ 2541316.941999999806285, 1158838.381 ], [ 2541323.654, 1158848.870000000111759 ], [ 2541335.62099999981001, 1158850.243 ], [ 2541337.850999999791384, 1158850.006 ], [ 2541347.99599999981001, 1158848.93 ], [ 2541382.884999999776483, 1158843.761 ], [ 2541393.26299999980256, 1158843.188 ] ] ] ] } },
{ "type": "Feature", "properties": { "ANNEE_DE_R": 2025, "CODE_PROGR": "psmArableFarming", "CODE_UTILI": 502, "IDENTIFICA": "VD_2025_122326", "NOMBRE_ARB": 0, "PROGRAMME": "Non-recours aux produits phytosanitaires dans les grandes cultures", "SHAPE_AREA": 13670.907, "SHAPE_LEN": 469.074, "SURFACE_M2": 41013, "UTILISATIO": "Orge d’automne" }, "geometry": { "type": "MultiPolygon", "coordinates": [ [ [ [ 2541349.924999999813735, 1160755.145 ], [ 2541354.424999999813735, 1160762.735000000102445 ], [ 2541354.811014231294394, 1160761.325143334688619 ], [ 2541354.811000000219792, 1160761.325 ], [ 2541349.924999999813735, 1160755.145 ] ] ], [ [ [ 2541308.909, 1160732.658 ], [ 2541264.683000000193715, 1160709.748 ], [ 2541261.798, 1160708.008 ], [ 2541247.688, 1160789.205 ], [ 2541239.77, 1160834.244 ], [ 2541243.825000000186265, 1160836.052 ], [ 2541271.557, 1160848.423 ], [ 2541299.455, 1160856.835999999893829 ], [ 2541323.642, 1160860.933999999891967 ], [ 2541345.955, 1160861.835999999893829 ], [ 2541354.315960930660367, 1160862.14137410512194 ], [ 2541342.835, 1160750.145 ], [ 2541308.909, 1160732.658 ] ] ] ] } },
{ "type": "Feature", "properties": { "ANNEE_DE_R": 2025, "CODE_PROGR": "psGmf", "CODE_UTILI": 617, "IDENTIFICA": "VD_2025_400597", "NOMBRE_ARB": 0, "PROGRAMME": "Production de lait et de viande basée sur les herbages", "SHAPE_AREA": 6424.357, "SHAPE_LEN": 631.424, "SURFACE_M2": 6425, "UTILISATIO": "Pâturages extensifs" }, "geometry": { "type": "MultiPolygon", "coordinates": [ [ [ [ 2541445.253, 1156578.487 ], [ 2541449.123999999836087, 1156577.541999999899417 ], [ 2541461.123999999836087, 1156565.791999999899417 ], [ 2541455.248999999836087, 1156555.916999999899417 ], [ 2541458.185847808141261, 1156552.386534017510712 ], [ 2541436.31391848064959, 1156564.770817757816985 ], [ 2541445.253, 1156578.487 ] ] ], [ [ [ 2541473.873999999836087, 1156546.541999999899417 ], [ 2541475.320539996493608, 1156542.684560008347034 ], [ 2541471.457074628211558, 1156544.872124288696796 ], [ 2541473.873999999836087, 1156546.541999999899417 ] ] ], [ [ [ 2543426.936000000219792, 1157667.244 ], [ 2543444.49599999981001, 1157689.727 ], [ 2543424.253, 1157712.014 ], [ 2543468.191000000108033, 1157746.514 ], [ 2543479.253, 1157754.764 ], [ 2543483.066000000108033, 1157757.514 ], [ 2543484.418, 1157756.038 ], [ 2543490.02, 1157747.927 ], [ 2543494.346, 1157744.916 ], [ 2543504.115000000223517, 1157752.467 ], [ 2543526.927999999839813, 1157769.313 ], [ 2543534.237999999895692, 1157774.597 ], [ 2543548.705, 1157783.867 ], [ 2543551.333000000100583, 1157780.392 ], [ 2543544.958000000100583, 1157770.397000000113621 ], [ 2543531.508, 1157757.736 ], [ 2543519.916999999899417, 1157745.346 ], [ 2543509.168, 1157733.406999999890104 ], [ 2543479.699, 1157701.474 ], [ 2543474.887000000104308, 1157696.335999999893829 ], [ 2543463.537, 1157681.526 ], [ 2543433.196, 1157635.856 ], [ 2543411.966, 1157648.075999999884516 ], [ 2543426.936000000219792, 1157667.244 ] ] ] ] } },
{ "type": "Feature", "properties": { "ANNEE_DE_R": 2025, "CODE_PROGR": "psArableSoilCoverage", "CODE_UTILI": 527, "IDENTIFICA": "VD_2025_34755", "NOMBRE_ARB": 0, "PROGRAMME": "Couverture appropriée du sol (les cultures principales sur terres ouvertes)", "SHAPE_AREA": 20364.365, "SHAPE_LEN": 769.778, "SURFACE_M2": 61093, "UTILISATIO": "Colza d’automne destiné à la fabrication d’huile comestible" }, "geometry": { "type": "MultiPolygon", "coordinates": [ [ [ [ 2541448.176, 1159464.088 ], [ 2541427.807, 1159445.925 ], [ 2541426.494, 1159448.968000000109896 ], [ 2541420.653, 1159462.504 ], [ 2541420.362999999895692, 1159474.495000000111759 ], [ 2541404.003, 1159477.745000000111759 ], [ 2541401.592999999877065, 1159504.226 ], [ 2541518.08600000012666, 1159776.758 ], [ 2541534.832, 1159770.433999999891967 ], [ 2541576.68099999986589, 1159735.764 ], [ 2541460.322000000160187, 1159489.768 ], [ 2541448.176, 1159464.088 ] ] ] ] } },
{ "type": "Feature", "properties": { "ANNEE_DE_R": 2025, "CODE_PROGR": "psArableSoilCoverage", "CODE_UTILI": 521, "IDENTIFICA": "VD_2025_124015", "NOMBRE_ARB": 0, "PROGRAMME": "Couverture appropriée du sol (les cultures principales sur terres ouvertes)", "SHAPE_AREA": 23835.582, "SHAPE_LEN": 683.769, "SURFACE_M2": 47672, "UTILISATIO": "Maïs d'ensilage et maïs vert" }, "geometry": { "type": "MultiPolygon", "coordinates": [ [ [ [ 2541653.231000000145286, 1159423.178 ], [ 2541640.421, 1159386.806 ], [ 2541557.85, 1159411.944 ], [ 2541544.890000000130385, 1159453.891 ], [ 2541645.153, 1159672.049000000115484 ], [ 2541677.782000000122935, 1159645.504 ], [ 2541686.501999999862164, 1159634.886 ], [ 2541689.265000000130385, 1159631.521 ], [ 2541690.983, 1159629.43 ], [ 2541694.983, 1159619.43 ], [ 2541695.733, 1159608.18 ], [ 2541692.907000000122935, 1159584.129 ], [ 2541687.870000000111759, 1159564.42 ], [ 2541684.231000000145286, 1159550.178 ], [ 2541679.454, 1159531.266 ], [ 2541678.463, 1159527.181 ], [ 2541665.992, 1159475.78 ], [ 2541653.231000000145286, 1159423.178 ] ] ] ] } },
{ "type": "Feature", "properties": { "ANNEE_DE_R": 2025, "CODE_PROGR": "psGmf", "CODE_UTILI": 616, "IDENTIFICA": "VD_2025_34743", "NOMBRE_ARB": 0, "PROGRAMME": "Production de lait et de viande basée sur les herbages", "SHAPE_AREA": 12504.35, "SHAPE_LEN": 472.611, "SURFACE_M2": 12505, "UTILISATIO": "Pâturages (pâturages attenants à la ferme, autres pâturages sauf les pâturages d’estivage)" }, "geometry": { "type": "MultiPolygon", "coordinates": [ [ [ [ 2541752.19400000013411, 1160199.145 ], [ 2541755.924000000115484, 1160219.284 ], [ 2541749.253, 1160258.678 ], [ 2541752.737999999895692, 1160355.126 ], [ 2541852.063, 1160327.943 ], [ 2541811.26299999980256, 1160182.29 ], [ 2541752.19400000013411, 1160199.145 ] ] ] ] } },
{ "type": "Feature", "properties": { "ANNEE_DE_R": 2025, "CODE_PROGR": "psArableSoilCoverage", "CODE_UTILI": 521, "IDENTIFICA": "VD_2025_434583", "NOMBRE_ARB": 0, "PROGRAMME": "Couverture appropriée du sol (les cultures principales sur terres ouvertes)", "SHAPE_AREA": 35011.598, "SHAPE_LEN": 1058.511, "SURFACE_M2": 105035, "UTILISATIO": "Maïs d'ensilage et maïs vert" }, "geometry": { "type": "MultiPolygon", "coordinates": [ [ [ [ 2542363.867, 1155024.08 ], [ 2542332.514, 1154997.054 ], [ 2542315.455999999772757, 1154982.352 ], [ 2542283.997, 1154955.24 ], [ 2542266.197999999858439, 1154941.585 ], [ 2542258.372, 1154928.798 ], [ 2542245.49599999981001, 1154910.659 ], [ 2542239.87099999981001, 1154903.784 ], [ 2542238.396999999880791, 1154902.111 ], [ 2542230.731999999843538, 1154894.507 ], [ 2542219.66399999987334, 1154883.593000000109896 ], [ 2542216.855, 1154884.911 ], [ 2542204.532999999821186, 1154891.891 ], [ 2542202.674000000115484, 1154893.177 ], [ 2542189.58600000012666, 1154902.23 ], [ 2542183.245000000111759, 1154907.406 ], [ 2542177.466, 1154912.124 ], [ 2542174.827, 1154913.889 ], [ 2542168.562, 1154902.698 ], [ 2542160.271000000182539, 1154887.889 ], [ 2542153.052000000141561, 1154891.527 ], [ 2542147.535999999847263, 1154895.504999999888241 ], [ 2542136.683000000193715, 1154902.631 ], [ 2542135.095000000204891, 1154903.674000000115484 ], [ 2542125.639, 1154909.882 ], [ 2542118.791000000201166, 1154914.379 ], [ 2542104.693, 1154925.512000000104308 ], [ 2542086.662, 1154939.787 ], [ 2542074.364, 1154950.462 ], [ 2542091.37099999981001, 1154964.483 ], [ 2542096.762000000104308, 1154968.927 ], [ 2542154.258, 1155013.325 ], [ 2542156.321, 1155011.762000000104308 ], [ 2542188.950999999884516, 1154985.848 ], [ 2542220.057, 1155016.964 ], [ 2542225.159, 1155012.05 ], [ 2542241.436000000219792, 1155028.93 ], [ 2542245.842000000178814, 1155033.135 ], [ 2542266.518000000156462, 1155016.847 ], [ 2542288.458999999798834, 1155036.914000000106171 ], [ 2542289.018000000156462, 1155037.972 ], [ 2542257.281, 1155064.406 ], [ 2542279.574, 1155086.447 ], [ 2542310.824, 1155119.447 ], [ 2542347.824, 1155155.322 ], [ 2542365.498000000137836, 1155173.896 ], [ 2542374.873000000137836, 1155169.083000000100583 ], [ 2542387.824, 1155152.072 ], [ 2542415.197999999858439, 1155081.822 ], [ 2542416.347, 1155080.21 ], [ 2542401.629999999888241, 1155063.215 ], [ 2542379.142, 1155037.247 ], [ 2542363.867, 1155024.08 ] ] ] ] } },
{ "type": "Feature", "properties": { "ANNEE_DE_R": 2025, "CODE_PROGR": "Non", "CODE_UTILI": 613, "IDENTIFICA": "VD_2025_431263", "NOMBRE_ARB": 0, "PROGRAMME": "Aucun programme", "SHAPE_AREA": 84140.154, "SHAPE_LEN": 1407.467, "SURFACE_M2": 84141, "UTILISATIO": "Autres prairies permanentes (sans les pâturages)" }, "geometry": { "type": "MultiPolygon", "coordinates": [ [ [ [ 2542455.285999999847263, 1157924.778 ], [ 2542453.133, 1157917.921 ], [ 2542447.596, 1157912.376 ], [ 2542442.471, 1157904.126 ], [ 2542431.346, 1157891.626 ], [ 2542415.096, 1157877.626 ], [ 2542390.471, 1157861.626 ], [ 2542371.096, 1157849.751 ], [ 2542367.963, 1157847.763 ], [ 2542346.393999999854714, 1157858.491 ], [ 2542346.665, 1157862.624 ], [ 2542338.37099999981001, 1157872.456 ], [ 2542323.477, 1157887.68 ], [ 2542308.265999999828637, 1157898.177 ], [ 2542296.015999999828637, 1157918.302 ], [ 2542283.765999999828637, 1157937.052 ], [ 2542260.640999999828637, 1157954.677 ], [ 2542256.356999999843538, 1157957.496 ], [ 2542266.072000000160187, 1157968.331 ], [ 2542280.009999999776483, 1157985.972 ], [ 2542295.259999999776483, 1158010.847 ], [ 2542309.311000000219792, 1158029.257 ], [ 2542310.784, 1158029.981 ], [ 2542313.867, 1158035.275 ], [ 2542325.591, 1158034.083000000100583 ], [ 2542340.341, 1158030.208000000100583 ], [ 2542342.81, 1158040.986 ], [ 2542329.273, 1158043.698 ], [ 2542332.555000000167638, 1158067.366 ], [ 2542343.501999999862164, 1158086.164000000106171 ], [ 2542345.666999999899417, 1158091.562 ], [ 2542350.86200000019744, 1158104.514 ], [ 2542356.248999999836087, 1158117.947 ], [ 2542359.629999999888241, 1158158.455 ], [ 2542371.798, 1158184.291999999899417 ], [ 2542373.349, 1158212.174000000115484 ], [ 2542384.629999999888241, 1158231.456 ], [ 2542396.631, 1158245.457 ], [ 2542397.350999999791384, 1158248.567 ], [ 2542382.850999999791384, 1158269.568 ], [ 2542380.132000000216067, 1158286.922 ], [ 2542373.910000000149012, 1158326.632 ], [ 2542543.633, 1158334.46 ], [ 2542547.617999999783933, 1158288.42 ], [ 2542552.325000000186265, 1158214.847 ], [ 2542556.325000000186265, 1158153.347 ], [ 2542556.825000000186265, 1158114.347 ], [ 2542554.325000000186265, 1158086.847 ], [ 2542550.44400000013411, 1158010.01 ], [ 2542545.518000000156462, 1158009.074 ], [ 2542537.94400000013411, 1158007.635 ], [ 2542515.06900000013411, 1158007.385 ], [ 2542504.776999999769032, 1158007.464 ], [ 2542498.69400000013411, 1158007.51 ], [ 2542475.94400000013411, 1158008.26 ], [ 2542464.44400000013411, 1158007.26 ], [ 2542452.94400000013411, 1158006.26 ], [ 2542452.895, 1157997.835 ], [ 2542452.856999999843538, 1157994.487999999895692 ], [ 2542452.711999999824911, 1157981.714 ], [ 2542452.992999999783933, 1157972.942 ], [ 2542453.23700000019744, 1157965.331 ], [ 2542453.617999999783933, 1157959.819 ], [ 2542454.049999999813735, 1157953.564 ], [ 2542454.989, 1157937.950999999884516 ], [ 2542455.285999999847263, 1157924.778 ] ] ] ] } },
{ "type": "Feature", "properties": { "ANNEE_DE_R": 2025, "CODE_PROGR": "psGmf", "CODE_UTILI": 613, "IDENTIFICA": "VD_2025_201163", "NOMBRE_ARB": 58, "PROGRAMME": "Production de lait et de viande basée sur les herbages", "SHAPE_AREA": 23734.178, "SHAPE_LEN": 2586.361, "SURFACE_M2": 23735, "UTILISATIO": "Autres prairies permanentes (sans les pâturages)" }, "geometry": { "type": "MultiPolygon", "coordinates": [ [ [ [ 2542731.682, 1155292.723 ], [ 2542724.333999999798834, 1155287.414000000106171 ], [ 2542710.383, 1155277.745000000111759 ], [ 2542697.461999999824911, 1155257.475 ], [ 2542691.401999999769032, 1155246.325999999884516 ], [ 2542663.153, 1155229.138 ], [ 2542649.194999999832362, 1155236.764999999897555 ], [ 2542619.87900000018999, 1155247.774 ], [ 2542587.705, 1155261.884 ], [ 2542585.194999999832362, 1155263.389999999897555 ], [ 2542580.677999999839813, 1155262.97 ], [ 2542569.251999999862164, 1155262.065 ], [ 2542558.881, 1155267.204 ], [ 2542545.927000000141561, 1155273.959 ], [ 2542542.544000000227243, 1155287.665 ], [ 2542536.819999999832362, 1155311.514999999897555 ], [ 2542545.015999999828637, 1155315.149 ], [ 2542545.433999999891967, 1155314.237 ], [ 2542548.096, 1155308.008 ], [ 2542551.61200000019744, 1155299.778 ], [ 2542552.140999999828637, 1155298.627 ], [ 2542559.481000000145286, 1155282.651 ], [ 2542577.856000000145286, 1155268.441000000108033 ], [ 2542601.26299999980256, 1155260.161 ], [ 2542608.947999999858439, 1155257.443 ], [ 2542611.350999999791384, 1155256.593000000109896 ], [ 2542631.957, 1155249.304 ], [ 2542638.870000000111759, 1155246.859 ], [ 2542650.018000000156462, 1155242.916 ], [ 2542657.865000000223517, 1155240.139999999897555 ], [ 2542669.242999999783933, 1155241.266 ], [ 2542677.872, 1155245.54 ], [ 2542687.865000000223517, 1155252.389999999897555 ], [ 2542701.083000000100583, 1155270.628 ], [ 2542706.947999999858439, 1155280.227 ], [ 2542716.231000000145286, 1155286.651 ], [ 2542722.731000000145286, 1155293.151 ], [ 2542731.981000000145286, 1155297.651 ], [ 2542709.529999999795109, 1155367.367 ], [ 2542714.793, 1155369.043 ], [ 2542737.693, 1155293.205 ], [ 2542731.682, 1155292.723 ] ] ], [ [ [ 2542614.677999999839813, 1155475.404 ], [ 2542598.378, 1155500.784 ], [ 2542635.413000000175089, 1155524.35 ], [ 2542638.919000000227243, 1155519.063 ], [ 2542646.362999999895692, 1155523.956 ], [ 2542642.788000000175089, 1155529.725 ], [ 2542656.58, 1155537.4 ], [ 2542655.176, 1155539.207 ], [ 2542597.108, 1155502.761 ], [ 2542574.199, 1155538.433 ], [ 2542537.384999999776483, 1155596.035 ], [ 2542547.85, 1155604.756 ], [ 2542561.35, 1155589.006 ], [ 2542580.944999999832362, 1155594.227999999886379 ], [ 2542597.654, 1155593.702 ], [ 2542606.765000000130385, 1155602.16 ], [ 2542621.950999999884516, 1155605.768 ], [ 2542632.666999999899417, 1155628.625 ], [ 2542656.958000000100583, 1155600.564 ], [ 2542661.926, 1155603.72 ], [ 2542674.764, 1155583.806 ], [ 2542654.665, 1155572.126 ], [ 2542689.208000000100583, 1155518.339 ], [ 2542721.816000000108033, 1155467.564 ], [ 2542741.163000000175089, 1155479.138 ], [ 2542800.984000000171363, 1155517.256 ], [ 2542810.66399999987334, 1155502.215 ], [ 2542831.458999999798834, 1155469.885 ], [ 2542847.756, 1155444.538 ], [ 2542847.778, 1155440.575 ], [ 2542846.162, 1155436.835 ], [ 2542837.869, 1155430.963 ], [ 2542819.409, 1155418.006 ], [ 2542805.245000000111759, 1155408.392 ], [ 2542791.120000000111759, 1155401.767 ], [ 2542783.162, 1155398.443 ], [ 2542764.626999999862164, 1155390.7 ], [ 2542740.580999999772757, 1155383.406 ], [ 2542700.577, 1155370.99 ], [ 2542662.475999999791384, 1155358.623 ], [ 2542636.075000000186265, 1155350.071 ], [ 2542598.808999999891967, 1155338.099 ], [ 2542556.15, 1155324.848 ], [ 2542541.66399999987334, 1155320.349 ], [ 2542535.16399999987334, 1155318.099 ], [ 2542529.514, 1155328.287 ], [ 2542524.213, 1155337.897000000113621 ], [ 2542507.636, 1155367.95 ], [ 2542512.227, 1155369.786 ], [ 2542536.364, 1155326.58 ], [ 2542586.329, 1155343.085999999893829 ], [ 2542594.352, 1155345.754999999888241 ], [ 2542619.98700000019744, 1155354.203 ], [ 2542649.727, 1155364.004999999888241 ], [ 2542674.106000000145286, 1155372.08 ], [ 2542675.366, 1155372.497 ], [ 2542677.082, 1155373.066000000108033 ], [ 2542678.301, 1155373.469 ], [ 2542679.748000000137836, 1155373.949 ], [ 2542690.98, 1155377.656999999890104 ], [ 2542725.404999999795109, 1155389.089 ], [ 2542734.421999999787658, 1155392.084 ], [ 2542756.450000000186265, 1155399.362 ], [ 2542791.626999999862164, 1155411.006 ], [ 2542823.970000000204891, 1155426.402 ], [ 2542846.166999999899417, 1155440.496 ], [ 2542834.375, 1155460.135 ], [ 2542824.992999999783933, 1155475.758 ], [ 2542819.555000000167638, 1155484.814 ], [ 2542809.634999999776483, 1155501.335 ], [ 2542781.193, 1155483.666999999899417 ], [ 2542715.26299999980256, 1155453.703 ], [ 2542700.035999999847263, 1155446.783 ], [ 2542652.96, 1155425.291 ], [ 2542648.205999999772757, 1155423.227999999886379 ], [ 2542614.677999999839813, 1155475.404 ] ] ] ] } },
{ "type": "Feature", "properties": { "ANNEE_DE_R": 2025, "CODE_PROGR": "Non", "CODE_UTILI": 613, "IDENTIFICA": "VD_2025_518032", "NOMBRE_ARB": 0, "PROGRAMME": "Aucun programme", "SHAPE_AREA": 934.024, "SHAPE_LEN": 148.842, "SURFACE_M2": 935, "UTILISATIO": "Autres prairies permanentes (sans les pâturages)" }, "geometry": { "type": "MultiPolygon", "coordinates": [ [ [ [ 2542429.464999999850988, 1156272.149 ], [ 2542435.957, 1156245.29 ], [ 2542441.572999999858439, 1156220.116 ], [ 2542438.591, 1156217.703 ], [ 2542435.455, 1156218.77 ], [ 2542431.978000000119209, 1156221.71 ], [ 2542434.341, 1156225.828 ], [ 2542429.466, 1156229.703 ], [ 2542426.619, 1156226.24 ], [ 2542422.643999999854714, 1156229.6 ], [ 2542402.844, 1156245.629 ], [ 2542429.464999999850988, 1156272.149 ] ] ] ] } },
{ "type": "Feature", "properties": { "ANNEE_DE_R": 2025, "CODE_PROGR": "Bio", "CODE_UTILI": 617, "IDENTIFICA": "VD_2025_402600", "NOMBRE_ARB": 0, "PROGRAMME": "Production bio", "SHAPE_AREA": 1790.85, "SHAPE_LEN": 201.625, "SURFACE_M2": 3582, "UTILISATIO": "Pâturages extensifs" }, "geometry": { "type": "MultiPolygon", "coordinates": [ [ [ [ 2542471.99599999981001, 1157255.259 ], [ 2542473.99599999981001, 1157250.884 ], [ 2542497.376999999862164, 1157261.725 ], [ 2542503.626999999862164, 1157250.35 ], [ 2542505.716, 1157246.017 ], [ 2542508.33, 1157241.446 ], [ 2542465.978000000119209, 1157218.72 ], [ 2542441.49599999981001, 1157266.634 ], [ 2542459.245000000111759, 1157277.261 ], [ 2542462.169000000227243, 1157272.22 ], [ 2542466.49599999981001, 1157264.759 ], [ 2542471.99599999981001, 1157255.259 ] ] ] ] } },
{ "type": "Feature", "properties": { "ANNEE_DE_R": 2025, "CODE_PROGR": "psmArableFarming", "CODE_UTILI": 505, "IDENTIFICA": "VD_2025_181644", "NOMBRE_ARB": 0, "PROGRAMME": "Non-recours aux produits phytosanitaires dans les grandes cultures", "SHAPE_AREA": 23365.914, "SHAPE_LEN": 850.293, "SURFACE_M2": 46732, "UTILISATIO": "Triticale" }, "geometry": { "type": "MultiPolygon", "coordinates": [ [ [ [ 2542792.381, 1155211.897000000113621 ], [ 2542788.518999999854714, 1155210.906999999890104 ], [ 2542782.941999999806285, 1155268.446 ], [ 2542774.87099999981001, 1155295.264999999897555 ], [ 2542750.543, 1155376.102999999886379 ], [ 2542754.383, 1155377.313 ], [ 2542757.023, 1155382.563 ], [ 2542780.034, 1155389.944 ], [ 2542815.014, 1155407.506 ], [ 2542845.024000000208616, 1155427.878 ], [ 2542913.086999999824911, 1155474.082 ], [ 2542964.893000000156462, 1155515.155 ], [ 2542992.467000000178814, 1155485.552 ], [ 2542933.926, 1155430.729 ], [ 2542907.74599999981001, 1155412.808 ], [ 2542900.80599999986589, 1155408.058 ], [ 2542894.815, 1155403.957 ], [ 2542866.467000000178814, 1155384.552 ], [ 2542874.187, 1155359.123 ], [ 2542891.467000000178814, 1155321.052 ], [ 2542876.430000000167638, 1155304.487 ], [ 2542867.671, 1155294.838 ], [ 2542831.529, 1155255.023 ], [ 2542792.381, 1155211.897000000113621 ] ] ] ] } },
{ "type": "Feature", "properties": { "ANNEE_DE_R": 2025, "CODE_PROGR": "Non", "CODE_UTILI": 613, "IDENTIFICA": "VD_2025_401312", "NOMBRE_ARB": 3, "PROGRAMME": "Aucun programme", "SHAPE_AREA": 12644.316, "SHAPE_LEN": 444.384, "SURFACE_M2": 12645, "UTILISATIO": "Autres prairies permanentes (sans les pâturages)" }, "geometry": { "type": "MultiPolygon", "coordinates": [ [ [ [ 2542796.575000000186265, 1156058.611 ], [ 2542750.225999999791384, 1156122.143 ], [ 2542795.546, 1156151.473 ], [ 2542819.546999999787658, 1156171.683 ], [ 2542911.427000000141561, 1156102.22 ], [ 2542883.636, 1156057.799000000115484 ], [ 2542859.484999999869615, 1156024.419 ], [ 2542796.575000000186265, 1156058.611 ] ] ] ] } },
{ "type": "Feature", "properties": { "ANNEE_DE_R": 2025, "CODE_PROGR": "Non", "CODE_UTILI": 852, "IDENTIFICA": "VD_2025_87691", "NOMBRE_ARB": 0, "PROGRAMME": "Aucun programme", "SHAPE_AREA": 4823.431, "SHAPE_LEN": 642.685, "SURFACE_M2": 4824, "UTILISATIO": "Haies, bosquets champêtres et berges boisées (avec la bande herbeuse)" }, "geometry": { "type": "MultiPolygon", "coordinates": [ [ [ [ 2542879.687, 1157123.694 ], [ 2542876.072999999858439, 1157121.639 ], [ 2542869.062, 1157117.651 ], [ 2542863.313, 1157115.308999999891967 ], [ 2542852.187, 1157110.776 ], [ 2542853.645, 1157088.066000000108033 ], [ 2542839.143999999854714, 1157083.846 ], [ 2542842.565, 1157090.062 ], [ 2542841.095000000204891, 1157095.229 ], [ 2542839.062, 1157113.691000000108033 ], [ 2542860.106999999843538, 1157130.359 ], [ 2542849.48, 1157186.819 ], [ 2542852.187, 1157192.444 ], [ 2542854.955999999772757, 1157189.444 ], [ 2542857.187, 1157187.026 ], [ 2542859.566000000108033, 1157180.33 ], [ 2542866.991, 1157159.429 ], [ 2542877.691999999806285, 1157129.308999999891967 ], [ 2542878.080999999772757, 1157128.216 ], [ 2542879.687, 1157123.694 ] ] ], [ [ [ 2542707.478999999817461, 1157174.799000000115484 ], [ 2542709.558999999891967, 1157183.339 ], [ 2542715.867999999783933, 1157189.508 ], [ 2542728.308999999891967, 1157201.674000000115484 ], [ 2542733.308999999891967, 1157192.509 ], [ 2542733.308999999891967, 1157180.839 ], [ 2542729.978999999817461, 1157168.759 ], [ 2542717.058999999891967, 1157153.759 ], [ 2542692.478999999817461, 1157143.344 ], [ 2542692.094, 1157145.977 ], [ 2542689.464999999850988, 1157163.966 ], [ 2542707.478999999817461, 1157174.799000000115484 ] ] ], [ [ [ 2542750.359000000171363, 1157237.224 ], [ 2542771.609000000171363, 1157234.724 ], [ 2542767.029, 1157217.224 ], [ 2542748.021999999880791, 1157214.529 ], [ 2542735.937, 1157215.779 ], [ 2542708.852, 1157236.614 ], [ 2542703.021999999880791, 1157244.944 ], [ 2542689.687, 1157250.364 ], [ 2542749.271999999880791, 1157266.194 ], [ 2542750.359000000171363, 1157237.224 ] ] ] ] } },
{ "type": "Feature", "properties": { "ANNEE_DE_R": 2025, "CODE_PROGR": "psGmf", "CODE_UTILI": 613, "IDENTIFICA": "VD_2025_148949", "NOMBRE_ARB": 0, "PROGRAMME": "Production de lait et de viande basée sur les herbages", "SHAPE_AREA": 9831.501, "SHAPE_LEN": 409.573, "SURFACE_M2": 9832, "UTILISATIO": "Autres prairies permanentes (sans les pâturages)" }, "geometry": { "type": "MultiPolygon", "coordinates": [ [ [ [ 2543124.214000000152737, 1155040.503 ], [ 2543121.154, 1155035.254999999888241 ], [ 2543044.37099999981001, 1154969.41 ], [ 2543030.98, 1154957.479 ], [ 2543025.824, 1154967.93 ], [ 2543020.731000000145286, 1154981.348 ], [ 2543012.324, 1154996.18 ], [ 2542983.258, 1155027.743 ], [ 2542984.633, 1155037.118 ], [ 2543017.758, 1155053.618 ], [ 2543043.508, 1155074.743 ], [ 2543068.133, 1155096.243 ], [ 2543072.383, 1155099.868 ], [ 2543076.258, 1155098.868 ], [ 2543078.723000000230968, 1155098.482 ], [ 2543121.279, 1155046.754999999888241 ], [ 2543124.214000000152737, 1155040.503 ] ] ] ] } },
{ "type": "Feature", "properties": { "ANNEE_DE_R": 2025, "CODE_PROGR": "psGmf", "CODE_UTILI": 613, "IDENTIFICA": "VD_2025_113889", "NOMBRE_ARB": 0, "PROGRAMME": "Production de lait et de viande basée sur les herbages", "SHAPE_AREA": 3159.568, "SHAPE_LEN": 968.774, "SURFACE_M2": 3160, "UTILISATIO": "Autres prairies permanentes (sans les pâturages)" }, "geometry": { "type": "MultiPolygon", "coordinates": [ [ [ [ 2543057.844, 1155100.81 ], [ 2543209.849, 1155239.671 ], [ 2543213.19, 1155236.063 ], [ 2543116.221, 1155146.235000000102445 ], [ 2543061.308999999891967, 1155095.244 ], [ 2543057.844, 1155100.81 ] ] ], [ [ [ 2543264.639, 1155223.225 ], [ 2543268.950000000186265, 1155220.568 ], [ 2543253.81900000013411, 1155202.577 ], [ 2543264.662, 1155193.383 ], [ 2543261.382000000216067, 1155191.788 ], [ 2543257.023, 1155189.602999999886379 ], [ 2543240.531, 1155181.644 ], [ 2543221.403, 1155162.433999999891967 ], [ 2543203.795, 1155154.308 ], [ 2543191.571, 1155142.088 ], [ 2543183.276999999769032, 1155133.125 ], [ 2543198.315, 1155156.902 ], [ 2543264.639, 1155223.225 ] ] ], [ [ [ 2543136.268000000156462, 1155295.215 ], [ 2543193.369, 1155266.883 ], [ 2543224.788000000175089, 1155249.142 ], [ 2543225.17, 1155247.156 ], [ 2543216.955, 1155239.549000000115484 ], [ 2543213.654999999795109, 1155243.109 ], [ 2543215.646999999880791, 1155245.15 ], [ 2543107.856000000145286, 1155305.278 ], [ 2543110.958999999798834, 1155308.08 ], [ 2543136.268000000156462, 1155295.215 ] ] ] ] } },
{ "type": "Feature", "properties": { "ANNEE_DE_R": 2025, "CODE_PROGR": "Non", "CODE_UTILI": 613, "IDENTIFICA": "VD_2025_82428", "NOMBRE_ARB": 0, "PROGRAMME": "Aucun programme", "SHAPE_AREA": 11924.435, "SHAPE_LEN": 1584.144, "SURFACE_M2": 11925, "UTILISATIO": "Autres prairies permanentes (sans les pâturages)" }, "geometry": { "type": "MultiPolygon", "coordinates": [ [ [ [ 2543197.154999999795109, 1155651.708000000100583 ], [ 2543215.716, 1155634.564 ], [ 2543219.740000000223517, 1155630.846 ], [ 2543222.114, 1155628.837 ], [ 2543223.202, 1155627.916 ], [ 2543227.696, 1155624.112999999895692 ], [ 2543244.748999999836087, 1155609.68 ], [ 2543255.299999999813735, 1155608.197 ], [ 2543266.133, 1155606.675 ], [ 2543272.133, 1155612.925 ], [ 2543276.589000000152737, 1155617.533 ], [ 2543288.579, 1155629.935 ], [ 2543293.156, 1155634.669 ], [ 2543296.518999999854714, 1155638.147000000113621 ], [ 2543304.416999999899417, 1155646.352 ], [ 2543312.813999999780208, 1155655.074 ], [ 2543322.134999999776483, 1155665.370000000111759 ], [ 2543329.139, 1155672.903 ], [ 2543333.458000000100583, 1155666.605 ], [ 2543318.691000000108033, 1155635.736 ], [ 2543309.153, 1155615.8 ], [ 2543293.62900000018999, 1155583.384 ], [ 2543286.563, 1155585.71 ], [ 2543271.563, 1155592.46 ], [ 2543263.662, 1155597.785 ], [ 2543253.438, 1155598.96 ], [ 2543245.287, 1155596.41 ], [ 2543242.464000000152737, 1155590.366 ], [ 2543238.99599999981001, 1155585.832 ], [ 2543239.237999999895692, 1155572.517 ], [ 2543275.654999999795109, 1155537.547 ], [ 2543311.404999999795109, 1155511.585 ], [ 2543317.924000000115484, 1155487.8 ], [ 2543317.01299999980256, 1155461.578 ], [ 2543312.605, 1155432.534 ], [ 2543309.54, 1155417.993 ], [ 2543306.995000000111759, 1155405.92 ], [ 2543296.65, 1155383.118 ], [ 2543289.943, 1155370.889 ], [ 2543283.981999999843538, 1155343.009 ], [ 2543260.171, 1155309.507 ], [ 2543254.191999999806285, 1155341.537 ], [ 2543244.912, 1155360.599 ], [ 2543245.358, 1155362.0 ], [ 2543250.998999999836087, 1155355.93 ], [ 2543262.946, 1155371.291 ], [ 2543264.998999999836087, 1155373.93 ], [ 2543276.759999999776483, 1155390.441000000108033 ], [ 2543277.998999999836087, 1155392.18 ], [ 2543279.666999999899417, 1155395.206 ], [ 2543290.372, 1155414.619 ], [ 2543292.748999999836087, 1155418.93 ], [ 2543294.089000000152737, 1155424.467 ], [ 2543295.774000000208616, 1155431.433 ], [ 2543296.65, 1155435.055 ], [ 2543300.248999999836087, 1155449.93 ], [ 2543300.28899999987334, 1155451.856 ], [ 2543300.390000000130385, 1155456.669 ], [ 2543300.54, 1155463.819 ], [ 2543301.498999999836087, 1155509.68 ], [ 2543282.287, 1155527.195 ], [ 2543241.94, 1155563.977999999886379 ], [ 2543222.248999999836087, 1155581.93 ], [ 2543238.501999999862164, 1155601.975 ], [ 2543222.450000000186265, 1155616.206 ], [ 2543215.825999999884516, 1155622.077 ], [ 2543203.029999999795109, 1155634.209 ], [ 2543189.833999999798834, 1155646.719 ], [ 2543197.154999999795109, 1155651.708000000100583 ] ] ], [ [ [ 2543053.859999999869615, 1155444.698 ], [ 2543060.043, 1155480.886 ], [ 2543061.558000000193715, 1155495.553 ], [ 2543060.458000000100583, 1155515.038 ], [ 2543056.275, 1155535.495000000111759 ], [ 2543053.586999999824911, 1155542.183 ], [ 2543052.086999999824911, 1155548.870000000111759 ], [ 2543053.586999999824911, 1155552.620000000111759 ], [ 2543054.9, 1155554.558 ], [ 2543056.551, 1155556.01 ], [ 2543060.694999999832362, 1155549.416 ], [ 2543064.740000000223517, 1155542.98 ], [ 2543068.075000000186265, 1155537.673 ], [ 2543068.808000000193715, 1155536.508 ], [ 2543069.62900000018999, 1155533.891 ], [ 2543073.237999999895692, 1155522.389 ], [ 2543074.157000000122935, 1155519.464 ], [ 2543074.596, 1155511.378 ], [ 2543074.958999999798834, 1155504.692 ], [ 2543074.958999999798834, 1155488.207 ], [ 2543074.958999999798834, 1155481.442 ], [ 2543074.415, 1155476.612999999895692 ], [ 2543072.643999999854714, 1155460.870000000111759 ], [ 2543071.811000000219792, 1155453.469 ], [ 2543070.691000000108033, 1155443.523 ], [ 2543069.703000000212342, 1155434.741 ], [ 2543066.404999999795109, 1155436.858 ], [ 2543053.859999999869615, 1155444.698 ] ] ], [ [ [ 2543366.930000000167638, 1155751.587 ], [ 2543319.554, 1155686.884 ], [ 2543295.258, 1155722.373 ], [ 2543343.25, 1155770.075999999884516 ], [ 2543366.930000000167638, 1155751.587 ] ] ] ] } },
{ "type": "Feature", "properties": { "ANNEE_DE_R": 2025, "CODE_PROGR": "Bio", "CODE_UTILI": 611, "IDENTIFICA": "VD_2025_402548", "NOMBRE_ARB": 0, "PROGRAMME": "Production bio", "SHAPE_AREA": 578.343, "SHAPE_LEN": 115.722, "SURFACE_M2": 1157, "UTILISATIO": "Prairies extensives (sans les pâturages)" }, "geometry": { "type": "MultiPolygon", "coordinates": [ [ [ [ 2543019.05599999986589, 1156200.043 ], [ 2543017.927000000141561, 1156196.516 ], [ 2543005.981000000145286, 1156200.406 ], [ 2543012.921999999787658, 1156220.194 ], [ 2543003.046999999787658, 1156224.069 ], [ 2543007.671999999787658, 1156237.694 ], [ 2543028.546999999787658, 1156229.694 ], [ 2543019.05599999986589, 1156200.043 ] ] ] ] } },
{ "type": "Feature", "properties": { "ANNEE_DE_R": 2025, "CODE_PROGR": "psGmf", "CODE_UTILI": 613, "IDENTIFICA": "VD_2025_204438", "NOMBRE_ARB": 0, "PROGRAMME": "Production de lait et de viande basée sur les herbages", "SHAPE_AREA": 14617.714, "SHAPE_LEN": 629.815, "SURFACE_M2": 14618, "UTILISATIO": "Autres prairies permanentes (sans les pâturages)" }, "geometry": { "type": "MultiPolygon", "coordinates": [ [ [ [ 2543072.708000000100583, 1156331.564 ], [ 2543092.923, 1156352.28 ], [ 2543075.453000000212342, 1156368.09 ], [ 2543076.548, 1156369.743 ], [ 2543101.154, 1156394.061 ], [ 2543083.196, 1156406.323 ], [ 2543075.376000000163913, 1156411.663 ], [ 2543071.852, 1156414.069 ], [ 2543065.143999999854714, 1156418.65 ], [ 2543084.984999999869615, 1156455.200999999884516 ], [ 2543091.845000000204891, 1156461.162 ], [ 2543123.986, 1156473.163 ], [ 2543135.767, 1156428.92 ], [ 2543132.131, 1156422.362999999895692 ], [ 2543143.131, 1156411.487999999895692 ], [ 2543167.404, 1156393.343000000109896 ], [ 2543193.404, 1156418.344 ], [ 2543195.975999999791384, 1156420.496 ], [ 2543198.825000000186265, 1156417.688 ], [ 2543203.747, 1156422.66 ], [ 2543207.886, 1156424.601 ], [ 2543224.697000000160187, 1156407.977999999886379 ], [ 2543231.517, 1156400.977999999886379 ], [ 2543214.933000000193715, 1156381.362999999895692 ], [ 2543196.419000000227243, 1156359.465 ], [ 2543191.685, 1156353.865 ], [ 2543138.177999999839813, 1156290.607 ], [ 2543136.043, 1156288.082 ], [ 2543109.396000000182539, 1156306.463 ], [ 2543107.251999999862164, 1156307.942 ], [ 2543091.873000000137836, 1156318.55 ], [ 2543072.708000000100583, 1156331.564 ] ] ] ] } },
{ "type": "Feature", "properties": { "ANNEE_DE_R": 2025, "CODE_PROGR": "Bio", "CODE_UTILI": 617, "IDENTIFICA": "VD_2025_518529", "NOMBRE_ARB": 8, "PROGRAMME": "Production bio", "SHAPE_AREA": 1413.515, "SHAPE_LEN": 186.104, "SURFACE_M2": 1414, "UTILISATIO": "Pâturages extensifs" }, "geometry": { "type": "MultiPolygon", "coordinates": [ [ [ [ 2543339.151, 1156113.655 ], [ 2543309.091, 1156133.21 ], [ 2543317.44, 1156143.541999999899417 ], [ 2543326.69, 1156137.541999999899417 ], [ 2543338.19, 1156153.791999999899417 ], [ 2543330.44, 1156157.291999999899417 ], [ 2543338.278, 1156172.242 ], [ 2543365.265999999828637, 1156154.03 ], [ 2543339.151, 1156113.655 ] ] ] ] } },
{ "type": "Feature", "properties": { "ANNEE_DE_R": 2025, "CODE_PROGR": "psmArableFarming", "CODE_UTILI": 527, "IDENTIFICA": "VD_2025_180121", "NOMBRE_ARB": 0, "PROGRAMME": "Non-recours aux produits phytosanitaires dans les grandes cultures", "SHAPE_AREA": 53052.498, "SHAPE_LEN": 1276.952, "SURFACE_M2": 265263, "UTILISATIO": "Colza d’automne destiné à la fabrication d’huile comestible" }, "geometry": { "type": "MultiPolygon", "coordinates": [ [ [ [ 2543552.426, 1156601.46 ], [ 2543545.43099999986589, 1156589.134 ], [ 2543541.926, 1156582.96 ], [ 2543519.926, 1156548.96 ], [ 2543514.160999999847263, 1156551.391 ], [ 2543501.075000000186265, 1156571.433 ], [ 2543485.926, 1156589.46 ], [ 2543465.926, 1156574.46 ], [ 2543456.926, 1156560.96 ], [ 2543458.926, 1156542.46 ], [ 2543448.051, 1156528.219 ], [ 2543406.23, 1156488.913 ], [ 2543392.23, 1156476.413 ], [ 2543433.606999999843538, 1156437.534 ], [ 2543392.119, 1156396.507 ], [ 2543388.606999999843538, 1156393.034 ], [ 2543386.728000000119209, 1156392.072 ], [ 2543383.597, 1156390.468000000109896 ], [ 2543382.251000000163913, 1156389.778 ], [ 2543378.725, 1156387.972 ], [ 2543375.188999999780208, 1156386.161 ], [ 2543363.748000000137836, 1156380.301 ], [ 2543352.361, 1156374.468000000109896 ], [ 2543340.722, 1156368.506 ], [ 2543310.987999999895692, 1156353.275 ], [ 2543298.352, 1156346.802 ], [ 2543295.457, 1156345.319 ], [ 2543286.75, 1156354.175 ], [ 2543256.98700000019744, 1156384.45 ], [ 2543199.876999999862164, 1156442.007 ], [ 2543240.548, 1156482.568 ], [ 2543225.291999999899417, 1156497.957 ], [ 2543240.106999999843538, 1156510.534 ], [ 2543262.674999999813735, 1156509.649 ], [ 2543277.802000000141561, 1156515.022000000113621 ], [ 2543287.998000000137836, 1156519.610000000102445 ], [ 2543303.50400000018999, 1156529.72 ], [ 2543331.813999999780208, 1156553.5 ], [ 2543364.744, 1156584.362 ], [ 2543404.926, 1156630.46 ], [ 2543419.097, 1156651.716 ], [ 2543425.926, 1156661.96 ], [ 2543430.089000000152737, 1156680.692 ], [ 2543428.727, 1156691.126 ], [ 2543427.904999999795109, 1156699.781999999890104 ], [ 2543425.396999999880791, 1156726.197 ], [ 2543424.904, 1156731.393 ], [ 2543423.426, 1156746.96 ], [ 2543461.06, 1156722.51 ], [ 2543489.376999999862164, 1156704.112999999895692 ], [ 2543501.926, 1156695.96 ], [ 2543525.972, 1156673.635 ], [ 2543545.426, 1156653.96 ], [ 2543550.171, 1156650.115 ], [ 2543558.926, 1156639.96 ], [ 2543558.765999999828637, 1156636.454 ], [ 2543558.717999999877065, 1156635.411 ], [ 2543558.344, 1156627.217 ], [ 2543558.577, 1156621.082 ], [ 2543552.426, 1156601.46 ] ] ] ] } },
{ "type": "Feature", "properties": { "ANNEE_DE_R": 2025, "CODE_PROGR": "Non", "CODE_UTILI": 613, "IDENTIFICA": "VD_2025_180122", "NOMBRE_ARB": 0, "PROGRAMME": "Aucun programme", "SHAPE_AREA": 16598.258, "SHAPE_LEN": 1868.49, "SURFACE_M2": 16599, "UTILISATIO": "Autres prairies permanentes (sans les pâturages)" }, "geometry": { "type": "MultiPolygon", "coordinates": [ [ [ [ 2543389.646000000182539, 1156383.68 ], [ 2543388.498999999836087, 1156382.518 ], [ 2543362.941000000108033, 1156371.535 ], [ 2543304.427000000141561, 1156344.919 ], [ 2543298.352, 1156346.802 ], [ 2543310.987999999895692, 1156353.275 ], [ 2543340.722, 1156368.506 ], [ 2543352.361, 1156374.468000000109896 ], [ 2543363.748000000137836, 1156380.301 ], [ 2543375.188999999780208, 1156386.161 ], [ 2543378.725, 1156387.972 ], [ 2543382.251000000163913, 1156389.778 ], [ 2543383.597, 1156390.468000000109896 ], [ 2543386.728000000119209, 1156392.072 ], [ 2543388.606999999843538, 1156393.034 ], [ 2543392.119, 1156396.507 ], [ 2543433.606999999843538, 1156437.534 ], [ 2543392.23, 1156476.413 ], [ 2543406.23, 1156488.913 ], [ 2543444.771000000182539, 1156522.269 ], [ 2543453.031, 1156532.409 ], [ 2543460.406, 1156541.409 ], [ 2543458.281, 1156560.636 ], [ 2543468.281, 1156573.386 ], [ 2543485.926, 1156589.46 ], [ 2543514.160999999847263, 1156551.391 ], [ 2543517.967999999877065, 1156546.148 ], [ 2543519.926, 1156548.96 ], [ 2543535.074, 1156570.181 ], [ 2543541.926, 1156582.96 ], [ 2543545.43099999986589, 1156589.134 ], [ 2543552.426, 1156601.46 ], [ 2543558.577, 1156621.082 ], [ 2543558.344, 1156627.217 ], [ 2543558.717999999877065, 1156635.411 ], [ 2543558.765999999828637, 1156636.454 ], [ 2543558.926, 1156639.96 ], [ 2543550.171, 1156650.115 ], [ 2543545.426, 1156653.96 ], [ 2543525.972, 1156673.635 ], [ 2543501.926, 1156695.96 ], [ 2543489.376999999862164, 1156704.112999999895692 ], [ 2543462.136, 1156723.399 ], [ 2543423.998999999836087, 1156747.784 ], [ 2543423.426, 1156746.96 ], [ 2543424.904, 1156731.393 ], [ 2543425.396999999880791, 1156726.197 ], [ 2543427.904999999795109, 1156699.781999999890104 ], [ 2543428.727, 1156691.126 ], [ 2543430.089000000152737, 1156680.692 ], [ 2543425.926, 1156661.96 ], [ 2543419.097, 1156651.716 ], [ 2543414.984000000171363, 1156652.937 ], [ 2543425.66399999987334, 1156677.916 ], [ 2543424.554, 1156685.677 ], [ 2543419.347, 1156722.075 ], [ 2543415.73700000019744, 1156747.31 ], [ 2543413.785999999847263, 1156760.950999999884516 ], [ 2543441.05599999986589, 1156761.506 ], [ 2543464.098000000230968, 1156757.012000000104308 ], [ 2543464.205999999772757, 1156754.296 ], [ 2543472.146000000182539, 1156749.78 ], [ 2543472.146000000182539, 1156742.889 ], [ 2543486.598000000230968, 1156738.281 ], [ 2543506.927000000141561, 1156729.996 ], [ 2543527.007000000216067, 1156710.552 ], [ 2543558.387000000104308, 1156680.166 ], [ 2543574.955999999772757, 1156641.319 ], [ 2543588.580999999772757, 1156618.819 ], [ 2543595.580999999772757, 1156603.069 ], [ 2543588.580999999772757, 1156597.819 ], [ 2543576.330999999772757, 1156587.569 ], [ 2543569.305000000167638, 1156571.256 ], [ 2543559.884, 1156551.713 ], [ 2543527.864, 1156496.214 ], [ 2543515.989, 1156486.964 ], [ 2543498.364, 1156513.839 ], [ 2543495.096, 1156541.375 ], [ 2543497.864, 1156552.589 ], [ 2543490.501999999862164, 1156561.862999999895692 ], [ 2543485.864, 1156565.714 ], [ 2543478.614, 1156565.964 ], [ 2543470.989, 1156559.714 ], [ 2543469.614, 1156536.214 ], [ 2543471.123000000137836, 1156480.473 ], [ 2543478.498000000137836, 1156467.098 ], [ 2543475.379999999888241, 1156458.662 ], [ 2543467.791999999899417, 1156458.588 ], [ 2543459.642, 1156462.138 ], [ 2543440.171999999787658, 1156472.638 ], [ 2543428.778, 1156482.264 ], [ 2543402.775, 1156482.397000000113621 ], [ 2543398.481000000145286, 1156478.508 ], [ 2543405.100999999791384, 1156469.528 ], [ 2543418.051, 1156464.128 ], [ 2543427.501000000163913, 1156458.048 ], [ 2543440.131, 1156451.748 ], [ 2543446.301, 1156444.658 ], [ 2543442.580999999772757, 1156437.477999999886379 ], [ 2543413.858, 1156408.225 ], [ 2543396.301, 1156387.776 ], [ 2543389.646000000182539, 1156383.68 ] ] ] ] } },
{ "type": "Feature", "properties": { "ANNEE_DE_R": 2025, "CODE_PROGR": "psGmf", "CODE_UTILI": 613, "IDENTIFICA": "VD_2025_77608", "NOMBRE_ARB": 0, "PROGRAMME": "Production de lait et de viande basée sur les herbages", "SHAPE_AREA": 32135.686, "SHAPE_LEN": 928.624, "SURFACE_M2": 32136, "UTILISATIO": "Autres prairies permanentes (sans les pâturages)" }, "geometry": { "type": "MultiPolygon", "coordinates": [ [ [ [ 2543312.974, 1156900.677 ], [ 2543321.594, 1156918.487 ], [ 2543303.764, 1156948.717 ], [ 2543262.393000000156462, 1156998.367 ], [ 2543369.950000000186265, 1157109.858 ], [ 2543494.007000000216067, 1157017.176 ], [ 2543496.508, 1157017.004999999888241 ], [ 2543495.217000000178814, 1157014.777 ], [ 2543500.313999999780208, 1156998.793 ], [ 2543494.279, 1156972.648 ], [ 2543489.36200000019744, 1156962.271 ], [ 2543473.404, 1156946.023 ], [ 2543474.566999999806285, 1156942.666 ], [ 2543476.197000000160187, 1156938.856 ], [ 2543480.677000000141561, 1156928.386 ], [ 2543477.441000000108033, 1156923.317 ], [ 2543471.376999999862164, 1156913.816000000108033 ], [ 2543468.52, 1156909.34 ], [ 2543441.236, 1156866.596 ], [ 2543361.205, 1156887.846 ], [ 2543312.974, 1156900.677 ] ], [ [ 2543346.575999999884516, 1156994.977 ], [ 2543348.13799999980256, 1156999.29 ], [ 2543351.53899999987334, 1157012.215 ], [ 2543353.282000000122935, 1157019.120000000111759 ], [ 2543348.509999999776483, 1157026.775 ], [ 2543343.76299999980256, 1157029.915 ], [ 2543338.389, 1157031.677 ], [ 2543335.950999999884516, 1157032.477 ], [ 2543325.825999999884516, 1157033.602 ], [ 2543314.51299999980256, 1157030.04 ], [ 2543306.38799999980256, 1157020.352 ], [ 2543300.26299999980256, 1157007.04 ], [ 2543297.450999999884516, 1156992.04 ], [ 2543301.01299999980256, 1156978.54 ], [ 2543306.26299999980256, 1156967.915 ], [ 2543314.03899999987334, 1156965.965 ], [ 2543328.700999999884516, 1156972.477 ], [ 2543331.25400000018999, 1156976.92 ], [ 2543346.575999999884516, 1156994.977 ] ] ] ] } },
{ "type": "Feature", "properties": { "ANNEE_DE_R": 2025, "CODE_PROGR": "Bio", "CODE_UTILI": 613, "IDENTIFICA": "VD_2025_516620", "NOMBRE_ARB": 0, "PROGRAMME": "Production bio", "SHAPE_AREA": 23034.196, "SHAPE_LEN": 827.728, "SURFACE_M2": 46069, "UTILISATIO": "Autres prairies permanentes (sans les pâturages)" }, "geometry": { "type": "MultiPolygon", "coordinates": [ [ [ [ 2543521.086999999824911, 1158208.847 ], [ 2543500.327, 1158121.862 ], [ 2543487.924000000115484, 1158125.752 ], [ 2543483.119, 1158111.014999999897555 ], [ 2543495.46, 1158107.885 ], [ 2543471.126999999862164, 1158002.271 ], [ 2543444.765999999828637, 1157892.519 ], [ 2543440.765999999828637, 1157890.857 ], [ 2543416.265999999828637, 1157921.857 ], [ 2543376.089999999850988, 1157978.406 ], [ 2543363.214999999850988, 1157993.344 ], [ 2543397.410999999847263, 1158060.281 ], [ 2543402.875, 1158059.497 ], [ 2543403.849, 1158061.031 ], [ 2543418.398, 1158095.543 ], [ 2543439.156, 1158142.595 ], [ 2543482.617, 1158247.623 ], [ 2543490.555000000167638, 1158246.248 ], [ 2543495.930000000167638, 1158237.498 ], [ 2543503.805000000167638, 1158226.873 ], [ 2543510.930000000167638, 1158218.748 ], [ 2543520.055000000167638, 1158213.873 ], [ 2543521.086999999824911, 1158208.847 ] ] ] ] } },
{ "type": "Feature", "properties": { "ANNEE_DE_R": 2025, "CODE_PROGR": "psmArableFarming", "CODE_UTILI": 505, "IDENTIFICA": "VD_2025_180119", "NOMBRE_ARB": 0, "PROGRAMME": "Non-recours aux produits phytosanitaires dans les grandes cultures", "SHAPE_AREA": 48555.677, "SHAPE_LEN": 1067.469, "SURFACE_M2": 194223, "UTILISATIO": "Triticale" }, "geometry": { "type": "MultiPolygon", "coordinates": [ [ [ [ 2543830.474, 1157952.093000000109896 ], [ 2543791.046, 1157936.878 ], [ 2543505.378, 1158044.116 ], [ 2543507.835, 1158053.93 ], [ 2543518.321, 1158097.885 ], [ 2543523.958999999798834, 1158121.52 ], [ 2543533.614, 1158161.991 ], [ 2543568.342000000178814, 1158151.299000000115484 ], [ 2543577.111, 1158148.615 ], [ 2543584.870000000111759, 1158146.264999999897555 ], [ 2543613.71, 1158137.416999999899417 ], [ 2543635.330999999772757, 1158130.984 ], [ 2543670.003, 1158120.535 ], [ 2543681.069999999832362, 1158116.341 ], [ 2543704.128, 1158107.602999999886379 ], [ 2543722.511, 1158099.391 ], [ 2543736.728999999817461, 1158093.152 ], [ 2543746.832, 1158088.522000000113621 ], [ 2543767.849, 1158079.413 ], [ 2543776.373000000137836, 1158075.718000000109896 ], [ 2543795.816000000108033, 1158067.305 ], [ 2543804.665, 1158063.455 ], [ 2543827.80599999986589, 1158058.125 ], [ 2543862.904, 1158048.203 ], [ 2543880.114, 1158043.338 ], [ 2543888.688, 1158040.914000000106171 ], [ 2543903.679, 1158035.802 ], [ 2543930.93099999986589, 1158023.343000000109896 ], [ 2543949.688999999780208, 1158010.244 ], [ 2543952.846, 1158008.049000000115484 ], [ 2543954.983, 1158006.422 ], [ 2543961.221, 1158001.674000000115484 ], [ 2543954.044000000227243, 1157999.233 ], [ 2543948.619, 1157997.388 ], [ 2543939.424999999813735, 1157994.262000000104308 ], [ 2543930.346, 1157991.174000000115484 ], [ 2543896.058999999891967, 1157979.862999999895692 ], [ 2543893.971, 1157979.174000000115484 ], [ 2543878.651999999769032, 1157972.629 ], [ 2543875.796, 1157971.408 ], [ 2543851.598000000230968, 1157961.07 ], [ 2543831.654999999795109, 1157952.549000000115484 ], [ 2543830.474, 1157952.093000000109896 ] ] ] ] } },
{ "type": "Feature", "properties": { "ANNEE_DE_R": 2025, "CODE_PROGR": "Non", "CODE_UTILI": 611, "IDENTIFICA": "VD_2025_402453", "NOMBRE_ARB": 0, "PROGRAMME": "Aucun programme", "SHAPE_AREA": 14578.056, "SHAPE_LEN": 1669.99, "SURFACE_M2": 14579, "UTILISATIO": "Prairies extensives (sans les pâturages)" }, "geometry": { "type": "MultiPolygon", "coordinates": [ [ [ [ 2543421.862999999895692, 1158930.194 ], [ 2543434.412, 1158957.489 ], [ 2543442.024000000208616, 1158971.194 ], [ 2543454.075999999884516, 1158982.176 ], [ 2543460.035000000149012, 1158980.313 ], [ 2543642.313999999780208, 1158917.17 ], [ 2543680.08, 1158903.819 ], [ 2543719.741, 1158882.91 ], [ 2543724.381, 1158886.379999999888241 ], [ 2543735.052999999839813, 1158875.078 ], [ 2543741.623000000137836, 1158861.652 ], [ 2543454.838, 1158960.896 ], [ 2543424.072999999858439, 1158845.967 ], [ 2543403.157999999821186, 1158759.655 ], [ 2543387.106000000145286, 1158763.687 ], [ 2543421.862999999895692, 1158930.194 ] ] ], [ [ [ 2543457.478999999817461, 1158982.875 ], [ 2543469.203000000212342, 1159006.104 ], [ 2543502.165, 1158990.716 ], [ 2543611.475, 1158944.271 ], [ 2543653.298, 1158927.602999999886379 ], [ 2543682.626000000163913, 1158915.914000000106171 ], [ 2543722.268999999854714, 1158891.562 ], [ 2543719.771000000182539, 1158886.42 ], [ 2543707.367999999783933, 1158892.656 ], [ 2543672.687, 1158908.299000000115484 ], [ 2543642.313999999780208, 1158917.17 ], [ 2543457.478999999817461, 1158982.875 ] ] ] ] } },
{ "type": "Feature", "properties": { "ANNEE_DE_R": 2025, "CODE_PROGR": "psGmf", "CODE_UTILI": 612, "IDENTIFICA": "VD_2025_181640", "NOMBRE_ARB": 0, "PROGRAMME": "Production de lait et de viande basée sur les herbages", "SHAPE_AREA": 11113.791, "SHAPE_LEN": 502.41, "SURFACE_M2": 11114, "UTILISATIO": "Prairies peu intensives (sans les pâturages)" }, "geometry": { "type": "MultiPolygon", "coordinates": [ [ [ [ 2543802.645, 1156359.756 ], [ 2543789.029999999795109, 1156373.088 ], [ 2543768.44, 1156393.25 ], [ 2543758.634999999776483, 1156402.852 ], [ 2543730.986, 1156429.926 ], [ 2543748.767, 1156456.026 ], [ 2543755.758, 1156468.65 ], [ 2543775.438, 1156504.186 ], [ 2543786.599, 1156533.366 ], [ 2543815.369, 1156520.136 ], [ 2543827.990000000223517, 1156540.475 ], [ 2543859.328000000212342, 1156526.075 ], [ 2543860.583999999798834, 1156525.497 ], [ 2543861.899000000208616, 1156516.432 ], [ 2543854.069999999832362, 1156503.195 ], [ 2543853.926, 1156495.845 ], [ 2543835.535999999847263, 1156467.633 ], [ 2543828.187, 1156440.874 ], [ 2543812.552999999839813, 1156426.869 ], [ 2543803.153, 1156416.441000000108033 ], [ 2543812.671, 1156400.817 ], [ 2543811.649000000208616, 1156386.004999999888241 ], [ 2543798.827, 1156368.851 ], [ 2543802.645, 1156359.756 ] ] ] ] } },
{ "type": "Feature", "properties": { "ANNEE_DE_R": 2025, "CODE_PROGR": "Bio", "CODE_UTILI": 613, "IDENTIFICA": "VD_2025_204552", "NOMBRE_ARB": 0, "PROGRAMME": "Production bio", "SHAPE_AREA": 3920.663, "SHAPE_LEN": 288.878, "SURFACE_M2": 7842, "UTILISATIO": "Autres prairies permanentes (sans les pâturages)" }, "geometry": { "type": "MultiPolygon", "coordinates": [ [ [ [ 2534746.009, 1156477.237 ], [ 2534735.862999999895692, 1156441.068 ], [ 2534731.707, 1156441.187 ], [ 2534726.987999999895692, 1156441.322 ], [ 2534689.134999999776483, 1156442.401 ], [ 2534664.832, 1156443.094 ], [ 2534658.321, 1156443.28 ], [ 2534629.992999999783933, 1156443.818 ], [ 2534629.106000000145286, 1156448.041999999899417 ], [ 2534628.082, 1156452.916999999899417 ], [ 2534633.075000000186265, 1156457.033 ], [ 2534635.636, 1156460.705 ], [ 2534638.166999999899417, 1156464.333000000100583 ], [ 2534638.651, 1156465.696 ], [ 2534643.37900000018999, 1156479.007 ], [ 2534643.739, 1156481.778 ], [ 2534685.438, 1156479.926 ], [ 2534746.009, 1156477.237 ] ] ] ] } },
{ "type": "Feature", "properties": { "ANNEE_DE_R": 2025, "CODE_PROGR": "Bio", "CODE_UTILI": 616, "IDENTIFICA": "VD_2025_472444", "NOMBRE_ARB": 0, "PROGRAMME": "Production bio", "SHAPE_AREA": 6640.053, "SHAPE_LEN": 355.141, "SURFACE_M2": 13281, "UTILISATIO": "Pâturages (pâturages attenants à la ferme, autres pâturages sauf les pâturages d’estivage)" }, "geometry": { "type": "MultiPolygon", "coordinates": [ [ [ [ 2534674.398, 1156533.075 ], [ 2534737.367999999783933, 1156530.842 ], [ 2534746.349, 1156531.013 ], [ 2534779.526999999769032, 1156529.315 ], [ 2534773.954, 1156503.189 ], [ 2534767.458999999798834, 1156484.226 ], [ 2534765.924000000115484, 1156480.362 ], [ 2534764.633, 1156480.081 ], [ 2534746.009, 1156477.237 ], [ 2534685.438, 1156479.926 ], [ 2534643.739, 1156481.778 ], [ 2534647.592999999877065, 1156511.422 ], [ 2534648.592999999877065, 1156518.822 ], [ 2534649.301, 1156524.533 ], [ 2534650.092999999877065, 1156530.922 ], [ 2534650.525, 1156533.929 ], [ 2534661.12099999981001, 1156533.513 ], [ 2534666.859000000171363, 1156533.345 ], [ 2534674.398, 1156533.075 ] ] ] ] } },
{ "type": "Feature", "properties": { "ANNEE_DE_R": 2025, "CODE_PROGR": "Bio", "CODE_UTILI": 616, "IDENTIFICA": "VD_2025_126880", "NOMBRE_ARB": 0, "PROGRAMME": "Production bio", "SHAPE_AREA": 4369.5, "SHAPE_LEN": 304.894, "SURFACE_M2": 8740, "UTILISATIO": "Pâturages (pâturages attenants à la ferme, autres pâturages sauf les pâturages d’estivage)" }, "geometry": { "type": "MultiPolygon", "coordinates": [ [ [ [ 2534812.137000000104308, 1156585.937 ], [ 2534805.890999999828637, 1156575.797 ], [ 2534799.021000000182539, 1156568.289000000106171 ], [ 2534792.535000000149012, 1156560.71 ], [ 2534785.699, 1156549.497 ], [ 2534779.526999999769032, 1156529.315 ], [ 2534746.349, 1156531.013 ], [ 2534746.328000000212342, 1156564.747 ], [ 2534746.325999999884516, 1156569.349 ], [ 2534745.943, 1156576.213 ], [ 2534761.592999999877065, 1156578.186 ], [ 2534762.646000000182539, 1156584.102 ], [ 2534770.65, 1156584.044 ], [ 2534770.157999999821186, 1156592.273 ], [ 2534768.06, 1156632.545 ], [ 2534771.421, 1156632.793 ], [ 2534774.475999999791384, 1156635.871 ], [ 2534783.207, 1156633.651 ], [ 2534801.19400000013411, 1156626.126 ], [ 2534806.876000000163913, 1156621.808 ], [ 2534811.535000000149012, 1156614.535 ], [ 2534814.83, 1156606.808 ], [ 2534815.478999999817461, 1156596.254999999888241 ], [ 2534812.137000000104308, 1156585.937 ] ] ] ] } },
{ "type": "Feature", "properties": { "ANNEE_DE_R": 2025, "CODE_PROGR": "Bio", "CODE_UTILI": 611, "IDENTIFICA": "VD_2025_44446", "NOMBRE_ARB": 0, "PROGRAMME": "Production bio", "SHAPE_AREA": 1498.111, "SHAPE_LEN": 360.7, "SURFACE_M2": 2997, "UTILISATIO": "Prairies extensives (sans les pâturages)" }, "geometry": { "type": "MultiPolygon", "coordinates": [ [ [ [ 2534840.123999999836087, 1156925.66 ], [ 2534839.251000000163913, 1156919.057 ], [ 2534811.298, 1156924.528 ], [ 2534765.491, 1156933.494 ], [ 2534698.247, 1156946.656 ], [ 2534671.174000000115484, 1156947.038 ], [ 2534672.282999999821186, 1156954.247 ], [ 2534671.111, 1156957.791 ], [ 2534735.174000000115484, 1156949.838 ], [ 2534752.373999999836087, 1156946.237999999895692 ], [ 2534810.981000000145286, 1156932.494 ], [ 2534840.123999999836087, 1156925.66 ] ] ] ] } },
{ "type": "Feature", "properties": { "ANNEE_DE_R": 2025, "CODE_PROGR": "Non", "CODE_UTILI": 611, "IDENTIFICA": "VD_2025_55981", "NOMBRE_ARB": 9, "PROGRAMME": "Aucun programme", "SHAPE_AREA": 2120.195, "SHAPE_LEN": 207.562, "SURFACE_M2": 2121, "UTILISATIO": "Prairies extensives (sans les pâturages)" }, "geometry": { "type": "MultiPolygon", "coordinates": [ [ [ [ 2535147.776, 1157460.528 ], [ 2535163.526999999769032, 1157491.074 ], [ 2535168.359999999869615, 1157509.665 ], [ 2535186.975, 1157531.089 ], [ 2535208.452, 1157509.146 ], [ 2535165.015999999828637, 1157449.022000000113621 ], [ 2535147.776, 1157460.528 ] ] ] ] } },
{ "type": "Feature", "properties": { "ANNEE_DE_R": 2025, "CODE_PROGR": "Non", "CODE_UTILI": 902, "IDENTIFICA": "VD_2025_55992", "NOMBRE_ARB": 0, "PROGRAMME": "Aucun programme", "SHAPE_AREA": 4077.621, "SHAPE_LEN": 1463.557, "SURFACE_M2": 4078, "UTILISATIO": "Surfaces improductives (p. ex. haies sans les bandes tampons, surfaces broyées, surfaces avec un degré élevé de mauvaises herbes)" }, "geometry": { "type": "MultiPolygon", "coordinates": [ [ [ [ 2535231.321, 1157453.214 ], [ 2535221.103999999817461, 1157444.51 ], [ 2535218.258, 1157450.645 ], [ 2535228.125, 1157458.444 ], [ 2535231.321, 1157453.214 ] ] ], [ [ [ 2535220.225, 1157498.128 ], [ 2535232.529, 1157517.019 ], [ 2535233.455, 1157518.441000000108033 ], [ 2535235.214000000152737, 1157524.717 ], [ 2535233.315, 1157528.383 ], [ 2535238.815, 1157534.258 ], [ 2535243.36200000019744, 1157529.846 ], [ 2535239.174000000115484, 1157524.158 ], [ 2535235.276999999769032, 1157516.916 ], [ 2535235.089000000152737, 1157510.604 ], [ 2535246.401999999769032, 1157502.416 ], [ 2535247.734999999869615, 1157492.441000000108033 ], [ 2535230.029, 1157503.723 ], [ 2535225.707, 1157497.1 ], [ 2535248.316999999806285, 1157483.191000000108033 ], [ 2535252.463, 1157489.428 ], [ 2535257.562, 1157484.823 ], [ 2535237.492999999783933, 1157469.969 ], [ 2535236.585, 1157470.574 ], [ 2535244.61200000019744, 1157478.221 ], [ 2535243.174000000115484, 1157479.596 ], [ 2535240.799000000115484, 1157478.033 ], [ 2535237.183000000193715, 1157480.878 ], [ 2535238.646999999880791, 1157482.543 ], [ 2535216.646999999880791, 1157497.106 ], [ 2535218.359000000171363, 1157499.874 ], [ 2535220.225, 1157498.128 ] ] ], [ [ [ 2535225.259, 1157606.616 ], [ 2535232.061000000219792, 1157599.264999999897555 ], [ 2535232.166000000201166, 1157593.052 ], [ 2535233.859999999869615, 1157589.79 ], [ 2535225.11200000019744, 1157567.846 ], [ 2535209.089999999850988, 1157552.375 ], [ 2535203.00400000018999, 1157546.518 ], [ 2535186.975, 1157531.089 ], [ 2535168.359999999869615, 1157509.665 ], [ 2535163.526999999769032, 1157491.074 ], [ 2535125.731999999843538, 1157511.562 ], [ 2535141.264, 1157530.031999999890104 ], [ 2535142.427999999839813, 1157531.341 ], [ 2535131.278, 1157542.635 ], [ 2535128.694999999832362, 1157545.252 ], [ 2535131.315, 1157548.008 ], [ 2535144.815, 1157533.883 ], [ 2535181.258, 1157568.788 ], [ 2535175.149000000208616, 1157575.4 ], [ 2535167.69, 1157583.133 ], [ 2535121.961999999824911, 1157632.969 ], [ 2535119.693, 1157635.779 ], [ 2535161.563, 1157673.575 ], [ 2535163.116, 1157671.649 ], [ 2535181.140000000130385, 1157651.575 ], [ 2535204.477, 1157627.849 ], [ 2535225.259, 1157606.616 ] ], [ [ 2535163.815, 1157514.633 ], [ 2535221.565, 1157570.258 ], [ 2535214.889, 1157577.208000000100583 ], [ 2535157.315, 1157521.758 ], [ 2535163.815, 1157514.633 ] ], [ [ 2535201.612999999895692, 1157583.318 ], [ 2535187.812, 1157570.444 ], [ 2535183.923, 1157566.342 ], [ 2535180.901, 1157563.31 ], [ 2535179.348000000230968, 1157561.834 ], [ 2535147.44, 1157531.508 ], [ 2535154.165, 1157524.602999999886379 ], [ 2535168.33600000012666, 1157537.983 ], [ 2535212.315, 1157579.508 ], [ 2535205.44, 1157586.633 ], [ 2535201.612999999895692, 1157583.318 ] ], [ [ 2535124.546, 1157635.385 ], [ 2535184.336999999824911, 1157571.799000000115484 ], [ 2535209.821, 1157596.466 ], [ 2535219.757000000216067, 1157606.442 ], [ 2535195.05599999986589, 1157633.476 ], [ 2535161.56900000013411, 1157670.126 ], [ 2535124.546, 1157635.385 ] ] ] ] } },
{ "type": "Feature", "properties": { "ANNEE_DE_R": 2025, "CODE_PROGR": "Non", "CODE_UTILI": 611, "IDENTIFICA": "VD_2025_173334", "NOMBRE_ARB": 9, "PROGRAMME": "Aucun programme", "SHAPE_AREA": 760.205, "SHAPE_LEN": 329.219, "SURFACE_M2": 761, "UTILISATIO": "Prairies extensives (sans les pâturages)" }, "geometry": { "type": "MultiPolygon", "coordinates": [ [ [ [ 2535326.876000000163913, 1157479.067 ], [ 2535326.869, 1157482.623 ], [ 2535326.869290719740093, 1157482.622918497305363 ], [ 2535326.876000000163913, 1157479.067 ] ] ], [ [ [ 2535381.08600000012666, 1157351.254 ], [ 2535389.136, 1157332.933 ], [ 2535378.325774722732604, 1157356.975727455224842 ], [ 2535381.08600000012666, 1157351.254 ] ] ] ] } },
{ "type": "Feature", "properties": { "ANNEE_DE_R": 2025, "CODE_PROGR": "Bio", "CODE_UTILI": 611, "IDENTIFICA": "VD_2025_402586", "NOMBRE_ARB": 0, "PROGRAMME": "Production bio", "SHAPE_AREA": 2204.253, "SHAPE_LEN": 463.075, "SURFACE_M2": 4409, "UTILISATIO": "Prairies extensives (sans les pâturages)" }, "geometry": { "type": "MultiPolygon", "coordinates": [ [ [ [ 2535879.4, 1152193.612999999895692 ], [ 2535867.838, 1152203.862999999895692 ], [ 2535870.963, 1152213.676 ], [ 2535896.088, 1152205.051 ], [ 2535894.463, 1152187.301 ], [ 2535879.4, 1152193.612999999895692 ] ] ], [ [ [ 2535908.213, 1152202.737999999895692 ], [ 2535910.088, 1152224.509 ], [ 2535914.525, 1152224.634 ], [ 2535919.26299999980256, 1152222.246 ], [ 2535923.463, 1152217.446 ], [ 2535925.338, 1152211.259 ], [ 2535914.775, 1152201.176 ], [ 2535908.213, 1152202.737999999895692 ] ] ], [ [ [ 2536057.257000000216067, 1152564.57 ], [ 2536078.81900000013411, 1152592.422 ], [ 2536078.69400000013411, 1152562.445 ], [ 2536057.257000000216067, 1152564.57 ] ] ], [ [ [ 2536065.623000000137836, 1152633.975 ], [ 2536062.06, 1152641.538 ], [ 2536059.373000000137836, 1152652.788 ], [ 2536076.935, 1152644.788 ], [ 2536084.615000000223517, 1152638.856 ], [ 2536089.958000000100583, 1152628.303 ], [ 2536083.115000000223517, 1152617.856 ], [ 2536075.333000000100583, 1152624.928 ], [ 2536065.623000000137836, 1152633.975 ] ] ], [ [ [ 2536127.136, 1152696.848 ], [ 2536131.285999999847263, 1152707.085999999893829 ], [ 2536162.660999999847263, 1152719.024 ], [ 2536168.848000000230968, 1152713.085999999893829 ], [ 2536143.748000000137836, 1152694.166 ], [ 2536131.761, 1152681.348 ], [ 2536122.761, 1152681.598 ], [ 2536127.136, 1152696.848 ] ] ] ] } },
{ "type": "Feature", "properties": { "ANNEE_DE_R": 2025, "CODE_PROGR": "psArableSoilCoverage", "CODE_UTILI": 521, "IDENTIFICA": "VD_2025_495591", "NOMBRE_ARB": 0, "PROGRAMME": "Couverture appropriée du sol (les cultures principales sur terres ouvertes)", "SHAPE_AREA": 25236.334, "SHAPE_LEN": 638.123, "SURFACE_M2": 75710, "UTILISATIO": "Maïs d'ensilage et maïs vert" }, "geometry": { "type": "MultiPolygon", "coordinates": [ [ [ [ 2535964.165, 1158227.209 ], [ 2535961.54, 1158225.959 ], [ 2535849.166999999899417, 1158325.778 ], [ 2535858.057, 1158339.383 ], [ 2535872.682, 1158362.258 ], [ 2535884.970000000204891, 1158382.206 ], [ 2535886.253, 1158384.210999999893829 ], [ 2535900.532999999821186, 1158409.263 ], [ 2535901.288000000175089, 1158410.688 ], [ 2535916.92, 1158435.789000000106171 ], [ 2535917.632000000216067, 1158436.932 ], [ 2535931.916999999899417, 1158456.889999999897555 ], [ 2535937.089999999850988, 1158463.962 ], [ 2536039.401999999769032, 1158373.78 ], [ 2536045.688, 1158373.096 ], [ 2536052.080999999772757, 1158372.384 ], [ 2536047.779, 1158367.843000000109896 ], [ 2536047.626000000163913, 1158366.383 ], [ 2536020.21, 1158310.152 ], [ 2536005.646999999880791, 1158282.796 ], [ 2535994.146999999880791, 1158259.796 ], [ 2535988.304, 1158248.725 ], [ 2535977.79, 1158238.209 ], [ 2535967.54, 1158229.834 ], [ 2535964.165, 1158227.209 ] ] ] ] } },
{ "type": "Feature", "properties": { "ANNEE_DE_R": 2025, "CODE_PROGR": "psmArableFarming", "CODE_UTILI": 513, "IDENTIFICA": "VD_2025_398296", "NOMBRE_ARB": 0, "PROGRAMME": "Non-recours aux produits phytosanitaires dans les grandes cultures", "SHAPE_AREA": 28051.448, "SHAPE_LEN": 665.374, "SURFACE_M2": 112206, "UTILISATIO": "Blé d'automne (sans blé fourrager de la liste swiss granum)" }, "geometry": { "type": "MultiPolygon", "coordinates": [ [ [ [ 2536109.041999999899417, 1158432.668 ], [ 2536104.291999999899417, 1158367.23 ], [ 2536053.717000000178814, 1158372.223 ], [ 2536052.080999999772757, 1158372.384 ], [ 2536045.688, 1158373.096 ], [ 2536039.401999999769032, 1158373.78 ], [ 2535937.089999999850988, 1158463.962 ], [ 2535952.031, 1158491.176 ], [ 2535957.572000000160187, 1158502.014999999897555 ], [ 2535967.035999999847263, 1158520.217 ], [ 2535971.603000000119209, 1158530.334 ], [ 2535995.80599999986589, 1158582.78 ], [ 2536119.395, 1158573.919 ], [ 2536111.273, 1158464.319 ], [ 2536110.123000000137836, 1158456.199 ], [ 2536109.041999999899417, 1158432.668 ] ] ] ] } },
{ "type": "Feature", "properties": { "ANNEE_DE_R": 2025, "CODE_PROGR": "Non", "CODE_UTILI": 898, "IDENTIFICA": "VD_2025_103213", "NOMBRE_ARB": 0, "PROGRAMME": "Aucun programme", "SHAPE_AREA": 2665.472, "SHAPE_LEN": 586.523, "SURFACE_M2": 2666, "UTILISATIO": "Autres surfaces dans la surface agricole utile, sans contributions" }, "geometry": { "type": "MultiPolygon", "coordinates": [ [ [ [ 2535874.208999999798834, 1159074.368 ], [ 2535868.342999999877065, 1159069.549000000115484 ], [ 2535856.393999999854714, 1159092.229 ], [ 2535843.19400000013411, 1159110.749 ], [ 2535838.744, 1159124.808999999891967 ], [ 2535842.083999999798834, 1159140.97 ], [ 2535853.157000000122935, 1159149.808999999891967 ], [ 2535875.494, 1159167.639999999897555 ], [ 2535878.478999999817461, 1159175.521 ], [ 2535880.214999999850988, 1159205.66 ], [ 2535891.315, 1159207.891 ], [ 2535916.24599999981001, 1159221.102999999886379 ], [ 2535951.676, 1159207.203 ], [ 2535973.48, 1159202.556 ], [ 2536018.555000000167638, 1159196.367 ], [ 2536017.901, 1159190.601 ], [ 2535977.294000000227243, 1159198.252 ], [ 2535975.364, 1159198.615 ], [ 2535966.151, 1159200.351 ], [ 2535940.901, 1159205.101 ], [ 2535928.401, 1159204.101 ], [ 2535915.651, 1159201.101 ], [ 2535898.151, 1159193.101 ], [ 2535891.151, 1159178.351 ], [ 2535880.825999999884516, 1159163.623 ], [ 2535874.151, 1159154.101 ], [ 2535862.395, 1159141.338 ], [ 2535847.901, 1159125.601 ], [ 2535846.901, 1159120.351 ], [ 2535874.208999999798834, 1159074.368 ] ] ] ] } },
{ "type": "Feature", "properties": { "ANNEE_DE_R": 2025, "CODE_PROGR": "psmArableFarming", "CODE_UTILI": 513, "IDENTIFICA": "VD_2025_407085", "NOMBRE_ARB": 0, "PROGRAMME": "Non-recours aux produits phytosanitaires dans les grandes cultures", "SHAPE_AREA": 41541.818, "SHAPE_LEN": 893.282, "SURFACE_M2": 166168, "UTILISATIO": "Blé d'automne (sans blé fourrager de la liste swiss granum)" }, "geometry": { "type": "MultiPolygon", "coordinates": [ [ [ [ 2536368.19400000013411, 1158581.039000000106171 ], [ 2536368.609999999869615, 1158567.994 ], [ 2536367.390999999828637, 1158568.325999999884516 ], [ 2536336.032999999821186, 1158577.428 ], [ 2536333.026, 1158565.778 ], [ 2536368.671999999787658, 1158556.258 ], [ 2536365.478000000119209, 1158516.818 ], [ 2536362.944999999832362, 1158484.048 ], [ 2536360.731000000145286, 1158454.261 ], [ 2536359.737999999895692, 1158434.375 ], [ 2536359.063, 1158416.523 ], [ 2536350.839999999850988, 1158417.381 ], [ 2536328.87900000018999, 1158419.214 ], [ 2536312.435, 1158420.591 ], [ 2536300.296999999787658, 1158421.522000000113621 ], [ 2536289.779999999795109, 1158422.464 ], [ 2536279.282000000122935, 1158423.306 ], [ 2536268.923, 1158424.565 ], [ 2536262.291000000201166, 1158425.653 ], [ 2536255.853000000119209, 1158428.019 ], [ 2536232.146999999880791, 1158437.185 ], [ 2536191.799000000115484, 1158452.614 ], [ 2536177.873000000137836, 1158458.162 ], [ 2536168.811000000219792, 1158461.652 ], [ 2536159.933999999891967, 1158465.166 ], [ 2536157.869, 1158466.132 ], [ 2536125.788000000175089, 1158478.456 ], [ 2536132.268000000156462, 1158556.659 ], [ 2536139.688, 1158652.204 ], [ 2536145.103999999817461, 1158651.262000000104308 ], [ 2536155.348000000230968, 1158647.537 ], [ 2536241.696, 1158621.297 ], [ 2536257.268999999854714, 1158616.804 ], [ 2536282.81900000013411, 1158608.142 ], [ 2536337.614, 1158590.378 ], [ 2536368.19400000013411, 1158581.039000000106171 ] ] ] ] } },
{ "type": "Feature", "properties": { "ANNEE_DE_R": 2025, "CODE_PROGR": "Bio", "CODE_UTILI": 611, "IDENTIFICA": "VD_2025_402570", "NOMBRE_ARB": 0, "PROGRAMME": "Production bio", "SHAPE_AREA": 9814.993, "SHAPE_LEN": 1039.201, "SURFACE_M2": 19630, "UTILISATIO": "Prairies extensives (sans les pâturages)" }, "geometry": { "type": "MultiPolygon", "coordinates": [ [ [ [ 2536683.626999999862164, 1153390.82 ], [ 2536691.001999999862164, 1153385.945 ], [ 2536706.974, 1153387.063 ], [ 2536725.974, 1153385.063 ], [ 2536742.876999999862164, 1153387.195 ], [ 2536742.626999999862164, 1153383.445 ], [ 2536737.224, 1153382.063 ], [ 2536731.724, 1153379.563 ], [ 2536728.099, 1153376.938 ], [ 2536720.974, 1153373.938 ], [ 2536716.974, 1153372.188 ], [ 2536712.876999999862164, 1153369.32 ], [ 2536688.251999999862164, 1153368.695 ], [ 2536673.876999999862164, 1153357.07 ], [ 2536634.376999999862164, 1153406.195 ], [ 2536636.622, 1153410.319 ], [ 2536635.132000000216067, 1153415.491 ], [ 2536629.872, 1153417.069 ], [ 2536625.376999999862164, 1153415.82 ], [ 2536605.872, 1153434.694 ], [ 2536627.501999999862164, 1153453.945 ], [ 2536669.751999999862164, 1153404.82 ], [ 2536683.626999999862164, 1153390.82 ] ] ], [ [ [ 2536572.237999999895692, 1153463.779 ], [ 2536598.546, 1153481.18 ], [ 2536625.001999999862164, 1153456.445 ], [ 2536604.501999999862164, 1153437.195 ], [ 2536572.237999999895692, 1153463.779 ] ] ], [ [ [ 2536558.751999999862164, 1153457.195 ], [ 2536566.001999999862164, 1153462.945 ], [ 2536600.751999999862164, 1153433.945 ], [ 2536586.859999999869615, 1153421.073 ], [ 2536554.251999999862164, 1153446.195 ], [ 2536507.009, 1153471.135 ], [ 2536491.134, 1153482.385 ], [ 2536484.751999999862164, 1153509.695 ], [ 2536489.001999999862164, 1153512.695 ], [ 2536492.001999999862164, 1153515.945 ], [ 2536496.501999999862164, 1153515.195 ], [ 2536503.501999999862164, 1153510.445 ], [ 2536523.501999999862164, 1153496.945 ], [ 2536556.671, 1153470.805 ], [ 2536547.296, 1153461.305 ], [ 2536548.796, 1153456.055 ], [ 2536553.546, 1153454.055 ], [ 2536558.751999999862164, 1153457.195 ] ] ], [ [ [ 2536429.501999999862164, 1153498.695 ], [ 2536422.501999999862164, 1153511.195 ], [ 2536417.501999999862164, 1153521.945 ], [ 2536419.001999999862164, 1153532.945 ], [ 2536422.001999999862164, 1153544.195 ], [ 2536426.251999999862164, 1153551.195 ], [ 2536431.001999999862164, 1153557.445 ], [ 2536440.501999999862164, 1153543.195 ], [ 2536461.572999999858439, 1153535.03 ], [ 2536458.947999999858439, 1153530.78 ], [ 2536458.322999999858439, 1153523.905 ], [ 2536461.822999999858439, 1153517.53 ], [ 2536466.751999999862164, 1153513.195 ], [ 2536472.251999999862164, 1153512.695 ], [ 2536475.501999999862164, 1153512.445 ], [ 2536476.501999999862164, 1153507.445 ], [ 2536470.001999999862164, 1153500.695 ], [ 2536466.251999999862164, 1153495.445 ], [ 2536436.751999999862164, 1153489.445 ], [ 2536429.501999999862164, 1153498.695 ] ] ] ] } },
{ "type": "Feature", "properties": { "ANNEE_DE_R": 2025, "CODE_PROGR": "psSoilMildTreatment", "CODE_UTILI": 601, "IDENTIFICA": "VD_2025_518362", "NOMBRE_ARB": 0, "PROGRAMME": "Techniques culturales préservant le sol dans les cultures principales sur terres assolées", "SHAPE_AREA": 492.607, "SHAPE_LEN": 109.284, "SURFACE_M2": 1478, "UTILISATIO": "Prairies artificielles (sans les pâturages)" }, "geometry": { "type": "MultiPolygon", "coordinates": [ [ [ [ 2536620.54, 1154995.011 ], [ 2536615.793, 1154976.619 ], [ 2536576.921, 1154987.803 ], [ 2536575.697000000160187, 1154992.58 ], [ 2536620.54, 1154995.011 ] ] ] ] } },
{ "type": "Feature", "properties": { "ANNEE_DE_R": 2025, "CODE_PROGR": "psGmf", "CODE_UTILI": 611, "IDENTIFICA": "VD_2025_38069", "NOMBRE_ARB": 0, "PROGRAMME": "Production de lait et de viande basée sur les herbages", "SHAPE_AREA": 9332.61, "SHAPE_LEN": 520.414, "SURFACE_M2": 9333, "UTILISATIO": "Prairies extensives (sans les pâturages)" }, "geometry": { "type": "MultiPolygon", "coordinates": [ [ [ [ 2536565.580999999772757, 1155454.186 ], [ 2536565.655581194441766, 1155455.051997705828398 ], [ 2536569.006, 1155457.012000000104308 ], [ 2536575.631, 1155460.262000000104308 ], [ 2536583.443, 1155464.387000000104308 ], [ 2536590.068, 1155467.637000000104308 ], [ 2536581.176, 1155442.812 ], [ 2536567.629999999888241, 1155402.332 ], [ 2536559.005956231150776, 1155377.887018970446661 ], [ 2536565.580999999772757, 1155454.186 ] ] ] ] } },
{ "type": "Feature", "properties": { "ANNEE_DE_R": 2025, "CODE_PROGR": "Non", "CODE_UTILI": 907, "IDENTIFICA": "VD_2025_436578", "NOMBRE_ARB": 0, "PROGRAMME": "Aucun programme", "SHAPE_AREA": 1006.965, "SHAPE_LEN": 726.354, "SURFACE_M2": 1007, "UTILISATIO": "Chemins naturels non stabilisés" }, "geometry": { "type": "MultiPolygon", "coordinates": [ [ [ [ 2536667.890000000130385, 1155241.75 ], [ 2536672.017, 1155237.15 ], [ 2536676.204, 1155230.275 ], [ 2536680.535000000149012, 1155219.794 ], [ 2536687.285000000149012, 1155184.044 ], [ 2536695.535000000149012, 1155140.544 ], [ 2536701.884, 1155096.674000000115484 ], [ 2536704.759, 1155083.256 ], [ 2536708.571, 1155066.414000000106171 ], [ 2536716.921, 1155034.565 ], [ 2536719.983, 1155025.377 ], [ 2536721.608, 1155018.065 ], [ 2536719.768000000156462, 1155018.128 ], [ 2536717.899000000208616, 1155023.464 ], [ 2536714.433000000193715, 1155033.747 ], [ 2536713.736, 1155035.815 ], [ 2536709.651999999769032, 1155056.209 ], [ 2536707.011, 1155066.115 ], [ 2536705.606999999843538, 1155071.379999999888241 ], [ 2536703.233, 1155081.222 ], [ 2536700.856999999843538, 1155091.068 ], [ 2536699.910000000149012, 1155096.429 ], [ 2536696.893999999854714, 1155113.509 ], [ 2536696.02, 1155118.075 ], [ 2536693.707, 1155130.156999999890104 ], [ 2536693.304, 1155132.719 ], [ 2536692.438999999780208, 1155137.381 ], [ 2536690.751999999862164, 1155148.932 ], [ 2536690.001999999862164, 1155154.068 ], [ 2536689.666000000201166, 1155155.834 ], [ 2536687.524000000208616, 1155167.084 ], [ 2536686.078000000212342, 1155175.729 ], [ 2536684.719, 1155183.857 ], [ 2536683.089999999850988, 1155193.596 ], [ 2536681.382000000216067, 1155201.29 ], [ 2536680.983, 1155203.088 ], [ 2536676.791000000201166, 1155219.352 ], [ 2536675.199, 1155225.528 ], [ 2536673.18099999986589, 1155229.173 ], [ 2536670.665, 1155233.27 ], [ 2536665.977, 1155238.77 ], [ 2536664.444999999832362, 1155239.977 ], [ 2536663.120000000111759, 1155241.021 ], [ 2536660.44, 1155243.131 ], [ 2536659.41399999987334, 1155243.94 ], [ 2536657.515999999828637, 1155245.435 ], [ 2536655.546, 1155245.897000000113621 ], [ 2536653.566000000108033, 1155246.362 ], [ 2536648.967000000178814, 1155247.442 ], [ 2536644.37900000018999, 1155248.519 ], [ 2536640.822000000160187, 1155248.403 ], [ 2536638.99599999981001, 1155248.343000000109896 ], [ 2536631.804, 1155248.109 ], [ 2536623.111, 1155245.644 ], [ 2536612.188999999780208, 1155242.547 ], [ 2536606.679, 1155240.984 ], [ 2536583.373999999836087, 1155231.546 ], [ 2536545.021000000182539, 1155215.735000000102445 ], [ 2536545.372, 1155219.703 ], [ 2536553.753, 1155222.808999999891967 ], [ 2536559.815, 1155225.058999999891967 ], [ 2536574.12900000018999, 1155230.893 ], [ 2536593.106000000145286, 1155238.677 ], [ 2536595.549999999813735, 1155239.68 ], [ 2536596.974, 1155240.215 ], [ 2536601.887000000104308, 1155242.058999999891967 ], [ 2536607.616, 1155244.21 ], [ 2536611.862999999895692, 1155245.805 ], [ 2536618.149000000208616, 1155247.669 ], [ 2536620.663000000175089, 1155248.414000000106171 ], [ 2536625.492, 1155249.845 ], [ 2536628.330999999772757, 1155250.687 ], [ 2536633.008, 1155251.710999999893829 ], [ 2536639.080999999772757, 1155251.875 ], [ 2536644.6, 1155251.75 ], [ 2536650.475, 1155250.875 ], [ 2536656.1, 1155248.812 ], [ 2536662.276, 1155245.484 ], [ 2536667.890000000130385, 1155241.75 ] ] ] ] } },
{ "type": "Feature", "properties": { "ANNEE_DE_R": 2025, "CODE_PROGR": "psmArableFarming", "CODE_UTILI": 513, "IDENTIFICA": "VD_2025_38073", "NOMBRE_ARB": 0, "PROGRAMME": "Non-recours aux produits phytosanitaires dans les grandes cultures", "SHAPE_AREA": 27582.878, "SHAPE_LEN": 856.504, "SURFACE_M2": 110332, "UTILISATIO": "Blé d'automne (sans blé fourrager de la liste swiss granum)" }, "geometry": { "type": "MultiPolygon", "coordinates": [ [ [ [ 2536577.482922869268805, 1155516.015829285839573 ], [ 2536579.538000000175089, 1155507.306 ], [ 2536580.373000000137836, 1155503.768 ], [ 2536575.302152073010802, 1155505.448350634425879 ], [ 2536577.482922869268805, 1155516.015829285839573 ] ] ] ] } },
{ "type": "Feature", "properties": { "ANNEE_DE_R": 2025, "CODE_PROGR": "Non", "CODE_UTILI": 611, "IDENTIFICA": "VD_2025_63542", "NOMBRE_ARB": 0, "PROGRAMME": "Aucun programme", "SHAPE_AREA": 4810.415, "SHAPE_LEN": 434.607, "SURFACE_M2": 4811, "UTILISATIO": "Prairies extensives (sans les pâturages)" }, "geometry": { "type": "MultiPolygon", "coordinates": [ [ [ [ 2536778.582569513935596, 1157758.327790016308427 ], [ 2536773.801, 1157777.846 ], [ 2536766.435, 1157780.362 ], [ 2536766.185, 1157775.112 ], [ 2536725.725, 1157765.129 ], [ 2536715.386, 1157800.261 ], [ 2536816.200999999884516, 1157829.737 ], [ 2536817.454, 1157825.454 ], [ 2536826.640000000130385, 1157794.062 ], [ 2536786.265000000130385, 1157783.624 ], [ 2536791.792834455147386, 1157759.244080441771075 ], [ 2536778.582569513935596, 1157758.327790016308427 ] ] ] ] } },
{ "type": "Feature", "properties": { "ANNEE_DE_R": 2025, "CODE_PROGR": "Bio", "CODE_UTILI": 611, "IDENTIFICA": "VD_2025_492057", "NOMBRE_ARB": 9, "PROGRAMME": "Production bio", "SHAPE_AREA": 11006.707, "SHAPE_LEN": 610.028, "SURFACE_M2": 22014, "UTILISATIO": "Prairies extensives (sans les pâturages)" }, "geometry": { "type": "MultiPolygon", "coordinates": [ [ [ [ 2536903.862999999895692, 1155579.529 ], [ 2536902.454, 1155474.403 ], [ 2536902.098000000230968, 1155447.845 ], [ 2536862.041999999899417, 1155441.091 ], [ 2536861.393999999854714, 1155441.949 ], [ 2536856.666999999899417, 1155448.216 ], [ 2536856.936000000219792, 1155461.393 ], [ 2536847.171, 1155497.133 ], [ 2536839.171, 1155518.383 ], [ 2536834.464000000152737, 1155538.041999999899417 ], [ 2536831.554, 1155545.379 ], [ 2536823.421, 1155565.883 ], [ 2536804.886, 1155622.182 ], [ 2536811.117, 1155616.693 ], [ 2536826.509999999776483, 1155569.821 ], [ 2536852.433999999891967, 1155597.595 ], [ 2536873.469, 1155620.393 ], [ 2536884.659, 1155632.52 ], [ 2536904.30599999986589, 1155653.813 ], [ 2536904.426, 1155621.512000000104308 ], [ 2536904.094, 1155596.759 ], [ 2536903.862999999895692, 1155579.529 ] ] ] ] } },
{ "type": "Feature", "properties": { "ANNEE_DE_R": 2025, "CODE_PROGR": "Bio", "CODE_UTILI": 601, "IDENTIFICA": "VD_2025_489742", "NOMBRE_ARB": 0, "PROGRAMME": "Production bio", "SHAPE_AREA": 21571.241, "SHAPE_LEN": 697.974, "SURFACE_M2": 64714, "UTILISATIO": "Prairies artificielles (sans les pâturages)" }, "geometry": { "type": "MultiPolygon", "coordinates": [ [ [ [ 2537010.405738966073841, 1155824.423621828667819 ], [ 2537008.046999999787658, 1155821.993 ], [ 2536987.733707290142775, 1155813.140209312550724 ], [ 2537010.405738966073841, 1155824.423621828667819 ] ] ], [ [ [ 2536894.097384464461356, 1155753.53518597362563 ], [ 2536894.799999999813735, 1155754.314 ], [ 2536912.129999999888241, 1155768.784 ], [ 2536923.455572975799441, 1155775.081740245223045 ], [ 2536906.9, 1155764.416999999899417 ], [ 2536894.097384464461356, 1155753.53518597362563 ] ] ] ] } },
{ "type": "Feature", "properties": { "ANNEE_DE_R": 2025, "CODE_PROGR": "Bio", "CODE_UTILI": 611, "IDENTIFICA": "VD_2025_402565", "NOMBRE_ARB": 0, "PROGRAMME": "Production bio", "SHAPE_AREA": 4690.383, "SHAPE_LEN": 405.14, "SURFACE_M2": 9381, "UTILISATIO": "Prairies extensives (sans les pâturages)" }, "geometry": { "type": "MultiPolygon", "coordinates": [ [ [ [ 2537734.813999999780208, 1153551.018 ], [ 2537718.583999999798834, 1153638.663 ], [ 2537741.04, 1153643.127 ], [ 2537772.700000000186265, 1153643.539000000106171 ], [ 2537781.333999999798834, 1153646.038 ], [ 2537789.208999999798834, 1153656.038 ], [ 2537797.708999999798834, 1153667.163 ], [ 2537816.544000000227243, 1153662.843000000109896 ], [ 2537798.669000000227243, 1153639.968000000109896 ], [ 2537799.294000000227243, 1153635.593000000109896 ], [ 2537796.808000000193715, 1153628.453 ], [ 2537734.813999999780208, 1153551.018 ] ] ], [ [ [ 2537719.348000000230968, 1153606.122 ], [ 2537710.015000000130385, 1153620.122 ], [ 2537711.18099999986589, 1153629.288 ], [ 2537714.18099999986589, 1153637.288 ], [ 2537719.348000000230968, 1153606.122 ] ] ] ] } },
{ "type": "Feature", "properties": { "ANNEE_DE_R": 2025, "CODE_PROGR": "Bio", "CODE_UTILI": 611, "IDENTIFICA": "VD_2025_490506", "NOMBRE_ARB": 0, "PROGRAMME": "Production bio", "SHAPE_AREA": 2333.794, "SHAPE_LEN": 200.391, "SURFACE_M2": 4668, "UTILISATIO": "Prairies extensives (sans les pâturages)" }, "geometry": { "type": "MultiPolygon", "coordinates": [ [ [ [ 2538117.384, 1151169.197 ], [ 2538139.384, 1151159.947 ], [ 2538140.384, 1151162.072 ], [ 2538150.134, 1151157.947 ], [ 2538158.014, 1151117.673 ], [ 2538110.514, 1151124.173 ], [ 2538104.889, 1151130.548 ], [ 2538100.264, 1151140.548 ], [ 2538099.139, 1151151.423 ], [ 2538100.418, 1151166.729 ], [ 2538104.009, 1151177.447 ], [ 2538117.884, 1151171.572 ], [ 2538117.384, 1151169.197 ] ] ] ] } },
{ "type": "Feature", "properties": { "ANNEE_DE_R": 2025, "CODE_PROGR": "Bio", "CODE_UTILI": 611, "IDENTIFICA": "VD_2025_34206", "NOMBRE_ARB": 6, "PROGRAMME": "Production bio", "SHAPE_AREA": 20474.04, "SHAPE_LEN": 1134.689, "SURFACE_M2": 40949, "UTILISATIO": "Prairies extensives (sans les pâturages)" }, "geometry": { "type": "MultiPolygon", "coordinates": [ [ [ [ 2538525.594, 1153533.91 ], [ 2538584.001000000163913, 1153504.588 ], [ 2538609.876000000163913, 1153546.088 ], [ 2538597.876000000163913, 1153551.713 ], [ 2538622.162, 1153560.154 ], [ 2538626.509999999776483, 1153549.397000000113621 ], [ 2538627.072999999858439, 1153537.397000000113621 ], [ 2538649.011, 1153505.97 ], [ 2538636.384999999776483, 1153497.022000000113621 ], [ 2538617.580999999772757, 1153481.069 ], [ 2538616.072999999858439, 1153477.96 ], [ 2538614.947999999858439, 1153470.585 ], [ 2538615.884999999776483, 1153464.835 ], [ 2538614.634999999776483, 1153457.335 ], [ 2538611.633, 1153449.727999999886379 ], [ 2538602.196, 1153433.291 ], [ 2538590.758, 1153415.166 ], [ 2538550.932, 1153367.112999999895692 ], [ 2538546.316999999806285, 1153359.108 ], [ 2538538.87900000018999, 1153341.858 ], [ 2538532.660000000149012, 1153351.045 ], [ 2538523.285000000149012, 1153366.045 ], [ 2538511.96, 1153380.276 ], [ 2538495.853000000119209, 1153398.483 ], [ 2538502.632000000216067, 1153409.263 ], [ 2538500.534, 1153410.710999999893829 ], [ 2538489.159, 1153394.899 ], [ 2538446.21100000012666, 1153425.381 ], [ 2538452.034, 1153462.899 ], [ 2538454.46, 1153483.776 ], [ 2538448.471, 1153494.68 ], [ 2538452.034, 1153511.305 ], [ 2538458.62099999981001, 1153540.029 ], [ 2538460.18099999986589, 1153539.659 ], [ 2538465.48, 1153562.83 ], [ 2538466.481000000145286, 1153567.209 ], [ 2538468.4, 1153566.846 ], [ 2538501.599, 1153561.343000000109896 ], [ 2538497.094, 1153548.16 ], [ 2538525.594, 1153533.91 ] ], [ [ 2538493.904, 1153419.304 ], [ 2538498.96, 1153423.276 ], [ 2538515.87900000018999, 1153411.608 ], [ 2538507.62900000018999, 1153400.483 ], [ 2538540.87099999981001, 1153374.867 ], [ 2538565.446, 1153403.727999999886379 ], [ 2538517.367999999783933, 1153439.385 ], [ 2538524.941999999806285, 1153450.67 ], [ 2538482.00400000018999, 1153479.733 ], [ 2538462.87900000018999, 1153456.17 ], [ 2538464.782999999821186, 1153440.452 ], [ 2538493.904, 1153419.304 ] ] ] ] } },
{ "type": "Feature", "properties": { "ANNEE_DE_R": 2025, "CODE_PROGR": "Bio", "CODE_UTILI": 611, "IDENTIFICA": "VD_2025_402567", "NOMBRE_ARB": 0, "PROGRAMME": "Production bio", "SHAPE_AREA": 961.144, "SHAPE_LEN": 208.787, "SURFACE_M2": 1923, "UTILISATIO": "Prairies extensives (sans les pâturages)" }, "geometry": { "type": "MultiPolygon", "coordinates": [ [ [ [ 2538657.261, 1153535.323 ], [ 2538653.6, 1153535.277 ], [ 2538654.386, 1153545.823 ], [ 2538651.136, 1153562.573 ], [ 2538639.511, 1153572.323 ], [ 2538636.909, 1153576.102999999886379 ], [ 2538639.813999999780208, 1153591.181 ], [ 2538636.737999999895692, 1153607.343000000109896 ], [ 2538640.443, 1153614.125 ], [ 2538645.318, 1153619.25 ], [ 2538651.693, 1153620.125 ], [ 2538654.683000000193715, 1153618.689 ], [ 2538659.61200000019744, 1153614.455 ], [ 2538643.722, 1153601.595 ], [ 2538658.136, 1153567.805 ], [ 2538663.761, 1153560.43 ], [ 2538662.261, 1153553.555 ], [ 2538662.921999999787658, 1153538.884 ], [ 2538661.261, 1153537.698 ], [ 2538660.011, 1153536.948 ], [ 2538657.261, 1153535.323 ] ] ] ] } },
{ "type": "Feature", "properties": { "ANNEE_DE_R": 2025, "CODE_PROGR": "Bio", "CODE_UTILI": 617, "IDENTIFICA": "VD_2025_405111", "NOMBRE_ARB": 0, "PROGRAMME": "Production bio", "SHAPE_AREA": 1609.529, "SHAPE_LEN": 258.608, "SURFACE_M2": 3220, "UTILISATIO": "Pâturages extensifs" }, "geometry": { "type": "MultiPolygon", "coordinates": [ [ [ [ 2539500.325000000186265, 1152637.985000000102445 ], [ 2539508.075000000186265, 1152633.985000000102445 ], [ 2539511.450000000186265, 1152637.860000000102445 ], [ 2539515.106999999843538, 1152638.864 ], [ 2539523.668, 1152631.111 ], [ 2539529.259999999776483, 1152626.031999999890104 ], [ 2539532.893000000156462, 1152623.573 ], [ 2539558.676, 1152624.593000000109896 ], [ 2539559.731999999843538, 1152609.835999999893829 ], [ 2539546.475999999791384, 1152602.565 ], [ 2539526.350999999791384, 1152598.69 ], [ 2539514.17, 1152598.524 ], [ 2539514.231000000145286, 1152602.179 ], [ 2539514.293, 1152635.492 ], [ 2539512.620000000111759, 1152635.724 ], [ 2539496.884999999776483, 1152613.185 ], [ 2539492.009999999776483, 1152614.185 ], [ 2539489.975999999791384, 1152624.94 ], [ 2539485.839999999850988, 1152645.166 ], [ 2539488.384999999776483, 1152652.31 ], [ 2539492.575000000186265, 1152645.610000000102445 ], [ 2539500.325000000186265, 1152637.985000000102445 ] ] ] ] } },
{ "type": "Feature", "properties": { "ANNEE_DE_R": 2025, "CODE_PROGR": "Bio", "CODE_UTILI": 611, "IDENTIFICA": "VD_2025_402541", "NOMBRE_ARB": 18, "PROGRAMME": "Production bio", "SHAPE_AREA": 984.331, "SHAPE_LEN": 276.618, "SURFACE_M2": 1969, "UTILISATIO": "Prairies extensives (sans les pâturages)" }, "geometry": { "type": "MultiPolygon", "coordinates": [ [ [ [ 2539496.936000000219792, 1152608.151 ], [ 2539512.284, 1152631.519 ], [ 2539512.970000000204891, 1152596.751 ], [ 2539492.645, 1152603.541 ], [ 2539479.78899999987334, 1152607.914000000106171 ], [ 2539477.321, 1152612.286 ], [ 2539474.946, 1152623.411 ], [ 2539479.821, 1152633.161 ], [ 2539485.061000000219792, 1152638.474 ], [ 2539490.186000000219792, 1152609.401 ], [ 2539496.936000000219792, 1152608.151 ] ] ], [ [ [ 2539571.294000000227243, 1152714.656 ], [ 2539567.19, 1152726.862999999895692 ], [ 2539558.731000000145286, 1152742.344 ], [ 2539559.669000000227243, 1152752.281 ], [ 2539563.794000000227243, 1152761.156 ], [ 2539571.919000000227243, 1152759.531 ], [ 2539568.669000000227243, 1152756.031 ], [ 2539566.794000000227243, 1152753.031 ], [ 2539566.919000000227243, 1152743.906 ], [ 2539572.544000000227243, 1152729.281 ], [ 2539574.544000000227243, 1152718.281 ], [ 2539571.294000000227243, 1152714.656 ] ] ] ] } },
{ "type": "Feature", "properties": { "ANNEE_DE_R": 2025, "CODE_PROGR": "Bio", "CODE_UTILI": 611, "IDENTIFICA": "VD_2025_402536", "NOMBRE_ARB": 0, "PROGRAMME": "Production bio", "SHAPE_AREA": 719.736, "SHAPE_LEN": 118.907, "SURFACE_M2": 1440, "UTILISATIO": "Prairies extensives (sans les pâturages)" }, "geometry": { "type": "MultiPolygon", "coordinates": [ [ [ [ 2539780.089999999850988, 1153267.18 ], [ 2539765.096, 1153257.967 ], [ 2539756.596, 1153264.717 ], [ 2539751.471, 1153272.717 ], [ 2539751.221, 1153283.467 ], [ 2539751.471, 1153294.848 ], [ 2539761.846, 1153301.098 ], [ 2539765.471, 1153301.223 ], [ 2539768.971, 1153295.848 ], [ 2539763.471, 1153292.223 ], [ 2539766.346, 1153287.092 ], [ 2539780.089999999850988, 1153267.18 ] ] ] ] } },
{ "type": "Feature", "properties": { "ANNEE_DE_R": 2025, "CODE_PROGR": "Bio", "CODE_UTILI": 611, "IDENTIFICA": "VD_2025_402554", "NOMBRE_ARB": 0, "PROGRAMME": "Production bio", "SHAPE_AREA": 460.308, "SHAPE_LEN": 168.445, "SURFACE_M2": 921, "UTILISATIO": "Prairies extensives (sans les pâturages)" }, "geometry": { "type": "MultiPolygon", "coordinates": [ [ [ [ 2539647.421, 1153561.634 ], [ 2539653.358, 1153569.946 ], [ 2539660.733, 1153579.821 ], [ 2539664.483, 1153573.196 ], [ 2539647.421, 1153561.634 ] ] ], [ [ [ 2539718.446, 1153610.482 ], [ 2539690.995000000111759, 1153590.874 ], [ 2539685.946, 1153596.693 ], [ 2539693.696, 1153601.693 ], [ 2539690.94400000013411, 1153605.121 ], [ 2539696.921, 1153608.634 ], [ 2539709.009, 1153616.607 ], [ 2539718.946, 1153615.794 ], [ 2539732.696, 1153619.669 ], [ 2539718.446, 1153610.482 ] ] ] ] } },
{ "type": "Feature", "properties": { "ANNEE_DE_R": 2025, "CODE_PROGR": "Bio", "CODE_UTILI": 611, "IDENTIFICA": "VD_2025_517470", "NOMBRE_ARB": 0, "PROGRAMME": "Production bio", "SHAPE_AREA": 1461.417, "SHAPE_LEN": 190.185, "SURFACE_M2": 2923, "UTILISATIO": "Prairies extensives (sans les pâturages)" }, "geometry": { "type": "MultiPolygon", "coordinates": [ [ [ [ 2539800.268999999854714, 1154287.714 ], [ 2539810.62099999981001, 1154272.607 ], [ 2539801.38799999980256, 1154273.166 ], [ 2539804.74599999981001, 1154257.779 ], [ 2539796.353000000119209, 1154250.784 ], [ 2539769.214999999850988, 1154260.575999999884516 ], [ 2539768.096, 1154278.202 ], [ 2539771.733, 1154293.31 ], [ 2539779.287, 1154296.666999999899417 ], [ 2539822.091, 1154294.149 ], [ 2539800.268999999854714, 1154287.714 ] ] ] ] } },
{ "type": "Feature", "properties": { "ANNEE_DE_R": 2025, "CODE_PROGR": "Bio", "CODE_UTILI": 617, "IDENTIFICA": "VD_2025_402562", "NOMBRE_ARB": 0, "PROGRAMME": "Production bio", "SHAPE_AREA": 1281.499, "SHAPE_LEN": 173.624, "SURFACE_M2": 2563, "UTILISATIO": "Pâturages extensifs" }, "geometry": { "type": "MultiPolygon", "coordinates": [ [ [ [ 2540089.725, 1160419.571 ], [ 2540087.782999999821186, 1160412.739 ], [ 2540083.845000000204891, 1160406.144 ], [ 2540081.722, 1160402.589 ], [ 2540076.31900000013411, 1160405.604 ], [ 2540078.531, 1160409.362999999895692 ], [ 2540070.609000000171363, 1160414.154 ], [ 2540069.191999999806285, 1160411.885 ], [ 2540061.896999999880791, 1160416.459 ], [ 2540058.771999999880791, 1160417.334 ], [ 2540056.896999999880791, 1160418.834 ], [ 2540055.518999999854714, 1160419.482 ], [ 2540073.56900000013411, 1160442.794 ], [ 2540087.77, 1160455.263 ], [ 2540095.680000000167638, 1160460.723 ], [ 2540102.636, 1160462.842 ], [ 2540106.509, 1160463.692 ], [ 2540106.06900000013411, 1160462.293 ], [ 2540102.515000000130385, 1160453.071 ], [ 2540092.634, 1160427.433 ], [ 2540089.725, 1160419.571 ] ] ] ] } },
{ "type": "Feature", "properties": { "ANNEE_DE_R": 2025, "CODE_PROGR": "Non", "CODE_UTILI": 613, "IDENTIFICA": "VD_2025_430318", "NOMBRE_ARB": 0, "PROGRAMME": "Aucun programme", "SHAPE_AREA": 35681.632, "SHAPE_LEN": 1489.572, "SURFACE_M2": 35682, "UTILISATIO": "Autres prairies permanentes (sans les pâturages)" }, "geometry": { "type": "MultiPolygon", "coordinates": [ [ [ [ 2540672.21100000012666, 1153245.143 ], [ 2540664.663000000175089, 1153223.764 ], [ 2540660.913000000175089, 1153209.775 ], [ 2540653.807, 1153164.618 ], [ 2540647.257000000216067, 1153137.437 ], [ 2540625.139, 1153108.899 ], [ 2540612.23, 1153104.459 ], [ 2540598.96100000012666, 1153095.41 ], [ 2540541.967999999877065, 1153029.575999999884516 ], [ 2540521.56900000013411, 1153011.051 ], [ 2540506.609000000171363, 1152998.397000000113621 ], [ 2540488.339000000152737, 1152981.507 ], [ 2540486.179, 1152978.916999999899417 ], [ 2540380.691000000108033, 1153016.639 ], [ 2540353.412, 1153030.633 ], [ 2540340.92, 1153039.998 ], [ 2540340.367, 1153046.18 ], [ 2540378.213, 1153138.433 ], [ 2540413.424000000115484, 1153095.402 ], [ 2540428.469, 1153098.158 ], [ 2540445.87900000018999, 1153088.357 ], [ 2540459.568, 1153086.967 ], [ 2540471.447000000160187, 1153089.186 ], [ 2540481.997, 1153094.422 ], [ 2540489.646000000182539, 1153099.435 ], [ 2540515.494, 1153119.403 ], [ 2540527.349, 1153132.243 ], [ 2540533.322000000160187, 1153138.712 ], [ 2540534.11200000019744, 1153149.058 ], [ 2540537.194999999832362, 1153189.416 ], [ 2540537.819999999832362, 1153197.591 ], [ 2540537.430000000167638, 1153204.27 ], [ 2540557.458000000100583, 1153211.949 ], [ 2540563.43099999986589, 1153215.185 ], [ 2540570.419000000227243, 1153209.166999999899417 ], [ 2540583.919000000227243, 1153210.916999999899417 ], [ 2540596.205, 1153225.674000000115484 ], [ 2540589.06900000013411, 1153229.074 ], [ 2540596.844, 1153233.285 ], [ 2540610.151999999769032, 1153240.494 ], [ 2540612.555000000167638, 1153241.796 ], [ 2540643.211999999824911, 1153272.774 ], [ 2540656.160999999847263, 1153273.413 ], [ 2540668.29, 1153287.092 ], [ 2540689.29, 1153264.242 ], [ 2540672.21100000012666, 1153245.143 ] ], [ [ 2540406.822000000160187, 1153016.214 ], [ 2540478.822000000160187, 1152988.714 ], [ 2540480.572000000160187, 1152995.964 ], [ 2540409.072000000160187, 1153023.214 ], [ 2540406.822000000160187, 1153016.214 ] ], [ [ 2540399.393000000156462, 1153039.384 ], [ 2540385.643000000156462, 1153066.384 ], [ 2540380.393000000156462, 1153086.634 ], [ 2540369.893000000156462, 1153088.134 ], [ 2540368.643000000156462, 1153067.384 ], [ 2540355.393000000156462, 1153051.884 ], [ 2540346.893000000156462, 1153042.384 ], [ 2540356.893000000156462, 1153034.384 ], [ 2540384.08, 1153022.421 ], [ 2540399.393000000156462, 1153039.384 ] ], [ [ 2540503.943, 1153089.751 ], [ 2540501.193, 1153099.251 ], [ 2540493.193, 1153095.501 ], [ 2540496.193, 1153085.501 ], [ 2540503.943, 1153089.751 ] ] ] ] } },
{ "type": "Feature", "properties": { "ANNEE_DE_R": 2025, "CODE_PROGR": "Bio", "CODE_UTILI": 514, "IDENTIFICA": "VD_2025_431686", "NOMBRE_ARB": 2, "PROGRAMME": "Production bio", "SHAPE_AREA": 9495.632, "SHAPE_LEN": 560.156, "SURFACE_M2": 56974, "UTILISATIO": "Seigle" }, "geometry": { "type": "MultiPolygon", "coordinates": [ [ [ [ 2540612.234999999869615, 1153579.414000000106171 ], [ 2540605.916999999899417, 1153577.460999999893829 ], [ 2540613.291999999899417, 1153583.469 ], [ 2540621.682, 1153600.07 ], [ 2540623.523, 1153613.48 ], [ 2540622.413000000175089, 1153642.860000000102445 ], [ 2540618.142, 1153654.301 ], [ 2540610.534, 1153662.921 ], [ 2540599.444999999832362, 1153675.486 ], [ 2540593.432, 1153682.3 ], [ 2540597.132000000216067, 1153702.261 ], [ 2540597.955, 1153703.839 ], [ 2540611.622, 1153735.892 ], [ 2540624.197000000160187, 1153752.866 ], [ 2540638.069999999832362, 1153771.594 ], [ 2540656.470000000204891, 1153793.602999999886379 ], [ 2540658.598000000230968, 1153796.395 ], [ 2540660.143999999854714, 1153796.645 ], [ 2540662.492999999783933, 1153794.264 ], [ 2540660.901, 1153786.149 ], [ 2540657.901, 1153778.587 ], [ 2540646.28899999987334, 1153756.101 ], [ 2540643.995000000111759, 1153746.139 ], [ 2540643.370000000111759, 1153736.514 ], [ 2540643.375, 1153729.909 ], [ 2540644.191999999806285, 1153722.906999999890104 ], [ 2540645.849, 1153714.908 ], [ 2540647.282000000122935, 1153707.989 ], [ 2540650.406, 1153701.009 ], [ 2540652.345000000204891, 1153696.676 ], [ 2540654.950000000186265, 1153692.182 ], [ 2540657.77, 1153688.784 ], [ 2540661.657000000122935, 1153686.364 ], [ 2540663.281, 1153680.957 ], [ 2540667.818, 1153665.85 ], [ 2540668.887000000104308, 1153662.288 ], [ 2540669.455, 1153660.397000000113621 ], [ 2540672.919000000227243, 1153648.862 ], [ 2540677.271999999880791, 1153634.369 ], [ 2540686.569999999832362, 1153603.408 ], [ 2540690.026, 1153591.899 ], [ 2540612.234999999869615, 1153579.414000000106171 ] ] ] ] } },
{ "type": "Feature", "properties": { "ANNEE_DE_R": 2025, "CODE_PROGR": "Bio", "CODE_UTILI": 545, "IDENTIFICA": "VD_2025_431704", "NOMBRE_ARB": 0, "PROGRAMME": "Production bio", "SHAPE_AREA": 8073.812, "SHAPE_LEN": 399.519, "SURFACE_M2": 48443, "UTILISATIO": "Cultures maraîchères de plein champ annuelles (sauf les légumes de conserve)" }, "geometry": { "type": "MultiPolygon", "coordinates": [ [ [ [ 2540662.018000000156462, 1153886.33 ], [ 2540659.602, 1153835.171 ], [ 2540561.602, 1153847.671 ], [ 2540505.602, 1153856.171 ], [ 2540543.102, 1153912.171 ], [ 2540546.018000000156462, 1153916.83 ], [ 2540568.268000000156462, 1153910.33 ], [ 2540604.268000000156462, 1153900.08 ], [ 2540662.018000000156462, 1153886.33 ] ] ] ] } },
{ "type": "Feature", "properties": { "ANNEE_DE_R": 2025, "CODE_PROGR": "Bio", "CODE_UTILI": 611, "IDENTIFICA": "VD_2025_431708", "NOMBRE_ARB": 29, "PROGRAMME": "Production bio", "SHAPE_AREA": 2057.015, "SHAPE_LEN": 597.876, "SURFACE_M2": 2058, "UTILISATIO": "Prairies extensives (sans les pâturages)" }, "geometry": { "type": "MultiPolygon", "coordinates": [ [ [ [ 2540734.575999999884516, 1153803.686 ], [ 2540670.687, 1153812.498 ], [ 2540667.687, 1153816.748 ], [ 2540638.687, 1153821.498 ], [ 2540561.437, 1153830.998 ], [ 2540446.177999999839813, 1153846.031999999890104 ], [ 2540453.193, 1153851.391 ], [ 2540457.929, 1153850.772000000113621 ], [ 2540470.623999999836087, 1153849.114 ], [ 2540501.372, 1153845.099 ], [ 2540534.707, 1153840.746 ], [ 2540550.52, 1153838.681 ], [ 2540586.691000000108033, 1153833.958000000100583 ], [ 2540618.501000000163913, 1153829.804 ], [ 2540676.234000000171363, 1153822.264 ], [ 2540735.822999999858439, 1153814.483 ], [ 2540734.575999999884516, 1153803.686 ] ] ] ] } },
{ "type": "Feature", "properties": { "ANNEE_DE_R": 2025, "CODE_PROGR": "Non", "CODE_UTILI": 901, "IDENTIFICA": "VD_2025_516235", "NOMBRE_ARB": 0, "PROGRAMME": "Aucun programme", "SHAPE_AREA": 4679.247, "SHAPE_LEN": 326.663, "SURFACE_M2": 4680, "UTILISATIO": "Forêt" }, "geometry": { "type": "MultiPolygon", "coordinates": [ [ [ [ 2540682.643000000156462, 1158229.514 ], [ 2540693.294000000227243, 1158213.354 ], [ 2540595.392, 1158136.267 ], [ 2540572.312, 1158165.517 ], [ 2540672.91399999987334, 1158244.274 ], [ 2540682.643000000156462, 1158229.514 ] ] ] ] } },
{ "type": "Feature", "properties": { "ANNEE_DE_R": 2025, "CODE_PROGR": "Bio", "CODE_UTILI": 613, "IDENTIFICA": "VD_2025_99197", "NOMBRE_ARB": 0, "PROGRAMME": "Production bio", "SHAPE_AREA": 714.239, "SHAPE_LEN": 427.907, "SURFACE_M2": 1429, "UTILISATIO": "Autres prairies permanentes (sans les pâturages)" }, "geometry": { "type": "MultiPolygon", "coordinates": [ [ [ [ 2540650.646000000182539, 1160247.587 ], [ 2540656.634, 1160247.379999999888241 ], [ 2540664.538000000175089, 1160247.785 ], [ 2540683.267, 1160250.037 ], [ 2540687.773, 1160250.579 ], [ 2540697.517, 1160251.791999999899417 ], [ 2540710.531, 1160253.998 ], [ 2540720.946, 1160258.987 ], [ 2540724.143999999854714, 1160260.52 ], [ 2540727.910000000149012, 1160262.037 ], [ 2540764.521000000182539, 1160276.784 ], [ 2540764.602, 1160273.106 ], [ 2540710.96100000012666, 1160251.158 ], [ 2540683.938, 1160247.027 ], [ 2540667.079, 1160244.45 ], [ 2540655.617, 1160242.698 ], [ 2540642.281, 1160240.66 ], [ 2540635.893000000156462, 1160246.924000000115484 ], [ 2540613.663000000175089, 1160268.722 ], [ 2540607.882000000216067, 1160274.391 ], [ 2540605.873999999836087, 1160276.058999999891967 ], [ 2540578.983, 1160298.402 ], [ 2540579.383, 1160299.602 ], [ 2540582.808000000193715, 1160299.692 ], [ 2540602.157999999821186, 1160282.584 ], [ 2540607.617999999783933, 1160277.605 ], [ 2540638.545, 1160249.402 ], [ 2540643.214000000152737, 1160247.968000000109896 ], [ 2540647.038000000175089, 1160247.710999999893829 ], [ 2540650.646000000182539, 1160247.587 ] ] ] ] } },
{ "type": "Feature", "properties": { "ANNEE_DE_R": 2025, "CODE_PROGR": "Bio", "CODE_UTILI": 545, "IDENTIFICA": "VD_2025_444996", "NOMBRE_ARB": 0, "PROGRAMME": "Production bio", "SHAPE_AREA": 3281.53, "SHAPE_LEN": 271.58, "SURFACE_M2": 19690, "UTILISATIO": "Cultures maraîchères de plein champ annuelles (sauf les légumes de conserve)" }, "geometry": { "type": "MultiPolygon", "coordinates": [ [ [ [ 2540860.853000000119209, 1153834.879 ], [ 2540862.853000000119209, 1153813.379 ], [ 2540858.353000000119209, 1153803.879 ], [ 2540830.353000000119209, 1153802.379 ], [ 2540749.353000000119209, 1153810.629 ], [ 2540758.353000000119209, 1153833.379 ], [ 2540780.853000000119209, 1153831.879 ], [ 2540791.776999999769032, 1153840.139 ], [ 2540838.901999999769032, 1153835.639 ], [ 2540850.353000000119209, 1153835.379 ], [ 2540860.853000000119209, 1153834.879 ] ] ] ] } },
{ "type": "Feature", "properties": { "ANNEE_DE_R": 2025, "CODE_PROGR": "psGmf", "CODE_UTILI": 613, "IDENTIFICA": "VD_2025_108842", "NOMBRE_ARB": 0, "PROGRAMME": "Production de lait et de viande basée sur les herbages", "SHAPE_AREA": 4904.844, "SHAPE_LEN": 331.812, "SURFACE_M2": 4905, "UTILISATIO": "Autres prairies permanentes (sans les pâturages)" }, "geometry": { "type": "MultiPolygon", "coordinates": [ [ [ [ 2541094.514, 1159925.168 ], [ 2541090.274000000208616, 1159944.901 ], [ 2541076.299999999813735, 1159976.76 ], [ 2541070.335, 1159988.949 ], [ 2541096.25, 1160029.145 ], [ 2541116.682, 1160051.734 ], [ 2541134.339000000152737, 1160056.164000000106171 ], [ 2541159.633, 1160049.763 ], [ 2541126.995000000111759, 1159993.132 ], [ 2541124.058000000193715, 1159986.986 ], [ 2541117.978999999817461, 1159974.269 ], [ 2541094.514, 1159925.168 ] ] ] ] } },
{ "type": "Feature", "properties": { "ANNEE_DE_R": 2025, "CODE_PROGR": "psGmf", "CODE_UTILI": 613, "IDENTIFICA": "VD_2025_34738", "NOMBRE_ARB": 0, "PROGRAMME": "Production de lait et de viande basée sur les herbages", "SHAPE_AREA": 44923.724, "SHAPE_LEN": 1091.357, "SURFACE_M2": 44924, "UTILISATIO": "Autres prairies permanentes (sans les pâturages)" }, "geometry": { "type": "MultiPolygon", "coordinates": [ [ [ [ 2541444.23700000019744, 1159932.870000000111759 ], [ 2541460.73700000019744, 1159898.870000000111759 ], [ 2541469.23700000019744, 1159878.870000000111759 ], [ 2541456.579, 1159858.745000000111759 ], [ 2541454.079, 1159845.495000000111759 ], [ 2541461.579, 1159820.495000000111759 ], [ 2541458.75, 1159795.368 ], [ 2541333.066999999806285, 1159765.511 ], [ 2541311.694999999832362, 1159766.406 ], [ 2541247.372, 1159806.378 ], [ 2541234.622, 1159812.378 ], [ 2541203.512000000104308, 1159816.925 ], [ 2541211.129999999888241, 1159840.46 ], [ 2541209.629999999888241, 1159848.46 ], [ 2541154.305000000167638, 1159880.994 ], [ 2541122.044000000227243, 1159892.713 ], [ 2541096.548, 1159915.7 ], [ 2541094.514, 1159925.168 ], [ 2541117.978999999817461, 1159974.269 ], [ 2541219.603000000119209, 1159933.125 ], [ 2541340.94, 1159890.203 ], [ 2541349.717000000178814, 1159911.081 ], [ 2541377.620000000111759, 1159977.459 ], [ 2541374.146000000182539, 1159983.935 ], [ 2541379.634, 1159990.955 ], [ 2541390.134, 1159986.455 ], [ 2541403.134, 1159965.954 ], [ 2541420.429, 1159963.686 ], [ 2541429.114, 1159955.439 ], [ 2541444.23700000019744, 1159932.870000000111759 ] ] ] ] } },
{ "type": "Feature", "properties": { "ANNEE_DE_R": 2025, "CODE_PROGR": "Bio", "CODE_UTILI": 613, "IDENTIFICA": "VD_2025_97782", "NOMBRE_ARB": 0, "PROGRAMME": "Production bio", "SHAPE_AREA": 1001.703, "SHAPE_LEN": 388.861, "SURFACE_M2": 2004, "UTILISATIO": "Autres prairies permanentes (sans les pâturages)" }, "geometry": { "type": "MultiPolygon", "coordinates": [ [ [ [ 2541139.392, 1160398.776 ], [ 2541128.916999999899417, 1160388.804 ], [ 2541129.080999999772757, 1160391.649 ], [ 2541129.349, 1160396.284 ], [ 2541129.458999999798834, 1160398.200999999884516 ], [ 2541129.529999999795109, 1160399.424000000115484 ], [ 2541130.941999999806285, 1160401.457 ], [ 2541135.345000000204891, 1160406.815 ], [ 2541149.378, 1160423.551 ], [ 2541151.494, 1160426.196 ], [ 2541153.419000000227243, 1160428.504999999888241 ], [ 2541176.194999999832362, 1160457.058999999891967 ], [ 2541182.253, 1160469.954 ], [ 2541184.131, 1160473.952 ], [ 2541190.506, 1160482.994 ], [ 2541199.526999999769032, 1160491.457 ], [ 2541211.151, 1160502.362999999895692 ], [ 2541218.08600000012666, 1160511.617 ], [ 2541221.30599999986589, 1160515.914000000106171 ], [ 2541240.133, 1160541.036 ], [ 2541241.225999999791384, 1160536.166 ], [ 2541243.609999999869615, 1160525.539000000106171 ], [ 2541233.271000000182539, 1160513.137000000104308 ], [ 2541227.68099999986589, 1160509.200999999884516 ], [ 2541215.48, 1160501.74 ], [ 2541210.33600000012666, 1160497.055 ], [ 2541200.370000000111759, 1160487.977 ], [ 2541192.56900000013411, 1160480.871 ], [ 2541190.294000000227243, 1160473.412 ], [ 2541188.089000000152737, 1160466.181 ], [ 2541156.697999999858439, 1160427.852 ], [ 2541151.58600000012666, 1160422.928 ], [ 2541150.992999999783933, 1160421.644 ], [ 2541146.142, 1160411.142 ], [ 2541139.392, 1160398.776 ] ] ] ] } },
{ "type": "Feature", "properties": { "ANNEE_DE_R": 2025, "CODE_PROGR": "Bio", "CODE_UTILI": 852, "IDENTIFICA": "VD_2025_396016", "NOMBRE_ARB": 0, "PROGRAMME": "Production bio", "SHAPE_AREA": 1904.034, "SHAPE_LEN": 324.216, "SURFACE_M2": 1905, "UTILISATIO": "Haies, bosquets champêtres et berges boisées (avec la bande herbeuse)" }, "geometry": { "type": "MultiPolygon", "coordinates": [ [ [ [ 2541174.983, 1160744.102 ], [ 2541154.122, 1160718.952 ], [ 2541115.719, 1160662.797 ], [ 2541106.487999999895692, 1160649.278 ], [ 2541102.791999999899417, 1160643.894 ], [ 2541099.200999999884516, 1160638.644 ], [ 2541093.721, 1160632.567 ], [ 2541089.188999999780208, 1160627.541 ], [ 2541083.521999999880791, 1160621.256 ], [ 2541075.555000000167638, 1160628.865 ], [ 2541090.26299999980256, 1160647.102999999886379 ], [ 2541095.998000000137836, 1160658.425 ], [ 2541113.648, 1160685.485000000102445 ], [ 2541132.859000000171363, 1160711.428 ], [ 2541133.793, 1160712.69 ], [ 2541145.705, 1160727.25 ], [ 2541168.5, 1160748.28 ], [ 2541174.983, 1160744.102 ] ] ] ] } },
{ "type": "Feature", "properties": { "ANNEE_DE_R": 2025, "CODE_PROGR": "Non", "CODE_UTILI": 613, "IDENTIFICA": "VD_2025_430242", "NOMBRE_ARB": 0, "PROGRAMME": "Aucun programme", "SHAPE_AREA": 11711.372, "SHAPE_LEN": 1104.206, "SURFACE_M2": 11712, "UTILISATIO": "Autres prairies permanentes (sans les pâturages)" }, "geometry": { "type": "MultiPolygon", "coordinates": [ [ [ [ 2541869.904999999795109, 1154529.973 ], [ 2541856.662, 1154506.902 ], [ 2541849.370000000111759, 1154492.263 ], [ 2541842.734999999869615, 1154476.841 ], [ 2541836.48700000019744, 1154462.777 ], [ 2541830.890000000130385, 1154450.177 ], [ 2541820.631, 1154438.28 ], [ 2541818.049999999813735, 1154435.614 ], [ 2541812.46, 1154434.824 ], [ 2541803.85, 1154438.683999999891967 ], [ 2541802.179, 1154440.358 ], [ 2541799.180000000167638, 1154439.884 ], [ 2541777.200999999884516, 1154442.026 ], [ 2541757.332, 1154443.963 ], [ 2541755.279999999795109, 1154444.163 ], [ 2541752.680000000167638, 1154445.063 ], [ 2541748.449, 1154446.513 ], [ 2541741.358, 1154449.313 ], [ 2541734.21, 1154453.602999999886379 ], [ 2541728.498999999836087, 1154458.58 ], [ 2541728.742999999783933, 1154459.981 ], [ 2541731.011, 1154463.425 ], [ 2541741.609000000171363, 1154453.884 ], [ 2541745.046999999787658, 1154457.447 ], [ 2541741.109000000171363, 1154464.322 ], [ 2541744.171999999787658, 1154468.822 ], [ 2541739.734000000171363, 1154472.104 ], [ 2541743.029, 1154475.382 ], [ 2541737.921, 1154478.8 ], [ 2541716.859000000171363, 1154488.425 ], [ 2541715.421, 1154485.8 ], [ 2541706.983, 1154491.851 ], [ 2541706.275, 1154493.06 ], [ 2541705.711999999824911, 1154495.373 ], [ 2541704.512000000104308, 1154493.398 ], [ 2541703.025, 1154492.123 ], [ 2541700.160000000149012, 1154487.945 ], [ 2541698.745000000111759, 1154488.776 ], [ 2541696.525, 1154490.081 ], [ 2541692.829, 1154490.575999999884516 ], [ 2541688.742, 1154488.161 ], [ 2541677.705999999772757, 1154469.47 ], [ 2541670.751999999862164, 1154470.518 ], [ 2541661.984000000171363, 1154474.3 ], [ 2541650.859000000171363, 1154480.3 ], [ 2541638.859000000171363, 1154489.55 ], [ 2541631.773, 1154496.574 ], [ 2541650.074, 1154529.634 ], [ 2541646.955999999772757, 1154531.35 ], [ 2541653.240000000223517, 1154542.769 ], [ 2541697.768999999854714, 1154516.529 ], [ 2541707.475, 1154510.808999999891967 ], [ 2541712.583999999798834, 1154507.799000000115484 ], [ 2541718.765999999828637, 1154504.355 ], [ 2541767.333999999798834, 1154477.299000000115484 ], [ 2541782.94, 1154508.138 ], [ 2541794.986, 1154532.367 ], [ 2541802.089000000152737, 1154545.977999999886379 ], [ 2541807.062, 1154555.509 ], [ 2541819.424999999813735, 1154579.598 ], [ 2541831.293, 1154573.308 ], [ 2541824.643000000156462, 1154554.041 ], [ 2541811.08600000012666, 1154536.038 ], [ 2541804.788000000175089, 1154512.502 ], [ 2541793.308000000193715, 1154487.859 ], [ 2541789.103999999817461, 1154473.855 ], [ 2541790.859000000171363, 1154453.860000000102445 ], [ 2541793.788000000175089, 1154448.346 ], [ 2541803.643000000156462, 1154447.845 ], [ 2541805.955, 1154443.335999999893829 ], [ 2541810.319999999832362, 1154446.244 ], [ 2541809.160000000149012, 1154472.193 ], [ 2541817.23, 1154490.553 ], [ 2541827.879999999888241, 1154514.942 ], [ 2541833.316999999806285, 1154529.287 ], [ 2541841.765999999828637, 1154551.575999999884516 ], [ 2541854.111, 1154583.991 ], [ 2541882.44, 1154552.192 ], [ 2541869.904999999795109, 1154529.973 ] ], [ [ 2541757.609000000171363, 1154468.384 ], [ 2541751.359000000171363, 1154468.259 ], [ 2541751.296999999787658, 1154463.009 ], [ 2541757.859000000171363, 1154463.134 ], [ 2541757.609000000171363, 1154468.384 ] ] ] ] } },
{ "type": "Feature", "properties": { "ANNEE_DE_R": 2025, "CODE_PROGR": "psGmf", "CODE_UTILI": 611, "IDENTIFICA": "VD_2025_34732", "NOMBRE_ARB": 0, "PROGRAMME": "Production de lait et de viande basée sur les herbages", "SHAPE_AREA": 4084.992, "SHAPE_LEN": 827.689, "SURFACE_M2": 4085, "UTILISATIO": "Prairies extensives (sans les pâturages)" }, "geometry": { "type": "MultiPolygon", "coordinates": [ [ [ [ 2541638.068, 1159381.615 ], [ 2541636.632000000216067, 1159378.445 ], [ 2541539.878, 1159402.692 ], [ 2541543.202, 1159428.041 ], [ 2541536.51299999980256, 1159443.293 ], [ 2541533.06900000013411, 1159443.293 ], [ 2541514.140999999828637, 1159525.378 ], [ 2541509.275, 1159525.619 ], [ 2541437.058000000193715, 1159431.361 ], [ 2541408.867999999783933, 1159435.524 ], [ 2541404.003, 1159477.745000000111759 ], [ 2541420.362999999895692, 1159474.495000000111759 ], [ 2541420.653, 1159462.504 ], [ 2541426.494, 1159448.968000000109896 ], [ 2541427.807, 1159445.925 ], [ 2541448.176, 1159464.088 ], [ 2541461.207, 1159475.708000000100583 ], [ 2541497.207, 1159524.208000000100583 ], [ 2541518.307, 1159539.925 ], [ 2541533.038000000175089, 1159492.247 ], [ 2541544.890000000130385, 1159453.891 ], [ 2541557.85, 1159411.944 ], [ 2541558.571, 1159409.610000000102445 ], [ 2541563.481000000145286, 1159403.928 ], [ 2541638.068, 1159381.615 ] ] ] ] } },
{ "type": "Feature", "properties": { "ANNEE_DE_R": 2025, "CODE_PROGR": "psGmf", "CODE_UTILI": 611, "IDENTIFICA": "VD_2025_34729", "NOMBRE_ARB": 0, "PROGRAMME": "Production de lait et de viande basée sur les herbages", "SHAPE_AREA": 483.692, "SHAPE_LEN": 179.818, "SURFACE_M2": 484, "UTILISATIO": "Prairies extensives (sans les pâturages)" }, "geometry": { "type": "MultiPolygon", "coordinates": [ [ [ [ 2541638.068, 1159381.615 ], [ 2541563.481000000145286, 1159403.928 ], [ 2541558.571, 1159409.610000000102445 ], [ 2541557.85, 1159411.944 ], [ 2541640.421, 1159386.806 ], [ 2541638.068, 1159381.615 ] ] ] ] } },
{ "type": "Feature", "properties": { "ANNEE_DE_R": 2025, "CODE_PROGR": "Non", "CODE_UTILI": 616, "IDENTIFICA": "VD_2025_455198", "NOMBRE_ARB": 0, "PROGRAMME": "Aucun programme", "SHAPE_AREA": 7040.469, "SHAPE_LEN": 364.37, "SURFACE_M2": 7041, "UTILISATIO": "Pâturages (pâturages attenants à la ferme, autres pâturages sauf les pâturages d’estivage)" }, "geometry": { "type": "MultiPolygon", "coordinates": [ [ [ [ 2541820.958999999798834, 1154295.713 ], [ 2541789.441999999806285, 1154337.617 ], [ 2541766.54, 1154368.135 ], [ 2541766.963, 1154369.095 ], [ 2541809.963, 1154416.095 ], [ 2541815.963, 1154418.095 ], [ 2541823.463, 1154407.095 ], [ 2541889.463, 1154321.595 ], [ 2541882.963, 1154323.595 ], [ 2541876.963, 1154322.595 ], [ 2541863.963, 1154322.095 ], [ 2541855.963, 1154322.595 ], [ 2541849.463, 1154320.095 ], [ 2541844.963, 1154307.595 ], [ 2541833.463, 1154304.595 ], [ 2541820.958999999798834, 1154295.713 ] ] ] ] } },
{ "type": "Feature", "properties": { "ANNEE_DE_R": 2025, "CODE_PROGR": "psGmf", "CODE_UTILI": 613, "IDENTIFICA": "VD_2025_431218", "NOMBRE_ARB": 0, "PROGRAMME": "Production de lait et de viande basée sur les herbages", "SHAPE_AREA": 1998.477, "SHAPE_LEN": 176.477, "SURFACE_M2": 1999, "UTILISATIO": "Autres prairies permanentes (sans les pâturages)" }, "geometry": { "type": "MultiPolygon", "coordinates": [ [ [ [ 2541882.44, 1154552.192 ], [ 2541854.111, 1154583.991 ], [ 2541854.415, 1154594.902 ], [ 2541874.474, 1154617.475 ], [ 2541906.42, 1154605.033 ], [ 2541901.458999999798834, 1154585.659 ], [ 2541882.44, 1154552.192 ] ] ] ] } },
{ "type": "Feature", "properties": { "ANNEE_DE_R": 2025, "CODE_PROGR": "Bio", "CODE_UTILI": 617, "IDENTIFICA": "VD_2025_472103", "NOMBRE_ARB": 0, "PROGRAMME": "Production bio", "SHAPE_AREA": 1050.205, "SHAPE_LEN": 196.46, "SURFACE_M2": 2101, "UTILISATIO": "Pâturages extensifs" }, "geometry": { "type": "MultiPolygon", "coordinates": [ [ [ [ 2541728.62900000018999, 1154832.838 ], [ 2541703.75400000018999, 1154819.588 ], [ 2541702.589000000152737, 1154821.153 ], [ 2541700.589000000152737, 1154822.278 ], [ 2541699.015000000130385, 1154825.55 ], [ 2541704.251000000163913, 1154833.014999999897555 ], [ 2541706.282999999821186, 1154846.274 ], [ 2541707.234999999869615, 1154848.325999999884516 ], [ 2541704.984999999869615, 1154878.325999999884516 ], [ 2541698.984999999869615, 1154899.575999999884516 ], [ 2541707.984999999869615, 1154903.325999999884516 ], [ 2541712.734999999869615, 1154877.134 ], [ 2541721.734999999869615, 1154850.634 ], [ 2541728.62900000018999, 1154832.838 ] ] ] ] } },
{ "type": "Feature", "properties": { "ANNEE_DE_R": 2025, "CODE_PROGR": "psArableSoilCoverage", "CODE_UTILI": 521, "IDENTIFICA": "VD_2025_430317", "NOMBRE_ARB": 0, "PROGRAMME": "Couverture appropriée du sol (les cultures principales sur terres ouvertes)", "SHAPE_AREA": 11782.605, "SHAPE_LEN": 434.724, "SURFACE_M2": 35348, "UTILISATIO": "Maïs d'ensilage et maïs vert" }, "geometry": { "type": "MultiPolygon", "coordinates": [ [ [ [ 2542111.012000000104308, 1154778.942 ], [ 2542105.458999999798834, 1154778.801 ], [ 2542083.410999999847263, 1154779.079 ], [ 2542064.546999999787658, 1154783.627 ], [ 2542047.744, 1154790.279 ], [ 2542039.381, 1154793.839 ], [ 2542020.105, 1154806.279 ], [ 2542018.629999999888241, 1154807.242 ], [ 2542047.294000000227243, 1154837.585999999893829 ], [ 2542059.234999999869615, 1154850.762000000104308 ], [ 2542061.794000000227243, 1154853.585999999893829 ], [ 2542071.541999999899417, 1154864.095 ], [ 2542080.904, 1154874.188 ], [ 2542087.517, 1154881.328 ], [ 2542099.472, 1154894.237 ], [ 2542101.791000000201166, 1154896.736 ], [ 2542118.791000000201166, 1154914.379 ], [ 2542125.639, 1154909.882 ], [ 2542135.095000000204891, 1154903.674000000115484 ], [ 2542136.683000000193715, 1154902.631 ], [ 2542147.535999999847263, 1154895.504999999888241 ], [ 2542153.052000000141561, 1154891.527 ], [ 2542159.248999999836087, 1154886.218000000109896 ], [ 2542162.978999999817461, 1154883.022000000113621 ], [ 2542157.728000000119209, 1154870.747 ], [ 2542156.69, 1154866.173 ], [ 2542157.836999999824911, 1154861.274 ], [ 2542161.355, 1154846.244 ], [ 2542163.301, 1154837.929 ], [ 2542164.913000000175089, 1154831.041 ], [ 2542167.080999999772757, 1154821.779 ], [ 2542139.023, 1154798.014999999897555 ], [ 2542123.867999999783933, 1154785.153 ], [ 2542119.281, 1154781.26 ], [ 2542115.436000000219792, 1154780.575999999884516 ], [ 2542111.012000000104308, 1154778.942 ] ] ] ] } },
{ "type": "Feature", "properties": { "ANNEE_DE_R": 2025, "CODE_PROGR": "Non", "CODE_UTILI": 617, "IDENTIFICA": "VD_2025_82432", "NOMBRE_ARB": 0, "PROGRAMME": "Aucun programme", "SHAPE_AREA": 8932.769, "SHAPE_LEN": 740.295, "SURFACE_M2": 8933, "UTILISATIO": "Pâturages extensifs" }, "geometry": { "type": "MultiPolygon", "coordinates": [ [ [ [ 2542206.941999999806285, 1156428.28 ], [ 2542210.325000000186265, 1156434.337 ], [ 2542223.413000000175089, 1156429.593000000109896 ], [ 2542225.758, 1156427.703 ], [ 2542237.224, 1156421.374 ], [ 2542251.974, 1156412.499 ], [ 2542268.514, 1156401.308 ], [ 2542284.349, 1156387.874 ], [ 2542293.910999999847263, 1156380.249 ], [ 2542304.328000000212342, 1156372.277 ], [ 2542308.552999999839813, 1156365.914000000106171 ], [ 2542313.115000000223517, 1156359.539000000106171 ], [ 2542315.758, 1156355.128 ], [ 2542318.133, 1156349.378 ], [ 2542321.191999999806285, 1156343.53 ], [ 2542320.87900000018999, 1156341.94 ], [ 2542325.04, 1156332.525 ], [ 2542328.640000000130385, 1156322.229 ], [ 2542332.93099999986589, 1156309.955 ], [ 2542317.486, 1156297.889 ], [ 2542321.30599999986589, 1156292.362999999895692 ], [ 2542317.529, 1156287.911 ], [ 2542313.171, 1156284.827 ], [ 2542314.858, 1156277.452 ], [ 2542313.108, 1156270.077 ], [ 2542314.234999999869615, 1156264.082 ], [ 2542317.734999999869615, 1156256.082 ], [ 2542322.219, 1156247.322 ], [ 2542328.734999999869615, 1156239.082 ], [ 2542336.688999999780208, 1156233.571 ], [ 2542353.296999999787658, 1156209.385 ], [ 2542369.433999999891967, 1156222.862 ], [ 2542371.935, 1156224.868 ], [ 2542375.234000000171363, 1156218.449 ], [ 2542378.489, 1156210.956 ], [ 2542382.174999999813735, 1156206.625 ], [ 2542386.549999999813735, 1156200.562 ], [ 2542382.864, 1156197.644 ], [ 2542383.426, 1156196.519 ], [ 2542380.515999999828637, 1156194.617 ], [ 2542381.123000000137836, 1156192.349 ], [ 2542347.813, 1156166.129 ], [ 2542335.242999999783933, 1156179.215 ], [ 2542325.049000000115484, 1156190.521 ], [ 2542316.700000000186265, 1156198.518 ], [ 2542312.117, 1156218.135 ], [ 2542310.622, 1156221.714 ], [ 2542307.859999999869615, 1156228.329 ], [ 2542306.657000000122935, 1156231.208000000100583 ], [ 2542299.275, 1156248.885 ], [ 2542302.119, 1156269.591 ], [ 2542300.401999999769032, 1156274.289000000106171 ], [ 2542294.501999999862164, 1156288.466 ], [ 2542280.271999999880791, 1156312.146 ], [ 2542272.935, 1156320.919 ], [ 2542273.771999999880791, 1156327.654 ], [ 2542274.531, 1156333.762000000104308 ], [ 2542275.08600000012666, 1156338.227 ], [ 2542276.412, 1156348.895 ], [ 2542275.049999999813735, 1156352.945 ], [ 2542272.051, 1156361.861 ], [ 2542267.487999999895692, 1156375.426 ], [ 2542265.191000000108033, 1156382.254 ], [ 2542253.111, 1156397.183999999891967 ], [ 2542241.471, 1156405.024 ], [ 2542212.69, 1156424.409 ], [ 2542206.941999999806285, 1156428.28 ] ] ] ] } },
{ "type": "Feature", "properties": { "ANNEE_DE_R": 2025, "CODE_PROGR": "psClimateEfficientNUse", "CODE_UTILI": 601, "IDENTIFICA": "VD_2025_445892", "NOMBRE_ARB": 0, "PROGRAMME": "Utilisation efficiente de l’azote dans les grandes cultures", "SHAPE_AREA": 19501.209, "SHAPE_LEN": 890.266, "SURFACE_M2": 39003, "UTILISATIO": "Prairies artificielles (sans les pâturages)" }, "geometry": { "type": "MultiPolygon", "coordinates": [ [ [ [ 2542536.364, 1155326.58 ], [ 2542512.227, 1155369.786 ], [ 2542570.322000000160187, 1155391.786 ], [ 2542586.896000000182539, 1155397.68 ], [ 2542609.946, 1155406.549000000115484 ], [ 2542623.046, 1155411.634 ], [ 2542646.63799999980256, 1155422.09 ], [ 2542678.301, 1155373.469 ], [ 2542677.082, 1155373.066000000108033 ], [ 2542675.366, 1155372.497 ], [ 2542674.106000000145286, 1155372.08 ], [ 2542649.727, 1155364.004999999888241 ], [ 2542619.98700000019744, 1155354.203 ], [ 2542594.352, 1155345.754999999888241 ], [ 2542586.329, 1155343.085999999893829 ], [ 2542536.364, 1155326.58 ] ] ], [ [ [ 2542679.748000000137836, 1155373.949 ], [ 2542648.205999999772757, 1155423.227999999886379 ], [ 2542652.96, 1155425.291 ], [ 2542700.035999999847263, 1155446.783 ], [ 2542715.26299999980256, 1155453.703 ], [ 2542781.193, 1155483.666999999899417 ], [ 2542809.634999999776483, 1155501.335 ], [ 2542819.555000000167638, 1155484.814 ], [ 2542824.992999999783933, 1155475.758 ], [ 2542834.375, 1155460.135 ], [ 2542846.166999999899417, 1155440.496 ], [ 2542823.970000000204891, 1155426.402 ], [ 2542791.626999999862164, 1155411.006 ], [ 2542756.450000000186265, 1155399.362 ], [ 2542734.421999999787658, 1155392.084 ], [ 2542725.404999999795109, 1155389.089 ], [ 2542690.98, 1155377.656999999890104 ], [ 2542679.748000000137836, 1155373.949 ] ] ] ] } },
{ "type": "Feature", "properties": { "ANNEE_DE_R": 2025, "CODE_PROGR": "Bio", "CODE_UTILI": 617, "IDENTIFICA": "VD_2025_402604", "NOMBRE_ARB": 0, "PROGRAMME": "Production bio", "SHAPE_AREA": 1944.458, "SHAPE_LEN": 331.242, "SURFACE_M2": 3889, "UTILISATIO": "Pâturages extensifs" }, "geometry": { "type": "MultiPolygon", "coordinates": [ [ [ [ 2542600.098000000230968, 1155993.611 ], [ 2542598.382000000216067, 1155943.008 ], [ 2542561.768999999854714, 1155938.155 ], [ 2542560.347, 1155940.955 ], [ 2542551.847, 1155950.33 ], [ 2542540.722, 1155957.83 ], [ 2542531.347, 1155963.955 ], [ 2542531.097, 1155986.955 ], [ 2542540.222, 1155987.705 ], [ 2542540.472, 1155984.955 ], [ 2542544.347, 1155983.58 ], [ 2542547.472, 1155955.205 ], [ 2542552.597, 1155953.08 ], [ 2542552.472, 1155958.705 ], [ 2542581.847, 1155959.58 ], [ 2542579.722, 1155987.705 ], [ 2542558.586999999824911, 1155985.883 ], [ 2542558.336999999824911, 1155989.633 ], [ 2542600.098000000230968, 1155993.611 ] ] ] ] } },
{ "type": "Feature", "properties": { "ANNEE_DE_R": 2025, "CODE_PROGR": "Bio", "CODE_UTILI": 611, "IDENTIFICA": "VD_2025_490512", "NOMBRE_ARB": 0, "PROGRAMME": "Production bio", "SHAPE_AREA": 577.084, "SHAPE_LEN": 124.602, "SURFACE_M2": 1155, "UTILISATIO": "Prairies extensives (sans les pâturages)" }, "geometry": { "type": "MultiPolygon", "coordinates": [ [ [ [ 2542485.160000000149012, 1157284.392 ], [ 2542462.169000000227243, 1157272.22 ], [ 2542459.245000000111759, 1157277.261 ], [ 2542441.49599999981001, 1157266.634 ], [ 2542433.677999999839813, 1157276.799000000115484 ], [ 2542453.122, 1157285.688 ], [ 2542472.197000000160187, 1157290.503 ], [ 2542480.160000000149012, 1157292.91 ], [ 2542485.160000000149012, 1157284.392 ] ] ] ] } },
{ "type": "Feature", "properties": { "ANNEE_DE_R": 2025, "CODE_PROGR": "Non", "CODE_UTILI": 613, "IDENTIFICA": "VD_2025_431264", "NOMBRE_ARB": 0, "PROGRAMME": "Aucun programme", "SHAPE_AREA": 25860.127, "SHAPE_LEN": 838.063, "SURFACE_M2": 25861, "UTILISATIO": "Autres prairies permanentes (sans les pâturages)" }, "geometry": { "type": "MultiPolygon", "coordinates": [ [ [ [ 2542550.725999999791384, 1158335.406 ], [ 2542573.634, 1158338.460999999893829 ], [ 2542612.634, 1158326.462 ], [ 2542612.634, 1158304.462 ], [ 2542607.6, 1158286.651 ], [ 2542606.231000000145286, 1158281.806 ], [ 2542604.796999999787658, 1158276.734 ], [ 2542599.633, 1158258.462 ], [ 2542600.88799999980256, 1158245.909 ], [ 2542601.702, 1158229.922 ], [ 2542605.430000000167638, 1158203.991 ], [ 2542606.633, 1158193.460999999893829 ], [ 2542647.242, 1158187.308999999891967 ], [ 2542668.745000000111759, 1158184.052 ], [ 2542674.592000000178814, 1158183.166 ], [ 2542677.0, 1158148.937 ], [ 2542679.25, 1158129.187 ], [ 2542680.937, 1158115.749 ], [ 2542681.562, 1158107.129999999888241 ], [ 2542675.062, 1158103.567 ], [ 2542676.875, 1158098.254999999888241 ], [ 2542680.187, 1158081.325 ], [ 2542686.062, 1158056.95 ], [ 2542688.27, 1158044.078 ], [ 2542674.207, 1158038.264999999897555 ], [ 2542660.645, 1158031.889999999897555 ], [ 2542651.395, 1158030.453 ], [ 2542631.52, 1158028.828 ], [ 2542616.082, 1158026.453 ], [ 2542602.832, 1158024.139999999897555 ], [ 2542581.18099999986589, 1158025.196 ], [ 2542576.75, 1158029.754999999888241 ], [ 2542568.554, 1158048.71 ], [ 2542563.554, 1158062.147000000113621 ], [ 2542562.241, 1158087.21 ], [ 2542562.866, 1158103.21 ], [ 2542563.910999999847263, 1158126.841 ], [ 2542562.535999999847263, 1158139.403 ], [ 2542561.160999999847263, 1158163.274 ], [ 2542560.473000000230968, 1158176.524 ], [ 2542559.348000000230968, 1158196.585999999893829 ], [ 2542558.017, 1158218.844 ], [ 2542556.58, 1158239.969 ], [ 2542555.33, 1158258.906999999890104 ], [ 2542553.517, 1158278.094 ], [ 2542552.767, 1158290.281999999890104 ], [ 2542551.267, 1158305.594 ], [ 2542550.725999999791384, 1158335.406 ] ] ] ] } },
{ "type": "Feature", "properties": { "ANNEE_DE_R": 2025, "CODE_PROGR": "Non", "CODE_UTILI": 613, "IDENTIFICA": "VD_2025_82429", "NOMBRE_ARB": 0, "PROGRAMME": "Aucun programme", "SHAPE_AREA": 15836.647, "SHAPE_LEN": 754.254, "SURFACE_M2": 15837, "UTILISATIO": "Autres prairies permanentes (sans les pâturages)" }, "geometry": { "type": "MultiPolygon", "coordinates": [ [ [ [ 2543269.123999999836087, 1155718.009 ], [ 2543271.676, 1155712.383 ], [ 2543270.916999999899417, 1155709.447 ], [ 2543268.983, 1155705.382 ], [ 2543090.691999999806285, 1155584.133 ], [ 2543053.001000000163913, 1155558.5 ], [ 2543050.549999999813735, 1155567.404 ], [ 2543045.832, 1155592.575999999884516 ], [ 2543049.699, 1155594.666999999899417 ], [ 2543082.092000000178814, 1155601.514999999897555 ], [ 2543100.566000000108033, 1155613.001 ], [ 2543129.592000000178814, 1155633.014999999897555 ], [ 2543116.592000000178814, 1155656.264999999897555 ], [ 2543129.592000000178814, 1155670.014999999897555 ], [ 2543115.833999999798834, 1155682.924000000115484 ], [ 2543123.586999999824911, 1155691.075 ], [ 2543119.967000000178814, 1155697.246 ], [ 2543121.338, 1155700.393 ], [ 2543141.344, 1155718.843000000109896 ], [ 2543166.713, 1155745.893 ], [ 2543166.651, 1155748.456 ], [ 2543164.088, 1155752.768 ], [ 2543156.947999999858439, 1155766.518 ], [ 2543149.386, 1155773.643 ], [ 2543153.68099999986589, 1155778.804 ], [ 2543155.05599999986589, 1155782.054 ], [ 2543156.744, 1155790.616 ], [ 2543158.244, 1155798.491 ], [ 2543160.869, 1155799.554 ], [ 2543163.901999999769032, 1155799.534 ], [ 2543269.123999999836087, 1155718.009 ] ] ] ] } },
{ "type": "Feature", "properties": { "ANNEE_DE_R": 2025, "CODE_PROGR": "psGmf", "CODE_UTILI": 613, "IDENTIFICA": "VD_2025_204439", "NOMBRE_ARB": 0, "PROGRAMME": "Production de lait et de viande basée sur les herbages", "SHAPE_AREA": 9913.908, "SHAPE_LEN": 663.427, "SURFACE_M2": 9914, "UTILISATIO": "Autres prairies permanentes (sans les pâturages)" }, "geometry": { "type": "MultiPolygon", "coordinates": [ [ [ [ 2543075.563999999780208, 1155951.622 ], [ 2543068.274000000208616, 1155941.279 ], [ 2543066.734000000171363, 1155938.69 ], [ 2543064.359000000171363, 1155934.699 ], [ 2543060.896999999880791, 1155927.871 ], [ 2543059.395, 1155925.429 ], [ 2542993.656, 1155934.621 ], [ 2542994.76299999980256, 1155943.526 ], [ 2542995.12900000018999, 1155947.447 ], [ 2542995.349, 1155953.328 ], [ 2542995.634999999776483, 1155960.97 ], [ 2542995.804, 1155965.469 ], [ 2542995.946, 1155969.261 ], [ 2542995.396000000182539, 1155975.616 ], [ 2543083.967000000178814, 1155963.178 ], [ 2543075.563999999780208, 1155951.622 ] ] ], [ [ [ 2542960.091, 1156132.954 ], [ 2542955.55599999986589, 1156150.679 ], [ 2542970.211999999824911, 1156167.664000000106171 ], [ 2542975.133, 1156163.111 ], [ 2542979.571, 1156130.834 ], [ 2542983.278, 1156125.872 ], [ 2542985.264, 1156127.355 ], [ 2542994.427999999839813, 1156116.341 ], [ 2543003.802999999839813, 1156123.091 ], [ 2543006.677999999839813, 1156119.841 ], [ 2543018.219, 1156129.574 ], [ 2543017.53899999987334, 1156130.354 ], [ 2543023.53899999987334, 1156135.545 ], [ 2543046.409, 1156125.526 ], [ 2543038.859000000171363, 1156087.235000000102445 ], [ 2543061.279, 1156068.846 ], [ 2543037.487999999895692, 1156029.554 ], [ 2543007.245000000111759, 1156047.995000000111759 ], [ 2542977.026999999769032, 1156066.422 ], [ 2542960.091, 1156132.954 ] ] ] ] } },
{ "type": "Feature", "properties": { "ANNEE_DE_R": 2025, "CODE_PROGR": "Bio", "CODE_UTILI": 613, "IDENTIFICA": "VD_2025_490522", "NOMBRE_ARB": 0, "PROGRAMME": "Production bio", "SHAPE_AREA": 1911.853, "SHAPE_LEN": 263.119, "SURFACE_M2": 3824, "UTILISATIO": "Autres prairies permanentes (sans les pâturages)" }, "geometry": { "type": "MultiPolygon", "coordinates": [ [ [ [ 2543272.717999999877065, 1157198.683 ], [ 2543272.717999999877065, 1157185.905 ], [ 2543258.387000000104308, 1157201.621 ], [ 2543249.94, 1157214.794 ], [ 2543228.889, 1157228.674000000115484 ], [ 2543209.188, 1157248.4 ], [ 2543208.387000000104308, 1157249.371 ], [ 2543198.643999999854714, 1157264.609 ], [ 2543193.458999999798834, 1157268.683 ], [ 2543193.012000000104308, 1157280.433 ], [ 2543195.449, 1157284.558 ], [ 2543199.94, 1157280.535 ], [ 2543223.643999999854714, 1157262.200999999884516 ], [ 2543246.051, 1157240.905 ], [ 2543259.569999999832362, 1157227.757 ], [ 2543264.575000000186265, 1157218.727999999886379 ], [ 2543269.014, 1157210.72 ], [ 2543272.717999999877065, 1157198.683 ] ] ] ] } },
{ "type": "Feature", "properties": { "ANNEE_DE_R": 2025, "CODE_PROGR": "psGmf", "CODE_UTILI": 613, "IDENTIFICA": "VD_2025_490671", "NOMBRE_ARB": 0, "PROGRAMME": "Production de lait et de viande basée sur les herbages", "SHAPE_AREA": 8010.903, "SHAPE_LEN": 434.299, "SURFACE_M2": 8011, "UTILISATIO": "Autres prairies permanentes (sans les pâturages)" }, "geometry": { "type": "MultiPolygon", "coordinates": [ [ [ [ 2543334.561000000219792, 1155878.357 ], [ 2543331.741, 1155875.507 ], [ 2543310.728999999817461, 1155891.681 ], [ 2543308.825999999884516, 1155898.394 ], [ 2543300.640999999828637, 1155904.766 ], [ 2543300.131, 1155910.006 ], [ 2543415.504999999888241, 1156024.48 ], [ 2543421.325000000186265, 1156024.68 ], [ 2543455.015000000130385, 1155998.629999999888241 ], [ 2543438.021999999880791, 1155981.658 ], [ 2543334.561000000219792, 1155878.357 ] ] ] ] } },
{ "type": "Feature", "properties": { "ANNEE_DE_R": 2025, "CODE_PROGR": "psGmf", "CODE_UTILI": 613, "IDENTIFICA": "VD_2025_455374", "NOMBRE_ARB": 0, "PROGRAMME": "Production de lait et de viande basée sur les herbages", "SHAPE_AREA": 2698.476, "SHAPE_LEN": 272.12, "SURFACE_M2": 2699, "UTILISATIO": "Autres prairies permanentes (sans les pâturages)" }, "geometry": { "type": "MultiPolygon", "coordinates": [ [ [ [ 2543389.646000000182539, 1156383.68 ], [ 2543396.301, 1156387.776 ], [ 2543413.858, 1156408.225 ], [ 2543442.580999999772757, 1156437.477999999886379 ], [ 2543458.111, 1156431.338 ], [ 2543474.558999999891967, 1156420.572 ], [ 2543488.102, 1156411.708000000100583 ], [ 2543498.032000000122935, 1156408.118 ], [ 2543509.132000000216067, 1156403.058 ], [ 2543461.81, 1156394.998 ], [ 2543427.441000000108033, 1156389.149 ], [ 2543389.646000000182539, 1156383.68 ] ] ] ] } },
{ "type": "Feature", "properties": { "ANNEE_DE_R": 2025, "CODE_PROGR": "Non", "CODE_UTILI": 613, "IDENTIFICA": "VD_2025_82416", "NOMBRE_ARB": 0, "PROGRAMME": "Aucun programme", "SHAPE_AREA": 34684.105, "SHAPE_LEN": 2724.209, "SURFACE_M2": 34685, "UTILISATIO": "Autres prairies permanentes (sans les pâturages)" }, "geometry": { "type": "MultiPolygon", "coordinates": [ [ [ [ 2543526.543, 1158173.22 ], [ 2543531.762000000104308, 1158171.817 ], [ 2543582.990000000223517, 1158156.52 ], [ 2543640.9, 1158138.561 ], [ 2543686.227, 1158125.795 ], [ 2543716.727, 1158112.42 ], [ 2543753.977, 1158095.045 ], [ 2543774.227, 1158084.67 ], [ 2543800.381, 1158073.2 ], [ 2543825.756, 1158064.95 ], [ 2543851.421999999787658, 1158060.055 ], [ 2543882.921999999787658, 1158053.18 ], [ 2543902.399000000208616, 1158048.662 ], [ 2543914.936000000219792, 1158043.571 ], [ 2543938.779999999795109, 1158029.425 ], [ 2543944.997, 1158025.672 ], [ 2543967.075999999884516, 1158012.343000000109896 ], [ 2543971.742999999783933, 1158009.357 ], [ 2543978.18099999986589, 1158011.357 ], [ 2543984.05599999986589, 1158008.107 ], [ 2543982.367999999783933, 1158005.17 ], [ 2543977.30599999986589, 1157999.232 ], [ 2543977.200999999884516, 1157996.477 ], [ 2543974.085, 1157992.376 ], [ 2543944.918, 1157980.843000000109896 ], [ 2543915.481000000145286, 1157970.35 ], [ 2543879.807, 1157956.592 ], [ 2543846.234999999869615, 1157943.545 ], [ 2543808.173, 1157928.78 ], [ 2543800.869, 1157926.929 ], [ 2543767.970000000204891, 1157913.957 ], [ 2543741.207, 1157903.405 ], [ 2543727.322000000160187, 1157897.93 ], [ 2543691.645, 1157883.575 ], [ 2543652.381, 1157867.588 ], [ 2543625.207, 1157856.358 ], [ 2543602.274000000208616, 1157844.976 ], [ 2543581.910999999847263, 1157834.869 ], [ 2543576.778, 1157829.758 ], [ 2543531.94400000013411, 1157807.189 ], [ 2543522.94400000013411, 1157800.189 ], [ 2543497.157000000122935, 1157783.372 ], [ 2543485.907000000122935, 1157775.872 ], [ 2543470.467999999877065, 1157763.976 ], [ 2543455.592999999877065, 1157754.226 ], [ 2543451.342999999877065, 1157755.178 ], [ 2543446.717999999877065, 1157755.101 ], [ 2543438.717999999877065, 1157757.976 ], [ 2543433.092999999877065, 1157763.601 ], [ 2543431.217999999877065, 1157771.601 ], [ 2543431.926, 1157784.139 ], [ 2543457.239, 1157891.383 ], [ 2543467.882000000216067, 1157939.681 ], [ 2543468.382000000216067, 1157944.306 ], [ 2543472.507000000216067, 1157945.681 ], [ 2543474.632000000216067, 1157949.056 ], [ 2543471.588, 1157949.538 ], [ 2543472.193, 1157952.251 ], [ 2543477.311000000219792, 1157975.183 ], [ 2543483.909, 1158004.511 ], [ 2543487.654, 1158005.862 ], [ 2543489.75, 1158012.078 ], [ 2543487.311000000219792, 1158016.623 ], [ 2543492.132000000216067, 1158039.614 ], [ 2543523.88799999980256, 1158168.267 ], [ 2543526.543, 1158173.22 ] ], [ [ 2543830.474, 1157952.093000000109896 ], [ 2543831.654999999795109, 1157952.549000000115484 ], [ 2543851.598000000230968, 1157961.07 ], [ 2543875.796, 1157971.408 ], [ 2543878.651999999769032, 1157972.629 ], [ 2543893.971, 1157979.174000000115484 ], [ 2543896.058999999891967, 1157979.862999999895692 ], [ 2543930.346, 1157991.174000000115484 ], [ 2543939.424999999813735, 1157994.262000000104308 ], [ 2543948.619, 1157997.388 ], [ 2543954.044000000227243, 1157999.233 ], [ 2543961.221, 1158001.674000000115484 ], [ 2543954.983, 1158006.422 ], [ 2543952.846, 1158008.049000000115484 ], [ 2543949.688999999780208, 1158010.244 ], [ 2543930.93099999986589, 1158023.343000000109896 ], [ 2543903.679, 1158035.802 ], [ 2543888.688, 1158040.914000000106171 ], [ 2543880.114, 1158043.338 ], [ 2543862.904, 1158048.203 ], [ 2543827.80599999986589, 1158058.125 ], [ 2543804.665, 1158063.455 ], [ 2543795.816000000108033, 1158067.305 ], [ 2543776.373000000137836, 1158075.718000000109896 ], [ 2543767.849, 1158079.413 ], [ 2543746.832, 1158088.522000000113621 ], [ 2543736.728999999817461, 1158093.152 ], [ 2543722.511, 1158099.391 ], [ 2543704.128, 1158107.602999999886379 ], [ 2543681.069999999832362, 1158116.341 ], [ 2543670.003, 1158120.535 ], [ 2543635.330999999772757, 1158130.984 ], [ 2543613.71, 1158137.416999999899417 ], [ 2543584.870000000111759, 1158146.264999999897555 ], [ 2543577.111, 1158148.615 ], [ 2543568.342000000178814, 1158151.299000000115484 ], [ 2543533.614, 1158161.991 ], [ 2543523.958999999798834, 1158121.52 ], [ 2543518.321, 1158097.885 ], [ 2543507.835, 1158053.93 ], [ 2543505.378, 1158044.116 ], [ 2543500.511, 1158024.669 ], [ 2543498.782000000122935, 1158017.761 ], [ 2543495.007000000216067, 1158002.68 ], [ 2543493.609999999869615, 1157996.114 ], [ 2543490.333999999798834, 1157980.716 ], [ 2543489.001999999862164, 1157974.453 ], [ 2543483.953000000212342, 1157950.721 ], [ 2543529.949, 1157935.848 ], [ 2543541.892, 1157931.986 ], [ 2543595.744, 1157912.891 ], [ 2543604.642, 1157909.736 ], [ 2543659.642, 1157887.986 ], [ 2543670.125, 1157888.376 ], [ 2543725.27, 1157910.621 ], [ 2543775.254999999888241, 1157930.784 ], [ 2543791.046, 1157936.878 ], [ 2543830.474, 1157952.093000000109896 ] ] ] ] } },
{ "type": "Feature", "properties": { "ANNEE_DE_R": 2025, "CODE_PROGR": "Non", "CODE_UTILI": 613, "IDENTIFICA": "VD_2025_201347", "NOMBRE_ARB": 0, "PROGRAMME": "Aucun programme", "SHAPE_AREA": 50272.523, "SHAPE_LEN": 934.558, "SURFACE_M2": 50273, "UTILISATIO": "Autres prairies permanentes (sans les pâturages)" }, "geometry": { "type": "MultiPolygon", "coordinates": [ [ [ [ 2543492.66399999987334, 1158736.237999999895692 ], [ 2543484.077, 1158739.328 ], [ 2543447.881, 1158748.42 ], [ 2543419.095000000204891, 1158755.651 ], [ 2543409.174999999813735, 1158758.143 ], [ 2543403.157999999821186, 1158759.655 ], [ 2543424.072999999858439, 1158845.967 ], [ 2543454.838, 1158960.896 ], [ 2543741.623000000137836, 1158861.652 ], [ 2543745.207, 1158847.829 ], [ 2543745.839000000152737, 1158830.754999999888241 ], [ 2543731.753, 1158775.774 ], [ 2543608.265999999828637, 1158756.764999999897555 ], [ 2543496.975, 1158737.460999999893829 ], [ 2543495.06, 1158736.569 ], [ 2543493.779999999795109, 1158736.891 ], [ 2543492.66399999987334, 1158736.237999999895692 ] ] ] ] } },
{ "type": "Feature", "properties": { "ANNEE_DE_R": 2025, "CODE_PROGR": "psGmf", "CODE_UTILI": 616, "IDENTIFICA": "VD_2025_70291", "NOMBRE_ARB": 0, "PROGRAMME": "Production de lait et de viande basée sur les herbages", "SHAPE_AREA": 9658.387, "SHAPE_LEN": 449.069, "SURFACE_M2": 9659, "UTILISATIO": "Pâturages (pâturages attenants à la ferme, autres pâturages sauf les pâturages d’estivage)" }, "geometry": { "type": "MultiPolygon", "coordinates": [ [ [ [ 2543827.990000000223517, 1156540.475 ], [ 2543795.228999999817461, 1156555.575 ], [ 2543815.981000000145286, 1156627.485000000102445 ], [ 2543819.571, 1156640.254999999888241 ], [ 2543826.471, 1156651.935 ], [ 2543848.562, 1156667.185 ], [ 2543874.112999999895692, 1156680.704 ], [ 2543884.563, 1156682.284 ], [ 2543915.909, 1156676.802 ], [ 2543906.782999999821186, 1156672.183999999891967 ], [ 2543898.302999999839813, 1156664.804 ], [ 2543890.562, 1156648.654 ], [ 2543890.558999999891967, 1156626.873 ], [ 2543888.390999999828637, 1156608.537 ], [ 2543881.035999999847263, 1156585.76 ], [ 2543875.441000000108033, 1156585.504999999888241 ], [ 2543869.953000000212342, 1156586.722 ], [ 2543871.313, 1156557.264999999897555 ], [ 2543869.646000000182539, 1156552.927 ], [ 2543864.02, 1156546.442 ], [ 2543859.725999999791384, 1156531.93 ], [ 2543860.221, 1156528.4 ], [ 2543859.328000000212342, 1156526.075 ], [ 2543827.990000000223517, 1156540.475 ] ] ] ] } }
]
}
