{
"type": "FeatureCollection",
"name": "landuse_lausanne",
"crs": { "type": "name", "properties": { "name": "urn:ogc:def:crs:EPSG::2056" } },
"features": [
{ "type": "Feature", "properties": { "osm_id": 8772857, "name": "Ferme Aebi", "type": "farmyard", "area": 15970 }, "geometry": { "type": "MultiPolygon", "coordinates": [ [ [ [ 2539407.583466632757336, 1153509.961419368861243 ], [ 2539403.592718528117985, 1153503.020120254019275 ], [ 2539397.218659475911409, 1153498.648684479529038 ], [ 2539391.379706197883934, 1153488.757766681257635 ], [ 2539388.194835004396737, 1153483.364744106074795 ], [ 2539387.350440016947687, 1153493.211912277620286 ], [ 2539384.680210631806403, 1153524.37789985537529 ], [ 2539383.855703708250076, 1153533.913588852854446 ], [ 2539379.719533049035817, 1153591.642049083486199 ], [ 2539380.067600989248604, 1153620.053891584975645 ], [ 2539382.658433930948377, 1153647.942834105342627 ], [ 2539383.142335616052151, 1153657.120691488264129 ], [ 2539398.715093585196882, 1153655.362717965850607 ], [ 2539424.910788622219115, 1153648.69506929628551 ], [ 2539442.691720027476549, 1153641.456440672744066 ], [ 2539454.602763693779707, 1153637.979019242106006 ], [ 2539454.830218426417559, 1153634.663826026953757 ], [ 2539457.226093990262598, 1153634.106059216894209 ], [ 2539459.805755579378456, 1153633.513089963234961 ], [ 2539461.055169752798975, 1153625.018139223800972 ], [ 2539458.449906144756824, 1153622.309582139598206 ], [ 2539471.168883394449949, 1153594.688791790278628 ], [ 2539484.063857762608677, 1153573.102851173374802 ], [ 2539483.333786233328283, 1153555.467341715004295 ], [ 2539487.903572204522789, 1153535.354916764190421 ], [ 2539492.974902445916086, 1153519.328543104231358 ], [ 2539492.951434255111963, 1153506.332871027989313 ], [ 2539484.301060097292066, 1153485.442001409828663 ], [ 2539471.153012183494866, 1153472.789770800853148 ], [ 2539465.545498134102672, 1153477.482106731738895 ], [ 2539455.743989548180252, 1153465.718911302741617 ], [ 2539447.176833865232766, 1153466.805794084211811 ], [ 2539423.891873186919838, 1153469.263951804256067 ], [ 2539418.763951578177512, 1153484.990793246543035 ], [ 2539419.16510969819501, 1153502.707432770868763 ], [ 2539407.583466632757336, 1153509.961419368861243 ] ] ] ] } },
{ "type": "Feature", "properties": { "osm_id": 44176002, "name": null, "type": "grass", "area": 909 }, "geometry": { "type": "MultiPolygon", "coordinates": [ [ [ [ 2538333.967901571188122, 1152818.471376898000017 ], [ 2538332.198686994612217, 1152815.810305254533887 ], [ 2538323.27436381438747, 1152818.058628603816032 ], [ 2538291.034525179304183, 1152775.166229111142457 ], [ 2538288.385410684626549, 1152776.49414096144028 ], [ 2538284.987128167413175, 1152769.88099734694697 ], [ 2538286.284546016249806, 1152769.189526446396485 ], [ 2538286.197840990498662, 1152765.977565056877211 ], [ 2538284.063426341395825, 1152754.660010260762647 ], [ 2538279.234961511567235, 1152752.997567389626056 ], [ 2538278.975543669424951, 1152746.41888836841099 ], [ 2538270.987006462179124, 1152740.419879113556817 ], [ 2538273.885315189603716, 1152735.709790843306109 ], [ 2538267.422436642460525, 1152732.563334337435663 ], [ 2538265.398704338353127, 1152737.998170989565551 ], [ 2538267.333762395661324, 1152741.858170136809349 ], [ 2538272.429642072878778, 1152755.357605008641258 ], [ 2538280.268859199248254, 1152771.474742439342663 ], [ 2538283.167955664452165, 1152778.048542192438617 ], [ 2538295.77655044477433, 1152799.797569006215781 ], [ 2538314.991821226198226, 1152820.033565397374332 ], [ 2538316.842845181468874, 1152821.693250115728006 ], [ 2538318.685994448605925, 1152822.585933958180249 ], [ 2538320.099381532985717, 1152822.727064851438627 ], [ 2538324.816793482284993, 1152821.800387508701533 ], [ 2538333.967901571188122, 1152818.471376898000017 ] ] ] ] } },
{ "type": "Feature", "properties": { "osm_id": 44179434, "name": null, "type": "grass", "area": 2476 }, "geometry": { "type": "MultiPolygon", "coordinates": [ [ [ [ 2535695.871932817623019, 1151667.525423731422052 ], [ 2535709.346457536797971, 1151660.78878140845336 ], [ 2535715.587105240207165, 1151669.471246870933101 ], [ 2535724.629576693754643, 1151660.969946508528665 ], [ 2535723.345740272663534, 1151651.44513753335923 ], [ 2535732.413449857383966, 1151645.30042125377804 ], [ 2535741.162016547750682, 1151643.761642891680822 ], [ 2535754.822334012482315, 1151631.420059383846819 ], [ 2535755.885339620057493, 1151625.316482856171206 ], [ 2535762.691437423229218, 1151620.841331060742959 ], [ 2535772.217789598274976, 1151618.104747182223946 ], [ 2535772.407201518304646, 1151615.001030461862683 ], [ 2535781.486200378276408, 1151612.058015761896968 ], [ 2535792.415042142849416, 1151599.067558351904154 ], [ 2535795.418423426803201, 1151591.386855283984914 ], [ 2535790.966241230256855, 1151564.753193793818355 ], [ 2535783.66583824949339, 1151567.510431643808261 ], [ 2535781.1041887733154, 1151568.404942467110232 ], [ 2535790.368666472844779, 1151596.465766950743273 ], [ 2535779.308996409643441, 1151600.085845499299467 ], [ 2535781.577375924214721, 1151606.943139958428219 ], [ 2535771.450908165425062, 1151610.264215295668691 ], [ 2535761.750134008936584, 1151580.885138213634491 ], [ 2535758.369595319032669, 1151581.9996378403157 ], [ 2535757.278935757931322, 1151582.644975057104602 ], [ 2535756.580905458889902, 1151584.119903875980526 ], [ 2535756.481831025797874, 1151585.621781899593771 ], [ 2535760.40775823732838, 1151593.884349682833999 ], [ 2535761.570336574688554, 1151593.505056584719568 ], [ 2535767.9143798626028, 1151612.581031944369897 ], [ 2535756.908591663930565, 1151616.211693459190428 ], [ 2535755.838101599365473, 1151612.999154687626287 ], [ 2535750.797960688360035, 1151614.665023719426244 ], [ 2535751.400409120135009, 1151615.73694969015196 ], [ 2535741.189911576919258, 1151619.092326122801751 ], [ 2535744.676348387729377, 1151630.038822670932859 ], [ 2535739.214733263012022, 1151631.764793613227084 ], [ 2535740.191592628601938, 1151634.83380729611963 ], [ 2535729.153738011140376, 1151638.331456926418468 ], [ 2535723.268562669400126, 1151619.828706970205531 ], [ 2535722.422168142627925, 1151615.324184586526826 ], [ 2535720.054504223633558, 1151614.260023629060015 ], [ 2535715.762770370580256, 1151615.573285152669996 ], [ 2535716.620260556228459, 1151616.809237447101623 ], [ 2535726.583011677954346, 1151646.98587910970673 ], [ 2535711.041573540773243, 1151652.077014688868076 ], [ 2535708.518991069402546, 1151644.4220284181647 ], [ 2535703.234026227612048, 1151646.157259770436212 ], [ 2535697.990788922645152, 1151630.271320443367586 ], [ 2535695.617147751152515, 1151622.192293050000444 ], [ 2535691.386819127015769, 1151623.504915071418509 ], [ 2535690.360257038380951, 1151620.814424969023094 ], [ 2535683.854572996962816, 1151603.152140324236825 ], [ 2535685.123395884409547, 1151602.660523632075638 ], [ 2535682.319070772267878, 1151595.219789307331666 ], [ 2535674.651873311493546, 1151597.402992332587019 ], [ 2535674.244536549318582, 1151600.219998406944796 ], [ 2535684.346054819412529, 1151641.189868435962126 ], [ 2535693.948671436868608, 1151667.823931399732828 ], [ 2535695.871932817623019, 1151667.525423731422052 ] ] ] ] } },
{ "type": "Feature", "properties": { "osm_id": 44331120, "name": null, "type": "allotments", "area": 43704 }, "geometry": { "type": "MultiPolygon", "coordinates": [ [ [ [ 2534995.800057836342603, 1152774.313742828322574 ], [ 2535016.780214548576623, 1152765.815625160001218 ], [ 2535032.209597070235759, 1152802.491179910255596 ], [ 2535042.75371706392616, 1152803.244329694192857 ], [ 2535055.996976708527654, 1152814.46295964717865 ], [ 2535061.291651945561171, 1152824.388980940915644 ], [ 2535130.432985651306808, 1152787.577984931645915 ], [ 2535133.791953674983233, 1152795.201472112443298 ], [ 2535174.71754842903465, 1152771.891754161333665 ], [ 2535173.799744643736631, 1152750.834571614395827 ], [ 2535167.666133859194815, 1152720.039412719430402 ], [ 2535247.310553601942956, 1152686.396043908316642 ], [ 2535227.598794555291533, 1152607.587478447472677 ], [ 2535202.427853874396533, 1152515.741785351419821 ], [ 2534985.930447061080486, 1152669.941089547472075 ], [ 2535025.357137690763921, 1152722.31022152164951 ], [ 2535002.479595781769603, 1152739.155611598864198 ], [ 2534986.107846845407039, 1152750.171989280963317 ], [ 2534995.800057836342603, 1152774.313742828322574 ] ] ] ] } },
{ "type": "Feature", "properties": { "osm_id": 44331603, "name": null, "type": "grass", "area": 391 }, "geometry": { "type": "MultiPolygon", "coordinates": [ [ [ [ 2535401.096690849866718, 1152360.396845444105566 ], [ 2535409.481302244123071, 1152378.650079781655222 ], [ 2535426.53403998631984, 1152370.851541842333972 ], [ 2535429.084754335694015, 1152369.690180578734726 ], [ 2535426.916027102153748, 1152364.977562053361908 ], [ 2535424.365311144385487, 1152366.138924235478044 ], [ 2535418.149589674547315, 1152352.609399691689759 ], [ 2535401.096690849866718, 1152360.396845444105566 ] ] ] ] } },
{ "type": "Feature", "properties": { "osm_id": 44332225, "name": "Ruines romaines Lousonna", "type": "grass", "area": 19439 }, "geometry": { "type": "MultiPolygon", "coordinates": [ [ [ [ 2535636.545568044297397, 1152081.95308585674502 ], [ 2535649.445182736497372, 1152101.892574976896867 ], [ 2535656.54415480280295, 1152111.210582559462637 ], [ 2535679.746319157537073, 1152111.395776691148058 ], [ 2535705.330112469848245, 1152112.533891455968842 ], [ 2535780.638451206963509, 1152074.997501401463524 ], [ 2535805.088556186761707, 1152045.431391096441075 ], [ 2535827.636472722515464, 1152029.604292741278186 ], [ 2535807.951693806797266, 1151998.775360232917592 ], [ 2535809.043588389642537, 1151998.252307125600055 ], [ 2535779.193915915675461, 1151952.746200679801404 ], [ 2535766.062721717637032, 1151952.775364795234054 ], [ 2535758.875920869875699, 1151948.883350790245458 ], [ 2535736.895570169202983, 1151963.97090200916864 ], [ 2535701.693016823846847, 1151989.216565035749227 ], [ 2535628.076566339470446, 1152045.045812199823558 ], [ 2535626.104184255935252, 1152046.478821672033519 ], [ 2535620.864056604448706, 1152056.662708087358624 ], [ 2535636.545568044297397, 1152081.95308585674502 ] ] ] ] } },
{ "type": "Feature", "properties": { "osm_id": 44390172, "name": "Sagrave", "type": "quarry", "area": 8929 }, "geometry": { "type": "MultiPolygon", "coordinates": [ [ [ [ 2537161.880907705053687, 1151189.934189313091338 ], [ 2537293.716781276278198, 1151067.63609321997501 ], [ 2537261.056760502513498, 1151030.934588545700535 ], [ 2537128.068209856748581, 1151153.123165777185932 ], [ 2537161.880907705053687, 1151189.934189313091338 ] ] ] ] } },
{ "type": "Feature", "properties": { "osm_id": 44735865, "name": null, "type": "grass", "area": 4172 }, "geometry": { "type": "MultiPolygon", "coordinates": [ [ [ [ 2536068.314442813862115, 1151956.10041347076185 ], [ 2536019.416254610288888, 1151960.20052501000464 ], [ 2536010.77747282711789, 1151858.125670256558806 ], [ 2536007.660783405881375, 1151858.781417660415173 ], [ 2536007.564257382880896, 1151856.203261088812724 ], [ 2535981.32169817853719, 1151880.495846243808046 ], [ 2535984.614020014181733, 1151894.168252349365503 ], [ 2535987.433399307075888, 1151912.437090822961181 ], [ 2535986.795922801364213, 1151921.760073337936774 ], [ 2535980.061759006697685, 1151940.175145142013207 ], [ 2536006.255492322146893, 1151966.099348092917353 ], [ 2536014.986960629466921, 1151989.663725458551198 ], [ 2536036.701827426906675, 1151986.353109255665913 ], [ 2536049.763893551193178, 1151981.27807366522029 ], [ 2536054.464263772591949, 1151979.438192932168022 ], [ 2536054.995140974409878, 1151971.628288276959211 ], [ 2536068.576151398476213, 1151961.222646308364347 ], [ 2536068.314442813862115, 1151956.10041347076185 ] ] ] ] } },
{ "type": "Feature", "properties": { "osm_id": 44839303, "name": null, "type": "farmland", "area": 9853 }, "geometry": { "type": "MultiPolygon", "coordinates": [ [ [ [ 2540508.427826608065516, 1154435.9085747404024 ], [ 2540492.970210625324398, 1154439.819269919767976 ], [ 2540474.689919993281364, 1154454.608268686570227 ], [ 2540450.834675285965204, 1154455.678499501664191 ], [ 2540428.035636569838971, 1154479.706286049447954 ], [ 2540432.381122101098299, 1154495.527297744294629 ], [ 2540411.688736612442881, 1154520.779373392928392 ], [ 2540438.584638742730021, 1154571.851401400519535 ], [ 2540494.827698015607893, 1154542.911994664464146 ], [ 2540536.79268074221909, 1154509.100636542076245 ], [ 2540508.427826608065516, 1154435.9085747404024 ] ] ] ] } },
{ "type": "Feature", "properties": { "osm_id": 44839305, "name": null, "type": "construction", "area": 27963 }, "geometry": { "type": "MultiPolygon", "coordinates": [ [ [ [ 2540384.253519326914102, 1154725.780140552669764 ], [ 2540391.97002246696502, 1154741.351682560052723 ], [ 2540456.011959605384618, 1154724.883428692119196 ], [ 2540453.209959991741925, 1154695.27300606505014 ], [ 2540477.722423892468214, 1154676.242139565292746 ], [ 2540470.301157941576093, 1154648.823088442906737 ], [ 2540417.831164850853384, 1154666.708257355028763 ], [ 2540382.601460692938417, 1154606.825348480604589 ], [ 2540361.706039145123214, 1154586.844115827698261 ], [ 2540293.151933919638395, 1154646.679292692570016 ], [ 2540273.059248588979244, 1154625.667612837394699 ], [ 2540196.901760635431856, 1154688.325437490828335 ], [ 2540197.941822652239352, 1154713.42863169289194 ], [ 2540222.865392847452313, 1154735.792737332871184 ], [ 2540266.672446936368942, 1154760.992974264547229 ], [ 2540298.789238482713699, 1154768.131938752485439 ], [ 2540384.253519326914102, 1154725.780140552669764 ] ] ] ] } },
{ "type": "Feature", "properties": { "osm_id": 45081203, "name": null, "type": "allotments", "area": 8936 }, "geometry": { "type": "MultiPolygon", "coordinates": [ [ [ [ 2541111.683852007146925, 1154130.280684097204357 ], [ 2541110.141468747984618, 1154119.289886209880933 ], [ 2541064.846466579008847, 1154136.454214731696993 ], [ 2540965.937327671796083, 1154156.357849382329732 ], [ 2540948.674014682881534, 1154156.961098325671628 ], [ 2540932.293146432377398, 1154159.9236602880992 ], [ 2540890.440860487520695, 1154163.559306469280273 ], [ 2540854.016626497730613, 1154169.943303664913401 ], [ 2540869.851919503882527, 1154240.936809271806851 ], [ 2540873.779037326574326, 1154239.297291400376707 ], [ 2540896.584945370443165, 1154203.220226251520216 ], [ 2540924.205069129355252, 1154175.322551968740299 ], [ 2540932.853127622511238, 1154173.180845746072009 ], [ 2540941.6066566365771, 1154181.766109632328153 ], [ 2540965.909759274683893, 1154201.171119747683406 ], [ 2541021.238892439752817, 1154187.153700550086796 ], [ 2541060.143584656063467, 1154168.506461014738306 ], [ 2541111.683852007146925, 1154130.280684097204357 ] ] ] ] } },
{ "type": "Feature", "properties": { "osm_id": 45767039, "name": null, "type": "allotments", "area": 2142 }, "geometry": { "type": "MultiPolygon", "coordinates": [ [ [ [ 2537493.474395322613418, 1154848.832942008739337 ], [ 2537483.292431119363755, 1154827.215974480845034 ], [ 2537470.770512451417744, 1154831.370725753717124 ], [ 2537440.586207973305136, 1154871.262112240074202 ], [ 2537459.98493208643049, 1154904.300417410442606 ], [ 2537477.751918090973049, 1154891.87546242470853 ], [ 2537484.916564365848899, 1154858.70510367793031 ], [ 2537493.474395322613418, 1154848.832942008739337 ] ] ] ] } },
{ "type": "Feature", "properties": { "osm_id": 46609138, "name": null, "type": "allotments", "area": 974 }, "geometry": { "type": "MultiPolygon", "coordinates": [ [ [ [ 2537077.919825253542513, 1152206.275545577285811 ], [ 2537086.498729298822582, 1152204.70714290603064 ], [ 2537100.733568492345512, 1152147.404840490315109 ], [ 2537074.012901733163744, 1152154.176998488139361 ], [ 2537078.444059868808836, 1152174.252650410635397 ], [ 2537071.752236377913505, 1152175.745717146201059 ], [ 2537077.919825253542513, 1152206.275545577285811 ] ] ] ] } },
{ "type": "Feature", "properties": { "osm_id": 46763976, "name": null, "type": "allotments", "area": 1528 }, "geometry": { "type": "MultiPolygon", "coordinates": [ [ [ [ 2536817.809474960900843, 1152015.577249664347619 ], [ 2536841.455309907905757, 1152009.758996578631923 ], [ 2536824.334072221536189, 1151931.729747647186741 ], [ 2536818.257391830440611, 1151934.083765783347189 ], [ 2536823.608818024862558, 1151959.10781644214876 ], [ 2536804.549157085362822, 1151963.899598950985819 ], [ 2536806.666347071528435, 1151972.559836780652404 ], [ 2536811.261226357892156, 1151991.32175472099334 ], [ 2536817.809474960900843, 1152015.577249664347619 ] ] ] ] } },
{ "type": "Feature", "properties": { "osm_id": 46828007, "name": null, "type": "grass", "area": 3140 }, "geometry": { "type": "MultiPolygon", "coordinates": [ [ [ [ 2538641.220897691324353, 1154120.710589346243069 ], [ 2538643.937092110980302, 1154104.218370013870299 ], [ 2538639.011265462264419, 1154103.42378030763939 ], [ 2538639.421275259926915, 1154069.957017043838277 ], [ 2538640.043245004955679, 1154060.245405654422939 ], [ 2538632.839441686868668, 1154058.762592151528224 ], [ 2538622.77682949276641, 1154058.309537312481552 ], [ 2538613.196410174015909, 1154059.997178959427401 ], [ 2538604.335242875386029, 1154069.003677113214508 ], [ 2538592.308598211500794, 1154067.047698850277811 ], [ 2538582.090471851173788, 1154085.150801275856793 ], [ 2538580.734387209638953, 1154100.339556182734668 ], [ 2538586.707585369702429, 1154110.528487584320828 ], [ 2538596.392972137778997, 1154113.864675166085362 ], [ 2538603.141905220225453, 1154115.885715929791331 ], [ 2538608.615203667897731, 1154119.954236229415983 ], [ 2538617.437702811323106, 1154123.688375531230122 ], [ 2538627.156328604090959, 1154122.0215618617367 ], [ 2538626.773927829694003, 1154127.395044886972755 ], [ 2538632.49122303398326, 1154128.314944670535624 ], [ 2538633.497221778612584, 1154120.900656040059403 ], [ 2538641.220897691324353, 1154120.710589346243069 ] ] ] ] } },
{ "type": "Feature", "properties": { "osm_id": 46835009, "name": "Pierre-de-Plan", "type": "industrial", "area": 11641 }, "geometry": { "type": "MultiPolygon", "coordinates": [ [ [ [ 2539015.558165397960693, 1153346.181741343578324 ], [ 2539023.113490616437048, 1153351.230049358680844 ], [ 2539116.470516913570464, 1153292.274122393457219 ], [ 2539120.698850350920111, 1153281.725595318013802 ], [ 2539113.665081501472741, 1153222.142398040974513 ], [ 2539110.585789906792343, 1153222.662757842568681 ], [ 2539074.747399860061705, 1153225.927639627596363 ], [ 2539042.817812378052622, 1153234.044610012322664 ], [ 2539033.558752969373018, 1153239.563714091666043 ], [ 2539029.168666587211192, 1153232.648944564163685 ], [ 2539007.58282315172255, 1153245.341451283544302 ], [ 2539005.678903363645077, 1153261.869708174606785 ], [ 2538977.641506270505488, 1153280.731125409714878 ], [ 2539002.128411348443478, 1153319.51468977634795 ], [ 2538990.337726703844965, 1153326.571494687115774 ], [ 2538995.921713437885046, 1153334.696996835526079 ], [ 2539015.558165397960693, 1153346.181741343578324 ] ] ] ] } },
{ "type": "Feature", "properties": { "osm_id": 47005145, "name": null, "type": "grass", "area": 75 }, "geometry": { "type": "MultiPolygon", "coordinates": [ [ [ [ 2538303.842099038418382, 1154497.324064852902666 ], [ 2538304.823839887510985, 1154492.822655845200643 ], [ 2538303.782658801414073, 1154490.042946647619829 ], [ 2538302.025096125435084, 1154488.471247072098777 ], [ 2538299.568434646818787, 1154488.296371660195291 ], [ 2538297.856033443007618, 1154488.880935180233791 ], [ 2538291.234739870298654, 1154494.77433460066095 ], [ 2538303.842099038418382, 1154497.324064852902666 ] ] ] ] } },
{ "type": "Feature", "properties": { "osm_id": 48477322, "name": null, "type": "grass", "area": 185 }, "geometry": { "type": "MultiPolygon", "coordinates": [ [ [ [ 2537069.614137364551425, 1154802.164141796762124 ], [ 2537071.46246136771515, 1154819.698786515975371 ], [ 2537081.43593336828053, 1154818.338069670600817 ], [ 2537084.700393301434815, 1154816.547363959252834 ], [ 2537086.637658930383623, 1154814.014593217056245 ], [ 2537086.16194647969678, 1154811.807259324938059 ], [ 2537082.143138498999178, 1154808.22515628603287 ], [ 2537069.614137364551425, 1154802.164141796762124 ] ] ] ] } },
{ "type": "Feature", "properties": { "osm_id": 48544573, "name": null, "type": "allotments", "area": 3013 }, "geometry": { "type": "MultiPolygon", "coordinates": [ [ [ [ 2540533.803615247830749, 1154192.437368699349463 ], [ 2540552.192826290149242, 1154215.690198805416003 ], [ 2540621.517291060183197, 1154184.132343932986259 ], [ 2540581.604887634981424, 1154144.194172243820503 ], [ 2540533.803615247830749, 1154192.437368699349463 ] ] ] ] } },
{ "type": "Feature", "properties": { "osm_id": 48582548, "name": null, "type": "farmland", "area": 25436 }, "geometry": { "type": "MultiPolygon", "coordinates": [ [ [ [ 2540442.94397052610293, 1153006.487161286873743 ], [ 2540461.407643537037075, 1153084.868680763989687 ], [ 2540478.60560668958351, 1153088.978359382133931 ], [ 2540535.121598804369569, 1153138.12325665447861 ], [ 2540538.294219553936273, 1153202.83781763445586 ], [ 2540569.353831596206874, 1153209.734372617676854 ], [ 2540561.56397699797526, 1153233.602018118137494 ], [ 2540571.577076277229935, 1153235.137176181189716 ], [ 2540575.404500996228307, 1153230.341201149392873 ], [ 2540595.364222374744713, 1153227.464591849828139 ], [ 2540656.292047071736306, 1153272.942814124980941 ], [ 2540669.940187544561923, 1153270.406725560547784 ], [ 2540641.789712940808386, 1153134.656034929910675 ], [ 2540485.398195828776807, 1152989.235192702850327 ], [ 2540442.94397052610293, 1153006.487161286873743 ] ] ] ] } },
{ "type": "Feature", "properties": { "osm_id": 48591860, "name": null, "type": "residential", "area": 142892 }, "geometry": { "type": "MultiPolygon", "coordinates": [ [ [ [ 2539918.560150069184601, 1154574.673620329238474 ], [ 2539899.047605509404093, 1154545.09719496476464 ], [ 2539890.179887340404093, 1154548.198666795622557 ], [ 2539879.875308638438582, 1154534.205294471234083 ], [ 2539884.74753804365173, 1154528.931487563066185 ], [ 2539877.302861093077809, 1154518.622614171355963 ], [ 2539863.118038115557283, 1154510.148846683325246 ], [ 2539891.700174802448601, 1154430.275347067043185 ], [ 2539858.801915275864303, 1154401.633441580226645 ], [ 2539858.536075677722692, 1154358.990855540847406 ], [ 2539841.461882275063545, 1154288.790499192662537 ], [ 2539765.543187098111957, 1154301.046387049602345 ], [ 2539723.704294790048152, 1154291.338378141634166 ], [ 2539679.335391530301422, 1154286.391955766826868 ], [ 2539682.735152754932642, 1154252.895297270268202 ], [ 2539703.564529719296843, 1154243.025408879388124 ], [ 2539721.114179818425328, 1154241.170592465205118 ], [ 2539734.983196687884629, 1154245.611687782453373 ], [ 2539735.414283540099859, 1154233.523058830527589 ], [ 2539691.720066252164543, 1154122.356850284850225 ], [ 2539695.695793680846691, 1154121.761081765638664 ], [ 2539720.22468427894637, 1154115.066965162055567 ], [ 2539746.646189029328525, 1154112.722991287941113 ], [ 2539764.083880195394158, 1154112.670399701921269 ], [ 2539788.73018878698349, 1154116.914625859586522 ], [ 2539802.326765048783273, 1154055.100615324918181 ], [ 2539727.141696005128324, 1154031.419093108968809 ], [ 2539711.533989038318396, 1154028.840901557356119 ], [ 2539695.798369112890214, 1154028.042772798333317 ], [ 2539688.660722396336496, 1154029.303960340097547 ], [ 2539682.689500393811613, 1154032.120957656763494 ], [ 2539677.915806837379932, 1154035.770836504176259 ], [ 2539668.500937253702432, 1154047.860751554369926 ], [ 2539635.694327473174781, 1154093.548157120821998 ], [ 2539612.277111835312098, 1154124.589045784436166 ], [ 2539586.380744490306824, 1154150.151987707708031 ], [ 2539559.502447258215398, 1154169.599391222000122 ], [ 2539534.491344953421503, 1154183.224985982524231 ], [ 2539512.020267727319151, 1154192.333792727906257 ], [ 2539489.296565737575293, 1154198.443606637651101 ], [ 2539465.975296589545906, 1154203.870267155347392 ], [ 2539454.445734226610512, 1154207.788517937529832 ], [ 2539444.832355110440403, 1154218.37998075527139 ], [ 2539444.327106532640755, 1154231.425456224475056 ], [ 2539449.482793415896595, 1154242.868587669916451 ], [ 2539455.82414864609018, 1154253.210295280441642 ], [ 2539471.392858651932329, 1154277.088613944128156 ], [ 2539493.002896958496422, 1154312.012118745129555 ], [ 2539507.696306521538645, 1154342.703023181529716 ], [ 2539518.973550370428711, 1154362.51134582539089 ], [ 2539529.187027405016124, 1154378.772919509094208 ], [ 2539552.754936498124152, 1154418.501754014287144 ], [ 2539561.40994715411216, 1154430.854721009265631 ], [ 2539575.987778723239899, 1154450.118552023544908 ], [ 2539577.232555598020554, 1154450.317255926784128 ], [ 2539594.331165873911232, 1154477.671271292492747 ], [ 2539603.826690390706062, 1154490.471647494472563 ], [ 2539607.475822671316564, 1154488.700687272939831 ], [ 2539618.678559361957014, 1154508.787869282066822 ], [ 2539614.448417365550995, 1154513.810862314188853 ], [ 2539629.875834753736854, 1154539.025055757956579 ], [ 2539641.774454158730805, 1154557.382132331607863 ], [ 2539654.372548738028854, 1154575.120763116050512 ], [ 2539668.452118318527937, 1154588.375457943649963 ], [ 2539681.852506940253079, 1154604.28287949017249 ], [ 2539692.243553632870317, 1154614.628633591579273 ], [ 2539694.932725572492927, 1154618.870607694843784 ], [ 2539709.79158940911293, 1154628.771321387030184 ], [ 2539715.838815141003579, 1154632.056879135547206 ], [ 2539724.726111332885921, 1154635.514050795696676 ], [ 2539740.45089318184182, 1154639.21391590195708 ], [ 2539751.462052243761718, 1154641.037838238058612 ], [ 2539768.36872779764235, 1154640.968335912097245 ], [ 2539780.66607384569943, 1154638.710549828829244 ], [ 2539828.61834446946159, 1154621.042934760451317 ], [ 2539918.560150069184601, 1154574.673620329238474 ] ] ] ] } },
{ "type": "Feature", "properties": { "osm_id": 48630235, "name": null, "type": "allotments", "area": 1168 }, "geometry": { "type": "MultiPolygon", "coordinates": [ [ [ [ 2539381.320888585411012, 1153107.008522202260792 ], [ 2539382.774725107941777, 1153158.321578695205972 ], [ 2539397.06385844387114, 1153151.651682760100812 ], [ 2539416.620726559776813, 1153135.47915322240442 ], [ 2539417.886320366989821, 1153133.909995543304831 ], [ 2539417.90943853603676, 1153132.39783474849537 ], [ 2539416.96130339987576, 1153131.206746706506237 ], [ 2539392.639754344709218, 1153106.338477014563978 ], [ 2539381.320888585411012, 1153107.008522202260792 ] ] ] ] } },
{ "type": "Feature", "properties": { "osm_id": 48671967, "name": null, "type": "farmland", "area": 227802 }, "geometry": { "type": "MultiPolygon", "coordinates": [ [ [ [ 2540778.700023708865047, 1153247.410757842008024 ], [ 2540670.631767332553864, 1153283.718173576286063 ], [ 2540669.010820342693478, 1153337.129580538952723 ], [ 2540655.401699385140091, 1153337.386283122003078 ], [ 2540623.979736798908561, 1153302.288804077543318 ], [ 2540594.410275705624372, 1153291.619659297866747 ], [ 2540556.58018353767693, 1153255.68540907651186 ], [ 2540519.472578511107713, 1153238.521014550235122 ], [ 2540488.933878735173494, 1153236.177567478036508 ], [ 2540471.209163387771696, 1153264.045852419920266 ], [ 2540465.297356737311929, 1153300.8464373445604 ], [ 2540476.415830265264958, 1153366.716239854926243 ], [ 2540601.135767845902592, 1153406.881902631605044 ], [ 2540605.210438432637602, 1153413.133893250022084 ], [ 2540622.012487872969359, 1153422.317281641066074 ], [ 2540619.261027204804122, 1153428.836860043462366 ], [ 2540493.683634309098125, 1153394.226751065813005 ], [ 2540485.771931127179414, 1153385.600433956831694 ], [ 2540475.516741783823818, 1153379.743268642341718 ], [ 2540474.512478478252888, 1153384.477985199308023 ], [ 2540481.417730422690511, 1153395.293209484312683 ], [ 2540505.679701316636056, 1153468.95935661974363 ], [ 2540500.632036280352622, 1153469.832011136459187 ], [ 2540465.146524405572563, 1153476.097856018692255 ], [ 2540428.025512821506709, 1153468.305881551699713 ], [ 2540420.80611938610673, 1153487.710107615450397 ], [ 2540415.210261823609471, 1153518.404329939279705 ], [ 2540414.561795969028026, 1153531.929153988137841 ], [ 2540419.432748692575842, 1153533.359418615233153 ], [ 2540425.010389054194093, 1153527.134115190245211 ], [ 2540433.486129603348672, 1153528.428591358009726 ], [ 2540441.525697635952383, 1153528.293297831900418 ], [ 2540450.809141524136066, 1153529.023936083074659 ], [ 2540463.129100318066776, 1153529.568855996709317 ], [ 2540466.74748866725713, 1153536.225491172168404 ], [ 2540471.889837352093309, 1153536.396876615937799 ], [ 2540476.085517711006105, 1153548.661931563867256 ], [ 2540463.913182660937309, 1153553.718540068948641 ], [ 2540432.590752578340471, 1153548.781759973615408 ], [ 2540413.972596043720841, 1153537.504664520500228 ], [ 2540399.083163590170443, 1153544.778422933537513 ], [ 2540393.034244044218212, 1153541.392135740024969 ], [ 2540380.487706486135721, 1153545.074106013635173 ], [ 2540367.46109723392874, 1153539.811602358939126 ], [ 2540346.764307364355773, 1153543.296621621353552 ], [ 2540327.304178467951715, 1153583.222402280895039 ], [ 2540321.574224280659109, 1153598.042830153601244 ], [ 2540333.2523428266868, 1153605.819974392419681 ], [ 2540336.523623687215149, 1153620.006257209694013 ], [ 2540319.326417407486588, 1153632.050138398306444 ], [ 2540309.911590264178813, 1153631.209838817361742 ], [ 2540310.34331510681659, 1153643.000793962273747 ], [ 2540298.47634860733524, 1153647.098635863047093 ], [ 2540297.754897676408291, 1153657.111197142163292 ], [ 2540302.655684700701386, 1153665.411438968032598 ], [ 2540341.233450750354677, 1153690.975525198504329 ], [ 2540376.729028118774295, 1153699.005426454124972 ], [ 2540434.524891810491681, 1153705.157934033079073 ], [ 2540446.103561025112867, 1153714.548259732546285 ], [ 2540452.485146794468164, 1153720.554936497937888 ], [ 2540438.679376224521548, 1153799.167406535474584 ], [ 2540435.654757698997855, 1153821.431595712667331 ], [ 2540489.081916944589466, 1153814.220712503185496 ], [ 2540630.214308039750904, 1153795.715048491954803 ], [ 2540599.370007425080985, 1153745.103653788566589 ], [ 2540583.202004577498883, 1153689.011032768990844 ], [ 2540576.994932736735791, 1153647.11650371318683 ], [ 2540571.600819439161569, 1153630.016181553481147 ], [ 2540562.955431473907083, 1153627.066743443952873 ], [ 2540560.861135422252119, 1153613.913704519160092 ], [ 2540556.946557889226824, 1153613.752329267328605 ], [ 2540551.558624622877687, 1153621.320801513735205 ], [ 2540548.834755245130509, 1153631.386495299637318 ], [ 2540530.53730244608596, 1153625.330905386945233 ], [ 2540534.011393578723073, 1153611.222270581172779 ], [ 2540536.537732169963419, 1153600.580436148680747 ], [ 2540537.814268271904439, 1153590.795872573275119 ], [ 2540531.915785289369524, 1153583.216812233673409 ], [ 2540527.977041422855109, 1153576.741183615056798 ], [ 2540519.793638335540891, 1153571.641633451683447 ], [ 2540519.991696284618229, 1153561.4230600616429 ], [ 2540526.658483642153442, 1153555.153716957196593 ], [ 2540543.090937506407499, 1153561.90589746600017 ], [ 2540551.54680981952697, 1153570.504668468842283 ], [ 2540553.782144500408322, 1153579.298406689893454 ], [ 2540556.768566614016891, 1153601.191770986653864 ], [ 2540569.362298788502812, 1153599.955462563084438 ], [ 2540576.325249502435327, 1153591.048492785776034 ], [ 2540571.510845950804651, 1153573.608923585619777 ], [ 2540578.252034788951278, 1153572.530585986794904 ], [ 2540582.045415473170578, 1153575.950483253225684 ], [ 2540601.440540573559701, 1153572.734836658462882 ], [ 2540613.318426294717938, 1153579.020855448674411 ], [ 2540624.356259010732174, 1153595.798621187685058 ], [ 2540625.732739213854074, 1153616.296058286912739 ], [ 2540620.971606047824025, 1153650.027916350169107 ], [ 2540608.756757243070751, 1153672.505142792128026 ], [ 2540601.146643109153956, 1153675.70428705192171 ], [ 2540600.793440589681268, 1153699.731824835762382 ], [ 2540613.476193638518453, 1153723.819472096627578 ], [ 2540621.037023040931672, 1153745.912224150262773 ], [ 2540626.92884331010282, 1153747.410383932990953 ], [ 2540633.064926617313176, 1153743.347587476950139 ], [ 2540638.884922927245498, 1153728.259761476656422 ], [ 2540645.253687261138111, 1153718.235915198456496 ], [ 2540647.860511757899076, 1153702.52393762813881 ], [ 2540655.739782595541328, 1153699.388896053191274 ], [ 2540659.262427313718945, 1153683.95692158001475 ], [ 2540693.566687839571387, 1153670.83350796229206 ], [ 2540716.594384567346424, 1153661.779246787540615 ], [ 2540725.365843535866588, 1153657.301441747462377 ], [ 2540750.653837980236858, 1153648.703045511385426 ], [ 2540767.163806129712611, 1153643.137329592369497 ], [ 2540777.170151670463383, 1153636.27948429249227 ], [ 2540781.996376000344753, 1153612.174519484629855 ], [ 2540796.225280867889524, 1153592.345906427595764 ], [ 2540813.026061130221933, 1153606.93274064688012 ], [ 2540810.788390575908124, 1153628.232901672599837 ], [ 2540835.07742078602314, 1153621.012107572285458 ], [ 2540826.724080927204341, 1153645.362993515096605 ], [ 2540836.103664376307279, 1153642.635861594462767 ], [ 2540841.692035778891295, 1153646.038243329850957 ], [ 2540845.974438509903848, 1153650.832009004196152 ], [ 2540845.674578092992306, 1153660.117733390303329 ], [ 2540834.330422763247043, 1153661.241103371139616 ], [ 2540825.232560252770782, 1153660.630335661582649 ], [ 2540815.287759486120194, 1153657.382057562703267 ], [ 2540815.52131798537448, 1153641.371143524069339 ], [ 2540796.3077760823071, 1153649.764876741915941 ], [ 2540793.080539010465145, 1153640.71401727409102 ], [ 2540789.553517119958997, 1153640.948886668775231 ], [ 2540787.520150386728346, 1153651.830327880568802 ], [ 2540777.554482701700181, 1153655.808428023708984 ], [ 2540744.4667853792198, 1153666.284608848160133 ], [ 2540725.762262593954802, 1153673.372848437633365 ], [ 2540705.233807015698403, 1153682.224532798398286 ], [ 2540682.172884935047477, 1153691.01235627848655 ], [ 2540669.737568929791451, 1153698.172277450095862 ], [ 2540657.170855370350182, 1153709.891531797358766 ], [ 2540652.656739273108542, 1153736.795028290711343 ], [ 2540654.495905244722962, 1153756.76539762923494 ], [ 2540653.943079412914813, 1153760.606256967410445 ], [ 2540657.392611643765122, 1153769.621496515115723 ], [ 2540662.222807566635311, 1153779.379062799736857 ], [ 2540665.100189607590437, 1153785.620684123598039 ], [ 2540667.350737024564296, 1153794.425429832423106 ], [ 2540671.412950914818794, 1153802.556375357322395 ], [ 2540850.971424533054233, 1153778.851707839174196 ], [ 2540896.21252663526684, 1153773.148043614579365 ], [ 2540920.209961269982159, 1153771.433417075546458 ], [ 2540874.888621145859361, 1153654.393881125608459 ], [ 2540927.455958088859916, 1153632.10948244552128 ], [ 2540915.837244198657572, 1153492.203992126043886 ], [ 2540829.040562635753304, 1153318.897907272446901 ], [ 2540778.700023708865047, 1153247.410757842008024 ] ] ] ] } },
{ "type": "Feature", "properties": { "osm_id": 48955817, "name": null, "type": "allotments", "area": 3004 }, "geometry": { "type": "MultiPolygon", "coordinates": [ [ [ [ 2540241.567637097090483, 1153710.920766969677061 ], [ 2540228.948759093880653, 1153718.083430939121172 ], [ 2540225.981679600663483, 1153719.069023383315653 ], [ 2540220.923826434183866, 1153719.664088953286409 ], [ 2540208.655497146770358, 1153718.874578506452963 ], [ 2540189.41225176397711, 1153717.242928912397474 ], [ 2540185.639878642279655, 1153718.258793095359579 ], [ 2540182.675351844169199, 1153719.500074951443821 ], [ 2540180.676973936147988, 1153721.454349569743499 ], [ 2540180.002211552113295, 1153723.806777551071718 ], [ 2540184.124721206724644, 1153739.463079900713637 ], [ 2540187.507261127699167, 1153750.924486935371533 ], [ 2540209.862317425198853, 1153765.354295684723184 ], [ 2540216.659292601048946, 1153763.741373816272244 ], [ 2540265.979050264228135, 1153751.600043166428804 ], [ 2540241.567637097090483, 1153710.920766969677061 ] ] ] ] } },
{ "type": "Feature", "properties": { "osm_id": 49578856, "name": null, "type": "allotments", "area": 983 }, "geometry": { "type": "MultiPolygon", "coordinates": [ [ [ [ 2539065.434258241672069, 1154560.388452409766614 ], [ 2539094.739265266805887, 1154560.435875915223733 ], [ 2539093.309752940665931, 1154542.774136045016348 ], [ 2539090.163369830697775, 1154510.888764042407274 ], [ 2539079.129853985272348, 1154512.957269854843616 ], [ 2539079.866268703714013, 1154525.812319108517841 ], [ 2539072.670794105622917, 1154526.59679505135864 ], [ 2539073.656764934305102, 1154534.55777577823028 ], [ 2539069.135291263926774, 1154535.014972079545259 ], [ 2539069.246484915725887, 1154542.195509495679289 ], [ 2539068.259659810457379, 1154549.276013641851023 ], [ 2539065.434258241672069, 1154560.388452409766614 ] ] ] ] } },
{ "type": "Feature", "properties": { "osm_id": 49578860, "name": null, "type": "allotments", "area": 1080 }, "geometry": { "type": "MultiPolygon", "coordinates": [ [ [ [ 2539132.995577855501324, 1154685.282550048548728 ], [ 2539144.573443529196084, 1154686.99956563138403 ], [ 2539147.164897592738271, 1154680.803305038018152 ], [ 2539150.047815805766732, 1154682.174857286736369 ], [ 2539154.454839654732496, 1154673.45885386923328 ], [ 2539155.931273896247149, 1154673.810763456160203 ], [ 2539164.995410616975278, 1154652.285133082885295 ], [ 2539150.729848672170192, 1154640.456483320333064 ], [ 2539133.502804812043905, 1154640.708842243999243 ], [ 2539132.995577855501324, 1154685.282550048548728 ] ] ] ] } },
{ "type": "Feature", "properties": { "osm_id": 51205528, "name": null, "type": "allotments", "area": 1106 }, "geometry": { "type": "MultiPolygon", "coordinates": [ [ [ [ 2539814.243737166747451, 1153219.797158912289888 ], [ 2539820.299891192466021, 1153184.006107962224633 ], [ 2539796.385795827023685, 1153180.465874284040183 ], [ 2539771.927287705242634, 1153177.731624703621492 ], [ 2539772.493590090423822, 1153198.248131198808551 ], [ 2539806.796461933292449, 1153201.739763056859374 ], [ 2539804.279447482898831, 1153218.562932131579146 ], [ 2539812.054246914107352, 1153219.530047868844122 ], [ 2539814.243737166747451, 1153219.797158912289888 ] ] ] ] } },
{ "type": "Feature", "properties": { "osm_id": 51552410, "name": null, "type": "allotments", "area": 377 }, "geometry": { "type": "MultiPolygon", "coordinates": [ [ [ [ 2539945.317721071187407, 1153534.066856187069789 ], [ 2539933.384848107583821, 1153537.710275831865147 ], [ 2539931.719519804697484, 1153532.301777847344056 ], [ 2539922.318589018657804, 1153535.175057985819876 ], [ 2539920.491789439227432, 1153538.939791927812621 ], [ 2539921.498574734199792, 1153542.175919285975397 ], [ 2539919.815769840963185, 1153542.693017900455743 ], [ 2539922.716931371018291, 1153551.99125909130089 ], [ 2539953.656750112306327, 1153542.399152895901352 ], [ 2539945.317721071187407, 1153534.066856187069789 ] ] ] ] } },
{ "type": "Feature", "properties": { "osm_id": 51554357, "name": null, "type": "meadow", "area": 400 }, "geometry": { "type": "MultiPolygon", "coordinates": [ [ [ [ 2540049.59518472943455, 1153664.651906821411103 ], [ 2540044.271658344194293, 1153656.311618228675798 ], [ 2540034.370750673115253, 1153654.431592986686155 ], [ 2540026.008439730852842, 1153650.657432801788673 ], [ 2540021.438304139301181, 1153651.692481079604477 ], [ 2540018.246971066575497, 1153658.650301300454885 ], [ 2540019.004042868502438, 1153663.778845857596025 ], [ 2540034.850202712230384, 1153669.412667022552341 ], [ 2540046.007168868556619, 1153669.534771773265675 ], [ 2540048.720115195959806, 1153666.917411962756887 ], [ 2540049.59518472943455, 1153664.651906821411103 ] ] ] ] } },
{ "type": "Feature", "properties": { "osm_id": 51554377, "name": null, "type": "allotments", "area": 328 }, "geometry": { "type": "MultiPolygon", "coordinates": [ [ [ [ 2540151.997282048687339, 1153709.099847358185798 ], [ 2540155.470231476705521, 1153697.28111910331063 ], [ 2540149.238895655609667, 1153693.296570500358939 ], [ 2540133.121685050893575, 1153688.932500700233504 ], [ 2540128.992086658719927, 1153701.836145547218621 ], [ 2540151.997282048687339, 1153709.099847358185798 ] ] ] ] } },
{ "type": "Feature", "properties": { "osm_id": 51561912, "name": null, "type": "allotments", "area": 8677 }, "geometry": { "type": "MultiPolygon", "coordinates": [ [ [ [ 2540017.407924387138337, 1153750.586038016714156 ], [ 2540010.636923586484045, 1153750.186729554086924 ], [ 2539972.887411162257195, 1153747.728944510687143 ], [ 2539960.034373841714114, 1153763.665914999786764 ], [ 2539911.237775020301342, 1153824.20842360239476 ], [ 2539920.514271922875196, 1153828.884883082937449 ], [ 2539936.064374267589301, 1153828.729387955740094 ], [ 2539948.430934214498848, 1153826.315631279489025 ], [ 2539953.881328204181045, 1153831.230497864307836 ], [ 2539944.3080352130346, 1153843.67730240477249 ], [ 2539960.191247744020075, 1153851.522857632488012 ], [ 2539973.545610474888235, 1153860.438730751629919 ], [ 2539988.858961725141853, 1153875.760752039961517 ], [ 2540055.477845041081309, 1153842.055580339860171 ], [ 2540051.503041562624276, 1153826.620230971602723 ], [ 2540003.51900885021314, 1153841.040114937582985 ], [ 2540012.105637192260474, 1153791.238658977672458 ], [ 2540016.348081548698246, 1153766.616372168296948 ], [ 2540016.849626849405468, 1153759.985568257747218 ], [ 2540017.407924387138337, 1153750.586038016714156 ] ] ] ] } },
{ "type": "Feature", "properties": { "osm_id": 51733127, "name": null, "type": "allotments", "area": 900 }, "geometry": { "type": "MultiPolygon", "coordinates": [ [ [ [ 2539622.388136242516339, 1154013.093906416324899 ], [ 2539644.8547532572411, 1154007.276232099160552 ], [ 2539659.909203774295747, 1154004.412422144785523 ], [ 2539657.063749698456377, 1153992.278879941441119 ], [ 2539630.489036294165999, 1153984.007936388254166 ], [ 2539611.738932706881315, 1153990.155166934244335 ], [ 2539615.638382369186729, 1154001.044093981850892 ], [ 2539618.726033126469702, 1154003.681165901012719 ], [ 2539622.388136242516339, 1154013.093906416324899 ] ] ] ] } },
{ "type": "Feature", "properties": { "osm_id": 56338476, "name": null, "type": "grass", "area": 284 }, "geometry": { "type": "MultiPolygon", "coordinates": [ [ [ [ 2538806.426937534008175, 1150743.933447397546843 ], [ 2538818.071662817616016, 1150747.694777635857463 ], [ 2538820.375758453737944, 1150747.81584714492783 ], [ 2538822.043115669861436, 1150747.220785945886746 ], [ 2538823.187074023298919, 1150746.486529932357371 ], [ 2538823.695860212668777, 1150744.435802197549492 ], [ 2538822.713116030208766, 1150732.350383134791628 ], [ 2538821.921699493192136, 1150730.012727050576359 ], [ 2538820.605542123317719, 1150728.158448109403253 ], [ 2538818.439012507908046, 1150727.224428738467395 ], [ 2538815.17502607498318, 1150727.068662534002215 ], [ 2538813.114745327737182, 1150727.523202952230349 ], [ 2538810.93328131781891, 1150729.646545086288825 ], [ 2538805.473159813322127, 1150739.974347507581115 ], [ 2538804.960191980935633, 1150741.61378612765111 ], [ 2538805.458342960570008, 1150743.042822314659134 ], [ 2538806.426937534008175, 1150743.933447397546843 ] ] ] ] } },
{ "type": "Feature", "properties": { "osm_id": 56464197, "name": null, "type": "grass", "area": 245 }, "geometry": { "type": "MultiPolygon", "coordinates": [ [ [ [ 2536878.20726882526651, 1151419.863397339824587 ], [ 2536879.299629777204245, 1151423.020314112072811 ], [ 2536881.684319048188627, 1151425.718972735805437 ], [ 2536883.85370871424675, 1151426.919077321654186 ], [ 2536887.482516077812761, 1151427.492413620930165 ], [ 2536890.178471188060939, 1151426.941597685450688 ], [ 2536892.916943663731217, 1151425.323089650599286 ], [ 2536894.698404090013355, 1151423.203242115909234 ], [ 2536895.746347790118307, 1151420.668644841527566 ], [ 2536895.895523341372609, 1151417.331932093249634 ], [ 2536894.983069881796837, 1151414.49552090303041 ], [ 2536893.28585415892303, 1151412.212090401910245 ], [ 2536891.189938668627292, 1151410.699930540518835 ], [ 2536889.209403430111706, 1151409.942526360042393 ], [ 2536886.819693624041975, 1151409.689691566396505 ], [ 2536883.496167288161814, 1151410.413856746628881 ], [ 2536880.957696170546114, 1151412.074737202841789 ], [ 2536879.33635235298425, 1151414.092852818546817 ], [ 2536878.422937359660864, 1151416.281408299459144 ], [ 2536878.20726882526651, 1151419.863397339824587 ] ] ] ] } },
{ "type": "Feature", "properties": { "osm_id": 56466635, "name": null, "type": "grass", "area": 49 }, "geometry": { "type": "MultiPolygon", "coordinates": [ [ [ [ 2536860.428478399291635, 1151410.122526137623936 ], [ 2536869.786677428521216, 1151412.49222956597805 ], [ 2536871.539474166929722, 1151409.105320517672226 ], [ 2536862.780840975232422, 1151404.62817341927439 ], [ 2536861.694502668455243, 1151406.429447614355013 ], [ 2536860.823636956047267, 1151408.284044161438942 ], [ 2536860.428478399291635, 1151410.122526137623936 ] ] ] ] } },
{ "type": "Feature", "properties": { "osm_id": 56466636, "name": null, "type": "grass", "area": 47 }, "geometry": { "type": "MultiPolygon", "coordinates": [ [ [ [ 2536872.157930728979409, 1151408.064929071348161 ], [ 2536874.625080663245171, 1151405.459835791261867 ], [ 2536868.418131977319717, 1151398.387817527167499 ], [ 2536867.061864036135375, 1151399.335905141662806 ], [ 2536865.252361204009503, 1151400.97801775787957 ], [ 2536864.096249632071704, 1151402.713321520248428 ], [ 2536872.157930728979409, 1151408.064929071348161 ] ] ] ] } },
{ "type": "Feature", "properties": { "osm_id": 56466637, "name": null, "type": "grass", "area": 46 }, "geometry": { "type": "MultiPolygon", "coordinates": [ [ [ [ 2536875.978546395432204, 1151404.244967584498227 ], [ 2536879.191331891342998, 1151402.476948736933991 ], [ 2536875.331930907908827, 1151393.834984537679702 ], [ 2536873.545883795246482, 1151394.787584637757391 ], [ 2536871.677051363978535, 1151395.896694994531572 ], [ 2536870.122177146840841, 1151396.93580522807315 ], [ 2536875.978546395432204, 1151404.244967584498227 ] ] ] ] } },
{ "type": "Feature", "properties": { "osm_id": 56466638, "name": null, "type": "grass", "area": 41 }, "geometry": { "type": "MultiPolygon", "coordinates": [ [ [ [ 2536880.711685725487769, 1151401.805069498252124 ], [ 2536884.146483025979251, 1151400.712868198985234 ], [ 2536882.247348100412637, 1151391.627862317953259 ], [ 2536880.354992047417909, 1151391.959016135428101 ], [ 2536878.65683591645211, 1151392.510474081849679 ], [ 2536877.319619434420019, 1151393.080375989433378 ], [ 2536880.711685725487769, 1151401.805069498252124 ] ] ] ] } },
{ "type": "Feature", "properties": { "osm_id": 59804938, "name": null, "type": "allotments", "area": 15961 }, "geometry": { "type": "MultiPolygon", "coordinates": [ [ [ [ 2534649.429880572017282, 1152526.555041340645403 ], [ 2534639.175208278466016, 1152582.096949532162398 ], [ 2534643.086571318563074, 1152608.691229746444151 ], [ 2534657.234977369662374, 1152621.177627692231908 ], [ 2534682.67575747705996, 1152636.865348175168037 ], [ 2534701.575274534057826, 1152637.449269131291658 ], [ 2534723.163180405274034, 1152629.788432166446 ], [ 2534727.215343073010445, 1152612.157000536564738 ], [ 2534735.042261785361916, 1152587.380681455368176 ], [ 2534749.54432733822614, 1152570.258344233268872 ], [ 2534788.562065985053778, 1152556.405222676927224 ], [ 2534819.381148672197014, 1152560.673378533218056 ], [ 2534833.90867452789098, 1152565.685318007366732 ], [ 2534779.52721878234297, 1152481.929087730124593 ], [ 2534649.429880572017282, 1152526.555041340645403 ] ] ] ] } },
{ "type": "Feature", "properties": { "osm_id": 61481059, "name": null, "type": "grass", "area": 458 }, "geometry": { "type": "MultiPolygon", "coordinates": [ [ [ [ 2538712.024464876856655, 1153668.687826177338138 ], [ 2538688.861532751005143, 1153677.740054271649569 ], [ 2538700.465455390512943, 1153703.613495816243812 ], [ 2538702.432508899830282, 1153706.90633040945977 ], [ 2538704.279632671736181, 1153705.964762164512649 ], [ 2538712.985960337799042, 1153669.678559296298772 ], [ 2538712.024464876856655, 1153668.687826177338138 ] ] ] ] } },
{ "type": "Feature", "properties": { "osm_id": 61481080, "name": null, "type": "grass", "area": 2834 }, "geometry": { "type": "MultiPolygon", "coordinates": [ [ [ [ 2538764.103855476714671, 1153743.063984762411565 ], [ 2538767.006744829472154, 1153742.578593875514343 ], [ 2538769.429544614162296, 1153740.908564554527402 ], [ 2538770.892003884539008, 1153738.358953408431262 ], [ 2538771.657599802128971, 1153714.860654216492549 ], [ 2538757.823529514484107, 1153715.546402599662542 ], [ 2538748.975720873102546, 1153685.297954481793568 ], [ 2538758.905411860439926, 1153681.683711838210002 ], [ 2538747.512968931347132, 1153652.450630373088643 ], [ 2538744.093270234763622, 1153654.175301182083786 ], [ 2538721.883567583747208, 1153665.674567682202905 ], [ 2538719.376216817181557, 1153673.348729115677997 ], [ 2538725.487265505362302, 1153704.558886868879199 ], [ 2538734.99144702963531, 1153735.211941827787086 ], [ 2538736.294859715271741, 1153738.133572541642934 ], [ 2538736.823366572614759, 1153739.551175812492147 ], [ 2538739.626433873083442, 1153746.581970205064863 ], [ 2538759.161795466672629, 1153743.714686420513317 ], [ 2538764.103855476714671, 1153743.063984762411565 ] ] ] ] } },
{ "type": "Feature", "properties": { "osm_id": 61481088, "name": null, "type": "grass", "area": 151 }, "geometry": { "type": "MultiPolygon", "coordinates": [ [ [ [ 2538703.879539035726339, 1153602.079253051662818 ], [ 2538699.648688911926001, 1153602.511520667700097 ], [ 2538693.155920270830393, 1153597.074793281499296 ], [ 2538689.980681026354432, 1153598.696945865405723 ], [ 2538687.06523445667699, 1153601.717207334470004 ], [ 2538688.507470673881471, 1153604.70411406038329 ], [ 2538688.205973991192877, 1153605.985661046812311 ], [ 2538693.207269420381635, 1153609.625510366633534 ], [ 2538700.338431963697076, 1153612.209738312521949 ], [ 2538702.127046121750027, 1153611.54669501259923 ], [ 2538703.879539035726339, 1153602.079253051662818 ] ] ] ] } },
{ "type": "Feature", "properties": { "osm_id": 61481092, "name": null, "type": "grass", "area": 422 }, "geometry": { "type": "MultiPolygon", "coordinates": [ [ [ [ 2538722.111724971793592, 1153730.918682940769941 ], [ 2538723.584447500295937, 1153730.881427105050534 ], [ 2538724.95547361811623, 1153729.900252725696191 ], [ 2538725.612095147836953, 1153728.081463151844218 ], [ 2538725.180594647303224, 1153726.396060272119939 ], [ 2538718.908056053798646, 1153704.926156907109544 ], [ 2538716.059115989133716, 1153682.120630673132837 ], [ 2538714.105334078427404, 1153682.385138242738321 ], [ 2538706.198312225751579, 1153709.780596695141867 ], [ 2538706.695728679187596, 1153711.910011013271287 ], [ 2538720.279153150040656, 1153729.525499764597043 ], [ 2538722.111724971793592, 1153730.918682940769941 ] ] ] ] } },
{ "type": "Feature", "properties": { "osm_id": 61481098, "name": null, "type": "grass", "area": 651 }, "geometry": { "type": "MultiPolygon", "coordinates": [ [ [ [ 2538725.847945689223707, 1153634.606220616959035 ], [ 2538723.258149657398462, 1153634.199066944653168 ], [ 2538710.521769466809928, 1153611.638922654325143 ], [ 2538706.710897838231176, 1153608.865167167037725 ], [ 2538705.593632502481341, 1153625.696785206208006 ], [ 2538707.17691413871944, 1153635.741635481128469 ], [ 2538711.326928212773055, 1153645.437903930433095 ], [ 2538716.460268466267735, 1153655.257549925940111 ], [ 2538732.219513282645494, 1153647.726155968848616 ], [ 2538734.646006379742175, 1153647.167788397055119 ], [ 2538738.059009218588471, 1153649.300824816338718 ], [ 2538740.884735597763211, 1153648.015775230713189 ], [ 2538729.972312946803868, 1153637.276736630126834 ], [ 2538725.847945689223707, 1153634.606220616959035 ] ] ] ] } },
{ "type": "Feature", "properties": { "osm_id": 61537424, "name": null, "type": "grass", "area": 675 }, "geometry": { "type": "MultiPolygon", "coordinates": [ [ [ [ 2538517.839601766318083, 1153268.887618429260328 ], [ 2538514.950355446431786, 1153274.47575169801712 ], [ 2538510.081982074771076, 1153280.86234074505046 ], [ 2538514.518755646422505, 1153284.785750748356804 ], [ 2538519.709146484732628, 1153279.874448789749295 ], [ 2538526.585687964688987, 1153286.774528092471883 ], [ 2538537.886936608236283, 1153278.421112027950585 ], [ 2538539.657754058018327, 1153270.009562124265358 ], [ 2538549.54513875534758, 1153257.701815683627501 ], [ 2538545.791992101818323, 1153253.849207325838506 ], [ 2538539.564945832826197, 1153256.436492920853198 ], [ 2538538.337036362383515, 1153253.41407687170431 ], [ 2538533.00996111612767, 1153253.968844770686701 ], [ 2538526.911869453731924, 1153256.410301512340084 ], [ 2538522.129216720815748, 1153261.428596097510308 ], [ 2538517.839601766318083, 1153268.887618429260328 ] ] ] ] } },
{ "type": "Feature", "properties": { "osm_id": 61537460, "name": null, "type": "grass", "area": 3783 }, "geometry": { "type": "MultiPolygon", "coordinates": [ [ [ [ 2538482.631927358917892, 1153215.296559716807678 ], [ 2538476.87399365240708, 1153212.742991254432127 ], [ 2538472.073086752556264, 1153212.98114518285729 ], [ 2538466.577898836694658, 1153215.105209006462246 ], [ 2538462.79800063977018, 1153216.889312376733869 ], [ 2538458.142083354759961, 1153220.79464654950425 ], [ 2538453.814669702202082, 1153225.30806163395755 ], [ 2538449.964721561409533, 1153230.739310655044392 ], [ 2538446.335525141563267, 1153236.746391583234072 ], [ 2538442.576963824220002, 1153244.355667520780116 ], [ 2538438.527956388425082, 1153255.069602369097993 ], [ 2538435.970080788712949, 1153262.288597625680268 ], [ 2538434.129525418393314, 1153269.122260999400169 ], [ 2538433.145030019339174, 1153276.380720912944525 ], [ 2538432.710086499340832, 1153283.355621194699779 ], [ 2538439.726921602152288, 1153279.225967316655442 ], [ 2538446.170210046693683, 1153268.543088596081361 ], [ 2538452.539289259817451, 1153272.335485709831119 ], [ 2538458.662150525487959, 1153278.309369750553742 ], [ 2538468.223623822443187, 1153270.907482074107975 ], [ 2538476.860127971041948, 1153270.585578377358615 ], [ 2538477.947870880831033, 1153274.154157002689317 ], [ 2538481.121743733994663, 1153276.133859139634296 ], [ 2538479.368850955739617, 1153296.029242615448311 ], [ 2538488.803310789633542, 1153297.95596308959648 ], [ 2538490.938144913408905, 1153292.130963289644569 ], [ 2538494.47120627714321, 1153287.225489574018866 ], [ 2538499.666016414295882, 1153282.747693079058081 ], [ 2538504.486114916857332, 1153280.641685819020495 ], [ 2538507.924099852330983, 1153279.939469628501683 ], [ 2538510.232212293893099, 1153277.547897594748065 ], [ 2538514.91052767354995, 1153269.084349852753803 ], [ 2538509.788342328742146, 1153269.414699055021629 ], [ 2538507.68489945307374, 1153262.565838966052979 ], [ 2538508.818167597521096, 1153256.339762950781733 ], [ 2538504.616136578842998, 1153252.113791684852913 ], [ 2538500.460588183254004, 1153247.931816033087671 ], [ 2538499.978521313052624, 1153240.566091329790652 ], [ 2538498.928544891532511, 1153233.939910694258288 ], [ 2538496.722545393742621, 1153231.316614619689062 ], [ 2538493.049867976456881, 1153221.837945661274716 ], [ 2538487.754187593702227, 1153221.714286873815581 ], [ 2538482.181265652179718, 1153216.246130351675674 ], [ 2538482.631927358917892, 1153215.296559716807678 ] ] ] ] } },
{ "type": "Feature", "properties": { "osm_id": 74046560, "name": null, "type": "grass", "area": 7917 }, "geometry": { "type": "MultiPolygon", "coordinates": [ [ [ [ 2540083.952493823133409, 1153247.673413567245007 ], [ 2540085.654181911144406, 1153243.65428593265824 ], [ 2540099.184705150779337, 1153211.635515816975385 ], [ 2540099.010152033995837, 1153211.059166780905798 ], [ 2540096.375620151404291, 1153202.325156851671636 ], [ 2540089.328745407517999, 1153178.938334876671433 ], [ 2540085.807008145842701, 1153172.803461553528905 ], [ 2540081.935149920172989, 1153169.262367053888738 ], [ 2540052.518367168027908, 1153159.450364839518443 ], [ 2540039.049779551103711, 1153153.070144664961845 ], [ 2540029.400335878133774, 1153141.104396693175659 ], [ 2540021.852993200998753, 1153133.720159588847309 ], [ 2540005.690265213605016, 1153142.63069379562512 ], [ 2539975.181597136892378, 1153199.432548244483769 ], [ 2539991.139622643124312, 1153206.921704559354112 ], [ 2539990.174547276459634, 1153209.39934130362235 ], [ 2540083.952493823133409, 1153247.673413567245007 ] ] ] ] } },
{ "type": "Feature", "properties": { "osm_id": 83531611, "name": null, "type": "grass", "area": 13241 }, "geometry": { "type": "MultiPolygon", "coordinates": [ [ [ [ 2536431.986672234721482, 1151476.917118618497625 ], [ 2536436.55660731671378, 1151483.016576785361394 ], [ 2536430.582119927741587, 1151500.867228908929974 ], [ 2536425.714095242787153, 1151523.909016244579107 ], [ 2536407.64573411596939, 1151528.191285701934248 ], [ 2536405.655223009642214, 1151560.585531695745885 ], [ 2536405.090824449900538, 1151570.35237468383275 ], [ 2536407.839777965564281, 1151576.270970721496269 ], [ 2536412.098192772362381, 1151579.772289629792795 ], [ 2536439.04618210811168, 1151566.013229455100372 ], [ 2536450.062001482583582, 1151560.382625273661688 ], [ 2536463.338742555584759, 1151566.05652919318527 ], [ 2536470.543751692399383, 1151562.233879840699956 ], [ 2536474.449464951641858, 1151563.593358242185786 ], [ 2536476.186783718876541, 1151568.933468097122386 ], [ 2536495.478022318799049, 1151579.424309236928821 ], [ 2536508.368174389470369, 1151573.940764817409217 ], [ 2536524.142372160684317, 1151606.069500575540587 ], [ 2536529.32268603798002, 1151607.482255347305909 ], [ 2536564.836150901392102, 1151590.798431137343869 ], [ 2536566.751595735084265, 1151588.299086957937106 ], [ 2536530.721705559641123, 1151494.305883457418531 ], [ 2536525.11878280993551, 1151484.137265912024304 ], [ 2536513.633768335916102, 1151475.887350524310023 ], [ 2536505.40903835138306, 1151472.561266876524314 ], [ 2536489.580283472780138, 1151471.62791280914098 ], [ 2536446.985961752012372, 1151473.445578085025772 ], [ 2536439.027449256274849, 1151474.974970335373655 ], [ 2536431.986672234721482, 1151476.917118618497625 ] ] ] ] } },
{ "type": "Feature", "properties": { "osm_id": 83531617, "name": null, "type": "grass", "area": 1951 }, "geometry": { "type": "MultiPolygon", "coordinates": [ [ [ [ 2536507.1729871397838, 1151656.965249275090173 ], [ 2536502.789127334021032, 1151645.938869806705043 ], [ 2536527.66525835217908, 1151635.137026352342218 ], [ 2536529.210667038336396, 1151638.300213827053085 ], [ 2536537.057760061696172, 1151634.960017734440044 ], [ 2536531.554798344615847, 1151621.888760058442131 ], [ 2536522.645845442544669, 1151612.622198440134525 ], [ 2536520.223463154397905, 1151612.903478797292337 ], [ 2536476.841491472441703, 1151634.50669728894718 ], [ 2536478.159166010096669, 1151637.905739440815523 ], [ 2536460.325360043440014, 1151646.921287006465718 ], [ 2536461.646837500855327, 1151649.953418999444693 ], [ 2536476.511005809064955, 1151671.496995106106624 ], [ 2536480.950080110225827, 1151670.316126171732321 ], [ 2536479.621882326900959, 1151667.372998402221128 ], [ 2536494.013555879238993, 1151660.917475134599954 ], [ 2536494.84652455104515, 1151662.754122547106817 ], [ 2536507.1729871397838, 1151656.965249275090173 ] ] ] ] } },
{ "type": "Feature", "properties": { "osm_id": 83531632, "name": null, "type": "grass", "area": 168 }, "geometry": { "type": "MultiPolygon", "coordinates": [ [ [ [ 2536402.049323515035212, 1151533.886906150262803 ], [ 2536404.691223956644535, 1151518.806309285108 ], [ 2536402.454257648438215, 1151517.028999242000282 ], [ 2536387.832190574612468, 1151524.220909951720387 ], [ 2536387.855485928244889, 1151526.421862092334777 ], [ 2536400.136248949449509, 1151534.429657113505527 ], [ 2536402.049323515035212, 1151533.886906150262803 ] ] ] ] } },
{ "type": "Feature", "properties": { "osm_id": 83531652, "name": null, "type": "grass", "area": 1499 }, "geometry": { "type": "MultiPolygon", "coordinates": [ [ [ [ 2536581.396185831632465, 1151628.333076971350238 ], [ 2536582.901301528792828, 1151624.770820201840252 ], [ 2536570.113879255019128, 1151595.623161565745249 ], [ 2536566.284317415673286, 1151594.929847466759384 ], [ 2536530.909715238958597, 1151611.678899871883914 ], [ 2536547.484051601495594, 1151644.010471175424755 ], [ 2536581.396185831632465, 1151628.333076971350238 ] ] ] ] } },
{ "type": "Feature", "properties": { "osm_id": 83531698, "name": null, "type": "grass", "area": 78 }, "geometry": { "type": "MultiPolygon", "coordinates": [ [ [ [ 2536542.474376622121781, 1151646.397969039622694 ], [ 2536538.430338842328638, 1151637.747049007564783 ], [ 2536531.013947335071862, 1151641.171632156940177 ], [ 2536535.203804665710777, 1151649.821007452905178 ], [ 2536542.474376622121781, 1151646.397969039622694 ] ] ] ] } },
{ "type": "Feature", "properties": { "osm_id": 85224407, "name": null, "type": "grass", "area": 511 }, "geometry": { "type": "MultiPolygon", "coordinates": [ [ [ [ 2536114.87171937385574, 1151640.800362603971735 ], [ 2536111.789614376146346, 1151641.111054785083979 ], [ 2536111.61493823537603, 1151634.787241327343509 ], [ 2536109.536264027003199, 1151634.186777067836374 ], [ 2536108.338964289054275, 1151634.911004224326462 ], [ 2536104.863237319979817, 1151636.459890474332497 ], [ 2536101.480651730205864, 1151636.662610752973706 ], [ 2536097.981762090232223, 1151636.032781702000648 ], [ 2536096.619082387536764, 1151639.249016005080193 ], [ 2536093.65442402753979, 1151646.995856360066682 ], [ 2536108.523486510850489, 1151645.770518771838397 ], [ 2536109.849602226633579, 1151658.607871014392003 ], [ 2536116.02619495941326, 1151658.431041268166155 ], [ 2536122.621794957667589, 1151657.238101872382686 ], [ 2536127.004607758484781, 1151655.101492514600977 ], [ 2536129.933089971542358, 1151652.613475182792172 ], [ 2536133.04904870968312, 1151647.544283434050158 ], [ 2536133.230262315366417, 1151644.373964088968933 ], [ 2536131.05476882122457, 1151641.884602310135961 ], [ 2536127.611023048404604, 1151641.387576121836901 ], [ 2536120.060002896003425, 1151640.789683182956651 ], [ 2536114.87171937385574, 1151640.800362603971735 ] ] ] ] } },
{ "type": "Feature", "properties": { "osm_id": 85277549, "name": null, "type": "grass", "area": 1816 }, "geometry": { "type": "MultiPolygon", "coordinates": [ [ [ [ 2536228.155462778639048, 1151609.569774566683918 ], [ 2536228.008380749262869, 1151618.131555112078786 ], [ 2536193.947457599919289, 1151617.548110641073436 ], [ 2536193.98182358359918, 1151615.724530018866062 ], [ 2536188.319246177561581, 1151615.884704493219033 ], [ 2536188.310715327505022, 1151623.755751049378887 ], [ 2536168.854008478112519, 1151623.740021677222103 ], [ 2536168.848927842453122, 1151630.488197749480605 ], [ 2536206.964171027764678, 1151630.528191011864692 ], [ 2536206.931295211426914, 1151655.631108043249696 ], [ 2536198.127741787116975, 1151655.613388205878437 ], [ 2536198.134262977167964, 1151650.44383519468829 ], [ 2536190.413009098730981, 1151650.436871349113062 ], [ 2536190.426737769506872, 1151642.332308991113678 ], [ 2536185.51461194595322, 1151642.328878325410187 ], [ 2536184.803970930632204, 1151643.348086422309279 ], [ 2536184.485889397095889, 1151647.364762115990743 ], [ 2536199.558445751201361, 1151658.077328834682703 ], [ 2536220.972086482215673, 1151671.824326751986519 ], [ 2536225.272358040791005, 1151673.479619774967432 ], [ 2536228.874891764018685, 1151672.307441356126219 ], [ 2536232.504955240525305, 1151669.389577505644411 ], [ 2536234.304424347355962, 1151666.102037271950394 ], [ 2536234.519335967488587, 1151663.209293190855533 ], [ 2536232.329557998571545, 1151654.305440465919673 ], [ 2536230.916675597429276, 1151642.669638853985816 ], [ 2536230.485138033051044, 1151632.379719460848719 ], [ 2536232.100208878982812, 1151617.498928413260728 ], [ 2536233.034912687260658, 1151609.384595147334039 ], [ 2536228.155462778639048, 1151609.569774566683918 ] ] ] ] } },
{ "type": "Feature", "properties": { "osm_id": 85277550, "name": null, "type": "grass", "area": 594 }, "geometry": { "type": "MultiPolygon", "coordinates": [ [ [ [ 2535799.856308448594064, 1151711.52725045918487 ], [ 2535798.805894894525409, 1151711.627408765256405 ], [ 2535827.9645188418217, 1151778.574915395816788 ], [ 2535829.380714622326195, 1151783.262359782354906 ], [ 2535828.73079039203003, 1151783.491642913548276 ], [ 2535830.524642250500619, 1151791.921543843578547 ], [ 2535830.991386945359409, 1151798.97596781887114 ], [ 2535830.621854275930673, 1151805.338938818080351 ], [ 2535829.662121193017811, 1151805.304717560298741 ], [ 2535828.596624973695725, 1151811.897463448345661 ], [ 2535826.229076621122658, 1151819.460190089186653 ], [ 2535822.292036253027618, 1151827.384310243884102 ], [ 2535817.121302588377148, 1151834.054250095272437 ], [ 2535810.283062041271478, 1151840.530778161017224 ], [ 2535803.389723985921592, 1151845.440380619606003 ], [ 2535795.998565499205142, 1151849.010130814276636 ], [ 2535796.904515579808503, 1151851.913153158966452 ], [ 2535787.494822695385665, 1151854.759627348277718 ], [ 2535779.854056528769433, 1151855.797347869491205 ], [ 2535769.6267019668594, 1151855.384137075394392 ], [ 2535769.684863753151149, 1151856.517467695521191 ], [ 2535776.59222498908639, 1151857.232968673110008 ], [ 2535784.807278719265014, 1151856.78943531983532 ], [ 2535794.873532757163048, 1151854.336160991108045 ], [ 2535804.316687539685518, 1151850.310920084360987 ], [ 2535811.693008757662028, 1151845.351691375952214 ], [ 2535820.172096532769501, 1151837.290119798853993 ], [ 2535827.191277582198381, 1151827.632158302003518 ], [ 2535831.806604631710798, 1151817.821996247628704 ], [ 2535833.928944640327245, 1151808.138509067241102 ], [ 2535834.714896189514548, 1151799.803351972252131 ], [ 2535833.902621042914689, 1151789.139534306945279 ], [ 2535831.031429344788194, 1151778.286473513813689 ], [ 2535828.616372117307037, 1151772.775905813556165 ], [ 2535826.959399252664298, 1151773.571800924837589 ], [ 2535826.157174237072468, 1151771.75714997225441 ], [ 2535827.852399361785501, 1151770.949729015817866 ], [ 2535820.105963055510074, 1151753.478425310691819 ], [ 2535818.587239004671574, 1151754.283963504014537 ], [ 2535817.778165847063065, 1151752.547207001596689 ], [ 2535819.082014456391335, 1151751.743963286746293 ], [ 2535810.385780232027173, 1151731.581340677803382 ], [ 2535808.866576960776001, 1151732.342417682521045 ], [ 2535808.150537936482579, 1151730.693606167798862 ], [ 2535809.537024987861514, 1151729.722720117308199 ], [ 2535801.748595520388335, 1151712.640988941537216 ], [ 2535800.580976041499525, 1151713.264906269731 ], [ 2535799.856308448594064, 1151711.52725045918487 ] ] ] ] } },
{ "type": "Feature", "properties": { "osm_id": 85277667, "name": null, "type": "grass", "area": 2669 }, "geometry": { "type": "MultiPolygon", "coordinates": [ [ [ [ 2536205.666524665895849, 1151681.814349738415331 ], [ 2536205.76807828200981, 1151679.089565269649029 ], [ 2536205.369971712119877, 1151677.737496412592009 ], [ 2536203.617065964266658, 1151676.733323844382539 ], [ 2536202.256603156682104, 1151676.547656395006925 ], [ 2536202.29154375102371, 1151677.6701196054928 ], [ 2536202.090748779475689, 1151692.013399753253907 ], [ 2536196.901683954987675, 1151691.946197014767677 ], [ 2536196.95743131544441, 1151687.798900927882642 ], [ 2536191.768362753558904, 1151687.731702615041286 ], [ 2536191.839576164260507, 1151682.872743387240916 ], [ 2536187.279907558113337, 1151682.809983725426719 ], [ 2536187.349701168015599, 1151677.817633448634297 ], [ 2536182.39864295348525, 1151677.75903315609321 ], [ 2536182.60942911170423, 1151662.91537321312353 ], [ 2536183.146744525060058, 1151662.920784887159243 ], [ 2536183.041795913595706, 1151658.819663644069806 ], [ 2536182.820548967923969, 1151656.053837689338252 ], [ 2536181.198095540516078, 1151655.048286344856024 ], [ 2536179.240451428107917, 1151655.00237145088613 ], [ 2536179.335584771353751, 1151667.574880290776491 ], [ 2536163.971279554069042, 1151667.693586609559134 ], [ 2536163.876232177484781, 1151655.132193932542577 ], [ 2536164.873885744251311, 1151655.121597269782797 ], [ 2536165.004110931884497, 1151648.594435261562467 ], [ 2536162.484826216939837, 1151648.421085225651041 ], [ 2536162.402297177352011, 1151646.43198839109391 ], [ 2536161.06555742630735, 1151646.312781213782728 ], [ 2536160.90417140070349, 1151657.854118081508204 ], [ 2536151.234610525891185, 1151657.956837524892762 ], [ 2536151.112030039075762, 1151646.418516985140741 ], [ 2536139.508420010097325, 1151647.253301200922579 ], [ 2536136.772145722061396, 1151650.495238963514566 ], [ 2536135.767540370114148, 1151653.463081531925127 ], [ 2536136.242882764432579, 1151655.581409994047135 ], [ 2536137.81635200092569, 1151657.754772719461471 ], [ 2536145.947425318416208, 1151664.549905935768038 ], [ 2536158.445598609279841, 1151674.956207462353632 ], [ 2536176.771634407807142, 1151694.272198474500328 ], [ 2536188.190815756563097, 1151705.712798892753199 ], [ 2536195.661416868213564, 1151716.094739544671029 ], [ 2536199.81864808127284, 1151725.24450511392206 ], [ 2536203.071909926831722, 1151724.431768089765683 ], [ 2536211.482896995730698, 1151727.244070279877633 ], [ 2536216.223396533168852, 1151728.438880023313686 ], [ 2536218.777105420827866, 1151730.412868298823014 ], [ 2536221.537287773564458, 1151734.485811497783288 ], [ 2536232.520743426866829, 1151726.576127109117806 ], [ 2536235.315132597461343, 1151722.299719654023647 ], [ 2536229.560926071368158, 1151721.771564061287791 ], [ 2536225.815603721886873, 1151718.887490844121203 ], [ 2536226.180267370305955, 1151710.57909587258473 ], [ 2536229.518864707555622, 1151701.894512054743245 ], [ 2536234.969278499018401, 1151694.766161633655429 ], [ 2536238.329074074979872, 1151692.41814429173246 ], [ 2536242.44720432208851, 1151689.928677865071222 ], [ 2536236.767797558102757, 1151671.134213213808835 ], [ 2536234.494758876506239, 1151675.360619438579306 ], [ 2536227.432069490663707, 1151678.826295004459098 ], [ 2536224.297674714587629, 1151679.270890592131764 ], [ 2536224.270377827808261, 1151681.76142611913383 ], [ 2536226.074056437704712, 1151681.764520680299029 ], [ 2536226.11298570362851, 1151697.005746343638748 ], [ 2536205.060872419737279, 1151697.062417945358902 ], [ 2536205.021889835596085, 1151681.821192421717569 ], [ 2536205.666524665895849, 1151681.814349738415331 ] ] ] ] } },
{ "type": "Feature", "properties": { "osm_id": 85277683, "name": null, "type": "grass", "area": 776 }, "geometry": { "type": "MultiPolygon", "coordinates": [ [ [ [ 2536093.460099106188864, 1151638.104185556992888 ], [ 2536094.820886252913624, 1151634.710095906630158 ], [ 2536091.766258130781353, 1151632.552494105417281 ], [ 2536089.523793136235327, 1151629.541352218715474 ], [ 2536088.089363544248044, 1151626.010228389408439 ], [ 2536087.641252487897873, 1151622.123983709141612 ], [ 2536066.493589126970619, 1151621.881989795947447 ], [ 2536066.47685778234154, 1151631.131654774071649 ], [ 2536061.319026179146022, 1151631.119821992702782 ], [ 2536056.677841186523438, 1151650.090626759687439 ], [ 2536088.324117246549577, 1151647.363818399375305 ], [ 2536092.739688689820468, 1151640.368631762685254 ], [ 2536093.460099106188864, 1151638.104185556992888 ] ] ] ] } },
{ "type": "Feature", "properties": { "osm_id": 85277684, "name": null, "type": "grass", "area": 505 }, "geometry": { "type": "MultiPolygon", "coordinates": [ [ [ [ 2536148.001788986846805, 1151633.966977991396561 ], [ 2536142.713615972083062, 1151633.967577428556979 ], [ 2536142.721496351063251, 1151626.040951201459393 ], [ 2536146.229121721349657, 1151626.048151924274862 ], [ 2536146.350313908420503, 1151606.391707290196791 ], [ 2536129.447916754055768, 1151606.23779532359913 ], [ 2536129.252710490953177, 1151618.924561475403607 ], [ 2536128.842525065410882, 1151634.492959588067606 ], [ 2536135.369686722755432, 1151635.524195914389566 ], [ 2536139.792687913402915, 1151639.334855254273862 ], [ 2536147.906757883261889, 1151638.025754790287465 ], [ 2536148.001788986846805, 1151633.966977991396561 ] ] ] ] } },
{ "type": "Feature", "properties": { "osm_id": 85314634, "name": null, "type": "grass", "area": 83 }, "geometry": { "type": "MultiPolygon", "coordinates": [ [ [ [ 2535745.391319478396326, 1151859.867730670375749 ], [ 2535744.563206347636878, 1151857.786554869497195 ], [ 2535744.952441079542041, 1151857.582284069852903 ], [ 2535737.95838363468647, 1151841.581624867394567 ], [ 2535737.370574455242604, 1151841.87695687240921 ], [ 2535738.768778933212161, 1151859.949656904675066 ], [ 2535740.637978174723685, 1151863.931854993104935 ], [ 2535742.927034587133676, 1151863.395989729091525 ], [ 2535742.029498544987291, 1151861.282205008668825 ], [ 2535745.391319478396326, 1151859.867730670375749 ] ] ] ] } },
{ "type": "Feature", "properties": { "osm_id": 85314637, "name": null, "type": "grass", "area": 1746 }, "geometry": { "type": "MultiPolygon", "coordinates": [ [ [ [ 2535732.947582362685353, 1151862.479917747434229 ], [ 2535735.245449069421738, 1151861.332510479958728 ], [ 2535736.168653620406985, 1151860.822365406900644 ], [ 2535734.576503698714077, 1151843.274247244931757 ], [ 2535734.347581115551293, 1151838.374019113834947 ], [ 2535734.780103514436632, 1151834.322740740142763 ], [ 2535692.303706136532128, 1151737.168263899628073 ], [ 2535688.808478998485953, 1151728.990068673621863 ], [ 2535687.335973157547414, 1151736.265344155253842 ], [ 2535685.770365461241454, 1151745.598294631578028 ], [ 2535686.701051108539104, 1151757.261374017223716 ], [ 2535690.732181621249765, 1151773.204742232570425 ], [ 2535720.112395704258233, 1151837.103259161114693 ], [ 2535729.327740816865116, 1151853.402540967799723 ], [ 2535732.947582362685353, 1151862.479917747434229 ] ] ] ] } },
{ "type": "Feature", "properties": { "osm_id": 85321940, "name": null, "type": "grass", "area": 2387 }, "geometry": { "type": "MultiPolygon", "coordinates": [ [ [ [ 2535972.563103258609772, 1151611.631356329657137 ], [ 2535978.079359595198184, 1151633.039854214293882 ], [ 2535982.051898182369769, 1151651.474280526163056 ], [ 2536028.005776487290859, 1151647.41634846595116 ], [ 2536031.830030461773276, 1151646.886487827869132 ], [ 2536031.938411043025553, 1151652.021468033548445 ], [ 2536033.511043236125261, 1151651.949143926845863 ], [ 2536049.696758272591978, 1151651.12098267651163 ], [ 2536056.677841186523438, 1151650.090626759687439 ], [ 2536061.319026179146022, 1151631.119821992702782 ], [ 2536057.297107522841543, 1151631.10702533624135 ], [ 2536057.300354000646621, 1151627.805190696381032 ], [ 2536053.779194745700806, 1151630.132791961543262 ], [ 2536052.890910066198558, 1151632.487966629909351 ], [ 2536052.721988372504711, 1151640.416307735955343 ], [ 2536034.19756969762966, 1151640.013110858853906 ], [ 2536034.368241641204804, 1151632.251507938606665 ], [ 2536026.698907190933824, 1151632.077443729620427 ], [ 2536026.643360753543675, 1151634.790625120513141 ], [ 2536024.954426617827266, 1151634.753017250914127 ], [ 2536008.326127860229462, 1151634.385302313836291 ], [ 2536008.508091245777905, 1151626.245594219071791 ], [ 2536023.80828619748354, 1151626.582978581776842 ], [ 2536023.973046098370105, 1151618.988195795333013 ], [ 2536003.206833079922944, 1151618.531137384939939 ], [ 2536003.268268086481839, 1151615.651135386666283 ], [ 2535985.212137947324663, 1151615.26533636264503 ], [ 2535985.366829056758434, 1151608.170932088280097 ], [ 2536006.877725327387452, 1151608.642234477447346 ], [ 2536006.82441719295457, 1151610.844002332538366 ], [ 2536024.297192315105349, 1151611.224958816776052 ], [ 2536024.365128614939749, 1151608.233716213377193 ], [ 2536025.002333660144359, 1151608.249167695175856 ], [ 2536042.805228548124433, 1151608.63778115180321 ], [ 2536042.785444383509457, 1151605.336191533133388 ], [ 2536025.007810875307769, 1151605.158535408088937 ], [ 2535998.740718295797706, 1151604.915689833462238 ], [ 2535997.851736872456968, 1151598.555016499944031 ], [ 2535973.30941638816148, 1151600.995387662667781 ], [ 2535970.85644867317751, 1151604.16768035502173 ], [ 2535972.563103258609772, 1151611.631356329657137 ] ] ] ] } },
{ "type": "Feature", "properties": { "osm_id": 85321941, "name": null, "type": "grass", "area": 68 }, "geometry": { "type": "MultiPolygon", "coordinates": [ [ [ [ 2535843.572256422135979, 1151536.698632367420942 ], [ 2535838.743086760863662, 1151522.186683803331107 ], [ 2535832.21923038829118, 1151524.357478819787502 ], [ 2535841.590873551554978, 1151537.308993663173169 ], [ 2535843.572256422135979, 1151536.698632367420942 ] ] ] ] } },
{ "type": "Feature", "properties": { "osm_id": 85321942, "name": null, "type": "grass", "area": 69 }, "geometry": { "type": "MultiPolygon", "coordinates": [ [ [ [ 2535852.165465741418302, 1151534.250067415647209 ], [ 2535853.855341602116823, 1151533.65393804339692 ], [ 2535853.412217210046947, 1151517.305302248336375 ], [ 2535846.788938738871366, 1151519.510494015645236 ], [ 2535852.165465741418302, 1151534.250067415647209 ] ] ] ] } },
{ "type": "Feature", "properties": { "osm_id": 85322858, "name": null, "type": "grass", "area": 10938 }, "geometry": { "type": "MultiPolygon", "coordinates": [ [ [ [ 2535802.721765692345798, 1151602.559422645485029 ], [ 2535864.786886055022478, 1151585.621243065455928 ], [ 2535884.278863599989563, 1151584.612834233557805 ], [ 2535896.25423098122701, 1151586.24160645948723 ], [ 2535955.396973124705255, 1151591.769993635825813 ], [ 2535959.395609793253243, 1151590.31550361122936 ], [ 2535944.97794436244294, 1151484.83376306341961 ], [ 2535918.835420289076865, 1151489.125740114599466 ], [ 2535914.462451559025794, 1151476.354264897061512 ], [ 2535865.655521924607456, 1151492.961433988064528 ], [ 2535866.415993742644787, 1151495.176754118176177 ], [ 2535872.65479403687641, 1151498.656563074095175 ], [ 2535878.707738355267793, 1151496.946640577400103 ], [ 2535879.863312484230846, 1151500.22499590087682 ], [ 2535873.989967251662165, 1151502.222047572256997 ], [ 2535870.892022182699293, 1151508.24725952418521 ], [ 2535871.422815001569688, 1151509.798000454669818 ], [ 2535891.864631562959403, 1151502.831795630278066 ], [ 2535893.710401921067387, 1151508.215054711559787 ], [ 2535904.348230779636651, 1151513.237732379697263 ], [ 2535911.016753536183387, 1151510.954301581950858 ], [ 2535913.353017020970583, 1151517.7108657900244 ], [ 2535906.676826515700668, 1151519.994375840760767 ], [ 2535901.334409148897976, 1151529.31195714767091 ], [ 2535909.408125353977084, 1151545.801562975160778 ], [ 2535938.398439355194569, 1151538.677659258013591 ], [ 2535939.008589836768806, 1151541.194754224503413 ], [ 2535910.549923778045923, 1151547.790478626498953 ], [ 2535910.743354994338006, 1151548.655555576318875 ], [ 2535909.468961982987821, 1151549.347292912425473 ], [ 2535908.032665074337274, 1151549.251437666127458 ], [ 2535895.903951522894204, 1151523.177609520731494 ], [ 2535894.926841740962118, 1151523.677187113557011 ], [ 2535888.63040787819773, 1151537.096076068934053 ], [ 2535890.640923669096082, 1151543.533708446193486 ], [ 2535884.064063199330121, 1151545.771715762792155 ], [ 2535881.992738740053028, 1151539.390320111997426 ], [ 2535868.617200232576579, 1151532.429154345998541 ], [ 2535862.53691839100793, 1151534.450660072267056 ], [ 2535856.456202083267272, 1151516.294503062032163 ], [ 2535856.496926893014461, 1151532.336152679519728 ], [ 2535860.942217088770121, 1151544.684362466214225 ], [ 2535842.970269574783742, 1151550.768285878235474 ], [ 2535838.773731647990644, 1151538.717597188195214 ], [ 2535828.693426477722824, 1151525.529075252823532 ], [ 2535833.814878320321441, 1151540.816097815753892 ], [ 2535802.082895350176841, 1151551.371647653635591 ], [ 2535800.919155030976981, 1151558.109970306511968 ], [ 2535795.684481434524059, 1151565.280881603714079 ], [ 2535797.050187089014798, 1151575.293985872762278 ], [ 2535800.169902237132192, 1151597.183733169222251 ], [ 2535802.721765692345798, 1151602.559422645485029 ] ] ] ] } },
{ "type": "Feature", "properties": { "osm_id": 85329991, "name": null, "type": "grass", "area": 9299 }, "geometry": { "type": "MultiPolygon", "coordinates": [ [ [ [ 2535880.974373734556139, 1151918.01884574489668 ], [ 2535880.010041571687907, 1151922.587176927365363 ], [ 2535859.098930348176509, 1151924.277787906117737 ], [ 2535857.93825980881229, 1151928.42576557234861 ], [ 2535859.465168058872223, 1151929.109851249726489 ], [ 2535862.622131800744683, 1151971.065737356664613 ], [ 2535863.090794932562858, 1151981.899983665207401 ], [ 2535850.874244214966893, 1152010.090130599681288 ], [ 2535852.600796964485198, 1152020.132747002178803 ], [ 2535868.166356257628649, 1152004.435922731878236 ], [ 2535878.220166073180735, 1152002.994581356877461 ], [ 2535883.44140859041363, 1152002.505304337013513 ], [ 2535892.947775334585458, 1152000.825250378577039 ], [ 2535900.847485828213394, 1152001.774884401354939 ], [ 2535908.710206855554134, 1151999.256364140892401 ], [ 2535916.573856599628925, 1151998.983513973653316 ], [ 2535919.639855776447803, 1151996.460573344025761 ], [ 2535928.972143168095499, 1151995.727392675355077 ], [ 2535938.788363492116332, 1151992.154188030166551 ], [ 2535945.411460638511926, 1151985.657863997854292 ], [ 2535949.218329737894237, 1151987.11810820735991 ], [ 2535953.328912452794611, 1151990.4316863915883 ], [ 2535976.3774657798931, 1151922.12675025803037 ], [ 2535977.988948547281325, 1151909.858456117101014 ], [ 2535973.1128482487984, 1151893.045648851897568 ], [ 2535970.590839131269604, 1151889.726248676655814 ], [ 2535967.349892362952232, 1151888.082085830392316 ], [ 2535955.434607318136841, 1151898.514673320343718 ], [ 2535946.896890952251852, 1151903.964142143493518 ], [ 2535932.930458063259721, 1151910.605445548892021 ], [ 2535916.662853604182601, 1151915.203524401644245 ], [ 2535894.463622162584215, 1151918.453035277780145 ], [ 2535880.974373734556139, 1151918.01884574489668 ] ] ] ] } },
{ "type": "Feature", "properties": { "osm_id": 85334444, "name": null, "type": "grass", "area": 311 }, "geometry": { "type": "MultiPolygon", "coordinates": [ [ [ [ 2536206.012332492973655, 1151813.449085481697693 ], [ 2536203.943101139739156, 1151805.055352903204039 ], [ 2536194.72709590010345, 1151787.132257549557835 ], [ 2536196.717776926700026, 1151782.341857325518504 ], [ 2536191.349099071230739, 1151781.97640345338732 ], [ 2536183.130684431642294, 1151802.352502508321777 ], [ 2536190.608053926378489, 1151804.707767315907404 ], [ 2536194.473532535135746, 1151806.62334884586744 ], [ 2536206.012332492973655, 1151813.449085481697693 ] ] ] ] } },
{ "type": "Feature", "properties": { "osm_id": 85334456, "name": null, "type": "grass", "area": 689 }, "geometry": { "type": "MultiPolygon", "coordinates": [ [ [ [ 2536595.106099813245237, 1151651.812390986829996 ], [ 2536603.075131649617106, 1151663.668154604267329 ], [ 2536601.326484188437462, 1151666.6993516033981 ], [ 2536591.575161647051573, 1151672.872196428477764 ], [ 2536589.713234958704561, 1151676.80508218659088 ], [ 2536571.372005310375243, 1151690.105761576443911 ], [ 2536572.950460145249963, 1151696.40365097601898 ], [ 2536554.150096287485212, 1151709.097785639343783 ], [ 2536555.452292433939874, 1151711.763274849858135 ], [ 2536514.829951229970902, 1151739.529354619793594 ], [ 2536516.393238848075271, 1151741.480579023947939 ], [ 2536518.872994288802147, 1151744.45601948350668 ], [ 2536522.747370114084333, 1151746.494005968328565 ], [ 2536525.917890246491879, 1151745.837958037154749 ], [ 2536538.89601951604709, 1151732.727172059938312 ], [ 2536558.370384018868208, 1151713.36669309809804 ], [ 2536576.550748601090163, 1151694.286746156634763 ], [ 2536591.482779876794666, 1151678.665212466847152 ], [ 2536603.621342006139457, 1151669.610074292402714 ], [ 2536605.458328533452004, 1151666.222196964081377 ], [ 2536605.580559410154819, 1151662.530009990325198 ], [ 2536597.531035855878145, 1151650.319343081442639 ], [ 2536595.106099813245237, 1151651.812390986829996 ] ] ] ] } },
{ "type": "Feature", "properties": { "osm_id": 85334463, "name": null, "type": "grass", "area": 6717 }, "geometry": { "type": "MultiPolygon", "coordinates": [ [ [ [ 2536416.536397215444595, 1151831.684770962223411 ], [ 2536392.934253453277051, 1151841.662048213649541 ], [ 2536389.786454782355577, 1151839.382994453655556 ], [ 2536387.19680585199967, 1151844.880050977459177 ], [ 2536390.3852967931889, 1151854.629408611683175 ], [ 2536393.001319232396781, 1151857.42548054154031 ], [ 2536398.271384879481047, 1151856.458097139606252 ], [ 2536421.006227651145309, 1151845.756282636895776 ], [ 2536439.203918777871877, 1151834.924664486432448 ], [ 2536458.404949865303934, 1151819.535573152359575 ], [ 2536471.792361678089947, 1151808.143472075462341 ], [ 2536483.820925176609308, 1151796.710176705382764 ], [ 2536490.095769561827183, 1151789.139776815893129 ], [ 2536492.091108853463084, 1151785.494495461229235 ], [ 2536494.512127985712141, 1151780.733000226551667 ], [ 2536497.005390974227339, 1151771.912977728992701 ], [ 2536497.254295698832721, 1151760.604191754944623 ], [ 2536496.433715429157019, 1151752.675207253312692 ], [ 2536498.291098308749497, 1151741.782994959037751 ], [ 2536500.807489187456667, 1151729.338534594047815 ], [ 2536488.040324688889086, 1151708.662112240912393 ], [ 2536462.204309526830912, 1151725.188494371483102 ], [ 2536409.448470451869071, 1151747.891865418991074 ], [ 2536410.677748762536794, 1151759.618585566058755 ], [ 2536410.637479349505156, 1151786.27797534246929 ], [ 2536411.760727880056947, 1151809.745544932316989 ], [ 2536411.96199079696089, 1151816.435949361417443 ], [ 2536416.530317294411361, 1151812.97464499110356 ], [ 2536414.807977111078799, 1151808.32365782186389 ], [ 2536424.304831475485116, 1151802.075393768260255 ], [ 2536486.140890647191554, 1151773.673127659363672 ], [ 2536492.184287511743605, 1151769.618200212018564 ], [ 2536492.787646704353392, 1151775.14817216177471 ], [ 2536485.390565871726722, 1151783.286287432536483 ], [ 2536478.634331382345408, 1151791.784504948416725 ], [ 2536464.740897767711431, 1151804.682757076574489 ], [ 2536450.504005984403193, 1151814.127235408173874 ], [ 2536416.536397215444595, 1151831.684770962223411 ] ] ] ] } },
{ "type": "Feature", "properties": { "osm_id": 85334905, "name": null, "type": "grass", "area": 4499 }, "geometry": { "type": "MultiPolygon", "coordinates": [ [ [ [ 2535635.824747983366251, 1151862.72997958236374 ], [ 2535639.035734374076128, 1151870.16633727401495 ], [ 2535633.655155539046973, 1151872.269523155177012 ], [ 2535630.044249617960304, 1151876.221445559058338 ], [ 2535624.830786226782948, 1151878.878708573756739 ], [ 2535619.241170449648052, 1151880.09477207926102 ], [ 2535613.426615175325423, 1151879.656790598994121 ], [ 2535608.362305817659944, 1151877.60990205174312 ], [ 2535593.183938573114574, 1151841.31930769328028 ], [ 2535597.913549871183932, 1151839.345350563060492 ], [ 2535591.935170241165906, 1151825.057136103743687 ], [ 2535589.734576994087547, 1151825.970094878226519 ], [ 2535585.229220357723534, 1151815.212481168331578 ], [ 2535591.655223448760808, 1151812.542189344996586 ], [ 2535588.416739154141396, 1151806.128931618062779 ], [ 2535578.28048754343763, 1151809.928480674745515 ], [ 2535576.772009134292603, 1151812.401547929272056 ], [ 2535574.928637897595763, 1151816.568017278565094 ], [ 2535575.046369633637369, 1151820.391065940493718 ], [ 2535578.623301957733929, 1151831.169741321820766 ], [ 2535591.221018470823765, 1151864.408497360069305 ], [ 2535592.893778173718601, 1151873.684534624451771 ], [ 2535592.793935637455434, 1151885.136302374536172 ], [ 2535593.207443736959249, 1151902.95271411864087 ], [ 2535594.345082230400294, 1151906.69812985509634 ], [ 2535596.653426586650312, 1151909.397101984126493 ], [ 2535599.46298888605088, 1151910.167431408073753 ], [ 2535603.001029282808304, 1151910.162870632484555 ], [ 2535610.342279936186969, 1151907.682899837847799 ], [ 2535610.301740077789873, 1151899.601142836967483 ], [ 2535612.700163584668189, 1151887.06861666822806 ], [ 2535642.111612970940769, 1151877.170573394745588 ], [ 2535645.877315351273865, 1151885.523720354074612 ], [ 2535643.009370781015605, 1151892.202505896333605 ], [ 2535648.555805632844567, 1151894.121971874265 ], [ 2535657.441397584974766, 1151889.646664546569809 ], [ 2535658.489357355050743, 1151874.983000352745876 ], [ 2535663.543035622686148, 1151863.133568674791604 ], [ 2535676.628084631636739, 1151868.096290881512687 ], [ 2535673.242194714024663, 1151879.449821018381044 ], [ 2535673.360342124477029, 1151890.487916872836649 ], [ 2535682.954281100537628, 1151886.938908823300153 ], [ 2535716.893641976639628, 1151880.594742622692138 ], [ 2535725.721097894012928, 1151879.288554945960641 ], [ 2535734.234690205659717, 1151878.775056280195713 ], [ 2535727.389392958953977, 1151864.484864078462124 ], [ 2535724.303824011236429, 1151860.871428814716637 ], [ 2535695.454917916096747, 1151837.289219398982823 ], [ 2535682.269030929543078, 1151842.988910878775641 ], [ 2535682.751659427769482, 1151844.340041789226234 ], [ 2535680.658377124462277, 1151845.240701633039862 ], [ 2535679.846360310912132, 1151843.948682040208951 ], [ 2535661.906665336806327, 1151851.511398228118196 ], [ 2535662.4342708196491, 1151852.761991432635114 ], [ 2535660.479721543844789, 1151853.716759075643495 ], [ 2535659.860503673087806, 1151852.511615549447015 ], [ 2535635.824747983366251, 1151862.72997958236374 ] ] ] ] } },
{ "type": "Feature", "properties": { "osm_id": 85335677, "name": null, "type": "grass", "area": 56 }, "geometry": { "type": "MultiPolygon", "coordinates": [ [ [ [ 2536513.136699360329658, 1151753.61045362916775 ], [ 2536515.09489483339712, 1151753.712056775111705 ], [ 2536516.905679724179208, 1151752.936961754923686 ], [ 2536518.043531605042517, 1151751.668703048955649 ], [ 2536518.573248509317636, 1151750.228993574157357 ], [ 2536518.436414420604706, 1151748.173763664904982 ], [ 2536517.227079046424478, 1151746.307737216586247 ], [ 2536515.328554721549153, 1151745.316129923332483 ], [ 2536513.241187773179263, 1151745.338180003687739 ], [ 2536511.166738111060113, 1151746.582982366671786 ], [ 2536510.128609425388277, 1151748.572804515017197 ], [ 2536510.236746138427407, 1151750.817329220473766 ], [ 2536511.353053776081651, 1151752.595399720594287 ], [ 2536513.136699360329658, 1151753.61045362916775 ] ] ] ] } },
{ "type": "Feature", "properties": { "osm_id": 85386964, "name": null, "type": "grass", "area": 450 }, "geometry": { "type": "MultiPolygon", "coordinates": [ [ [ [ 2536532.520335849374533, 1151464.025974049698561 ], [ 2536538.292518528178334, 1151461.87499574222602 ], [ 2536529.285544185433537, 1151439.713549538748339 ], [ 2536528.743411342147738, 1151437.07339021936059 ], [ 2536527.434352652169764, 1151437.398495408473536 ], [ 2536525.683752836659551, 1151440.974475384224206 ], [ 2536522.290806404314935, 1151444.56780169880949 ], [ 2536519.309544902760535, 1151448.62370245764032 ], [ 2536510.364502716809511, 1151468.662378252483904 ], [ 2536518.189414386637509, 1151472.648604321992025 ], [ 2536524.985451695043594, 1151478.780201831832528 ], [ 2536527.436443421989679, 1151476.842164654750377 ], [ 2536519.583175946958363, 1151461.450017603579909 ], [ 2536525.245448147878051, 1151459.066727252909914 ], [ 2536525.584961210377514, 1151459.963631713530049 ], [ 2536530.186349676456302, 1151458.147408462828025 ], [ 2536532.520335849374533, 1151464.025974049698561 ] ] ] ] } },
{ "type": "Feature", "properties": { "osm_id": 85386973, "name": null, "type": "grass", "area": 807 }, "geometry": { "type": "MultiPolygon", "coordinates": [ [ [ [ 2536500.883028295822442, 1151444.460428110091016 ], [ 2536500.983067980501801, 1151445.937953788088635 ], [ 2536501.463622050825506, 1151447.833911427529529 ], [ 2536503.919193329755217, 1151448.508349574869499 ], [ 2536505.563067636452615, 1151448.635505723301321 ], [ 2536506.535341825336218, 1151449.12550650909543 ], [ 2536506.663653481286019, 1151449.646657614037395 ], [ 2536506.776146348100156, 1151450.12350719422102 ], [ 2536508.687355684582144, 1151455.939827182563022 ], [ 2536493.358727127313614, 1151460.937744357390329 ], [ 2536492.589516306761652, 1151458.600150965852663 ], [ 2536490.792114735580981, 1151459.1972362883389 ], [ 2536490.577737820334733, 1151458.521354675991461 ], [ 2536488.735229940153658, 1151452.670962779317051 ], [ 2536472.70349148940295, 1151457.954291757196188 ], [ 2536471.894724731799215, 1151455.50594740267843 ], [ 2536439.995775509160012, 1151466.382279219571501 ], [ 2536440.893759627360851, 1151470.008095294469967 ], [ 2536448.673380547668785, 1151468.980869552353397 ], [ 2536482.496957939118147, 1151467.367074402282014 ], [ 2536496.561453425325453, 1151467.674255520105362 ], [ 2536506.552668202202767, 1151468.202374431304634 ], [ 2536515.843884042464197, 1151446.058892594417557 ], [ 2536521.267461547628045, 1151439.242372219916433 ], [ 2536520.929281359072775, 1151437.745127152418718 ], [ 2536519.439204408787191, 1151438.37230937439017 ], [ 2536500.883028295822442, 1151444.460428110091016 ] ] ] ] } },
{ "type": "Feature", "properties": { "osm_id": 85474316, "name": null, "type": "grass", "area": 88 }, "geometry": { "type": "MultiPolygon", "coordinates": [ [ [ [ 2536039.844290496781468, 1151616.729241246823221 ], [ 2536027.031375755555928, 1151616.443160090362653 ], [ 2536026.859647492412478, 1151624.10471995617263 ], [ 2536034.237250475212932, 1151624.270772240823135 ], [ 2536034.278177519794554, 1151622.347065810579807 ], [ 2536039.713474721647799, 1151622.467094353633001 ], [ 2536039.844290496781468, 1151616.729241246823221 ] ] ] ] } },
{ "type": "Feature", "properties": { "osm_id": 85474320, "name": null, "type": "grass", "area": 69 }, "geometry": { "type": "MultiPolygon", "coordinates": [ [ [ [ 2536043.90649601444602, 1151623.411900989944115 ], [ 2536042.370808233506978, 1151623.350423078751191 ], [ 2536042.168467155657709, 1151630.300809067441151 ], [ 2536039.390019335784018, 1151630.297026019543409 ], [ 2536039.433271329384297, 1151632.197602197993547 ], [ 2536052.890910066198558, 1151632.487966629909351 ], [ 2536053.779194745700806, 1151630.132791961543262 ], [ 2536057.300354000646621, 1151627.805190696381032 ], [ 2536043.899264143779874, 1151627.781026659300551 ], [ 2536043.90649601444602, 1151623.411900989944115 ] ] ] ] } },
{ "type": "Feature", "properties": { "osm_id": 89738191, "name": null, "type": "farmyard", "area": 13545 }, "geometry": { "type": "MultiPolygon", "coordinates": [ [ [ [ 2536324.28340020403266, 1158825.949596913997084 ], [ 2536370.220421794336289, 1158811.721626063808799 ], [ 2536420.463655861560255, 1158800.172112888889387 ], [ 2536422.35383946634829, 1158789.001537329284474 ], [ 2536421.638787596486509, 1158759.126065743854269 ], [ 2536406.511306002736092, 1158761.798792068380862 ], [ 2536395.346955118700862, 1158676.903813440352678 ], [ 2536373.838116941042244, 1158677.131748621352017 ], [ 2536372.576273935846984, 1158666.572661642916501 ], [ 2536358.902765236329287, 1158666.851012743311003 ], [ 2536344.76179113984108, 1158667.145469099516049 ], [ 2536349.322748865000904, 1158691.688364373985678 ], [ 2536281.27425634721294, 1158712.999346049269661 ], [ 2536287.249251885805279, 1158734.959113271441311 ], [ 2536298.408520553261042, 1158732.550539355026558 ], [ 2536324.28340020403266, 1158825.949596913997084 ] ] ] ] } },
{ "type": "Feature", "properties": { "osm_id": 90065688, "name": null, "type": "farmyard", "area": 2374 }, "geometry": { "type": "MultiPolygon", "coordinates": [ [ [ [ 2543241.952195828780532, 1155311.127622458618134 ], [ 2543261.357161352876574, 1155298.048470072215423 ], [ 2543267.042095355223864, 1155238.907601948827505 ], [ 2543211.927946659270674, 1155267.032159008085728 ], [ 2543230.552439907100052, 1155307.700147944269702 ], [ 2543241.952195828780532, 1155311.127622458618134 ] ] ] ] } },
{ "type": "Feature", "properties": { "osm_id": 90065711, "name": null, "type": "farmyard", "area": 2300 }, "geometry": { "type": "MultiPolygon", "coordinates": [ [ [ [ 2543124.628619548399001, 1155350.924963910831138 ], [ 2543190.76373215764761, 1155310.633322028676048 ], [ 2543180.88442553114146, 1155286.313721674960107 ], [ 2543110.948333992622793, 1155320.515974266687408 ], [ 2543124.628619548399001, 1155350.924963910831138 ] ] ] ] } },
{ "type": "Feature", "properties": { "osm_id": 90193586, "name": null, "type": "farmyard", "area": 11820 }, "geometry": { "type": "MultiPolygon", "coordinates": [ [ [ [ 2536032.168925208970904, 1158195.474402535241097 ], [ 2536006.341541086323559, 1158165.455257475143299 ], [ 2535967.970974148251116, 1158153.413109697168693 ], [ 2535954.708670975174755, 1158148.507362741976976 ], [ 2535935.801315244287252, 1158121.838798208162189 ], [ 2535919.069005787372589, 1158094.246581585379317 ], [ 2535876.297527868300676, 1158126.042680765734985 ], [ 2535890.622506775893271, 1158147.168035304639488 ], [ 2535889.933649676851928, 1158195.379616991383955 ], [ 2535935.542634056415409, 1158238.41662138979882 ], [ 2535958.346972215455025, 1158218.618142558960244 ], [ 2535990.605036418884993, 1158247.756958296289667 ], [ 2536032.168925208970904, 1158195.474402535241097 ] ] ] ] } },
{ "type": "Feature", "properties": { "osm_id": 102027762, "name": null, "type": "residential", "area": 4080 }, "geometry": { "type": "MultiPolygon", "coordinates": [ [ [ [ 2536017.554971081670374, 1159190.831794421654195 ], [ 2536083.477809257339686, 1159182.136191038182005 ], [ 2536075.428700358606875, 1159121.644209710881114 ], [ 2536049.874316651374102, 1159126.218767310725525 ], [ 2536025.201553493272513, 1159126.481675801565871 ], [ 2536009.750730753876269, 1159123.889299357077107 ], [ 2536017.554971081670374, 1159190.831794421654195 ] ] ] ] } },
{ "type": "Feature", "properties": { "osm_id": 102027764, "name": null, "type": "residential", "area": 1610 }, "geometry": { "type": "MultiPolygon", "coordinates": [ [ [ [ 2536080.880550850182772, 1159112.436686326283962 ], [ 2536141.978350176475942, 1159095.410739064449444 ], [ 2536142.393508091568947, 1159074.628253886243328 ], [ 2536080.071769857313484, 1159081.116992662893608 ], [ 2536080.880550850182772, 1159112.436686326283962 ] ] ] ] } },
{ "type": "Feature", "properties": { "osm_id": 102192025, "name": "Vernand-Dessus", "type": "farmyard", "area": 21505 }, "geometry": { "type": "MultiPolygon", "coordinates": [ [ [ [ 2536936.383060809224844, 1158246.063078662380576 ], [ 2536850.805739922914654, 1158292.554260716075078 ], [ 2536888.313654671888798, 1158366.467144063441083 ], [ 2536897.654543762095273, 1158364.567966091679409 ], [ 2536910.045607293955982, 1158412.897572970716283 ], [ 2536936.140472289640456, 1158428.776668449863791 ], [ 2536939.980818079784513, 1158451.348695131484419 ], [ 2536971.276043902151287, 1158448.507551377173513 ], [ 2536976.415671745780855, 1158491.888458522269502 ], [ 2537000.501441760919988, 1158488.044789948035032 ], [ 2536997.347959448117763, 1158462.230415491154417 ], [ 2537031.127583441790193, 1158455.783774619456381 ], [ 2537004.454224905464798, 1158316.064839935861528 ], [ 2536967.818009995855391, 1158325.065217063995078 ], [ 2536936.383060809224844, 1158246.063078662380576 ] ] ] ] } },
{ "type": "Feature", "properties": { "osm_id": 125912079, "name": null, "type": "farmland", "area": 45080 }, "geometry": { "type": "MultiPolygon", "coordinates": [ [ [ [ 2542455.214602016378194, 1158002.444349280325696 ], [ 2542550.40918576112017, 1158001.932772094151005 ], [ 2542570.735743707511574, 1157961.238733132136986 ], [ 2542589.132924900390208, 1157778.898211775813252 ], [ 2542597.491891142446548, 1157779.885516821639612 ], [ 2542609.006942764855921, 1157438.11412153323181 ], [ 2542548.317026489879936, 1157432.402332635130733 ], [ 2542546.035036873538047, 1157540.871314952382818 ], [ 2542537.44033365091309, 1157774.823673280887306 ], [ 2542515.01214029174298, 1157769.835603571496904 ], [ 2542509.750203205272555, 1157810.430003616493195 ], [ 2542472.495279727969319, 1157807.184963757870719 ], [ 2542457.499699448700994, 1157904.903354352805763 ], [ 2542455.214602016378194, 1158002.444349280325696 ] ] ] ] } },
{ "type": "Feature", "properties": { "osm_id": 125912081, "name": null, "type": "farmland", "area": 35754 }, "geometry": { "type": "MultiPolygon", "coordinates": [ [ [ [ 2542604.863264671526849, 1157781.026797719066963 ], [ 2542601.340030119288713, 1157828.719422586495057 ], [ 2542606.074219685979187, 1157949.383460051612929 ], [ 2542689.818411935120821, 1157952.418764712754637 ], [ 2542703.881974247284234, 1157775.144924317020923 ], [ 2542696.543427979573607, 1157658.563432554947212 ], [ 2542699.242503105197102, 1157549.334583199350163 ], [ 2542617.694924114271998, 1157548.879495554836467 ], [ 2542614.56188000086695, 1157676.722540489165112 ], [ 2542604.863264671526849, 1157781.026797719066963 ] ] ] ] } },
{ "type": "Feature", "properties": { "osm_id": 125964893, "name": null, "type": "farmyard", "area": 4259 }, "geometry": { "type": "MultiPolygon", "coordinates": [ [ [ [ 2540868.660776919685304, 1158528.683087609242648 ], [ 2540858.366847393102944, 1158490.741718853823841 ], [ 2540829.053889217786491, 1158484.03793037799187 ], [ 2540811.150579731911421, 1158486.115465528797358 ], [ 2540758.589238266460598, 1158498.418121171882376 ], [ 2540774.027853341773152, 1158520.82241249945946 ], [ 2540788.797383615747094, 1158535.251249894034117 ], [ 2540798.150414221920073, 1158539.161160139832646 ], [ 2540830.458301082719117, 1158534.74038732657209 ], [ 2540868.660776919685304, 1158528.683087609242648 ] ] ] ] } },
{ "type": "Feature", "properties": { "osm_id": 126303328, "name": null, "type": "farmland", "area": 29338 }, "geometry": { "type": "MultiPolygon", "coordinates": [ [ [ [ 2541524.457166057545692, 1158669.982794556301087 ], [ 2541523.288090171758085, 1158631.818033990217373 ], [ 2541512.903932557906955, 1158595.188281640177593 ], [ 2541497.914561471901834, 1158549.353994761127979 ], [ 2541475.403108978178352, 1158502.603656741324812 ], [ 2541447.806597297079861, 1158449.366140980506316 ], [ 2541397.458715307060629, 1158478.884239861741662 ], [ 2541428.380953828804195, 1158536.658207542030141 ], [ 2541380.951413288712502, 1158557.988019162323326 ], [ 2541455.403949815314263, 1158712.678585646441206 ], [ 2541478.665335276629776, 1158707.460166214965284 ], [ 2541494.807435311377048, 1158794.505413334583864 ], [ 2541500.314317191019654, 1158846.702155316015705 ], [ 2541562.151581992395222, 1158845.621750431600958 ], [ 2541526.624486998654902, 1158705.958878027042374 ], [ 2541521.473874983377755, 1158695.82578464387916 ], [ 2541524.457166057545692, 1158669.982794556301087 ] ] ] ] } },
{ "type": "Feature", "properties": { "osm_id": 126303336, "name": null, "type": "farmland", "area": 25823 }, "geometry": { "type": "MultiPolygon", "coordinates": [ [ [ [ 2541447.704272132366896, 1158849.105050160782412 ], [ 2541446.913188199512661, 1158845.021670502610505 ], [ 2541442.174111368134618, 1158820.499088042182848 ], [ 2541430.525406969711185, 1158783.136962928576395 ], [ 2541381.711355742998421, 1158660.925041573820636 ], [ 2541362.995489988941699, 1158623.732118225190789 ], [ 2541313.462640048936009, 1158647.817829245934263 ], [ 2541322.254848571494222, 1158665.774945896584541 ], [ 2541257.768547637853771, 1158696.37742672348395 ], [ 2541291.461620543617755, 1158778.770223028259352 ], [ 2541298.988839947618544, 1158807.701152489986271 ], [ 2541323.542636255268008, 1158854.753270665416494 ], [ 2541388.170058272778988, 1158846.595550376689062 ], [ 2541447.704272132366896, 1158849.105050160782412 ] ] ] ] } },
{ "type": "Feature", "properties": { "osm_id": 126303758, "name": null, "type": "meadow", "area": 71956 }, "geometry": { "type": "MultiPolygon", "coordinates": [ [ [ [ 2541856.923429173417389, 1160528.190631275298074 ], [ 2541893.070239559747279, 1160504.172152150189504 ], [ 2541884.734500759281218, 1160461.685448687290773 ], [ 2541873.132400429807603, 1160416.673460418358445 ], [ 2541854.040230190847069, 1160349.277498002629727 ], [ 2541774.920826332643628, 1160082.566911378875375 ], [ 2541736.536748132668436, 1159935.571005170233548 ], [ 2541747.421977637335658, 1159788.096892762929201 ], [ 2541720.489425493869931, 1159728.993002205621451 ], [ 2541722.006554222665727, 1159681.586022434057668 ], [ 2541711.044868889264762, 1159638.068933493457735 ], [ 2541708.526054874993861, 1159624.163657568162307 ], [ 2541697.453113043680787, 1159637.856329064583406 ], [ 2541559.905193897429854, 1159762.694181134691462 ], [ 2541588.127452753018588, 1159825.798092166427523 ], [ 2541607.76564184948802, 1159874.010896827327088 ], [ 2541682.810316601768136, 1159829.212934508686885 ], [ 2541718.445739024784416, 1159908.431927168741822 ], [ 2541718.125557102262974, 1160015.14820858463645 ], [ 2541751.017498287837952, 1160176.671794787282124 ], [ 2541754.640208807308227, 1160212.745018535293639 ], [ 2541732.671290302183479, 1160363.117171564837918 ], [ 2541689.180721945594996, 1160374.35658221389167 ], [ 2541856.923429173417389, 1160528.190631275298074 ] ] ] ] } },
{ "type": "Feature", "properties": { "osm_id": 126610061, "name": null, "type": "meadow", "area": 2610 }, "geometry": { "type": "MultiPolygon", "coordinates": [ [ [ [ 2538371.256644074805081, 1152924.980038452893496 ], [ 2538357.501573496032506, 1152924.565282643772662 ], [ 2538349.23357117222622, 1152899.52538849087432 ], [ 2538342.512463223189116, 1152881.662417183397338 ], [ 2538338.5432732058689, 1152870.252500737085938 ], [ 2538334.827114067506045, 1152871.535757269244641 ], [ 2538326.81745511200279, 1152848.505442762980238 ], [ 2538329.868380535393953, 1152847.451351835858077 ], [ 2538327.779539983253926, 1152836.077728828415275 ], [ 2538327.995317387394607, 1152826.448075864231214 ], [ 2538319.053383838385344, 1152828.474243727279827 ], [ 2538316.914710261859, 1152829.441155023872852 ], [ 2538315.377425874583423, 1152832.180634656455368 ], [ 2538315.230106248520315, 1152846.234205038053915 ], [ 2538314.79288287833333, 1152861.947204779600725 ], [ 2538314.157884264364839, 1152877.828992137685418 ], [ 2538313.623513085767627, 1152891.553022471722215 ], [ 2538316.024566059466451, 1152898.954618590418249 ], [ 2538314.156348650343716, 1152901.597441987833008 ], [ 2538316.82827635249123, 1152907.728904137155041 ], [ 2538334.178293426055461, 1152920.468924585031345 ], [ 2538342.482706496492028, 1152926.620413575088605 ], [ 2538373.808805427979678, 1152949.367087525315583 ], [ 2538374.515163021627814, 1152946.413802279392257 ], [ 2538375.494063516147435, 1152938.610651486786082 ], [ 2538370.609641292132437, 1152932.22392891603522 ], [ 2538370.858947993256152, 1152929.597728170221671 ], [ 2538371.256644074805081, 1152924.980038452893496 ] ] ] ] } },
{ "type": "Feature", "properties": { "osm_id": 126700182, "name": null, "type": "grass", "area": 1385 }, "geometry": { "type": "MultiPolygon", "coordinates": [ [ [ [ 2538626.673530696425587, 1153615.151897841133177 ], [ 2538620.287127016112208, 1153626.890131826279685 ], [ 2538624.580186375882477, 1153632.549361282028258 ], [ 2538609.370067552197725, 1153655.517124493839219 ], [ 2538624.852733314037323, 1153659.227695315843448 ], [ 2538643.833852689247578, 1153662.168844711268321 ], [ 2538645.704821133054793, 1153663.56161281443201 ], [ 2538652.102005925495178, 1153658.137826718157157 ], [ 2538651.928206308744848, 1153655.393669823650271 ], [ 2538650.536715224385262, 1153643.101213902700692 ], [ 2538650.266692038159817, 1153636.94508010474965 ], [ 2538650.432623381726444, 1153632.907866692868993 ], [ 2538650.194998492021114, 1153630.675749708665535 ], [ 2538649.689704353921115, 1153629.280151033541188 ], [ 2538648.890954005531967, 1153627.698557922849432 ], [ 2538647.457605306524783, 1153626.334671050542966 ], [ 2538645.888841324020177, 1153624.48301362991333 ], [ 2538644.019694964401424, 1153621.767288028961048 ], [ 2538641.238874032627791, 1153617.682349694427103 ], [ 2538637.788286758586764, 1153612.625945804640651 ], [ 2538635.684260467998683, 1153610.201667196117342 ], [ 2538634.650339788291603, 1153609.634137035114691 ], [ 2538633.507246722001582, 1153609.645813072100282 ], [ 2538632.208951010834426, 1153610.237165558384731 ], [ 2538630.502966188825667, 1153611.477476544678211 ], [ 2538626.673530696425587, 1153615.151897841133177 ] ] ] ] } },
{ "type": "Feature", "properties": { "osm_id": 126700204, "name": null, "type": "grass", "area": 942 }, "geometry": { "type": "MultiPolygon", "coordinates": [ [ [ [ 2538684.41983807971701, 1153613.906347474548966 ], [ 2538687.330583578906953, 1153609.674365295330063 ], [ 2538684.717446258757263, 1153607.733302171342075 ], [ 2538681.870416499208659, 1153595.655803573550656 ], [ 2538681.433373785112053, 1153588.167317731305957 ], [ 2538669.573809723835438, 1153605.675568009261042 ], [ 2538667.20606773532927, 1153609.735258400673047 ], [ 2538664.750716670881957, 1153612.728599549736828 ], [ 2538662.500054351054132, 1153616.23123997147195 ], [ 2538659.934398842975497, 1153619.692628861870617 ], [ 2538657.029961733613163, 1153621.534376782365143 ], [ 2538653.558905359357595, 1153622.737118304939941 ], [ 2538648.438377282582223, 1153623.200741139240563 ], [ 2538647.918335124850273, 1153624.117656698450446 ], [ 2538648.224457821343094, 1153624.792675595963374 ], [ 2538649.216090162284672, 1153625.727505261078477 ], [ 2538650.506626821123064, 1153627.381896333303303 ], [ 2538651.70333272125572, 1153629.6153367056977 ], [ 2538651.989484740421176, 1153632.091535113751888 ], [ 2538652.033413330093026, 1153636.393416655948386 ], [ 2538652.226443486753851, 1153641.772137477295473 ], [ 2538652.858377669006586, 1153649.558794162934646 ], [ 2538653.805124147329479, 1153658.120435555232689 ], [ 2538665.326252790633589, 1153673.611255077412352 ], [ 2538662.84298370918259, 1153664.098108808975667 ], [ 2538663.037537982221693, 1153642.573354951571673 ], [ 2538663.339139922056347, 1153637.545332080218941 ], [ 2538666.054934085346758, 1153630.002424393314868 ], [ 2538669.080418323166668, 1153624.235097585478798 ], [ 2538674.552378559950739, 1153619.865791804855689 ], [ 2538679.977782569359988, 1153619.954936001915485 ], [ 2538684.41983807971701, 1153613.906347474548966 ] ] ] ] } },
{ "type": "Feature", "properties": { "osm_id": 126700210, "name": null, "type": "grass", "area": 628 }, "geometry": { "type": "MultiPolygon", "coordinates": [ [ [ [ 2538680.495834572706372, 1153635.380226917564869 ], [ 2538689.509624548256397, 1153634.487798721063882 ], [ 2538693.263421781826764, 1153672.269972526235506 ], [ 2538712.168934953864664, 1153665.551321377512068 ], [ 2538709.650707069318742, 1153657.116874888073653 ], [ 2538699.374813222792, 1153638.833982588490471 ], [ 2538695.215632481966168, 1153637.26443867222406 ], [ 2538691.976406317669898, 1153634.117994029307738 ], [ 2538683.572618357371539, 1153624.865368759492412 ], [ 2538680.776315339840949, 1153623.771078816149384 ], [ 2538678.984643697738647, 1153624.133997181430459 ], [ 2538673.162408110685647, 1153634.776936803944409 ], [ 2538673.887339813169092, 1153635.892367069609463 ], [ 2538680.495834572706372, 1153635.380226917564869 ] ] ] ] } },
{ "type": "Feature", "properties": { "osm_id": 126700257, "name": null, "type": "grass", "area": 312 }, "geometry": { "type": "MultiPolygon", "coordinates": [ [ [ [ 2538688.771783377509564, 1153610.304450819501653 ], [ 2538681.458587487693876, 1153620.7069039598573 ], [ 2538683.471465670038015, 1153621.720252950675786 ], [ 2538690.682622029911727, 1153630.640417782124132 ], [ 2538696.222081999760121, 1153632.885136051801965 ], [ 2538702.766436852514744, 1153629.094121231231838 ], [ 2538702.566921268124133, 1153615.55549123743549 ], [ 2538693.935459750704467, 1153612.564119291491807 ], [ 2538688.771783377509564, 1153610.304450819501653 ] ] ] ] } },
{ "type": "Feature", "properties": { "osm_id": 126705437, "name": null, "type": "grass", "area": 345 }, "geometry": { "type": "MultiPolygon", "coordinates": [ [ [ [ 2538466.97718426771462, 1153324.515949926106259 ], [ 2538447.759690744336694, 1153301.611395733663812 ], [ 2538435.853550944942981, 1153305.579912989400327 ], [ 2538436.890983650460839, 1153310.227362000849098 ], [ 2538437.997204083949327, 1153313.35105892107822 ], [ 2538439.516010471154004, 1153316.303771537961438 ], [ 2538440.953196566086262, 1153318.779284028336406 ], [ 2538445.483071217313409, 1153316.809608221752569 ], [ 2538450.168542160652578, 1153317.295228521805257 ], [ 2538453.59246503515169, 1153319.717039774404839 ], [ 2538456.009769462514669, 1153323.49433744023554 ], [ 2538455.982808049768209, 1153328.352801269851625 ], [ 2538459.43553517665714, 1153327.594820339232683 ], [ 2538462.579328719526529, 1153326.639897217508405 ], [ 2538466.97718426771462, 1153324.515949926106259 ] ] ] ] } },
{ "type": "Feature", "properties": { "osm_id": 126705438, "name": null, "type": "grass", "area": 90 }, "geometry": { "type": "MultiPolygon", "coordinates": [ [ [ [ 2538473.608703031670302, 1153321.724337612744421 ], [ 2538477.191702165640891, 1153325.445237793726847 ], [ 2538489.582783446181566, 1153314.134529223898426 ], [ 2538490.266040164511651, 1153312.671189624583349 ], [ 2538489.816323282197118, 1153311.464026215719059 ], [ 2538488.643556347116828, 1153310.831239256309345 ], [ 2538485.790495339315385, 1153311.705351996002719 ], [ 2538481.125532316975296, 1153314.721391061320901 ], [ 2538473.608703031670302, 1153321.724337612744421 ] ] ] ] } },
{ "type": "Feature", "properties": { "osm_id": 128182382, "name": null, "type": "farmland", "area": 105383 }, "geometry": { "type": "MultiPolygon", "coordinates": [ [ [ [ 2543991.748302708379924, 1158003.819890918442979 ], [ 2543612.159490420483053, 1157849.144407624611631 ], [ 2543555.13660325249657, 1157823.532973675522953 ], [ 2543501.248683973681182, 1157792.178397040581331 ], [ 2543461.92357481457293, 1157763.633148158667609 ], [ 2543452.053682453464717, 1157756.066452994942665 ], [ 2543437.366137349978089, 1157757.983556950930506 ], [ 2543433.405467790085822, 1157764.024094327585772 ], [ 2543432.000067580491304, 1157773.542431757086888 ], [ 2543434.511032157577574, 1157784.524669385980815 ], [ 2543438.128492158371955, 1157803.089440583484247 ], [ 2543455.181692682672292, 1157876.512666231719777 ], [ 2543527.323385884054005, 1158174.271278330124915 ], [ 2543897.762169064488262, 1158049.921772904228419 ], [ 2543991.748302708379924, 1158003.819890918442979 ] ] ] ] } },
{ "type": "Feature", "properties": { "osm_id": 128182447, "name": null, "type": "meadow", "area": 55035 }, "geometry": { "type": "MultiPolygon", "coordinates": [ [ [ [ 2541455.445352351758629, 1158383.656228356761858 ], [ 2541407.218457832932472, 1158328.930338194128126 ], [ 2541349.096582164056599, 1158268.276026672217995 ], [ 2541337.102475945372134, 1158253.785346504300833 ], [ 2541329.676278327126056, 1158254.847346658352762 ], [ 2541311.240994253661484, 1158259.841265828581527 ], [ 2541296.197274810168892, 1158274.540661835111678 ], [ 2541393.354281812440604, 1158385.140378917800263 ], [ 2541320.039060499984771, 1158460.285686418181285 ], [ 2541187.348324301186949, 1158566.474263740237802 ], [ 2541205.149263186380267, 1158624.397912934189662 ], [ 2541207.195845238398761, 1158643.154672086704522 ], [ 2541220.825240293052047, 1158636.017408899730071 ], [ 2541224.652747961226851, 1158625.274148902390152 ], [ 2541209.897307987324893, 1158597.281235503731295 ], [ 2541236.617277573328465, 1158584.323849338572472 ], [ 2541255.872322144452482, 1158624.034694940317422 ], [ 2541292.084359722211957, 1158604.169877278618515 ], [ 2541313.462640048936009, 1158647.817829245934263 ], [ 2541362.995489988941699, 1158623.732118225190789 ], [ 2541381.711355742998421, 1158660.925041573820636 ], [ 2541430.525406969711185, 1158783.136962928576395 ], [ 2541442.174111368134618, 1158820.499088042182848 ], [ 2541446.913188199512661, 1158845.021670502610505 ], [ 2541447.704272132366896, 1158849.105050160782412 ], [ 2541500.314317191019654, 1158846.702155316015705 ], [ 2541494.807435311377048, 1158794.505413334583864 ], [ 2541478.665335276629776, 1158707.460166214965284 ], [ 2541455.403949815314263, 1158712.678585646441206 ], [ 2541380.951413288712502, 1158557.988019162323326 ], [ 2541428.380953828804195, 1158536.658207542030141 ], [ 2541397.458715307060629, 1158478.884239861741662 ], [ 2541447.806597297079861, 1158449.366140980506316 ], [ 2541440.886044766753912, 1158426.009903680067509 ], [ 2541439.021718199364841, 1158421.93699563597329 ], [ 2541454.120959224645048, 1158397.999097437597811 ], [ 2541455.445352351758629, 1158383.656228356761858 ] ] ] ] } },
{ "type": "Feature", "properties": { "osm_id": 128182486, "name": null, "type": "farmland", "area": 42687 }, "geometry": { "type": "MultiPolygon", "coordinates": [ [ [ [ 2541161.244653725065291, 1158656.37849489133805 ], [ 2541207.195845238398761, 1158643.154672086704522 ], [ 2541205.149263186380267, 1158624.397912934189662 ], [ 2541187.348324301186949, 1158566.474263740237802 ], [ 2541320.039060499984771, 1158460.285686418181285 ], [ 2541393.354281812440604, 1158385.140378917800263 ], [ 2541296.197274810168892, 1158274.540661835111678 ], [ 2541247.92312256898731, 1158339.7701189822983 ], [ 2541203.712269731797278, 1158379.857735360274091 ], [ 2541163.819351968355477, 1158409.897957236040384 ], [ 2541138.157098229508847, 1158436.185824289452285 ], [ 2541124.144783566240221, 1158462.159417863935232 ], [ 2541124.820142475888133, 1158489.589831902179867 ], [ 2541156.43367901770398, 1158640.294722544262186 ], [ 2541161.244653725065291, 1158656.37849489133805 ] ] ] ] } },
{ "type": "Feature", "properties": { "osm_id": 128223476, "name": null, "type": "meadow", "area": 5273 }, "geometry": { "type": "MultiPolygon", "coordinates": [ [ [ [ 2541848.794985972810537, 1157261.497218280332163 ], [ 2541823.73313198890537, 1157223.16369823878631 ], [ 2541815.391948448959738, 1157221.732604658231139 ], [ 2541759.726620586588979, 1157255.290105522843078 ], [ 2541786.958855894394219, 1157329.221490522613749 ], [ 2541825.729154587723315, 1157328.656699850223958 ], [ 2541811.4790870975703, 1157280.046335879480466 ], [ 2541848.794985972810537, 1157261.497218280332163 ] ] ] ] } },
{ "type": "Feature", "properties": { "osm_id": 128450076, "name": null, "type": "meadow", "area": 4691 }, "geometry": { "type": "MultiPolygon", "coordinates": [ [ [ [ 2538738.148659524973482, 1153763.428375880466774 ], [ 2538735.415013264399022, 1153761.699745808029547 ], [ 2538732.353565528057516, 1153760.930533264763653 ], [ 2538728.897276520729065, 1153760.565565940225497 ], [ 2538719.054347088560462, 1153761.388574729207903 ], [ 2538712.439150064252317, 1153762.734527157852426 ], [ 2538707.437593778129667, 1153764.319717559730634 ], [ 2538681.930423177778721, 1153774.429787386907265 ], [ 2538658.647584340069443, 1153783.716820483095944 ], [ 2538651.412893603090197, 1153786.003005038481206 ], [ 2538640.506883084774017, 1153789.405056739225984 ], [ 2538634.444311271887273, 1153790.767685416853055 ], [ 2538627.796434491872787, 1153791.913956875447184 ], [ 2538627.958759638480842, 1153815.313864406198263 ], [ 2538640.27421407122165, 1153813.198098099092022 ], [ 2538643.914625508245081, 1153821.076315813930705 ], [ 2538656.198205396998674, 1153818.093771213199943 ], [ 2538663.720241200178862, 1153838.694834793219343 ], [ 2538689.776565731037408, 1153843.331514647463337 ], [ 2538720.595274347811937, 1153791.355760348495096 ], [ 2538733.937907293904573, 1153768.829773248638958 ], [ 2538738.148659524973482, 1153763.428375880466774 ] ] ] ] } },
{ "type": "Feature", "properties": { "osm_id": 128450116, "name": null, "type": "residential", "area": 2005 }, "geometry": { "type": "MultiPolygon", "coordinates": [ [ [ [ 2538622.923190854955465, 1153333.659964706981555 ], [ 2538622.3122284905985, 1153251.321617367910221 ], [ 2538597.035209434572607, 1153251.868940211832523 ], [ 2538600.899417818989605, 1153337.92051450163126 ], [ 2538610.992912956979126, 1153336.77236234722659 ], [ 2538622.923190854955465, 1153333.659964706981555 ] ] ] ] } },
{ "type": "Feature", "properties": { "osm_id": 128450201, "name": null, "type": "grass", "area": 4710 }, "geometry": { "type": "MultiPolygon", "coordinates": [ [ [ [ 2538538.375752271618694, 1153636.710201679030433 ], [ 2538546.996095942333341, 1153634.109546171268448 ], [ 2538556.013967223931104, 1153635.117905905703083 ], [ 2538562.740721264388412, 1153639.418145738774911 ], [ 2538569.801837882958353, 1153641.902881289366633 ], [ 2538575.058389624580741, 1153642.738505176268518 ], [ 2538579.208564667962492, 1153642.673839740920812 ], [ 2538583.779777952004224, 1153641.015122872078791 ], [ 2538594.344580634031445, 1153628.978445991175249 ], [ 2538610.510461694095284, 1153621.453693324001506 ], [ 2538625.052826591767371, 1153592.445035914890468 ], [ 2538617.032222694717348, 1153577.907949672546238 ], [ 2538620.279712753370404, 1153565.334644972579554 ], [ 2538616.044031566008925, 1153563.04332309961319 ], [ 2538602.291493797674775, 1153556.724799142684788 ], [ 2538595.529606956522912, 1153554.248083444777876 ], [ 2538594.288246499374509, 1153554.405293918214738 ], [ 2538592.253673582337797, 1153555.026414692401886 ], [ 2538588.952335190959275, 1153557.072360567050055 ], [ 2538582.183609758503735, 1153562.933579484233633 ], [ 2538577.198228549677879, 1153565.363613454159349 ], [ 2538582.970374799799174, 1153576.099339130800217 ], [ 2538585.661452223546803, 1153586.410762968705967 ], [ 2538584.080424727406353, 1153593.119439268484712 ], [ 2538578.714094152674079, 1153594.308247682405636 ], [ 2538584.752106469124556, 1153606.286375715630129 ], [ 2538575.341798287350684, 1153611.174065556610003 ], [ 2538579.724524925462902, 1153620.34536086814478 ], [ 2538566.728755434975028, 1153627.248571247793734 ], [ 2538566.087509899400175, 1153626.065595130901784 ], [ 2538562.239593557082117, 1153627.928154142107815 ], [ 2538508.367550897412002, 1153597.640380735276267 ], [ 2538520.44219924043864, 1153591.446849823230878 ], [ 2538489.624577929731458, 1153576.020431274315342 ], [ 2538467.695939792320132, 1153579.735765489982441 ], [ 2538468.137838694266975, 1153583.177551495376974 ], [ 2538538.375752271618694, 1153636.710201679030433 ] ] ] ] } },
{ "type": "Feature", "properties": { "osm_id": 128541683, "name": null, "type": "residential", "area": 3819 }, "geometry": { "type": "MultiPolygon", "coordinates": [ [ [ [ 2538848.341309904120862, 1154655.934080478269607 ], [ 2538852.445751642808318, 1154661.995602734852582 ], [ 2538864.168972679879516, 1154680.2417776172515 ], [ 2538868.600175451487303, 1154694.293203886132687 ], [ 2538869.507151762489229, 1154715.573284240206704 ], [ 2538870.244747292250395, 1154723.22548275324516 ], [ 2538869.728457373101264, 1154726.765985588543117 ], [ 2538868.702644769567996, 1154733.757985482690856 ], [ 2538868.444296856876463, 1154743.799386586528271 ], [ 2538871.43979381211102, 1154744.169117875397205 ], [ 2538870.746747225522995, 1154751.446776458295062 ], [ 2538877.899551715236157, 1154763.836293533444405 ], [ 2538888.722589869052172, 1154769.029042600188404 ], [ 2538895.866001661866903, 1154769.189829303883016 ], [ 2538903.196271611843258, 1154767.358756976434961 ], [ 2538906.149487252347171, 1154764.327092719031498 ], [ 2538903.522384571842849, 1154763.219866305589676 ], [ 2538901.545864296145737, 1154755.936014374019578 ], [ 2538903.00457400130108, 1154737.199924441520125 ], [ 2538897.172425391152501, 1154660.828959963517264 ], [ 2538860.637616120278835, 1154649.839009065181017 ], [ 2538848.341309904120862, 1154655.934080478269607 ] ] ] ] } },
{ "type": "Feature", "properties": { "osm_id": 128541705, "name": null, "type": "residential", "area": 359970 }, "geometry": { "type": "MultiPolygon", "coordinates": [ [ [ [ 2538907.471531647723168, 1154775.897698999382555 ], [ 2538911.163335192017257, 1154782.130214176606387 ], [ 2538913.51922156335786, 1154781.461460778256878 ], [ 2538917.552832924760878, 1154784.344246572349221 ], [ 2538922.052937050815672, 1154790.857593983178958 ], [ 2538928.69640693673864, 1154796.926700710318983 ], [ 2538932.792177489027381, 1154812.715855923248455 ], [ 2538931.679714332800359, 1154815.717674975050613 ], [ 2538933.284771686419845, 1154818.914208052447066 ], [ 2538932.895133055746555, 1154822.842517368029803 ], [ 2538935.331677649635822, 1154823.318017022684216 ], [ 2538939.844449944328517, 1154822.027021281886846 ], [ 2538943.776826625689864, 1154824.01036567077972 ], [ 2538948.711361904162914, 1154823.45993729471229 ], [ 2538951.116722431499511, 1154820.867431670194492 ], [ 2538956.544854616746306, 1154819.822839141124859 ], [ 2538959.164986285381019, 1154817.228154107928276 ], [ 2538966.139992375392467, 1154813.655378615483642 ], [ 2538971.729891028255224, 1154821.736321745673195 ], [ 2538978.321780759841204, 1154822.736594316083938 ], [ 2538983.310107985511422, 1154800.296014908934012 ], [ 2538992.627891790587455, 1154801.55765878665261 ], [ 2538992.607755953911692, 1154819.211868691956624 ], [ 2539003.608548851683736, 1154819.266902354778722 ], [ 2539017.597931198310107, 1154823.549474510364234 ], [ 2539033.138360059820116, 1154824.959232787135988 ], [ 2539048.796769897919148, 1154837.9963528807275 ], [ 2539073.891578591894358, 1154851.149014193564653 ], [ 2539076.258823595009744, 1154856.138828657800332 ], [ 2539075.288081467151642, 1154859.506048402749002 ], [ 2539072.429249898064882, 1154859.746272174175829 ], [ 2539068.772838069591671, 1154858.493775453651324 ], [ 2539066.829785370267928, 1154865.072593722492456 ], [ 2539067.954239890910685, 1154870.052778421901166 ], [ 2539070.419733671471477, 1154873.385141442995518 ], [ 2539073.017102433368564, 1154871.568936254130676 ], [ 2539077.432396444026381, 1154873.525234567467123 ], [ 2539077.910406172275543, 1154878.300752382259816 ], [ 2539081.367601978592575, 1154880.333474146435037 ], [ 2539082.637359062209725, 1154878.464035359676927 ], [ 2539086.982846964616328, 1154876.563404308399186 ], [ 2539091.023908727802336, 1154873.387393478071317 ], [ 2539106.991677260957658, 1154839.785165380686522 ], [ 2539125.506104762200266, 1154845.511810103198513 ], [ 2539118.577986387070268, 1154867.338252081535757 ], [ 2539123.13309752382338, 1154872.494900009827688 ], [ 2539139.350892338901758, 1154877.177619210444391 ], [ 2539139.888422797899693, 1154881.01869948906824 ], [ 2539145.881656544748694, 1154878.968010109150782 ], [ 2539150.902749710250646, 1154880.907107340870425 ], [ 2539151.825430711731315, 1154887.178938123164698 ], [ 2539164.258862541057169, 1154885.552181845530868 ], [ 2539170.226620647590607, 1154888.560068471357226 ], [ 2539176.984763450920582, 1154884.778508625924587 ], [ 2539184.002307295799255, 1154892.978594745742157 ], [ 2539189.357192045543343, 1154877.882903145626187 ], [ 2539196.891266300808638, 1154879.518668948905542 ], [ 2539202.961746315937489, 1154879.034769791178405 ], [ 2539205.074897175189108, 1154882.426339299185202 ], [ 2539212.987099633086473, 1154886.559651747345924 ], [ 2539218.31894120387733, 1154883.581889516208321 ], [ 2539227.087263803463429, 1154887.417511695064604 ], [ 2539230.304109869990498, 1154894.511043566279113 ], [ 2539225.362889431416988, 1154901.220197810558602 ], [ 2539243.520983097609133, 1154901.325541854836047 ], [ 2539279.896175275556743, 1154892.197411214699969 ], [ 2539344.144509162288159, 1154883.521690542111173 ], [ 2539380.542210655752569, 1154875.839170252671465 ], [ 2539426.530370708554983, 1154861.478808468207717 ], [ 2539468.726188484579325, 1154843.766295020002872 ], [ 2539497.017217592801899, 1154830.107354033272713 ], [ 2539533.819516225252301, 1154809.225667594699189 ], [ 2539558.98816717043519, 1154790.173299465095624 ], [ 2539574.913761648349464, 1154781.074902134016156 ], [ 2539593.01532481610775, 1154760.270569887710735 ], [ 2539598.420962214935571, 1154751.633791398955509 ], [ 2539602.543883489444852, 1154742.832041988382116 ], [ 2539605.611120505258441, 1154730.505665947450325 ], [ 2539607.531423207372427, 1154717.023525733500719 ], [ 2539607.941624435596168, 1154700.599415289238095 ], [ 2539610.063444513361901, 1154684.269267453113571 ], [ 2539614.754661624319851, 1154672.471308570122346 ], [ 2539622.40742442663759, 1154659.954322430538014 ], [ 2539643.424216838087887, 1154644.457062795292586 ], [ 2539654.095652318093926, 1154636.134291371097788 ], [ 2539657.925800413358957, 1154629.481127256760374 ], [ 2539657.339607584290206, 1154616.946906394790858 ], [ 2539629.010935048107058, 1154576.6207268408034 ], [ 2539610.146635619923472, 1154551.385502944001928 ], [ 2539585.074736323673278, 1154513.817180728539824 ], [ 2539563.093755821697414, 1154484.600168891251087 ], [ 2539544.532663137186319, 1154451.435589202446863 ], [ 2539532.544560170266777, 1154427.287582218414173 ], [ 2539505.402207764796913, 1154383.047920288983732 ], [ 2539477.26202240632847, 1154334.227060604374856 ], [ 2539459.747417481616139, 1154307.555707364343107 ], [ 2539436.375783894676715, 1154274.462171116378158 ], [ 2539410.323404519353062, 1154244.108339714119211 ], [ 2539381.505452742800117, 1154210.369569884147495 ], [ 2539362.394209815654904, 1154189.00635582767427 ], [ 2539356.167797225993127, 1154180.953711445676163 ], [ 2539349.317252349574119, 1154169.594472542405128 ], [ 2539338.372770644724369, 1154150.161082400707528 ], [ 2539332.476367168594152, 1154139.848353699315339 ], [ 2539317.833101922646165, 1154105.144078687299043 ], [ 2539300.610396115109324, 1154049.032089700456709 ], [ 2539289.119298368226737, 1154011.227706699166447 ], [ 2539276.513464481104165, 1153967.898285923991352 ], [ 2539273.437416899483651, 1153955.800599757581949 ], [ 2539272.525236267596483, 1153924.003734487574548 ], [ 2539233.171086356975138, 1153925.913615388795733 ], [ 2539233.130154763348401, 1153965.857851838227361 ], [ 2539227.530820719432086, 1153981.912034230306745 ], [ 2539230.731293276418, 1154013.885855469387025 ], [ 2539228.273335168603808, 1154034.83314658049494 ], [ 2539217.485128073953092, 1154056.687387390760705 ], [ 2539213.904456474352628, 1154069.030274389078841 ], [ 2539225.689875818789005, 1154097.21522863721475 ], [ 2539209.742167626041919, 1154115.630908661289141 ], [ 2539208.697474098298699, 1154133.695690339431167 ], [ 2539161.873046472668648, 1154163.707926700124517 ], [ 2539159.407068449538201, 1154183.832664374727756 ], [ 2539136.475460363086313, 1154195.137617910280824 ], [ 2539137.355161359068006, 1154221.387356530642137 ], [ 2539133.132713440805674, 1154251.379676918266341 ], [ 2539156.661063821520656, 1154258.111759168328717 ], [ 2539157.714461394585669, 1154281.069071955513209 ], [ 2539139.653346499428153, 1154305.865348751889542 ], [ 2539108.458973199594766, 1154372.32838345062919 ], [ 2539091.53198900539428, 1154457.479319110745564 ], [ 2539059.054066106211394, 1154508.447248231386766 ], [ 2539037.632944046054035, 1154492.322429433697835 ], [ 2539025.780701724812388, 1154500.647168913623318 ], [ 2539015.816064435988665, 1154540.747759499587119 ], [ 2538988.614338813349605, 1154571.807321682106704 ], [ 2538961.129755163099617, 1154578.023096102988347 ], [ 2538953.237653656397015, 1154591.021404936211184 ], [ 2538953.798975237645209, 1154665.878464495297521 ], [ 2538967.588929338846356, 1154666.349774640519172 ], [ 2538977.999970697797835, 1154678.550664103124291 ], [ 2538998.039639072027057, 1154686.351448068628088 ], [ 2539021.159336940385401, 1154687.739796384004876 ], [ 2539020.495873460080475, 1154693.41626847628504 ], [ 2539021.262470257468522, 1154695.631912173703313 ], [ 2539023.438491602893919, 1154696.132327011087909 ], [ 2539029.363630970939994, 1154694.915999217890203 ], [ 2539034.343510400038213, 1154693.531397222541273 ], [ 2539040.515797214116901, 1154690.967399230226874 ], [ 2539042.736373217310756, 1154689.810916465707123 ], [ 2539046.421881529502571, 1154687.872486705891788 ], [ 2539051.668431338388473, 1154684.03942445688881 ], [ 2539085.553698046598583, 1154657.726078674430028 ], [ 2539103.402464033570141, 1154643.893264323007315 ], [ 2539165.497141821309924, 1154595.782808904768899 ], [ 2539169.382196012884378, 1154593.08646994875744 ], [ 2539186.727982618380338, 1154581.059975456912071 ], [ 2539196.929861452430487, 1154573.385935192462057 ], [ 2539201.349313851445913, 1154569.672549271490425 ], [ 2539205.834030935075134, 1154559.521689829649404 ], [ 2539219.872634156607091, 1154566.350060323486105 ], [ 2539220.973102957010269, 1154575.032517978455871 ], [ 2539230.819605585653335, 1154585.305173292988911 ], [ 2539238.312794285826385, 1154599.548228984465823 ], [ 2539226.76245472766459, 1154604.356506296433508 ], [ 2539218.116818221285939, 1154607.378906602971256 ], [ 2539207.33722737012431, 1154597.382526663830504 ], [ 2539187.177580772899091, 1154596.674987183418125 ], [ 2539176.247765312436968, 1154602.911189046222717 ], [ 2539172.621710295323282, 1154605.427026801742613 ], [ 2539110.786069233901799, 1154653.356909410795197 ], [ 2539092.937315010465682, 1154667.189701909665018 ], [ 2539058.914905902463943, 1154693.593334855046123 ], [ 2539052.815593871288002, 1154698.057602724293247 ], [ 2539048.336431589908898, 1154700.404298768145964 ], [ 2539045.643002638593316, 1154701.832389032235369 ], [ 2539038.278885634616017, 1154704.875397191615775 ], [ 2539032.189857935532928, 1154706.571416382677853 ], [ 2539025.001489006448537, 1154708.034024511696771 ], [ 2539017.365642962045968, 1154708.489525375887752 ], [ 2539000.548022455535829, 1154707.492991768755019 ], [ 2538998.699012854136527, 1154707.467300844145939 ], [ 2538996.395477655809373, 1154714.049802619032562 ], [ 2538983.605879475362599, 1154718.404217880917713 ], [ 2538972.302784579340369, 1154724.099847464123741 ], [ 2538970.315266282763332, 1154733.091566495830193 ], [ 2538958.516306392848492, 1154743.583744597155601 ], [ 2538959.468069097027183, 1154748.921413041418418 ], [ 2538958.737017115578055, 1154756.243915188126266 ], [ 2538949.611390111036599, 1154756.536768526770175 ], [ 2538943.751292009837925, 1154757.352297794772312 ], [ 2538936.039036558009684, 1154751.79431056138128 ], [ 2538931.942030567675829, 1154749.468013436766341 ], [ 2538924.379999998025596, 1154760.195113233057782 ], [ 2538920.055793074890971, 1154767.209526097401977 ], [ 2538917.809239071793854, 1154769.578086394583806 ], [ 2538912.375048845540732, 1154773.80227515893057 ], [ 2538907.471531647723168, 1154775.897698999382555 ] ] ] ] } },
{ "type": "Feature", "properties": { "osm_id": 128551736, "name": null, "type": "residential", "area": 1241 }, "geometry": { "type": "MultiPolygon", "coordinates": [ [ [ [ 2538504.980981350876391, 1152898.663077584234998 ], [ 2538506.823852640110999, 1152906.281685787485912 ], [ 2538514.062384495511651, 1152932.766434469027445 ], [ 2538517.716304164845496, 1152947.147963298019022 ], [ 2538520.337451284285635, 1152949.088874807115644 ], [ 2538525.317997503560036, 1152949.137969027506188 ], [ 2538528.620964139234275, 1152947.970228634774685 ], [ 2538534.223892871756107, 1152932.348925398429856 ], [ 2538542.235583570320159, 1152907.653644938953221 ], [ 2538543.221597020979971, 1152904.275069027440622 ], [ 2538510.961433014832437, 1152895.188913285499439 ], [ 2538504.980981350876391, 1152898.663077584234998 ] ] ] ] } },
{ "type": "Feature", "properties": { "osm_id": 128570136, "name": null, "type": "industrial", "area": 59678 }, "geometry": { "type": "MultiPolygon", "coordinates": [ [ [ [ 2536813.526792934164405, 1152784.796411074697971 ], [ 2536900.391488656867296, 1152781.760221049888059 ], [ 2536938.589074159041047, 1152780.114099363796413 ], [ 2536938.586687459144741, 1152778.42431603744626 ], [ 2536994.989688021596521, 1152775.642558575840667 ], [ 2537018.694070036523044, 1152774.949367149267346 ], [ 2537057.541597492061555, 1152773.808578379452229 ], [ 2537101.088627441320568, 1152772.240861794911325 ], [ 2537138.79536753706634, 1152769.878535323077813 ], [ 2537136.860086743254215, 1152741.127580805914477 ], [ 2537246.55793557362631, 1152728.841551651014015 ], [ 2537245.976076540537179, 1152720.88774595502764 ], [ 2537258.646739755757153, 1152718.80992922722362 ], [ 2537257.556774723809212, 1152701.878767677815631 ], [ 2537253.683457500301301, 1152702.063735959352925 ], [ 2537253.502732843160629, 1152698.719359813490883 ], [ 2537264.334134054370224, 1152697.605720191961154 ], [ 2537271.54115916788578, 1152694.795659275259823 ], [ 2537271.918519322294742, 1152683.163177276263013 ], [ 2537261.67411699751392, 1152661.858492286410183 ], [ 2537261.801914819516242, 1152653.519292765296996 ], [ 2537249.256569346413016, 1152632.338706998853013 ], [ 2537222.803583558183163, 1152636.628305429592729 ], [ 2537217.912913583219051, 1152642.271330688148737 ], [ 2537188.058099713176489, 1152640.459957006620243 ], [ 2537187.740000782068819, 1152622.509077016962692 ], [ 2537134.531532688532025, 1152623.443492976948619 ], [ 2537134.861652472056448, 1152642.5281959453132 ], [ 2537132.356668985914439, 1152647.345897833816707 ], [ 2537124.807592477183789, 1152644.601126537425444 ], [ 2537124.583339969627559, 1152623.169596081599593 ], [ 2537031.696680852677673, 1152626.621375019894913 ], [ 2537029.595787954516709, 1152626.787913943640888 ], [ 2537002.428308776114136, 1152627.328370664501563 ], [ 2536989.315353788435459, 1152627.488095298875123 ], [ 2536975.123418422881514, 1152627.937094295863062 ], [ 2536955.308329700026661, 1152628.556292869849131 ], [ 2536908.367092967964709, 1152630.727666198043153 ], [ 2536902.137889645062387, 1152630.915362490341067 ], [ 2536893.048287006095052, 1152631.288745214464143 ], [ 2536875.344928220845759, 1152632.041670209495351 ], [ 2536860.939683387521654, 1152632.637702693231404 ], [ 2536854.640725034289062, 1152632.759478179272264 ], [ 2536854.499727140180767, 1152633.21676347986795 ], [ 2536842.210601737257093, 1152633.634963537799194 ], [ 2536832.7303158021532, 1152654.51259009167552 ], [ 2536823.205151670612395, 1152676.224491450702772 ], [ 2536820.066072773188353, 1152696.613020105054602 ], [ 2536814.720643511041999, 1152715.890800349647179 ], [ 2536812.923119162674993, 1152763.146526066586375 ], [ 2536813.526792934164405, 1152784.796411074697971 ] ] ] ] } },
{ "type": "Feature", "properties": { "osm_id": 128570142, "name": null, "type": "residential", "area": 924 }, "geometry": { "type": "MultiPolygon", "coordinates": [ [ [ [ 2537087.669965611770749, 1152798.873527518939227 ], [ 2537066.45921591995284, 1152799.529213010333478 ], [ 2537048.382429388351738, 1152804.876931394916028 ], [ 2537049.792685530148447, 1152809.842643745243549 ], [ 2537052.517016125377268, 1152817.918511548312381 ], [ 2537056.294654473196715, 1152829.118385299574584 ], [ 2537077.499283026438206, 1152822.025892532430589 ], [ 2537090.414367103949189, 1152817.666141760535538 ], [ 2537093.741891989484429, 1152815.930379423312843 ], [ 2537087.669965611770749, 1152798.873527518939227 ] ] ] ] } },
{ "type": "Feature", "properties": { "osm_id": 128570382, "name": null, "type": "residential", "area": 5001 }, "geometry": { "type": "MultiPolygon", "coordinates": [ [ [ [ 2539667.616543752606958, 1154724.379561679903418 ], [ 2539686.676267466042191, 1154719.496723492396995 ], [ 2539746.188628764357418, 1154686.593095353338867 ], [ 2539723.954017136245966, 1154679.356592995580286 ], [ 2539694.671100417617708, 1154660.051039243582636 ], [ 2539675.771468926686794, 1154654.15975447720848 ], [ 2539661.675213884096593, 1154656.791573893511668 ], [ 2539636.656067322939634, 1154675.541837618453428 ], [ 2539630.74120622780174, 1154693.822240647161379 ], [ 2539632.583311791997403, 1154711.479946692474186 ], [ 2539646.832109721377492, 1154724.043626894010231 ], [ 2539667.616543752606958, 1154724.379561679903418 ] ] ] ] } },
{ "type": "Feature", "properties": { "osm_id": 128762349, "name": null, "type": "residential", "area": 83339 }, "geometry": { "type": "MultiPolygon", "coordinates": [ [ [ [ 2539562.405085270293057, 1153113.577645341865718 ], [ 2539556.496005646884441, 1153105.87734457384795 ], [ 2539556.13848984008655, 1153105.425139659550041 ], [ 2539540.241968241985887, 1153085.829974643420428 ], [ 2539525.028528447728604, 1153066.261326582171023 ], [ 2539510.804951883852482, 1153048.228029154241085 ], [ 2539509.306231372524053, 1153049.510468966094777 ], [ 2539508.235565872397274, 1153048.342834496870637 ], [ 2539495.197828706353903, 1153030.731201538583264 ], [ 2539494.505073379725218, 1153028.992791019845754 ], [ 2539493.969797795638442, 1153027.653010762296617 ], [ 2539481.530096418224275, 1153010.002032910240814 ], [ 2539477.287667565979064, 1152999.427922901464626 ], [ 2539477.360322458203882, 1152993.690760415513068 ], [ 2539471.366979204118252, 1152975.363429588964209 ], [ 2539468.119932388421148, 1152963.0561456263531 ], [ 2539461.602788756135851, 1152929.303547645686194 ], [ 2539458.880351692438126, 1152915.756983081344515 ], [ 2539458.017151147592813, 1152911.574529071804136 ], [ 2539457.854961400385946, 1152910.709028486628085 ], [ 2539456.627447945065796, 1152904.640336302574724 ], [ 2539456.336838568095118, 1152902.453193268273026 ], [ 2539455.894679554272443, 1152898.933523734798655 ], [ 2539454.607461246661842, 1152894.555234826169908 ], [ 2539450.006518648471683, 1152872.022741835331544 ], [ 2539449.325546950101852, 1152867.649461679160595 ], [ 2539446.021709735505283, 1152846.67141299857758 ], [ 2539439.243146476801485, 1152823.549433512846008 ], [ 2539438.536853309255093, 1152821.23307575029321 ], [ 2539437.815886327531189, 1152818.983568649739027 ], [ 2539431.823556265793741, 1152803.06867907801643 ], [ 2539424.09383702930063, 1152787.604878308484331 ], [ 2539421.126562046352774, 1152783.276885713450611 ], [ 2539418.393054109066725, 1152779.302285196026787 ], [ 2539414.553238971158862, 1152772.915310209849849 ], [ 2539412.205218779854476, 1152769.88178012566641 ], [ 2539404.616533807944506, 1152760.041841101134196 ], [ 2539401.668563717510551, 1152756.869843036402017 ], [ 2539386.695789452176541, 1152740.745412922697142 ], [ 2539385.314879161305726, 1152739.258533099899068 ], [ 2539376.176300987135619, 1152729.445381985744461 ], [ 2539375.478114378638566, 1152728.696462670108303 ], [ 2539357.662766105961055, 1152709.977145902812481 ], [ 2539330.329986588098109, 1152681.948893082328141 ], [ 2539291.731039866339415, 1152640.927500317804515 ], [ 2539249.096923236269504, 1152599.324588325805962 ], [ 2539240.170001922640949, 1152590.754617074737325 ], [ 2539237.338640899397433, 1152590.783248340710998 ], [ 2539228.970277747139335, 1152596.470905215712264 ], [ 2539228.033602866809815, 1152599.45976582262665 ], [ 2539228.569620634894818, 1152604.657154991058633 ], [ 2539231.089300876948982, 1152610.99066221434623 ], [ 2539232.566739212255925, 1152612.910098554100841 ], [ 2539236.172192629892379, 1152615.063708649016917 ], [ 2539247.091396438889205, 1152653.707563075236976 ], [ 2539259.524505260866135, 1152692.580708994762972 ], [ 2539266.924874769058079, 1152714.884658521972597 ], [ 2539274.388943091500551, 1152732.107451002812013 ], [ 2539283.481646520551294, 1152761.664910705992952 ], [ 2539291.443204093258828, 1152786.364515551598743 ], [ 2539296.158905507531017, 1152801.202689349185675 ], [ 2539300.527773790992796, 1152815.132766998838633 ], [ 2539302.470152107998729, 1152821.305378419579938 ], [ 2539308.512924619484693, 1152836.863885290687904 ], [ 2539309.790791813284159, 1152841.06436461978592 ], [ 2539315.190400400664657, 1152858.285824730060995 ], [ 2539324.256496466230601, 1152884.486243502935395 ], [ 2539335.425283664371818, 1152916.790975732030347 ], [ 2539342.550410424824804, 1152936.207343810936436 ], [ 2539350.158374868799001, 1152956.330341525143012 ], [ 2539354.218607559800148, 1152970.875013562850654 ], [ 2539361.684059143532068, 1152993.6119859975297 ], [ 2539363.418172148987651, 1152997.40765551594086 ], [ 2539369.054289487656206, 1153015.282685152022168 ], [ 2539370.283979872707278, 1153020.039518799167126 ], [ 2539370.060131155420095, 1153023.710425847675651 ], [ 2539373.620868253987283, 1153032.868349844589829 ], [ 2539377.701251193415374, 1153050.180995610542595 ], [ 2539382.460107361432165, 1153055.647070636507124 ], [ 2539378.598809847142547, 1153057.764929454075173 ], [ 2539379.141791950445622, 1153068.231773958774284 ], [ 2539379.057165910489857, 1153072.012447165790945 ], [ 2539378.984744525980204, 1153075.481717999558896 ], [ 2539378.937675268854946, 1153077.661147608887404 ], [ 2539378.853722552303225, 1153081.508516740053892 ], [ 2539398.176093689166009, 1153100.646254295250401 ], [ 2539406.229010374750942, 1153108.624942290131003 ], [ 2539415.227465637028217, 1153117.539061048300937 ], [ 2539421.776662321295589, 1153125.544049897929654 ], [ 2539424.679134554229677, 1153128.02725399308838 ], [ 2539417.886320366989821, 1153133.909995543304831 ], [ 2539416.620726559776813, 1153135.47915322240442 ], [ 2539397.06385844387114, 1153151.651682760100812 ], [ 2539382.774725107941777, 1153158.321578695205972 ], [ 2539383.638535234611481, 1153186.139005410252139 ], [ 2539383.906670889351517, 1153194.46302024833858 ], [ 2539384.126583041157573, 1153210.93636793573387 ], [ 2539384.581288324669003, 1153238.513346247142181 ], [ 2539385.917437866330147, 1153256.109378495253623 ], [ 2539394.052224279381335, 1153265.376808353699744 ], [ 2539418.065773631911725, 1153271.938294558087364 ], [ 2539436.061623245012015, 1153274.491670412942767 ], [ 2539442.171714142430574, 1153274.730242661666125 ], [ 2539459.250630908645689, 1153273.857741383137181 ], [ 2539477.751660209614784, 1153269.435720137320459 ], [ 2539498.791528054047376, 1153258.062226870795712 ], [ 2539508.600692017469555, 1153252.271493307780474 ], [ 2539527.640526742208749, 1153235.048403594642878 ], [ 2539544.153544890228659, 1153218.339953837217763 ], [ 2539577.745484470855445, 1153184.706277060322464 ], [ 2539598.364178183022887, 1153164.21022386290133 ], [ 2539595.417320985812694, 1153159.592897519702092 ], [ 2539584.973088147118688, 1153145.745935325743631 ], [ 2539566.605597881134599, 1153122.2956774297636 ], [ 2539568.234854438807815, 1153121.023055924801156 ], [ 2539562.405085270293057, 1153113.577645341865718 ] ] ] ] } },
{ "type": "Feature", "properties": { "osm_id": 130541803, "name": null, "type": "residential", "area": 9163 }, "geometry": { "type": "MultiPolygon", "coordinates": [ [ [ [ 2538095.081980952527374, 1152361.912312872707844 ], [ 2538072.611078094691038, 1152364.80084369936958 ], [ 2538068.993608811404556, 1152365.260576349217445 ], [ 2538067.355979457497597, 1152365.711022730683908 ], [ 2537995.480315528810024, 1152376.924584544962272 ], [ 2537990.358335720840842, 1152378.833999932045117 ], [ 2537958.823598266113549, 1152386.107712261844426 ], [ 2537952.31607776787132, 1152387.609014259185642 ], [ 2537954.735259099397808, 1152393.731812996789813 ], [ 2537921.377097788266838, 1152403.514789873268455 ], [ 2537925.708198614884168, 1152421.624336749082431 ], [ 2537924.183742064516991, 1152421.884661904070526 ], [ 2537923.727708905003965, 1152422.311824248172343 ], [ 2537907.474276869557798, 1152424.569774527335539 ], [ 2537908.054135053418577, 1152428.699358918471262 ], [ 2537906.322272961493582, 1152428.939597489777952 ], [ 2537901.843288360629231, 1152429.94195635151118 ], [ 2537877.214778020046651, 1152434.910189024172723 ], [ 2537878.791532301809639, 1152443.420735356630757 ], [ 2537855.823648487217724, 1152446.448623597389087 ], [ 2537856.747917387168854, 1152453.453981187194586 ], [ 2537879.723448063246906, 1152450.426017143530771 ], [ 2537884.192697776015848, 1152449.968482143478468 ], [ 2537884.262931550852954, 1152450.823775961762294 ], [ 2537906.38126381020993, 1152448.016000633127987 ], [ 2537908.982035128865391, 1152447.944657770218328 ], [ 2537926.959474250208586, 1152445.435441732173786 ], [ 2537931.214453981257975, 1152445.035740844206885 ], [ 2537950.062052633147687, 1152441.328072037780657 ], [ 2537953.150701712816954, 1152440.940430525224656 ], [ 2537964.307569474447519, 1152438.590694162063301 ], [ 2537968.781294032465667, 1152437.821896054549143 ], [ 2537988.144205803982913, 1152434.965047135017812 ], [ 2537999.014445415232331, 1152433.096370298648253 ], [ 2537998.120860210154206, 1152429.792683096136898 ], [ 2538012.93036826653406, 1152419.234253397211432 ], [ 2538040.568487348034978, 1152416.614612532546744 ], [ 2538054.156508301384747, 1152417.085963510675356 ], [ 2538061.60314821684733, 1152417.353833418572322 ], [ 2538064.644748450256884, 1152417.611528257839382 ], [ 2538066.119855373166502, 1152418.519046803470701 ], [ 2538077.698692563455552, 1152400.512243702309206 ], [ 2538081.551718181930482, 1152396.10350528289564 ], [ 2538082.481792644131929, 1152396.249561581062153 ], [ 2538083.093596002552658, 1152396.043149090139195 ], [ 2538083.808015238959342, 1152395.368759585311636 ], [ 2538099.693303022533655, 1152373.749027919955552 ], [ 2538098.89024593681097, 1152368.054209461668506 ], [ 2538098.409579248633236, 1152364.601731572300196 ], [ 2538095.081980952527374, 1152361.912312872707844 ] ] ] ] } },
{ "type": "Feature", "properties": { "osm_id": 130542714, "name": null, "type": "residential", "area": 34451 }, "geometry": { "type": "MultiPolygon", "coordinates": [ [ [ [ 2538723.42553336173296, 1152276.718282712390646 ], [ 2538761.663453654386103, 1152256.851279633818194 ], [ 2538747.118675556499511, 1152229.551344022387639 ], [ 2538744.564188950229436, 1152224.385686539113522 ], [ 2538729.397765634115785, 1152198.60405826033093 ], [ 2538726.098473273217678, 1152176.092172566102818 ], [ 2538697.169422587379813, 1152123.013910656794906 ], [ 2538685.526251753792167, 1152099.597747182706371 ], [ 2538682.003909472376108, 1152097.365794494748116 ], [ 2538678.424264365341514, 1152097.791421269532293 ], [ 2538643.300237744115293, 1152118.294177237199619 ], [ 2538623.363935584202409, 1152131.260227226652205 ], [ 2538609.080219637602568, 1152140.121960405725986 ], [ 2538601.720473865047097, 1152144.632885991595685 ], [ 2538587.710913403425366, 1152153.28064405801706 ], [ 2538579.062766060233116, 1152158.627432241104543 ], [ 2538564.458874858915806, 1152168.437501087319106 ], [ 2538510.905478462576866, 1152199.801923942519352 ], [ 2538509.533433111850172, 1152197.71482642297633 ], [ 2538473.175757020711899, 1152219.042762246448547 ], [ 2538469.98518715845421, 1152216.985410584136844 ], [ 2538467.578265722841024, 1152218.010597951244563 ], [ 2538468.697796412277967, 1152221.667786797974259 ], [ 2538480.117301282472908, 1152240.416633883491158 ], [ 2538483.54156992258504, 1152246.56270165508613 ], [ 2538485.994943998288363, 1152247.827173510799184 ], [ 2538488.940495017450303, 1152248.441814845427871 ], [ 2538510.287354587577283, 1152243.643084195209667 ], [ 2538535.279166627675295, 1152238.807146017206833 ], [ 2538558.568632964044809, 1152234.099888989236206 ], [ 2538562.576365380547941, 1152235.770950205391273 ], [ 2538582.602897434029728, 1152224.171177758369595 ], [ 2538597.431160326115787, 1152245.342289955122396 ], [ 2538607.003831241745502, 1152239.608099020319059 ], [ 2538619.07667522225529, 1152223.943025579210371 ], [ 2538634.488087156787515, 1152246.620200277073309 ], [ 2538639.446867837570608, 1152258.009085240308195 ], [ 2538647.457220401149243, 1152269.878204790409654 ], [ 2538637.598462117370218, 1152280.662428028648719 ], [ 2538573.172370978165418, 1152294.861326895654202 ], [ 2538561.318486175499856, 1152298.139777018455788 ], [ 2538550.01676301471889, 1152296.876816076226532 ], [ 2538524.797502594999969, 1152292.209877945948392 ], [ 2538522.700832296162844, 1152292.05345396604389 ], [ 2538519.680739181581885, 1152293.151596717070788 ], [ 2538518.489087561145425, 1152294.442258608527482 ], [ 2538518.059950470924377, 1152296.003047235310078 ], [ 2538518.123733432497829, 1152297.736666623270139 ], [ 2538518.586535070091486, 1152299.466203475371003 ], [ 2538527.343679991550744, 1152314.55149159883149 ], [ 2538553.158012434374541, 1152324.137241918593645 ], [ 2538563.236700390931219, 1152330.382068422390148 ], [ 2538577.731315765529871, 1152336.948637164663523 ], [ 2538578.77983523812145, 1152338.171920776600018 ], [ 2538590.308349399827421, 1152343.612656951416284 ], [ 2538601.38922466058284, 1152349.558259552810341 ], [ 2538610.286023616790771, 1152354.303311122814193 ], [ 2538610.844785070046782, 1152357.165821366244927 ], [ 2538622.430739761330187, 1152354.712871883995831 ], [ 2538622.331118197180331, 1152353.224194502225146 ], [ 2538632.645866604987532, 1152346.526390036568046 ], [ 2538644.931745364330709, 1152338.963575436035171 ], [ 2538658.438589832745492, 1152330.721294715767726 ], [ 2538665.806047307793051, 1152326.232591819483787 ], [ 2538673.920745046343654, 1152321.269352700095624 ], [ 2538684.805933715309948, 1152314.810393964173272 ], [ 2538687.475864271633327, 1152313.237870726268739 ], [ 2538688.089323197957128, 1152313.943107416620478 ], [ 2538693.05311552202329, 1152311.546749253291637 ], [ 2538692.841623560059816, 1152311.126456242054701 ], [ 2538694.115826884284616, 1152310.401960373623297 ], [ 2538695.136429136153311, 1152308.890736164990813 ], [ 2538695.541116491891444, 1152307.185687426943332 ], [ 2538710.117430199403316, 1152299.199424610007554 ], [ 2538706.816548568662256, 1152286.314994379645213 ], [ 2538708.039765841327608, 1152285.857832588721067 ], [ 2538709.141192080453038, 1152284.746002936270088 ], [ 2538709.570946350228041, 1152283.240807783091441 ], [ 2538709.390225479379296, 1152282.075353003339842 ], [ 2538723.42553336173296, 1152276.718282712390646 ] ] ] ] } },
{ "type": "Feature", "properties": { "osm_id": 131175758, "name": null, "type": "residential", "area": 23409 }, "geometry": { "type": "MultiPolygon", "coordinates": [ [ [ [ 2535630.298280039336532, 1152349.899642013711855 ], [ 2535650.165918827056885, 1152324.006167750572786 ], [ 2535647.226629654411227, 1152321.136058212723583 ], [ 2535652.779528516810387, 1152315.095551864244044 ], [ 2535686.417839551344514, 1152272.245583406183869 ], [ 2535730.080378710757941, 1152224.463736996054649 ], [ 2535780.886687702964991, 1152193.025946340989321 ], [ 2535823.679036683868617, 1152172.869166595395654 ], [ 2535831.55738547956571, 1152148.838634569663554 ], [ 2535809.798109894152731, 1152124.935618322575465 ], [ 2535796.68644772702828, 1152131.067842467920855 ], [ 2535725.430919504724443, 1152152.107263119425625 ], [ 2535690.890132837928832, 1152165.217080405913293 ], [ 2535693.442165981512517, 1152168.469339773990214 ], [ 2535638.653444031253457, 1152189.911705004516989 ], [ 2535634.667169913649559, 1152197.491848945850506 ], [ 2535544.236041318625212, 1152237.271190494298935 ], [ 2535625.646073218435049, 1152349.749366961419582 ], [ 2535630.298280039336532, 1152349.899642013711855 ] ] ] ] } },
{ "type": "Feature", "properties": { "osm_id": 131175760, "name": null, "type": "residential", "area": 55894 }, "geometry": { "type": "MultiPolygon", "coordinates": [ [ [ [ 2535296.097060184925795, 1152678.210781338624656 ], [ 2535306.505391732789576, 1152673.462847548071295 ], [ 2535308.605206296313554, 1152670.349662113701925 ], [ 2535308.757539550773799, 1152666.679348934674636 ], [ 2535321.532329136971384, 1152665.763631050474942 ], [ 2535329.302843850571662, 1152667.614389727590606 ], [ 2535336.0442388295196, 1152663.684176182840019 ], [ 2535377.576157776638865, 1152635.233190919971094 ], [ 2535407.881465141195804, 1152607.492372281616554 ], [ 2535428.411299654748291, 1152589.117362662218511 ], [ 2535469.157283111941069, 1152540.986926254117861 ], [ 2535528.082528279628605, 1152471.994854812743142 ], [ 2535560.581805298104882, 1152431.868974975775927 ], [ 2535618.750729110091925, 1152364.431216001743451 ], [ 2535618.488512580282986, 1152357.863769517280161 ], [ 2535599.616608488373458, 1152331.996187026146799 ], [ 2535565.655651723500341, 1152290.270568590145558 ], [ 2535536.126138105522841, 1152246.752201574156061 ], [ 2535491.534113619942218, 1152279.281554860295728 ], [ 2535508.846235283650458, 1152304.198348195059225 ], [ 2535510.380179863423109, 1152315.554767763474956 ], [ 2535522.715123800560832, 1152331.508976363344118 ], [ 2535487.696230348665267, 1152358.566058466210961 ], [ 2535499.27228452404961, 1152386.757271071197465 ], [ 2535356.053459340240806, 1152453.565222840523347 ], [ 2535372.121095653623343, 1152488.344842645339668 ], [ 2535314.265540699008852, 1152512.524668957805261 ], [ 2535237.362272636033595, 1152548.694531954359263 ], [ 2535232.947207012679428, 1152552.021687584929168 ], [ 2535229.301613919902593, 1152555.540662104496732 ], [ 2535227.814070225693285, 1152561.34875328047201 ], [ 2535237.897054200060666, 1152598.315915900748223 ], [ 2535246.821707346942276, 1152617.530302774626762 ], [ 2535254.881864396389574, 1152628.449474103515968 ], [ 2535272.895463850814849, 1152645.820577647769824 ], [ 2535287.609701383858919, 1152663.238381562521681 ], [ 2535296.097060184925795, 1152678.210781338624656 ] ] ] ] } },
{ "type": "Feature", "properties": { "osm_id": 131188374, "name": null, "type": "farmland", "area": 8 }, "geometry": { "type": "MultiPolygon", "coordinates": [ [ [ [ 2534648.223514335695654, 1153055.685141053283587 ], [ 2534649.721273448783904, 1153062.311853287275881 ], [ 2534651.637881591916084, 1153061.224131495226175 ], [ 2534648.021376742981374, 1153054.793311089044437 ], [ 2534648.223514335695654, 1153055.685141053283587 ] ] ] ] } },
{ "type": "Feature", "properties": { "osm_id": 131196930, "name": null, "type": "residential", "area": 41959 }, "geometry": { "type": "MultiPolygon", "coordinates": [ [ [ [ 2536623.411056413780898, 1152742.541168256429955 ], [ 2536648.092015865258873, 1152723.103793286252767 ], [ 2536734.548543211538345, 1152641.860273209400475 ], [ 2536749.866950973402709, 1152618.664249947760254 ], [ 2536709.286641941871494, 1152619.313876467756927 ], [ 2536661.985439613461494, 1152633.931071228347719 ], [ 2536623.645734278019518, 1152652.745342911453918 ], [ 2536619.022141388151795, 1152652.371657378040254 ], [ 2536493.755614914000034, 1152715.661340106511489 ], [ 2536471.046427343972027, 1152730.664989987621084 ], [ 2536437.838311668951064, 1152747.714163344120607 ], [ 2536418.960394422523677, 1152749.837154849432409 ], [ 2536318.155635275878012, 1152800.987494724104181 ], [ 2536320.904947135597467, 1152807.706481721019372 ], [ 2536275.62149772234261, 1152830.020675926934928 ], [ 2536271.603969144169241, 1152835.410644236719236 ], [ 2536270.923483721446246, 1152842.154868563171476 ], [ 2536274.767634104937315, 1152851.530344884609804 ], [ 2536302.004673547111452, 1152901.802452143281698 ], [ 2536312.511311979964375, 1152905.570974975824356 ], [ 2536343.355899827554822, 1152890.80292056594044 ], [ 2536347.952232719399035, 1152893.689162269234657 ], [ 2536545.527167183812708, 1152795.280302530154586 ], [ 2536570.579297700896859, 1152782.697976944502443 ], [ 2536596.215097872074693, 1152767.241369009017944 ], [ 2536595.600058189593256, 1152764.223989384714514 ], [ 2536623.411056413780898, 1152742.541168256429955 ] ] ] ] } },
{ "type": "Feature", "properties": { "osm_id": 131196945, "name": null, "type": "residential", "area": 166985 }, "geometry": { "type": "MultiPolygon", "coordinates": [ [ [ [ 2536344.039160911925137, 1152722.781861901516095 ], [ 2536358.980327942874283, 1152725.714173452463001 ], [ 2536375.878056086599827, 1152721.377409492619336 ], [ 2536469.946970550343394, 1152682.561506384052336 ], [ 2536500.072156846523285, 1152672.915776269743219 ], [ 2536553.424611198715866, 1152647.138471928657964 ], [ 2536588.262847706675529, 1152628.860972777940333 ], [ 2536698.398127219174057, 1152566.933322866680101 ], [ 2536682.384662775788456, 1152535.084603764349595 ], [ 2536677.67776359943673, 1152520.259436625288799 ], [ 2536676.546122631989419, 1152516.28029977530241 ], [ 2536660.821515873540193, 1152506.762975390767679 ], [ 2536648.732425100170076, 1152497.062839769525453 ], [ 2536641.249686003196985, 1152478.086911278776824 ], [ 2536638.008557707536966, 1152458.910625277087092 ], [ 2536632.11563551845029, 1152432.058109013363719 ], [ 2536629.283744007814676, 1152408.030428313650191 ], [ 2536625.811982042621821, 1152395.371239260071889 ], [ 2536617.517927214503288, 1152386.075828592060134 ], [ 2536609.230296294204891, 1152377.391805423889309 ], [ 2536597.052423654124141, 1152373.129000823711976 ], [ 2536581.851959454361349, 1152370.421170331537724 ], [ 2536553.901236139237881, 1152367.392179151298478 ], [ 2536412.466149423271418, 1152351.488757066195831 ], [ 2536388.564818038139492, 1152343.88187968195416 ], [ 2536286.685316800605506, 1152294.289126285118982 ], [ 2536274.329868088010699, 1152288.516918333480135 ], [ 2536256.096895895432681, 1152300.205451108515263 ], [ 2536263.652828809805214, 1152311.475938278948888 ], [ 2536269.2335604140535, 1152325.368800067808479 ], [ 2536225.752796043176204, 1152351.555221193702891 ], [ 2536247.196222411002964, 1152382.088903113268316 ], [ 2536181.917782986536622, 1152428.173220546217635 ], [ 2536159.101085333153605, 1152446.81450034934096 ], [ 2536123.3215710548684, 1152472.541881032986566 ], [ 2536135.223765034228563, 1152498.507382939103991 ], [ 2536150.325876250863075, 1152538.190850973594934 ], [ 2536135.847408791072667, 1152555.743087426759303 ], [ 2536131.30350875435397, 1152568.653952698688954 ], [ 2536129.321163785178214, 1152584.305770867271349 ], [ 2536134.580911009106785, 1152615.644769481616095 ], [ 2536142.529892974998802, 1152625.643568924628198 ], [ 2536156.924790911376476, 1152640.687790693016723 ], [ 2536163.165933349169791, 1152651.016042962903157 ], [ 2536193.846015363000333, 1152717.504408006556332 ], [ 2536198.45364393806085, 1152722.880664548370987 ], [ 2536204.066060653422028, 1152727.490288907662034 ], [ 2536214.487951488699764, 1152731.9154571457766 ], [ 2536233.724115407560021, 1152731.010911332909018 ], [ 2536240.992970932275057, 1152726.842659150715917 ], [ 2536247.006090068724006, 1152721.487084015738219 ], [ 2536254.396215050015599, 1152726.578167003346607 ], [ 2536249.280217956285924, 1152733.313863478600979 ], [ 2536241.864872352220118, 1152737.416956986766309 ], [ 2536244.732581444550306, 1152743.712201325921342 ], [ 2536249.422444957308471, 1152746.71966578415595 ], [ 2536259.268273370806128, 1152746.037122877547517 ], [ 2536287.848561701830477, 1152728.980439651990309 ], [ 2536306.557463343255222, 1152726.836594170890749 ], [ 2536315.321854943409562, 1152718.239062817068771 ], [ 2536344.039160911925137, 1152722.781861901516095 ] ] ] ] } },
{ "type": "Feature", "properties": { "osm_id": 131222821, "name": null, "type": "residential", "area": 22046 }, "geometry": { "type": "MultiPolygon", "coordinates": [ [ [ [ 2536415.242515823803842, 1153804.809141010744497 ], [ 2536430.023515834007412, 1153818.829141015652567 ], [ 2536431.393515835516155, 1153820.119141015224159 ], [ 2536432.993515836074948, 1153821.63814101414755 ], [ 2536438.633515840396285, 1153826.96814101934433 ], [ 2536450.833515849430114, 1153838.338141016662121 ], [ 2536458.884515855461359, 1153845.888141024857759 ], [ 2536459.304515855386853, 1153846.278141022194177 ], [ 2536467.034515860956162, 1153853.578141023870558 ], [ 2536489.465515877120197, 1153874.457141028018668 ], [ 2536490.736515878234059, 1153875.664141027955338 ], [ 2536491.861965026706457, 1153876.725397445261478 ], [ 2536498.046672470867634, 1153876.660021865740418 ], [ 2536533.597335192840546, 1153810.315048817079514 ], [ 2536561.211491647642106, 1153758.851051163161173 ], [ 2536588.954108768608421, 1153708.608719462528825 ], [ 2536625.818229485768825, 1153640.027020565932617 ], [ 2536642.246825178153813, 1153610.348778539337218 ], [ 2536654.345173036213964, 1153580.382722809212282 ], [ 2536660.750000478699803, 1153567.10799935576506 ], [ 2536670.141761698760092, 1153549.677327757235616 ], [ 2536679.650353260338306, 1153531.678464605472982 ], [ 2536677.697890097741038, 1153530.609559777192771 ], [ 2536663.343729727901518, 1153546.035853863228112 ], [ 2536639.119547265581787, 1153571.360491057857871 ], [ 2536634.274418768007308, 1153577.559384928317741 ], [ 2536622.350226473994553, 1153589.113610462052748 ], [ 2536616.195414806250483, 1153594.803828050615266 ], [ 2536597.99113913718611, 1153612.527687058784068 ], [ 2536567.001224354375154, 1153646.662120547378436 ], [ 2536526.639390709344298, 1153686.94346607546322 ], [ 2536517.201607677154243, 1153716.659331970615312 ], [ 2536503.837090573273599, 1153710.941813183482736 ], [ 2536469.939632095396519, 1153745.00743455439806 ], [ 2536430.337892026174814, 1153785.214701131451875 ], [ 2536413.330405708868057, 1153803.002284547779709 ], [ 2536415.242515823803842, 1153804.809141010744497 ] ] ] ] } },
{ "type": "Feature", "properties": { "osm_id": 131226496, "name": null, "type": "residential", "area": 1124 }, "geometry": { "type": "MultiPolygon", "coordinates": [ [ [ [ 2536706.047552792821079, 1154706.518703722162172 ], [ 2536718.427879544440657, 1154670.012872197199613 ], [ 2536688.137446355540305, 1154663.784034616313875 ], [ 2536681.102972668129951, 1154693.629975115181878 ], [ 2536680.699543065857142, 1154702.66137386043556 ], [ 2536706.047552792821079, 1154706.518703722162172 ] ] ] ] } },
{ "type": "Feature", "properties": { "osm_id": 131226504, "name": null, "type": "residential", "area": 21372 }, "geometry": { "type": "MultiPolygon", "coordinates": [ [ [ [ 2536529.681515703443438, 1154813.929141453234479 ], [ 2536515.752515678294003, 1154868.650141483871266 ], [ 2536571.353515726514161, 1154885.630141482688487 ], [ 2536571.519948387052864, 1154885.680938287405297 ], [ 2536573.184967106673867, 1154881.881723963655531 ], [ 2536584.982922494411469, 1154876.065162657527253 ], [ 2536585.706197813153267, 1154873.36716982210055 ], [ 2536596.098789843264967, 1154833.969356885645539 ], [ 2536584.880074633285403, 1154830.719280261779204 ], [ 2536586.140088084153831, 1154825.091803434770554 ], [ 2536593.18548480886966, 1154799.247811978450045 ], [ 2536590.516922776587307, 1154795.707367435330525 ], [ 2536603.010744277853519, 1154748.961169524118304 ], [ 2536600.063438392244279, 1154747.35805133311078 ], [ 2536604.214784599840641, 1154729.304410703945905 ], [ 2536614.06008245004341, 1154717.972164750797674 ], [ 2536611.664322625380009, 1154768.636185490293428 ], [ 2536601.825007797218859, 1154814.687317676376551 ], [ 2536611.875027570407838, 1154816.226596462074667 ], [ 2536677.680053631775081, 1154829.562410363927484 ], [ 2536705.523616983089596, 1154781.287225362146273 ], [ 2536705.031208131462336, 1154761.492725219810382 ], [ 2536707.586124129127711, 1154733.139242768287659 ], [ 2536692.433597072958946, 1154722.037220584228635 ], [ 2536677.346635179128498, 1154717.16016302886419 ], [ 2536659.721631679683924, 1154711.665108950575814 ], [ 2536645.512895634397864, 1154715.872720111394301 ], [ 2536629.512263825628906, 1154709.471248185494915 ], [ 2536613.234928603284061, 1154705.929852681234479 ], [ 2536611.703258997295052, 1154682.911225986899808 ], [ 2536599.304039697162807, 1154686.31053166068159 ], [ 2536563.814029861241579, 1154680.169723978033289 ], [ 2536529.681515703443438, 1154813.929141453234479 ] ] ] ] } },
{ "type": "Feature", "properties": { "osm_id": 131232017, "name": null, "type": "residential", "area": 51117 }, "geometry": { "type": "MultiPolygon", "coordinates": [ [ [ [ 2537987.68267778493464, 1151363.855966872535646 ], [ 2538004.651810986921191, 1151359.267400305485353 ], [ 2538002.479226831812412, 1151351.04089834028855 ], [ 2538021.101202850695699, 1151345.957292151870206 ], [ 2538018.821517396252602, 1151335.530696636065841 ], [ 2538014.180905794259161, 1151314.244777777697891 ], [ 2538000.736989761702716, 1151301.198527437634766 ], [ 2537972.395161069463938, 1151202.659644461935386 ], [ 2537985.609678170643747, 1151197.909670618362725 ], [ 2537979.629097892902792, 1151170.267486044904217 ], [ 2537991.504157793708146, 1151148.021863859612495 ], [ 2537985.402338245417923, 1151127.229078501928598 ], [ 2537977.162166607100517, 1151100.054896595189348 ], [ 2537924.975378590170294, 1151095.679883853299543 ], [ 2537920.578076288569719, 1151124.752137706847861 ], [ 2537852.398868911433965, 1151095.49605401000008 ], [ 2537865.691158343106508, 1151040.339925048639998 ], [ 2537779.233481251168996, 1151020.63427304639481 ], [ 2537768.199963203631341, 1151018.83635592344217 ], [ 2537766.860472671687603, 1151018.461125303991139 ], [ 2537740.599714169278741, 1151014.608633044408634 ], [ 2537738.440592044964433, 1151029.2166825493332 ], [ 2537738.725534769706428, 1151032.270943554583937 ], [ 2537740.453811858780682, 1151058.322727322811261 ], [ 2537741.870106956921518, 1151072.78256921726279 ], [ 2537749.620522501412779, 1151091.101154098985717 ], [ 2537759.8378477236256, 1151113.418605650309473 ], [ 2537761.346073118504137, 1151125.642955292481929 ], [ 2537771.977867496199906, 1151157.605809658532962 ], [ 2537778.139849438332021, 1151175.985344562679529 ], [ 2537782.344649621285498, 1151190.672021987615153 ], [ 2537787.349635435733944, 1151214.444237400544807 ], [ 2537795.309467329178005, 1151247.835548818809912 ], [ 2537799.170424405951053, 1151257.489733183290809 ], [ 2537803.168954859953374, 1151270.055186112644151 ], [ 2537810.861474426928908, 1151286.529001190327108 ], [ 2537825.064646129030734, 1151292.051792960381135 ], [ 2537840.313364239875227, 1151327.424432730767876 ], [ 2537901.949532565660775, 1151303.096661985386163 ], [ 2537961.278588346671313, 1151290.188404453918338 ], [ 2537972.051716378424317, 1151311.433224516920745 ], [ 2537974.626834904775023, 1151317.009683851385489 ], [ 2537985.809288473799825, 1151357.104962397832423 ], [ 2537987.68267778493464, 1151363.855966872535646 ] ] ] ] } },
{ "type": "Feature", "properties": { "osm_id": 131232018, "name": null, "type": "residential", "area": 1590 }, "geometry": { "type": "MultiPolygon", "coordinates": [ [ [ [ 2537955.638399980962276, 1151427.865633751964197 ], [ 2537966.953247096855193, 1151423.53544167871587 ], [ 2537986.002283967100084, 1151414.48961645970121 ], [ 2537977.401435710955411, 1151372.411079979501665 ], [ 2537939.048733659088612, 1151388.904604935552925 ], [ 2537955.638399980962276, 1151427.865633751964197 ] ] ] ] } },
{ "type": "Feature", "properties": { "osm_id": 131232019, "name": null, "type": "residential", "area": 964 }, "geometry": { "type": "MultiPolygon", "coordinates": [ [ [ [ 2538203.906893468461931, 1151734.019360666628927 ], [ 2538200.609668587800115, 1151749.239267742261291 ], [ 2538196.740858570672572, 1151767.088698119157925 ], [ 2538192.271492563188076, 1151787.734707997413352 ], [ 2538204.679761672858149, 1151789.77494517667219 ], [ 2538214.987008454278111, 1151773.337901442777365 ], [ 2538221.195190072059631, 1151747.126585897989571 ], [ 2538216.035553395282477, 1151736.473831311799586 ], [ 2538203.906893468461931, 1151734.019360666628927 ] ] ] ] } },
{ "type": "Feature", "properties": { "osm_id": 131239518, "name": null, "type": "residential", "area": 3648 }, "geometry": { "type": "MultiPolygon", "coordinates": [ [ [ [ 2538951.87917159544304, 1152149.670040388591588 ], [ 2538964.214201721828431, 1152130.245421135798097 ], [ 2538967.140100010670722, 1152125.902261197334155 ], [ 2538976.036199250258505, 1152113.193984261481091 ], [ 2538985.266592870932072, 1152100.148813101928681 ], [ 2538987.86796971783042, 1152096.342580315191299 ], [ 2538999.331918875686824, 1152081.051330744754523 ], [ 2539001.258927518967539, 1152078.096850560512394 ], [ 2539007.023263575974852, 1152069.100177828688174 ], [ 2539029.576216808520257, 1152035.575544677209109 ], [ 2539027.927947547286749, 1152033.480015996377915 ], [ 2539019.465667652431875, 1152039.046621737768874 ], [ 2538992.953251054510474, 1152057.503325856290758 ], [ 2538938.25955518707633, 1152096.290606401860714 ], [ 2538935.774505482055247, 1152094.926218361128122 ], [ 2538921.674314359202981, 1152104.53018591622822 ], [ 2538923.474276902154088, 1152107.202234174357727 ], [ 2538941.183195621706545, 1152142.330241729039699 ], [ 2538951.87917159544304, 1152149.670040388591588 ] ] ] ] } },
{ "type": "Feature", "properties": { "osm_id": 131239522, "name": null, "type": "residential", "area": 6159 }, "geometry": { "type": "MultiPolygon", "coordinates": [ [ [ [ 2538592.930442239157856, 1152364.39712254377082 ], [ 2538582.425026444718242, 1152359.190501457545906 ], [ 2538567.669406899716705, 1152351.859508476685733 ], [ 2538553.23006479209289, 1152344.692074085352942 ], [ 2538545.215815983712673, 1152340.705162164289504 ], [ 2538542.32084636669606, 1152339.778696871595457 ], [ 2538539.650849414523691, 1152339.839356326963753 ], [ 2538534.443408291786909, 1152340.915395934134722 ], [ 2538532.241774435155094, 1152341.749466854846105 ], [ 2538531.003407436888665, 1152342.973901453893632 ], [ 2538530.059131023474038, 1152344.439904707251117 ], [ 2538529.645796374883503, 1152346.044999408535659 ], [ 2538529.662853237707168, 1152347.712394134839997 ], [ 2538530.031407001893967, 1152349.231670523062348 ], [ 2538521.816923778038472, 1152350.427419755840674 ], [ 2538520.583096461370587, 1152349.094870594097301 ], [ 2538518.451483729295433, 1152347.771507317200303 ], [ 2538516.456231774762273, 1152347.024840237572789 ], [ 2538514.266021154820919, 1152346.724853804334998 ], [ 2538511.887274503707886, 1152346.749194099800661 ], [ 2538508.686969551257789, 1152347.482321495888755 ], [ 2538508.159089397639036, 1152346.142550835618749 ], [ 2538496.173413897864521, 1152349.277956724865362 ], [ 2538491.95216232072562, 1152350.7330390017014 ], [ 2538486.338194487150759, 1152354.826023566769436 ], [ 2538483.166687850374728, 1152358.371503450674936 ], [ 2538479.442282117903233, 1152364.879801969043911 ], [ 2538478.229685915168375, 1152371.618079831125215 ], [ 2538478.810604673810303, 1152378.137887111399323 ], [ 2538481.62876862520352, 1152383.556428269250318 ], [ 2538485.068678541108966, 1152387.490027605788782 ], [ 2538490.245193316601217, 1152390.894464321900159 ], [ 2538496.006795345339924, 1152392.981095635099337 ], [ 2538501.884061879944056, 1152395.122134314849973 ], [ 2538497.500577111262828, 1152404.71661179093644 ], [ 2538496.935723745264113, 1152406.512250910047442 ], [ 2538496.12077417736873, 1152407.865764741320163 ], [ 2538494.913917966187, 1152409.167704396648332 ], [ 2538493.380687788128853, 1152410.072768343379721 ], [ 2538491.904179307166487, 1152410.521449780557305 ], [ 2538496.116582061629742, 1152422.451480973744765 ], [ 2538500.574120905250311, 1152435.09050238202326 ], [ 2538502.0518753612414, 1152434.764098681509495 ], [ 2538502.979794554878026, 1152437.700641261413693 ], [ 2538503.761960847768933, 1152438.39301556465216 ], [ 2538504.474498831201345, 1152439.030516902450472 ], [ 2538505.759800797328353, 1152439.395345655735582 ], [ 2538506.729930259753019, 1152439.70781438681297 ], [ 2538508.262647991999984, 1152439.50313814310357 ], [ 2538509.439665909856558, 1152439.035291121806949 ], [ 2538519.49874808313325, 1152429.127055766992271 ], [ 2538525.909940745681524, 1152422.702465688344091 ], [ 2538526.542669380549341, 1152421.539811284746975 ], [ 2538526.777578874025494, 1152419.747550406726077 ], [ 2538542.348422415088862, 1152410.005312429508194 ], [ 2538552.361340528354049, 1152400.075371076120064 ], [ 2538557.422323135193437, 1152393.686856911284849 ], [ 2538563.259110435377806, 1152390.369859524071217 ], [ 2538563.978012017905712, 1152391.629861972294748 ], [ 2538568.418655281886458, 1152389.116460063960403 ], [ 2538567.629444357473403, 1152387.734887489117682 ], [ 2538579.05153246037662, 1152381.270245964871719 ], [ 2538592.48447449458763, 1152372.572768349200487 ], [ 2538592.979265955742449, 1152372.178612526040524 ], [ 2538593.36435875762254, 1152371.563235222827643 ], [ 2538593.586249827872962, 1152365.491016351850703 ], [ 2538593.334114035125822, 1152364.848799578845501 ], [ 2538592.930442239157856, 1152364.39712254377082 ] ] ] ] } },
{ "type": "Feature", "properties": { "osm_id": 131239523, "name": null, "type": "residential", "area": 59883 }, "geometry": { "type": "MultiPolygon", "coordinates": [ [ [ [ 2538701.906730192247778, 1152084.856084991013631 ], [ 2538702.331912691239268, 1152091.177391269477084 ], [ 2538711.698084337636828, 1152109.558518123347312 ], [ 2538716.943934104871005, 1152118.999041523085907 ], [ 2538735.841694762930274, 1152155.448387607233599 ], [ 2538750.523945596069098, 1152183.413923613727093 ], [ 2538768.040379703510553, 1152216.142094001173973 ], [ 2538774.042558367364109, 1152228.276419847737998 ], [ 2538783.431498118210584, 1152245.167728593572974 ], [ 2538785.326287878677249, 1152245.092840495752171 ], [ 2538786.737733523361385, 1152244.27802944695577 ], [ 2538806.76052104588598, 1152233.779640377033502 ], [ 2538826.203244943637401, 1152223.587386089377105 ], [ 2538832.616395336110145, 1152223.333111602347344 ], [ 2538843.511055654380471, 1152216.262905654264614 ], [ 2538934.508890191558748, 1152159.940877181710675 ], [ 2538927.346906139049679, 1152148.440740131540224 ], [ 2538917.433029215317219, 1152131.221032338449731 ], [ 2538905.077218293212354, 1152109.334742086939514 ], [ 2538902.069732510950416, 1152104.140273075085133 ], [ 2538919.647218242287636, 1152095.36804897710681 ], [ 2538932.72254756744951, 1152086.863969370257109 ], [ 2538942.409870428498834, 1152080.273134901886806 ], [ 2538956.603365701623261, 1152070.779440318234265 ], [ 2538960.78846652014181, 1152068.002117388416082 ], [ 2538979.146597689483315, 1152055.219977189321071 ], [ 2538990.350717115215957, 1152047.591044129105285 ], [ 2539010.769497754517943, 1152033.665252399863675 ], [ 2539019.654966761358082, 1152027.449547229567543 ], [ 2539027.932979592122138, 1152021.873694452922791 ], [ 2539041.092926448676735, 1152012.601914110826328 ], [ 2539053.567118304315954, 1152003.815153896575794 ], [ 2539058.243805767968297, 1151998.042409725254402 ], [ 2539058.641491720918566, 1151997.904971325071529 ], [ 2539058.960410372819752, 1151997.568223634501919 ], [ 2539066.903857501223683, 1151986.237151879351586 ], [ 2539071.131215825676918, 1151979.29055979475379 ], [ 2539080.728962872643024, 1151969.888229419244453 ], [ 2539091.760126111097634, 1151963.339601916261017 ], [ 2539093.382717071566731, 1151962.144741965457797 ], [ 2539104.231889544520527, 1151955.053243501577526 ], [ 2539126.25230491347611, 1151944.624628471210599 ], [ 2539136.009380843490362, 1151941.846574343275279 ], [ 2539146.256919618230313, 1151938.99686676566489 ], [ 2539151.417645087465644, 1151937.81066331663169 ], [ 2539152.567511909641325, 1151936.920768266078085 ], [ 2539154.279026650357991, 1151932.378773067612201 ], [ 2539154.163191554602236, 1151930.034234752645716 ], [ 2539149.95979063725099, 1151926.474851143313572 ], [ 2539143.884155005216599, 1151923.712627995992079 ], [ 2539107.914156401064247, 1151911.725883021717891 ], [ 2539076.974665177986026, 1151904.64658433268778 ], [ 2539048.334506332408637, 1151904.836950516328216 ], [ 2539024.907534352038056, 1151907.498140235664323 ], [ 2539009.192997893318534, 1151910.092258421238512 ], [ 2538982.085070332512259, 1151920.595191773958504 ], [ 2538960.130819467827678, 1151929.211573602864519 ], [ 2538937.416278149932623, 1151942.304843273945153 ], [ 2538907.654364308807999, 1151961.228508131578565 ], [ 2538853.830308819189668, 1151991.23630236252211 ], [ 2538836.50270231300965, 1152004.975525941699743 ], [ 2538785.024987515527755, 1152035.460333312163129 ], [ 2538747.975742488633841, 1152056.893686378840357 ], [ 2538706.500906541012228, 1152082.318987820064649 ], [ 2538701.906730192247778, 1152084.856084991013631 ] ] ] ] } },
{ "type": "Feature", "properties": { "osm_id": 131305706, "name": null, "type": "allotments", "area": 1373 }, "geometry": { "type": "MultiPolygon", "coordinates": [ [ [ [ 2538168.326982609927654, 1153922.00447572208941 ], [ 2538213.37988295359537, 1153922.185736856190488 ], [ 2538213.327131744474173, 1153934.959875351283699 ], [ 2538219.396084616426378, 1153934.986396814929321 ], [ 2538219.548765505198389, 1153896.864147963933647 ], [ 2538168.426798443309963, 1153896.667480455478653 ], [ 2538168.326982609927654, 1153922.00447572208941 ] ] ] ] } },
{ "type": "Feature", "properties": { "osm_id": 131305713, "name": null, "type": "allotments", "area": 590 }, "geometry": { "type": "MultiPolygon", "coordinates": [ [ [ [ 2538212.746420845389366, 1153956.077300457051024 ], [ 2538212.608141175936908, 1153946.362340602790937 ], [ 2538211.69837276218459, 1153944.437315005576238 ], [ 2538210.354881651233882, 1153942.861381950089708 ], [ 2538208.000133900437504, 1153942.174104924080893 ], [ 2538171.507570326328278, 1153941.804723176406696 ], [ 2538169.936420428100973, 1153943.45511346613057 ], [ 2538169.995629022363573, 1153955.916821103077382 ], [ 2538212.746420845389366, 1153956.077300457051024 ] ] ] ] } },
{ "type": "Feature", "properties": { "osm_id": 131305715, "name": null, "type": "allotments", "area": 1474 }, "geometry": { "type": "MultiPolygon", "coordinates": [ [ [ [ 2538101.523487952537835, 1153894.276994467014447 ], [ 2538101.296752051450312, 1153921.416278725722805 ], [ 2538106.583240717183799, 1153921.450748710194603 ], [ 2538110.826308743562549, 1153921.484855362446979 ], [ 2538110.835009549744427, 1153920.83997139474377 ], [ 2538121.392873761244118, 1153920.931322733638808 ], [ 2538121.392644667066634, 1153921.653939422918484 ], [ 2538155.766894995700568, 1153921.933653536718339 ], [ 2538155.993075510021299, 1153894.716559550492093 ], [ 2538101.523487952537835, 1153894.276994467014447 ] ] ] ] } },
{ "type": "Feature", "properties": { "osm_id": 131305763, "name": null, "type": "residential", "area": 42715 }, "geometry": { "type": "MultiPolygon", "coordinates": [ [ [ [ 2537887.709985125809908, 1153999.995576773304492 ], [ 2537887.521648810710758, 1153994.394481259165332 ], [ 2537876.415712180547416, 1153994.709426643559709 ], [ 2537876.403314551338553, 1153988.31719445460476 ], [ 2537862.877693893387914, 1153988.345907087437809 ], [ 2537861.703872699290514, 1153988.346931217471138 ], [ 2537861.712344467639923, 1153993.616372116841376 ], [ 2537861.713443741202354, 1153995.206113024847582 ], [ 2537798.090510087553412, 1153995.37537805782631 ], [ 2537795.194986964110285, 1153995.071844691643491 ], [ 2537788.487826162017882, 1153991.939558794954792 ], [ 2537784.679451525211334, 1153982.018031616462395 ], [ 2537779.806527906563133, 1153981.168009746586904 ], [ 2537779.560914034023881, 1153970.787135245045647 ], [ 2537774.685664122458547, 1153967.491368453018367 ], [ 2537773.388932873494923, 1153923.036199093330652 ], [ 2537775.797856862656772, 1153923.022364972624928 ], [ 2537775.240629370324314, 1153819.594174672150984 ], [ 2537794.825042534153908, 1153819.302422534441575 ], [ 2537805.911623203195632, 1153819.309927512425929 ], [ 2537850.750069321133196, 1153819.446232196874917 ], [ 2537857.468461794778705, 1153819.198859738418832 ], [ 2537849.846502682194114, 1153772.152114865370095 ], [ 2537845.900373076088727, 1153747.435050795786083 ], [ 2537844.704525114968419, 1153747.536359976744279 ], [ 2537843.915264817886055, 1153742.441754757426679 ], [ 2537839.794200396630913, 1153714.169017160544172 ], [ 2537839.255991680081934, 1153708.126857445575297 ], [ 2537834.925251816865057, 1153704.825406508520246 ], [ 2537828.024338256102055, 1153705.241448885062709 ], [ 2537825.031700128223747, 1153707.429145943839103 ], [ 2537813.840453906450421, 1153715.860602532979101 ], [ 2537810.487246136646718, 1153740.286336050601676 ], [ 2537790.73937403736636, 1153758.900788522558287 ], [ 2537772.129152761772275, 1153762.895589075516909 ], [ 2537765.475141063332558, 1153768.623143985401839 ], [ 2537738.932147846091539, 1153802.271848618518561 ], [ 2537727.815335830673575, 1153818.595874069957063 ], [ 2537714.127331957221031, 1153844.440624526236206 ], [ 2537699.36333449697122, 1153882.669955273391679 ], [ 2537682.677379570901394, 1153941.952912624692544 ], [ 2537674.16575613245368, 1153963.830829335609451 ], [ 2537668.94739469466731, 1153974.05716448975727 ], [ 2537665.808389754034579, 1153974.690060293069109 ], [ 2537662.275776009541005, 1153983.231337488861755 ], [ 2537662.273578316438943, 1153988.93445955356583 ], [ 2537660.82098800688982, 1153998.299058085307479 ], [ 2537682.950611356645823, 1154017.846875918330625 ], [ 2537736.019895962439477, 1154064.633439976489171 ], [ 2537756.023663097526878, 1154080.457076142542064 ], [ 2537780.574667243752629, 1154103.482062101596966 ], [ 2537789.205017474945635, 1154107.128044995712116 ], [ 2537797.364609196316451, 1154107.543823733925819 ], [ 2537808.623679188080132, 1154105.737446729792282 ], [ 2537820.573127051815391, 1154096.508805920835584 ], [ 2537832.683469021227211, 1154089.479719928931445 ], [ 2537851.080796383786947, 1154085.765227368567139 ], [ 2537870.732840904965997, 1154086.16227704891935 ], [ 2537898.072838655207306, 1154094.784421027172357 ], [ 2537913.658410809002817, 1154090.698970238678157 ], [ 2537916.692596891429275, 1154069.533913899445906 ], [ 2537902.531075457111001, 1154058.49643117422238 ], [ 2537902.441669413354248, 1154055.78477114578709 ], [ 2537920.486506302375346, 1154055.809497793903574 ], [ 2537921.577199593186378, 1154049.250226704636589 ], [ 2537914.213310971390456, 1154039.721110960002989 ], [ 2537923.11208706907928, 1154041.129965119529516 ], [ 2537923.256313397083431, 1154036.525975561467931 ], [ 2537923.489739280659705, 1154028.674857129575685 ], [ 2537923.980271867010742, 1154012.294229686027393 ], [ 2537922.331468506716192, 1154007.164027865277603 ], [ 2537893.975338542368263, 1154005.667249946389347 ], [ 2537887.709985125809908, 1153999.995576773304492 ] ] ] ] } },
{ "type": "Feature", "properties": { "osm_id": 131305772, "name": null, "type": "residential", "area": 12420 }, "geometry": { "type": "MultiPolygon", "coordinates": [ [ [ [ 2538172.860525260213763, 1153870.496564192231745 ], [ 2538168.155877606011927, 1153870.344875558745116 ], [ 2538156.346567139495164, 1153870.177386723691598 ], [ 2538112.895340405404568, 1153869.112911701900885 ], [ 2538112.748338006436825, 1153881.654563858406618 ], [ 2538112.698656630702317, 1153890.982359060551971 ], [ 2538116.688589645549655, 1153891.019077762961388 ], [ 2538127.008463415317237, 1153891.090656730812043 ], [ 2538129.179929394740611, 1153891.112761327764019 ], [ 2538138.570646746549755, 1153891.104992285137996 ], [ 2538142.683321850374341, 1153891.140464321943 ], [ 2538152.796066673938185, 1153891.214220250025392 ], [ 2538155.044246482197195, 1153891.235544421710074 ], [ 2538167.797327462118119, 1153891.415550804929808 ], [ 2538170.619032062590122, 1153891.253103582654148 ], [ 2538174.478435846045613, 1153891.280086874961853 ], [ 2538185.680747934151441, 1153891.364919385639951 ], [ 2538188.136055409908295, 1153891.384124695323408 ], [ 2538199.163411091547459, 1153891.615305297076702 ], [ 2538202.125145498663187, 1153891.640423758188263 ], [ 2538213.603512280154973, 1153891.711351430974901 ], [ 2538216.76470305537805, 1153891.734425730770454 ], [ 2538219.731695697177202, 1153892.27088729548268 ], [ 2538220.055223914328963, 1153881.206004433333874 ], [ 2538220.313343895599246, 1153871.987239763373509 ], [ 2538216.670864349231124, 1153860.229411808075383 ], [ 2538212.892995566595346, 1153843.514733364805579 ], [ 2538212.392921803984791, 1153839.651111364131793 ], [ 2538206.426116544287652, 1153824.204070098698139 ], [ 2538201.792181222699583, 1153816.758782642195001 ], [ 2538195.200160071719438, 1153809.900616826023906 ], [ 2538185.892250024247915, 1153806.783527308609337 ], [ 2538172.783672173507512, 1153796.679531560279429 ], [ 2538165.472507611382753, 1153793.008301491383463 ], [ 2538152.075394161511213, 1153790.655968222068623 ], [ 2538139.021761744748801, 1153791.112764902878553 ], [ 2538133.521727810613811, 1153791.958718586014584 ], [ 2538115.983116873539984, 1153797.208773119142279 ], [ 2538100.016063531395048, 1153806.05575788160786 ], [ 2538073.481447339523584, 1153822.815941429464146 ], [ 2538069.626600320916623, 1153825.468207212630659 ], [ 2538059.692308194935322, 1153831.551647960441187 ], [ 2538058.792925823479891, 1153832.872743944870308 ], [ 2538049.129098454955965, 1153838.397556563839316 ], [ 2538040.586459656711668, 1153843.27714418200776 ], [ 2538035.346544838510454, 1153846.277231631800532 ], [ 2538025.592663934454322, 1153852.73685156321153 ], [ 2538021.448508793488145, 1153854.858510216930881 ], [ 2537989.530897540971637, 1153875.576724323676899 ], [ 2537976.335657748859376, 1153888.308666991768405 ], [ 2537976.186626180075109, 1153890.222354764118791 ], [ 2537992.566679469775409, 1153900.614553394028917 ], [ 2538029.756015550345182, 1153878.507914487272501 ], [ 2538030.266982479486614, 1153883.416421809466556 ], [ 2538032.651990339159966, 1153883.314000260783359 ], [ 2538036.992750893812627, 1153883.146938815945759 ], [ 2538052.418823766056448, 1153882.876680242130533 ], [ 2538063.444827560335398, 1153882.974220461910591 ], [ 2538063.352020131889731, 1153876.204836342483759 ], [ 2538063.342393486760557, 1153875.27109546540305 ], [ 2538063.320282090455294, 1153873.87056323280558 ], [ 2538072.358426976483315, 1153866.451190882828087 ], [ 2538072.277208733838052, 1153861.549367526546121 ], [ 2538103.29835388995707, 1153861.01844801614061 ], [ 2538103.333614881150424, 1153859.228224607883021 ], [ 2538106.63199360575527, 1153859.160890606231987 ], [ 2538106.557324858848006, 1153851.913282341789454 ], [ 2538106.384767257142812, 1153848.568799949949607 ], [ 2538106.27919442858547, 1153846.513216092716902 ], [ 2538107.353199303615838, 1153846.502151171211153 ], [ 2538108.365144038107246, 1153845.680174333974719 ], [ 2538116.484065845608711, 1153828.709596357773989 ], [ 2538120.54056409932673, 1153829.99075238360092 ], [ 2538122.488777209073305, 1153830.682182917371392 ], [ 2538150.434580078814179, 1153837.709490007953718 ], [ 2538150.555129690561444, 1153841.2212659700308 ], [ 2538150.640877384226769, 1153843.588334545958787 ], [ 2538157.582863822579384, 1153844.19501515198499 ], [ 2538171.273195786867291, 1153847.467064560158178 ], [ 2538172.938469709828496, 1153860.923902530455962 ], [ 2538172.860525260213763, 1153870.496564192231745 ] ] ] ] } },
{ "type": "Feature", "properties": { "osm_id": 131420056, "name": null, "type": "residential", "area": 23144 }, "geometry": { "type": "MultiPolygon", "coordinates": [ [ [ [ 2538466.354976452887058, 1152515.228461357299238 ], [ 2538473.982982708606869, 1152526.478707381291315 ], [ 2538483.659592485520989, 1152544.444970385171473 ], [ 2538491.435249435249716, 1152561.13000286440365 ], [ 2538499.820881540421396, 1152581.93325708550401 ], [ 2538504.692760295234621, 1152594.57915749354288 ], [ 2538511.352945198770612, 1152623.004202801734209 ], [ 2538515.939746826421469, 1152656.542116076918319 ], [ 2538518.672833238262683, 1152670.910833633970469 ], [ 2538520.031155079603195, 1152687.416990385623649 ], [ 2538519.801919899415225, 1152695.012335626641288 ], [ 2538519.332445811945945, 1152713.627214859472588 ], [ 2538519.345842283219099, 1152729.935907618608326 ], [ 2538518.014065889641643, 1152749.771377651719376 ], [ 2538517.41484374506399, 1152758.704564688261598 ], [ 2538516.395476958248764, 1152773.823175473604351 ], [ 2538515.369466979987919, 1152789.041908730519935 ], [ 2538514.396996623370796, 1152803.493012435734272 ], [ 2538511.738744941074401, 1152818.928557887207717 ], [ 2538510.598364094272256, 1152828.967879925621673 ], [ 2538508.607055880129337, 1152846.586676692822948 ], [ 2538507.790622430387884, 1152853.787815823685378 ], [ 2538507.024335626047105, 1152862.889471292728558 ], [ 2538506.065463379025459, 1152874.916903395205736 ], [ 2538509.622651779092848, 1152876.092265812214464 ], [ 2538509.341555050108582, 1152877.117918584030122 ], [ 2538523.079292473848909, 1152881.079564590239897 ], [ 2538543.281740594189614, 1152886.898378930520266 ], [ 2538543.659404046833515, 1152885.560460438020527 ], [ 2538547.323768873699009, 1152886.712514529004693 ], [ 2538550.90644633769989, 1152876.12571670440957 ], [ 2538557.296951645985246, 1152857.216828864067793 ], [ 2538562.726810720283538, 1152841.16375612677075 ], [ 2538570.642351812683046, 1152817.547861585859209 ], [ 2538575.546679984312505, 1152798.120566922705621 ], [ 2538577.923186087049544, 1152786.634512559510767 ], [ 2538581.192331598605961, 1152755.873350030509755 ], [ 2538579.653030291665345, 1152744.916478203609586 ], [ 2538576.972336533479393, 1152734.905113314045593 ], [ 2538579.419818211346865, 1152734.113012677524239 ], [ 2538574.140018323902041, 1152717.56911156559363 ], [ 2538567.988211138639599, 1152698.299316391581669 ], [ 2538563.849934320431203, 1152669.570496995700523 ], [ 2538563.849707009736449, 1152669.548265059711412 ], [ 2538563.129253124352545, 1152663.63020163634792 ], [ 2538569.688387372530997, 1152644.675138698192313 ], [ 2538558.137064201757312, 1152640.702141254441813 ], [ 2538554.594920764211565, 1152650.766012579901144 ], [ 2538535.513790513388813, 1152651.116806611418724 ], [ 2538535.66331622377038, 1152646.979704943019897 ], [ 2538532.5300707151182, 1152615.994965186808258 ], [ 2538536.685591869521886, 1152607.381150557193905 ], [ 2538547.211528869811445, 1152605.628155697602779 ], [ 2538545.763355979230255, 1152593.8365755781997 ], [ 2538551.874409142881632, 1152592.595662908162922 ], [ 2538550.190196237526834, 1152580.984369745012373 ], [ 2538549.144891609437764, 1152572.56827612570487 ], [ 2538567.472325683571398, 1152569.779465151252225 ], [ 2538600.41455323016271, 1152577.113580818055198 ], [ 2538621.931401035748422, 1152577.79424153524451 ], [ 2538621.619581857696176, 1152573.561801117612049 ], [ 2538623.081907304935157, 1152563.463629453442991 ], [ 2538622.752865116111934, 1152554.539937186287716 ], [ 2538624.276133221574128, 1152553.412665185052902 ], [ 2538618.816562984138727, 1152544.063343410380185 ], [ 2538615.589113271795213, 1152540.62776944367215 ], [ 2538604.973027173895389, 1152534.32164685241878 ], [ 2538595.913460161071271, 1152531.646054507000372 ], [ 2538573.551678986754268, 1152525.649018175667152 ], [ 2538554.641179401427507, 1152522.462756347376853 ], [ 2538544.947144605685025, 1152520.783152760239318 ], [ 2538535.712525254581124, 1152518.253963604103774 ], [ 2538527.303864237386733, 1152513.948715162230656 ], [ 2538521.007079021073878, 1152510.544592335820198 ], [ 2538514.263361382298172, 1152506.211210393346846 ], [ 2538493.093268638011068, 1152484.704999084817246 ], [ 2538466.354976452887058, 1152515.228461357299238 ] ] ] ] } },
{ "type": "Feature", "properties": { "osm_id": 131425509, "name": null, "type": "residential", "area": 4391 }, "geometry": { "type": "MultiPolygon", "coordinates": [ [ [ [ 2539017.878618655260652, 1153211.941155994078144 ], [ 2539011.033699924126267, 1153202.060810145456344 ], [ 2538961.401209071744233, 1153187.412197624798864 ], [ 2538933.767865707166493, 1153206.792216572910547 ], [ 2538930.540015569422394, 1153209.304143879795447 ], [ 2538933.711881686467677, 1153213.363006297964603 ], [ 2538951.231428368017077, 1153236.208528899820521 ], [ 2538886.316189052071422, 1153290.386331324232742 ], [ 2538894.627534817904234, 1153301.852488238597289 ], [ 2538909.055722941178828, 1153314.979610411217436 ], [ 2538917.46413609944284, 1153306.567390748066828 ], [ 2538925.513144446071237, 1153314.878993123536929 ], [ 2538942.757489227689803, 1153303.119676576461643 ], [ 2538922.526085780467838, 1153265.593790817540139 ], [ 2538954.922178871929646, 1153242.252095141680911 ], [ 2538988.045499161351472, 1153224.761915945913643 ], [ 2539017.878618655260652, 1153211.941155994078144 ] ] ] ] } },
{ "type": "Feature", "properties": { "osm_id": 131425510, "name": null, "type": "residential", "area": 1332 }, "geometry": { "type": "MultiPolygon", "coordinates": [ [ [ [ 2538995.921713437885046, 1153334.696996835526079 ], [ 2538956.441809212788939, 1153357.832518206210807 ], [ 2538973.333741371519864, 1153375.592835251009092 ], [ 2538981.599376867059618, 1153375.786809790180996 ], [ 2539003.044001887086779, 1153363.595908171031624 ], [ 2539011.215205221902579, 1153355.241813929518685 ], [ 2539015.558165397960693, 1153346.181741343578324 ], [ 2538995.921713437885046, 1153334.696996835526079 ] ] ] ] } },
{ "type": "Feature", "properties": { "osm_id": 131425517, "name": null, "type": "residential", "area": 5700 }, "geometry": { "type": "MultiPolygon", "coordinates": [ [ [ [ 2538605.420426781754941, 1152707.288469940423965 ], [ 2538592.269597471691668, 1152710.480065446114168 ], [ 2538603.468230630271137, 1152754.300519520882517 ], [ 2538602.862169063650072, 1152764.07866845629178 ], [ 2538599.322543868795037, 1152787.905493773519993 ], [ 2538592.364522671792656, 1152812.123004904016852 ], [ 2538584.123812964651734, 1152830.961827902123332 ], [ 2538577.729785079602152, 1152849.537208012770861 ], [ 2538590.751187062822282, 1152853.984368036966771 ], [ 2538596.010632322635502, 1152855.787177556194365 ], [ 2538597.997352433390915, 1152856.46725378301926 ], [ 2538601.670419149566442, 1152857.719306274782866 ], [ 2538617.574619348626584, 1152862.681806001579389 ], [ 2538625.949330238625407, 1152840.428701925557107 ], [ 2538615.464377627242357, 1152834.888307908084244 ], [ 2538620.955957272090018, 1152819.60174098610878 ], [ 2538615.615879214834422, 1152813.664161313325167 ], [ 2538616.365891215391457, 1152806.708293695701286 ], [ 2538621.600696490611881, 1152803.842183609027416 ], [ 2538629.278335746843368, 1152807.243421566905454 ], [ 2538657.445131681393832, 1152800.941429430153221 ], [ 2538658.912216398864985, 1152781.538180998293683 ], [ 2538656.302950941957533, 1152770.992430766113102 ], [ 2538640.423873900901526, 1152763.250288163777441 ], [ 2538630.546526428312063, 1152750.344123197020963 ], [ 2538626.573775851167738, 1152743.047395823756233 ], [ 2538618.134935318026692, 1152704.201414713868871 ], [ 2538605.420426781754941, 1152707.288469940423965 ] ] ] ] } },
{ "type": "Feature", "properties": { "osm_id": 131425526, "name": null, "type": "grass", "area": 740 }, "geometry": { "type": "MultiPolygon", "coordinates": [ [ [ [ 2538615.403407096397132, 1152678.693276055157185 ], [ 2538584.261565827764571, 1152678.522346688434482 ], [ 2538586.405489680822939, 1152691.574177032336593 ], [ 2538591.365120901260525, 1152707.57662142207846 ], [ 2538592.269597471691668, 1152710.480065446114168 ], [ 2538605.420426781754941, 1152707.288469940423965 ], [ 2538604.28133885608986, 1152703.9538532148581 ], [ 2538607.41128810448572, 1152694.850295967655256 ], [ 2538620.916704216506332, 1152691.810751663288102 ], [ 2538615.403407096397132, 1152678.693276055157185 ] ] ] ] } },
{ "type": "Feature", "properties": { "osm_id": 131425545, "name": null, "type": "residential", "area": 35241 }, "geometry": { "type": "MultiPolygon", "coordinates": [ [ [ [ 2538591.153821753803641, 1152903.14019959885627 ], [ 2538580.416649958584458, 1152899.192194626666605 ], [ 2538573.884823736734688, 1152897.524695180822164 ], [ 2538561.017467258963734, 1152893.87643060204573 ], [ 2538555.833813055418432, 1152909.237725943792611 ], [ 2538547.812519019469619, 1152932.999247018946335 ], [ 2538546.449584680609405, 1152937.03758802684024 ], [ 2538541.23759060818702, 1152952.62152945692651 ], [ 2538539.776740884874016, 1152956.838747749803588 ], [ 2538536.730526738800108, 1152965.852550016948953 ], [ 2538540.621051977854222, 1152969.614811831153929 ], [ 2538550.078159763943404, 1152967.70599135546945 ], [ 2538557.705281268339604, 1152978.189265352440998 ], [ 2538561.739287550095469, 1152998.236669695470482 ], [ 2538573.290700568817556, 1153012.7931749667041 ], [ 2538570.641969293821603, 1153015.655123195843771 ], [ 2538562.885671203956008, 1153024.050042090704665 ], [ 2538548.871325706597418, 1153042.525507956976071 ], [ 2538534.62972171138972, 1153045.528285434935242 ], [ 2538494.344628990627825, 1153055.990424410207197 ], [ 2538492.800365612842143, 1153056.550972273340449 ], [ 2538485.763846735004336, 1153055.789224132429808 ], [ 2538482.621320004109293, 1153056.132678300607949 ], [ 2538468.644854515325278, 1153055.797758202301338 ], [ 2538459.547712494619191, 1153053.878727775532752 ], [ 2538447.706479732878506, 1153051.49866830278188 ], [ 2538444.476864598691463, 1153050.831375458277762 ], [ 2538437.509581472259015, 1153048.590395593317226 ], [ 2538435.554072943516076, 1153051.700995389604941 ], [ 2538445.409066302701831, 1153057.93679029494524 ], [ 2538454.321850215550512, 1153063.581927318125963 ], [ 2538461.504488462582231, 1153068.121967213926837 ], [ 2538476.332174098584801, 1153076.652597964042798 ], [ 2538492.342007091268897, 1153085.982713648118079 ], [ 2538502.091796156950295, 1153091.697172107640654 ], [ 2538510.946219294797629, 1153096.898304120171815 ], [ 2538516.403948979917914, 1153100.099771712906659 ], [ 2538521.797791244462132, 1153103.057321005966514 ], [ 2538532.085957484785467, 1153108.899724354967475 ], [ 2538536.956127742305398, 1153111.67365332506597 ], [ 2538544.319145046640188, 1153115.856197537155822 ], [ 2538550.041335766203701, 1153117.909925742540509 ], [ 2538568.099984124768525, 1153123.517282190965489 ], [ 2538565.736716170795262, 1153130.278427546611056 ], [ 2538588.377264734823257, 1153146.500324719352648 ], [ 2538594.09616187447682, 1153150.488508820533752 ], [ 2538599.219964018091559, 1153154.060328837949783 ], [ 2538603.949176511261612, 1153157.313788541592658 ], [ 2538610.687060014344752, 1153160.402205182006583 ], [ 2538609.786255843006074, 1153162.35690710390918 ], [ 2538621.069558210670948, 1153177.750025063753128 ], [ 2538625.77827392751351, 1153187.262655423488468 ], [ 2538629.577767895068973, 1153197.90740667656064 ], [ 2538632.08450924186036, 1153212.700936866691336 ], [ 2538632.472647576127201, 1153214.642470214748755 ], [ 2538641.227454351726919, 1153213.874909849604592 ], [ 2538644.890451624058187, 1153194.627101584104821 ], [ 2538661.550745392218232, 1153198.581446113064885 ], [ 2538677.599898937158287, 1153193.781776144867763 ], [ 2538669.345529401674867, 1153174.422170383157209 ], [ 2538674.813796642702073, 1153177.167870352277532 ], [ 2538684.484421259723604, 1153175.157024601008743 ], [ 2538704.626961119938642, 1153222.599512074142694 ], [ 2538714.795426686294377, 1153225.019369814079255 ], [ 2538721.455980125814676, 1153257.402332540135831 ], [ 2538726.151742768939584, 1153264.914088479941711 ], [ 2538757.112389332614839, 1153257.394515822641551 ], [ 2538755.67685300251469, 1153227.970993488095701 ], [ 2538732.105784411076456, 1153221.251990404445678 ], [ 2538713.447486230637878, 1153110.926911305636168 ], [ 2538690.767236575484276, 1153114.104340513236821 ], [ 2538693.459439553786069, 1153098.957574423868209 ], [ 2538685.112442056182772, 1153072.784092291723937 ], [ 2538646.504282495006919, 1153024.296196279814467 ], [ 2538657.889693035744131, 1153008.338037722045556 ], [ 2538658.144410472363234, 1153005.478335085557774 ], [ 2538623.551758581306785, 1152976.059932250529528 ], [ 2538614.987299443688244, 1152975.213586309924722 ], [ 2538610.275025066453964, 1152955.606646171072498 ], [ 2538596.861546255648136, 1152957.822613607859239 ], [ 2538586.029162500053644, 1152954.309140639612451 ], [ 2538583.122955658938736, 1152938.741513218730688 ], [ 2538590.755247259978205, 1152923.455269093858078 ], [ 2538591.153821753803641, 1152903.14019959885627 ] ] ] ] } },
{ "type": "Feature", "properties": { "osm_id": 131425585, "name": null, "type": "residential", "area": 15491 }, "geometry": { "type": "MultiPolygon", "coordinates": [ [ [ [ 2539241.08786881249398, 1153747.55936879105866 ], [ 2539229.671983304899186, 1153717.280625814571977 ], [ 2539218.532029224559665, 1153687.743959214771166 ], [ 2539212.223061375785619, 1153689.041793328942731 ], [ 2539197.530836846679449, 1153640.575298771029338 ], [ 2539192.758479494601488, 1153627.68327071191743 ], [ 2539189.708594997413456, 1153620.476894676918164 ], [ 2539164.780362758785486, 1153625.765328051755205 ], [ 2539163.586870867293328, 1153654.13719345186837 ], [ 2539176.669530960731208, 1153698.195288615301251 ], [ 2539182.4146055332385, 1153697.281107693910599 ], [ 2539184.971776086837053, 1153713.41951710334979 ], [ 2539189.921883295755833, 1153726.443145219702274 ], [ 2539198.338601172436029, 1153748.436560491565615 ], [ 2539203.372926851268858, 1153761.448229817440733 ], [ 2539204.529986237641424, 1153765.094053738284856 ], [ 2539196.825735543854535, 1153768.006890759104863 ], [ 2539193.692883322015405, 1153769.272600195836276 ], [ 2539185.341286835726351, 1153772.658923449227586 ], [ 2539183.079620848409832, 1153773.582305781776085 ], [ 2539161.213346788194031, 1153782.664054415654391 ], [ 2539158.004357026424259, 1153783.986139268381521 ], [ 2539169.383239572867751, 1153829.52893462497741 ], [ 2539182.160339472815394, 1153855.569278068840504 ], [ 2539201.070817392785102, 1153878.912812993628904 ], [ 2539220.740773714147508, 1153890.131058285478503 ], [ 2539226.097230148967355, 1153893.28971594106406 ], [ 2539233.625680528115481, 1153907.143313917564228 ], [ 2539253.235287820920348, 1153901.786645175190642 ], [ 2539268.328692758455873, 1153897.454002114711329 ], [ 2539266.357983342371881, 1153870.236976541345939 ], [ 2539256.838564225006849, 1153839.305335577344522 ], [ 2539255.658902167342603, 1153831.902143288869411 ], [ 2539254.552776840515435, 1153824.942892524180934 ], [ 2539243.197930533438921, 1153790.816983583616093 ], [ 2539245.28517717635259, 1153790.095495986752212 ], [ 2539237.289378494489938, 1153764.940496949246153 ], [ 2539236.364847257733345, 1153761.525774560635909 ], [ 2539235.280111389234662, 1153758.201609713025391 ], [ 2539241.08786881249398, 1153747.55936879105866 ] ] ] ] } },
{ "type": "Feature", "properties": { "osm_id": 131429552, "name": null, "type": "residential", "area": 103506 }, "geometry": { "type": "MultiPolygon", "coordinates": [ [ [ [ 2536518.541258149780333, 1153034.462187789613381 ], [ 2536505.261354681570083, 1153041.250573993194848 ], [ 2536471.91900528781116, 1153058.512223250465468 ], [ 2536449.125349077861756, 1153071.204493720317259 ], [ 2536437.958406487014145, 1153076.792262214934453 ], [ 2536424.509367637336254, 1153084.983381589874625 ], [ 2536413.429928520694375, 1153090.859316763468087 ], [ 2536400.230074842926115, 1153097.213520662859082 ], [ 2536380.693690810352564, 1153106.614245017757639 ], [ 2536378.669971262104809, 1153109.704012530855834 ], [ 2536378.362164070829749, 1153112.519916477845982 ], [ 2536378.77617273805663, 1153114.661147089209408 ], [ 2536380.019292443525046, 1153116.115451247896999 ], [ 2536381.743771485053003, 1153117.375667062588036 ], [ 2536383.968390002381057, 1153118.041377890389413 ], [ 2536386.365707038901746, 1153118.349511603126302 ], [ 2536409.608400499913841, 1153116.213561076903716 ], [ 2536418.219088922254741, 1153115.611047136597335 ], [ 2536428.492689572274685, 1153114.801959374919534 ], [ 2536445.777688424102962, 1153113.807551278732717 ], [ 2536481.714916609693319, 1153111.94895379897207 ], [ 2536518.127618822734803, 1153110.063313318416476 ], [ 2536533.646739416290075, 1153108.242910413304344 ], [ 2536547.437145377509296, 1153107.663692047819495 ], [ 2536569.901876933407038, 1153106.692763093858957 ], [ 2536575.999915046151727, 1153106.483867728384212 ], [ 2536602.907565396279097, 1153105.521751479245722 ], [ 2536612.11802346771583, 1153105.035475993994623 ], [ 2536628.552610067185014, 1153104.161736969603226 ], [ 2536645.109021882060915, 1153103.197820999892429 ], [ 2536650.666363388299942, 1153102.650070429081097 ], [ 2536669.050407661125064, 1153105.457905455026776 ], [ 2536698.393566316924989, 1153104.059210984967649 ], [ 2536704.706849987618625, 1153103.15891414671205 ], [ 2536733.496494714170694, 1153102.388783285859972 ], [ 2536793.690024618990719, 1153095.518546456471086 ], [ 2536814.339581034611911, 1153094.134056734619662 ], [ 2536854.344103896059096, 1153092.301620012614876 ], [ 2536861.365620967932045, 1153091.616388143738732 ], [ 2536893.059063680004328, 1153089.693675107322633 ], [ 2536899.27798552531749, 1153088.572230739053339 ], [ 2536926.465812135953456, 1153082.127859708154574 ], [ 2536957.649297722615302, 1153068.893570577492937 ], [ 2536979.53820593515411, 1153048.853166946675628 ], [ 2537000.394854733254761, 1153033.537343830335885 ], [ 2537009.193389382213354, 1153030.343409690773115 ], [ 2537052.66069421870634, 1152998.637539881980047 ], [ 2537087.970709347631782, 1152972.709378608036786 ], [ 2537122.891116991173476, 1152946.185178553452715 ], [ 2537152.18011750234291, 1152924.122478463687003 ], [ 2537169.857550913933665, 1152910.697071952046826 ], [ 2537188.210029599256814, 1152896.508694989606738 ], [ 2537222.025237833149731, 1152875.02158795343712 ], [ 2537220.554888541810215, 1152873.102565162815154 ], [ 2537257.349869661498815, 1152854.764033398823813 ], [ 2537286.406144448090345, 1152843.399129604455084 ], [ 2537277.214166368823498, 1152815.557666409062222 ], [ 2537308.648666738066822, 1152812.939481711247936 ], [ 2537359.758977107703686, 1152807.437077215407044 ], [ 2537374.32557422388345, 1152806.162407193565741 ], [ 2537378.668890601024032, 1152804.694145194953308 ], [ 2537396.998901970684528, 1152803.002326851710677 ], [ 2537399.714346874505281, 1152803.641065157717094 ], [ 2537402.958085670135915, 1152803.429397522937506 ], [ 2537408.402758629526943, 1152803.083633027970791 ], [ 2537411.062470111995935, 1152802.055384289240465 ], [ 2537425.144893313292414, 1152800.70806084992364 ], [ 2537435.96519168978557, 1152800.017295953584835 ], [ 2537450.914188164751977, 1152798.616541455732659 ], [ 2537456.906218485441059, 1152797.775968480622396 ], [ 2537473.126249652821571, 1152796.106345100793988 ], [ 2537478.744476463180035, 1152796.214641520055011 ], [ 2537484.915647251531482, 1152795.627926988294348 ], [ 2537484.820606493391097, 1152794.606137999100611 ], [ 2537497.109359555412084, 1152793.444402371533215 ], [ 2537504.167269760742784, 1152791.792354585137218 ], [ 2537521.010444735642523, 1152790.2720194933936 ], [ 2537524.368007283192128, 1152786.246051715454087 ], [ 2537526.314006486907601, 1152782.256996260257438 ], [ 2537527.013331661000848, 1152775.71284162462689 ], [ 2537525.311985000967979, 1152769.282584354281425 ], [ 2537522.352474869694561, 1152763.621375671587884 ], [ 2537518.452226109802723, 1152765.640783485723659 ], [ 2537512.658348277211189, 1152753.071952014230192 ], [ 2537509.035202726256102, 1152735.989221706520766 ], [ 2537479.947232728358358, 1152742.183895197929814 ], [ 2537445.720550324302167, 1152749.366045006318018 ], [ 2537410.896623089443892, 1152756.665782961528748 ], [ 2537401.961163476575166, 1152758.559842638904229 ], [ 2537376.106134408619255, 1152764.221069367369637 ], [ 2537355.624968139454722, 1152768.625727546401322 ], [ 2537352.594589394982904, 1152770.902986362343654 ], [ 2537329.525726914871484, 1152775.879454273264855 ], [ 2537326.239205408841372, 1152775.66915579373017 ], [ 2537307.147144233807921, 1152779.347993202274665 ], [ 2537263.415709634777158, 1152789.709812620654702 ], [ 2537233.285427377093583, 1152796.71700199553743 ], [ 2537219.433434532489628, 1152799.55206605209969 ], [ 2537205.363241588231176, 1152802.800777188036591 ], [ 2537200.891856048256159, 1152803.759114059386775 ], [ 2537193.05629484122619, 1152805.886567596811801 ], [ 2537168.505215624347329, 1152812.190973383840173 ], [ 2537170.892944199033082, 1152821.115316752111539 ], [ 2537154.471245883964002, 1152832.104042877675965 ], [ 2537147.657721319701523, 1152832.164192677242681 ], [ 2537133.722488955594599, 1152833.632915779016912 ], [ 2537127.305972038302571, 1152833.499943292466924 ], [ 2537122.48098109010607, 1152835.129068234469742 ], [ 2537121.621162862051278, 1152834.359864767175168 ], [ 2537099.920883247163147, 1152835.887694569304585 ], [ 2537072.78562866570428, 1152845.276763890869915 ], [ 2537054.434399659279734, 1152851.516712398501113 ], [ 2537047.086504908744246, 1152859.164476482663304 ], [ 2537029.355653441511095, 1152864.553098508389667 ], [ 2537013.873851373326033, 1152869.273401801707223 ], [ 2537009.834816402755678, 1152871.939391972962767 ], [ 2537007.680907311383635, 1152868.50453557446599 ], [ 2536999.233214692212641, 1152871.516916124150157 ], [ 2536985.488345517776906, 1152878.687091017141938 ], [ 2536974.588466702960432, 1152886.405548056820408 ], [ 2536965.230381476692855, 1152894.797114523593336 ], [ 2536953.869264769367874, 1152902.431511146016419 ], [ 2536936.572243187576532, 1152914.041467126458883 ], [ 2536929.769682439509779, 1152921.717005035839975 ], [ 2536920.458975713700056, 1152928.762968642637134 ], [ 2536906.227181093767285, 1152942.886665071360767 ], [ 2536878.133889648132026, 1152915.789037124952301 ], [ 2536864.2588457968086, 1152918.580697158817202 ], [ 2536844.412783099338412, 1152924.192202708218247 ], [ 2536832.209202952217311, 1152928.311545630451292 ], [ 2536775.403483655303717, 1152947.374611011706293 ], [ 2536742.533802204765379, 1152957.903887875843793 ], [ 2536729.310723203234375, 1152962.111994310747832 ], [ 2536713.455434775911272, 1152967.026000567479059 ], [ 2536739.242713122162968, 1153027.2207103704568 ], [ 2536715.037480209488422, 1153037.091950635425746 ], [ 2536660.015154081396759, 1153039.583875965792686 ], [ 2536647.90907878940925, 1153040.545293336501345 ], [ 2536588.347273612394929, 1153043.330316786421463 ], [ 2536520.428616569377482, 1153046.782306276028976 ], [ 2536518.541258149780333, 1153034.462187789613381 ] ] ] ] } },
{ "type": "Feature", "properties": { "osm_id": 131618428, "name": null, "type": "commercial", "area": 2201 }, "geometry": { "type": "MultiPolygon", "coordinates": [ [ [ [ 2536855.75286906817928, 1152602.764807528816164 ], [ 2536856.182121200487018, 1152605.639641554094851 ], [ 2536857.791269370820373, 1152608.335319731617346 ], [ 2536860.587482128757983, 1152610.073566403705627 ], [ 2536910.216562406625599, 1152608.807442251127213 ], [ 2536914.912464074790478, 1152608.758140496443957 ], [ 2536916.510499358177185, 1152607.474007499637082 ], [ 2536917.161249867174774, 1152605.866304772207513 ], [ 2536916.352465079165995, 1152579.994047296931967 ], [ 2536914.863334075082093, 1152571.916388313751668 ], [ 2536913.001952527556568, 1152567.122200001962483 ], [ 2536880.137703879736364, 1152561.586345257936046 ], [ 2536863.457424389664084, 1152595.457695890916511 ], [ 2536855.75286906817928, 1152602.764807528816164 ] ] ] ] } },
{ "type": "Feature", "properties": { "osm_id": 131618431, "name": null, "type": "residential", "area": 9832 }, "geometry": { "type": "MultiPolygon", "coordinates": [ [ [ [ 2537196.22063468862325, 1152528.625001372536644 ], [ 2537194.569170282687992, 1152544.628729924326763 ], [ 2537216.508567360695451, 1152548.257113886065781 ], [ 2537220.037275177426636, 1152558.414676165441051 ], [ 2537241.661608898080885, 1152557.599581473739818 ], [ 2537240.189152978360653, 1152567.976147235138342 ], [ 2537219.208575561642647, 1152569.440433790208772 ], [ 2537210.451363631524146, 1152570.054440450388938 ], [ 2537211.712600967846811, 1152587.93987974175252 ], [ 2537219.892160022165626, 1152592.267926201922819 ], [ 2537231.143378102686256, 1152596.063624673523009 ], [ 2537250.021098333410919, 1152594.587986617349088 ], [ 2537249.755768816918135, 1152589.021063497057185 ], [ 2537291.129194393754005, 1152603.319378452375531 ], [ 2537292.03363151429221, 1152620.86392411426641 ], [ 2537322.888515932485461, 1152619.96391487098299 ], [ 2537322.626201293896884, 1152608.793913022382185 ], [ 2537372.499496685341001, 1152607.395650037331507 ], [ 2537372.361860699485987, 1152594.189908909611404 ], [ 2537375.562480777036399, 1152593.511756741441786 ], [ 2537375.276657511014491, 1152579.340367945609614 ], [ 2537368.41102346777916, 1152565.593306122813374 ], [ 2537362.602058692835271, 1152547.944234187947586 ], [ 2537361.94968818500638, 1152545.727604294195771 ], [ 2537296.039693334139884, 1152545.147661267546937 ], [ 2537267.889888433273882, 1152540.572158431867138 ], [ 2537220.636074123904109, 1152531.994062607176602 ], [ 2537196.22063468862325, 1152528.625001372536644 ] ] ] ] } },
{ "type": "Feature", "properties": { "osm_id": 131684411, "name": null, "type": "residential", "area": 8746 }, "geometry": { "type": "MultiPolygon", "coordinates": [ [ [ [ 2538797.422929263673723, 1152664.196355798980221 ], [ 2538810.477223020046949, 1152659.794427414424717 ], [ 2538835.085894612595439, 1152654.407764168921858 ], [ 2538836.408017479348928, 1152658.396470475941896 ], [ 2538864.03911730600521, 1152654.413269786164165 ], [ 2538865.608329144772142, 1152653.274474461795762 ], [ 2538866.196625761222094, 1152651.511983497068286 ], [ 2538849.136465162038803, 1152531.487244483549148 ], [ 2538847.908064329996705, 1152530.677078759530559 ], [ 2538846.18353067478165, 1152530.883620779961348 ], [ 2538839.228311537299305, 1152532.132825531763956 ], [ 2538819.994332459289581, 1152535.597063745604828 ], [ 2538812.824615750927478, 1152536.881834459723905 ], [ 2538801.267945219296962, 1152536.154624572023749 ], [ 2538788.024590036366135, 1152540.102693944470957 ], [ 2538770.079694859683514, 1152545.054772302974015 ], [ 2538761.837975754868239, 1152548.073682153597474 ], [ 2538758.942736949305981, 1152553.884094259468839 ], [ 2538763.844390352722257, 1152556.702357338508591 ], [ 2538776.517481651157141, 1152566.834324173396453 ], [ 2538781.645882174372673, 1152571.573553795926273 ], [ 2538789.212687791325152, 1152584.414565353887156 ], [ 2538794.512849392835051, 1152609.78543880651705 ], [ 2538795.447189116384834, 1152626.92964462377131 ], [ 2538796.505163952708244, 1152646.418304600520059 ], [ 2538797.422929263673723, 1152664.196355798980221 ] ] ] ] } },
{ "type": "Feature", "properties": { "osm_id": 131686044, "name": null, "type": "residential", "area": 41474 }, "geometry": { "type": "MultiPolygon", "coordinates": [ [ [ [ 2539310.54218953801319, 1153908.200101459631696 ], [ 2539300.202164705842733, 1153890.939626432256773 ], [ 2539291.516236763447523, 1153893.117415457032621 ], [ 2539290.493455663789064, 1153914.139111130032688 ], [ 2539290.50864480715245, 1153930.825757263926789 ], [ 2539296.706003543455154, 1153955.709952029399574 ], [ 2539298.560997209977359, 1153968.453663639025763 ], [ 2539308.734357181470841, 1154001.124149645678699 ], [ 2539318.533593173138797, 1154034.743386728456244 ], [ 2539327.32476342190057, 1154063.514638318913057 ], [ 2539334.060808249749243, 1154087.070492033148184 ], [ 2539349.238266305532306, 1154122.258565679192543 ], [ 2539356.435737530235201, 1154136.06006921431981 ], [ 2539375.102522907312959, 1154160.496076705865562 ], [ 2539400.522486328147352, 1154190.467040291288868 ], [ 2539406.626615271437913, 1154195.530457870801911 ], [ 2539414.460329270921648, 1154198.653175381245092 ], [ 2539422.692448699846864, 1154198.681325818179175 ], [ 2539429.03015002515167, 1154197.238894956186414 ], [ 2539445.350439445581287, 1154189.103380510816351 ], [ 2539461.027814202010632, 1154183.397922143340111 ], [ 2539490.255133380647749, 1154177.077964584575966 ], [ 2539515.403709217440337, 1154168.73143239156343 ], [ 2539554.995771705638617, 1154147.921888258773834 ], [ 2539582.892181948293, 1154124.42871223250404 ], [ 2539612.916888959240168, 1154089.018958153901622 ], [ 2539623.86484496621415, 1154073.000320477643982 ], [ 2539614.984009086154401, 1154036.692146149696782 ], [ 2539586.816716006491333, 1154044.74621595791541 ], [ 2539553.664978704880923, 1154050.738318919669837 ], [ 2539524.722140226047486, 1154051.852286067325622 ], [ 2539496.566878073848784, 1154049.656676045851782 ], [ 2539465.887644289527088, 1154042.906377739738673 ], [ 2539450.459236888680607, 1154036.814046302577481 ], [ 2539427.062979107256979, 1154025.73268443509005 ], [ 2539417.014222755096853, 1154020.564502457855269 ], [ 2539401.007930113468319, 1154008.152483492856845 ], [ 2539392.287865730933845, 1154002.370614726562053 ], [ 2539371.797956585884094, 1153985.857223541010171 ], [ 2539345.212181185372174, 1153962.857462586369365 ], [ 2539329.565128548070788, 1153936.667890895158052 ], [ 2539310.54218953801319, 1153908.200101459631696 ] ] ] ] } },
{ "type": "Feature", "properties": { "osm_id": 131686045, "name": null, "type": "residential", "area": 72760 }, "geometry": { "type": "MultiPolygon", "coordinates": [ [ [ [ 2539464.410706322640181, 1153638.224812865490094 ], [ 2539428.617022846825421, 1153650.258565393276513 ], [ 2539382.969655375927687, 1153662.058434500126168 ], [ 2539384.169153527822345, 1153675.24235151312314 ], [ 2539385.953957466874272, 1153693.967805525520816 ], [ 2539387.282216506544501, 1153725.237976415082812 ], [ 2539384.880551753565669, 1153744.228013196028769 ], [ 2539381.023722799494863, 1153756.62916561961174 ], [ 2539374.607463366817683, 1153772.380167573690414 ], [ 2539364.662751787342131, 1153786.688212461071089 ], [ 2539350.936773067340255, 1153801.868231189902872 ], [ 2539345.877338622231036, 1153805.332267018500715 ], [ 2539347.602813189849257, 1153810.573243936989456 ], [ 2539341.248903186060488, 1153823.36649984261021 ], [ 2539341.554932763334364, 1153826.320563783636317 ], [ 2539324.66849090764299, 1153831.660553750116378 ], [ 2539323.036107154097408, 1153825.762732867384329 ], [ 2539316.035185311920941, 1153828.423737084958702 ], [ 2539309.51844321610406, 1153834.203769030980766 ], [ 2539305.697959472425282, 1153841.068278963211924 ], [ 2539304.475155604071915, 1153848.373464649543166 ], [ 2539305.766275743488222, 1153856.942837565671653 ], [ 2539310.463918713387102, 1153863.999218636192381 ], [ 2539330.358800420537591, 1153899.784385320032015 ], [ 2539346.154503989499062, 1153926.250386702362448 ], [ 2539355.086268211714923, 1153940.067730962531641 ], [ 2539362.594445155002177, 1153948.907870405586436 ], [ 2539372.323522727470845, 1153960.393713586265221 ], [ 2539394.543122045695782, 1153979.524414252256975 ], [ 2539403.112323641777039, 1153986.319466230692342 ], [ 2539429.154931807424873, 1154005.700775797478855 ], [ 2539442.332574493251741, 1154012.260427195345983 ], [ 2539457.71900509763509, 1154019.509341867640615 ], [ 2539473.80969447363168, 1154025.08363191713579 ], [ 2539495.812631831038743, 1154030.376072122482583 ], [ 2539519.76241269428283, 1154033.203225566307083 ], [ 2539541.4672822044231, 1154032.517823739908636 ], [ 2539560.640269755385816, 1154031.05754077876918 ], [ 2539579.001886391080916, 1154027.493227553553879 ], [ 2539616.082857307977974, 1154016.258958123158664 ], [ 2539611.18223142856732, 1154000.410744276596233 ], [ 2539607.79225328238681, 1153992.885184406302869 ], [ 2539611.738932706881315, 1153990.155166934244335 ], [ 2539630.489036294165999, 1153984.007936388254166 ], [ 2539657.063749698456377, 1153992.278879941441119 ], [ 2539659.909203774295747, 1154004.412422144785523 ], [ 2539671.699679071083665, 1154003.504688719054684 ], [ 2539691.645675742533058, 1153992.676451103761792 ], [ 2539690.485040747560561, 1154003.16042512957938 ], [ 2539710.789701856672764, 1154004.368485357612371 ], [ 2539734.130171879194677, 1154009.170336596900597 ], [ 2539754.342315494548529, 1154014.926371162058786 ], [ 2539758.926194809842855, 1153999.227506119059399 ], [ 2539761.662257794756442, 1153989.761640101205558 ], [ 2539761.846432372462004, 1153983.64538096007891 ], [ 2539784.437340946868062, 1153981.784676333190873 ], [ 2539806.606521815992892, 1153977.649274385999888 ], [ 2539819.637257831636816, 1153976.47371070436202 ], [ 2539822.424649992026389, 1153972.121230833698064 ], [ 2539811.438189435750246, 1153969.818883914034814 ], [ 2539792.333883382380009, 1153949.832766297506168 ], [ 2539782.045445503666997, 1153956.706211865181103 ], [ 2539775.705442040227354, 1153954.89097625692375 ], [ 2539769.719633094035089, 1153947.847152958158404 ], [ 2539735.531327178701758, 1153946.177830734988675 ], [ 2539731.21801499882713, 1153938.372420605272055 ], [ 2539730.89297599112615, 1153932.739304991671816 ], [ 2539721.219336341135204, 1153927.47791580692865 ], [ 2539723.127126313280314, 1153922.63394559500739 ], [ 2539720.403468140400946, 1153919.570717472117394 ], [ 2539706.229377523064613, 1153914.621323533123359 ], [ 2539694.368483332917094, 1153919.231693390524015 ], [ 2539684.748220109380782, 1153918.527843418065459 ], [ 2539672.708768991287798, 1153925.218949427595362 ], [ 2539664.957422524224967, 1153924.207318314351141 ], [ 2539655.319563925731927, 1153927.861601232783869 ], [ 2539651.231450155377388, 1153916.518742642598227 ], [ 2539635.392028972506523, 1153920.691162241157144 ], [ 2539639.04337955173105, 1153935.140074053779244 ], [ 2539631.789446153678, 1153936.291325323516503 ], [ 2539629.197799095418304, 1153932.626487255096436 ], [ 2539623.027536076493561, 1153933.966966886771843 ], [ 2539624.650920944754034, 1153942.05502845835872 ], [ 2539619.905602488666773, 1153944.715244348160923 ], [ 2539614.419312149751931, 1153934.720517358975485 ], [ 2539605.5280252834782, 1153933.264619857771322 ], [ 2539605.537726080510765, 1153927.361333790002391 ], [ 2539591.167827828787267, 1153929.651421349495649 ], [ 2539575.467907211277634, 1153920.226363336900249 ], [ 2539545.790842262562364, 1153891.898365356493741 ], [ 2539529.969025067519397, 1153887.910921494942158 ], [ 2539520.26514310343191, 1153879.670770121971145 ], [ 2539512.093291512224823, 1153869.669820719165727 ], [ 2539509.736757112201303, 1153860.410755886696279 ], [ 2539500.651168913114816, 1153851.864247653633356 ], [ 2539494.730677941814065, 1153843.730558787239715 ], [ 2539494.484279862139374, 1153830.692661662353203 ], [ 2539495.248478919733316, 1153825.059703483479097 ], [ 2539495.511841345112771, 1153821.499573445646092 ], [ 2539492.551221416797489, 1153815.492797488579527 ], [ 2539481.098889050539583, 1153826.391760881291702 ], [ 2539467.182482417672873, 1153834.113844813778996 ], [ 2539459.426903096027672, 1153836.504357859725133 ], [ 2539449.513681864831597, 1153837.960555798606947 ], [ 2539440.938369858078659, 1153837.42443586839363 ], [ 2539419.390562349464744, 1153833.97304139053449 ], [ 2539399.999696316663176, 1153829.866289633559063 ], [ 2539403.244812493678182, 1153817.671427271096036 ], [ 2539405.986465468071401, 1153814.130763531196862 ], [ 2539414.440224218647927, 1153812.500221685273573 ], [ 2539419.734166592825204, 1153817.071555862901732 ], [ 2539423.429812512826174, 1153816.834181406768039 ], [ 2539423.79918895708397, 1153813.13957340316847 ], [ 2539434.484527192544192, 1153812.164702368667349 ], [ 2539437.959636233747005, 1153816.687686937628314 ], [ 2539444.060541077516973, 1153814.547284948406741 ], [ 2539444.619701186195016, 1153810.650657192803919 ], [ 2539448.376328427810222, 1153809.612250910839066 ], [ 2539453.960372065193951, 1153816.326294729951769 ], [ 2539472.887307767756283, 1153805.607659646542743 ], [ 2539476.439837562851608, 1153797.25626392965205 ], [ 2539474.682553947903216, 1153790.370238244533539 ], [ 2539481.549816665705293, 1153784.331162609858438 ], [ 2539482.106597629375756, 1153779.434022064320743 ], [ 2539487.903893342707306, 1153773.805948769440874 ], [ 2539491.859483348205686, 1153781.092286655446514 ], [ 2539503.626704608090222, 1153731.358084874693304 ], [ 2539499.349205573089421, 1153728.677467451198027 ], [ 2539496.748487280681729, 1153724.890488160541281 ], [ 2539506.732224199920893, 1153715.940723439212888 ], [ 2539498.956997262779623, 1153703.445562243461609 ], [ 2539490.984563521109521, 1153693.464865525485948 ], [ 2539486.205154568888247, 1153678.282556027173996 ], [ 2539478.664636591915041, 1153665.484894020482898 ], [ 2539468.418100266717374, 1153651.402686065528542 ], [ 2539464.410706322640181, 1153638.224812865490094 ] ] ] ] } },
{ "type": "Feature", "properties": { "osm_id": 131686060, "name": null, "type": "residential", "area": 12452 }, "geometry": { "type": "MultiPolygon", "coordinates": [ [ [ [ 2539455.743989548180252, 1153465.718911302741617 ], [ 2539454.483270845375955, 1153441.118321014102548 ], [ 2539448.76630094833672, 1153441.042532520368695 ], [ 2539447.115444390568882, 1153430.264451291179284 ], [ 2539446.1199467824772, 1153418.27911648992449 ], [ 2539441.735360416583717, 1153417.178247798932716 ], [ 2539435.277675968594849, 1153410.606425111647695 ], [ 2539437.37855417933315, 1153405.893823650432751 ], [ 2539448.671269313897938, 1153404.968448174651712 ], [ 2539450.938728479668498, 1153409.170099786482751 ], [ 2539453.538083960302174, 1153407.476335890591145 ], [ 2539456.579443314112723, 1153401.67590309958905 ], [ 2539456.062193644233048, 1153383.8492616629228 ], [ 2539449.991503782570362, 1153375.328027905663475 ], [ 2539446.043881424237043, 1153364.295167319942266 ], [ 2539446.281583767384291, 1153358.189474854851142 ], [ 2539446.238088285084814, 1153346.261247868882492 ], [ 2539442.912760147359222, 1153345.205287281190977 ], [ 2539451.721158606000245, 1153338.346185866510496 ], [ 2539458.520150215830654, 1153328.527958846418187 ], [ 2539452.184588391333818, 1153323.422346152830869 ], [ 2539462.746467567048967, 1153288.786153122782707 ], [ 2539446.121429795399308, 1153290.532322412589565 ], [ 2539425.499455871060491, 1153288.539015372283757 ], [ 2539416.273902235087007, 1153286.753244735999033 ], [ 2539394.392061601858586, 1153281.571018967777491 ], [ 2539386.315125438384712, 1153287.922554076882079 ], [ 2539386.815393355675042, 1153323.058713128790259 ], [ 2539387.698604399338365, 1153337.590991543373093 ], [ 2539389.731528386007994, 1153340.594338160939515 ], [ 2539389.451059461571276, 1153356.905978197231889 ], [ 2539387.864837136585265, 1153360.913025895366445 ], [ 2539388.996824359986931, 1153399.344596706097946 ], [ 2539390.731207651086152, 1153438.926271241856739 ], [ 2539388.886645447928458, 1153474.364016436738893 ], [ 2539388.194835004396737, 1153483.364744106074795 ], [ 2539391.379706197883934, 1153488.757766681257635 ], [ 2539397.218659475911409, 1153498.648684479529038 ], [ 2539403.592718528117985, 1153503.020120254019275 ], [ 2539407.583466632757336, 1153509.961419368861243 ], [ 2539419.16510969819501, 1153502.707432770868763 ], [ 2539418.763951578177512, 1153484.990793246543035 ], [ 2539423.891873186919838, 1153469.263951804256067 ], [ 2539447.176833865232766, 1153466.805794084211811 ], [ 2539455.743989548180252, 1153465.718911302741617 ] ] ] ] } },
{ "type": "Feature", "properties": { "osm_id": 140775093, "name": null, "type": "grass", "area": 170 }, "geometry": { "type": "MultiPolygon", "coordinates": [ [ [ [ 2538380.723530408926308, 1152614.236899432726204 ], [ 2538397.006964713335037, 1152614.192225637147203 ], [ 2538397.587569513823837, 1152612.440883516101167 ], [ 2538397.646483239717782, 1152609.205194167327136 ], [ 2538396.539092699997127, 1152603.735801280010492 ], [ 2538381.100805334281176, 1152603.882980525260791 ], [ 2538380.723530408926308, 1152614.236899432726204 ] ] ] ] } },
{ "type": "Feature", "properties": { "osm_id": 140775099, "name": null, "type": "grass", "area": 70 }, "geometry": { "type": "MultiPolygon", "coordinates": [ [ [ [ 2538380.42986243404448, 1152624.512141117826104 ], [ 2538380.933054568246007, 1152624.94054909562692 ], [ 2538385.656972426455468, 1152623.135601051850244 ], [ 2538390.652868235483766, 1152621.661382058402523 ], [ 2538392.557904027868062, 1152620.352262299042195 ], [ 2538395.343134328257293, 1152617.322080639423802 ], [ 2538380.59591058595106, 1152617.50664501846768 ], [ 2538380.42986243404448, 1152624.512141117826104 ] ] ] ] } },
{ "type": "Feature", "properties": { "osm_id": 150067361, "name": null, "type": "residential", "area": 37371 }, "geometry": { "type": "MultiPolygon", "coordinates": [ [ [ [ 2537776.633440345525742, 1154756.511054905829951 ], [ 2537776.928381041623652, 1154753.539745745947585 ], [ 2537780.51219470705837, 1154750.712216769112274 ], [ 2537786.55198065424338, 1154749.48235679930076 ], [ 2537822.324684822931886, 1154676.327952603343874 ], [ 2537828.190788025967777, 1154668.87475595343858 ], [ 2537833.425943413283676, 1154658.181594300549477 ], [ 2537824.596381206531078, 1154636.404976194957271 ], [ 2537804.112193118780851, 1154602.142745944205672 ], [ 2537754.083167835138738, 1154566.930427039507776 ], [ 2537745.307909541297704, 1154552.202199607389048 ], [ 2537708.966124613769352, 1154558.626680413261056 ], [ 2537692.070477378554642, 1154561.26991788810119 ], [ 2537683.29166223667562, 1154543.995987713104114 ], [ 2537678.85352495778352, 1154538.427867661463097 ], [ 2537671.727155376691371, 1154533.287860896904022 ], [ 2537662.962212940212339, 1154535.101971405558288 ], [ 2537652.724464278668165, 1154536.18653163453564 ], [ 2537642.628458210732788, 1154545.752027813345194 ], [ 2537631.672200970817357, 1154550.779556135646999 ], [ 2537627.42680447967723, 1154568.210868577938527 ], [ 2537612.70532090542838, 1154601.437286985805258 ], [ 2537606.378247298765928, 1154623.025818597991019 ], [ 2537597.991858251858503, 1154659.788435658672825 ], [ 2537601.377174825873226, 1154670.347919204039499 ], [ 2537617.05357780540362, 1154687.727968052495271 ], [ 2537620.23555535916239, 1154698.656439787475392 ], [ 2537629.580716656986624, 1154705.463153451215476 ], [ 2537637.05672110337764, 1154714.001329029444605 ], [ 2537646.265595048200339, 1154715.073030321393162 ], [ 2537645.999045829288661, 1154717.477103099692613 ], [ 2537641.460180924739689, 1154722.148958150530234 ], [ 2537642.332259759772569, 1154727.087039632955566 ], [ 2537654.896257488522679, 1154756.638390445848927 ], [ 2537776.633440345525742, 1154756.511054905829951 ] ] ] ] } },
{ "type": "Feature", "properties": { "osm_id": 155424448, "name": null, "type": "farmland", "area": 248681 }, "geometry": { "type": "MultiPolygon", "coordinates": [ [ [ [ 2543052.131998023018241, 1155558.244823565240949 ], [ 2543155.56296866806224, 1155628.080560896545649 ], [ 2543103.275952710770071, 1155688.641219608718529 ], [ 2543162.740585760679096, 1155740.57287200842984 ], [ 2543163.147705432958901, 1155757.655943000456318 ], [ 2543148.413524427916855, 1155771.358233464881778 ], [ 2543153.773329012561589, 1155778.511349411215633 ], [ 2543158.60929817520082, 1155798.387347754323855 ], [ 2543163.788076683413237, 1155799.383333399426192 ], [ 2543166.392127660103142, 1155796.568304582033306 ], [ 2543169.597802471369505, 1155799.784148002509028 ], [ 2543213.690767691005021, 1155825.747809111140668 ], [ 2543288.531421075109392, 1155825.796503004617989 ], [ 2543329.672612668946385, 1155860.071095400489867 ], [ 2543303.638757039327174, 1155878.40429765288718 ], [ 2543312.834229148924351, 1155891.368912988575175 ], [ 2543294.877557306084782, 1155904.934511136263609 ], [ 2543297.229667497333139, 1155907.113478283630684 ], [ 2543242.340199205558747, 1155951.066396348644048 ], [ 2543289.083521575201303, 1156017.438300049398094 ], [ 2543280.32626227941364, 1156024.057844596449286 ], [ 2543311.524631006643176, 1156072.733887944370508 ], [ 2543334.275400602724403, 1156107.248847789363936 ], [ 2543364.183924948330969, 1156152.613329492975026 ], [ 2543420.915646281093359, 1156236.723798968363553 ], [ 2543457.767289532348514, 1156297.16475336253643 ], [ 2543467.611676323227584, 1156299.328823339892551 ], [ 2543478.605456328950822, 1156316.056555088842288 ], [ 2543499.791236946824938, 1156318.113929000683129 ], [ 2543515.612670628353953, 1156312.439896452473477 ], [ 2543527.738750699907541, 1156315.84994556941092 ], [ 2543535.63063993724063, 1156324.057935943361372 ], [ 2543571.66242652060464, 1156378.226147153181955 ], [ 2543617.844677777960896, 1156359.44916588999331 ], [ 2543627.470311697106808, 1156337.513769858749583 ], [ 2543624.154269172344357, 1156306.150333633180708 ], [ 2543604.13232001196593, 1156267.150725566083565 ], [ 2543620.398938440252095, 1156228.821993613382801 ], [ 2543599.156861670315266, 1156197.938192034605891 ], [ 2543651.492949130479246, 1156154.824034916702658 ], [ 2543674.441563973668963, 1156189.41622492368333 ], [ 2543683.673492718022317, 1156185.961164516629651 ], [ 2543706.896338728722185, 1156154.126499898731709 ], [ 2543698.628753047902137, 1156146.744470281992108 ], [ 2543678.582629480399191, 1156098.628858539974317 ], [ 2543675.159593071788549, 1156076.2823344420176 ], [ 2543643.293536733835936, 1156021.518552138702944 ], [ 2543649.417899129446596, 1155990.911408530082554 ], [ 2543633.556343423202634, 1155971.171867440221831 ], [ 2543627.184539871290326, 1155937.836048730183393 ], [ 2543615.60098774638027, 1155918.767885164590552 ], [ 2543577.142138569615781, 1155921.608233285835013 ], [ 2543545.819934774190187, 1155888.162359438138083 ], [ 2543519.106173071544617, 1155880.742795898811892 ], [ 2543492.108367634937167, 1155852.926223847549409 ], [ 2543480.896688326261938, 1155840.836327477358282 ], [ 2543468.372668460477144, 1155839.253308118553832 ], [ 2543446.191816247068346, 1155840.029133562464267 ], [ 2543425.649085603188723, 1155833.141071559628472 ], [ 2543411.369226084556431, 1155813.709600741276518 ], [ 2543374.183023732155561, 1155752.30488427169621 ], [ 2543355.556763425003737, 1155738.851039475761354 ], [ 2543316.477536106482148, 1155689.893401074921712 ], [ 2543327.106204638257623, 1155665.335554923396558 ], [ 2543296.325064897537231, 1155607.43944061989896 ], [ 2543289.484477550722659, 1155588.049183099297807 ], [ 2543267.817165588028729, 1155593.756782666547224 ], [ 2543237.971451946999878, 1155600.842454435070977 ], [ 2543230.671234484296292, 1155575.042062980122864 ], [ 2543281.91802295204252, 1155531.601514555513859 ], [ 2543310.166583545040339, 1155507.221882198238745 ], [ 2543306.950780833605677, 1155451.75588651932776 ], [ 2543290.601970488205552, 1155404.240303666330874 ], [ 2543281.48210613662377, 1155344.95022393623367 ], [ 2543260.57688092533499, 1155321.001449515577406 ], [ 2543251.075045557226986, 1155354.453521395102143 ], [ 2543224.093149872496724, 1155381.433958548586816 ], [ 2543216.493267565965652, 1155373.457062617642805 ], [ 2543231.315579956397414, 1155355.97431924380362 ], [ 2543241.952195828780532, 1155311.127622458618134 ], [ 2543230.552439907100052, 1155307.700147944269702 ], [ 2543211.927946659270674, 1155267.032159008085728 ], [ 2543180.88442553114146, 1155286.313721674960107 ], [ 2543190.76373215764761, 1155310.633322028676048 ], [ 2543124.628619548399001, 1155350.924963910831138 ], [ 2543110.948333992622793, 1155320.515974266687408 ], [ 2543083.920298916753381, 1155336.914039226481691 ], [ 2543068.6756521766074, 1155345.407450279919431 ], [ 2543058.608750939834863, 1155354.74116995697841 ], [ 2543051.408438194543123, 1155365.470706807682291 ], [ 2543047.204638844821602, 1155373.503739529754966 ], [ 2543044.518360279034823, 1155391.116407584864646 ], [ 2543046.483830268494785, 1155409.918953586835414 ], [ 2543054.150719108060002, 1155448.400219649542123 ], [ 2543060.500877139624208, 1155479.067567817866802 ], [ 2543060.728217212017626, 1155503.044915804639459 ], [ 2543060.181601394899189, 1155520.626174317672849 ], [ 2543052.131998023018241, 1155558.244823565240949 ] ] ] ] } },
{ "type": "Feature", "properties": { "osm_id": 155424449, "name": null, "type": "farmyard", "area": 5441 }, "geometry": { "type": "MultiPolygon", "coordinates": [ [ [ [ 2542482.445475743617862, 1155420.60852635698393 ], [ 2542527.62577296840027, 1155483.443235745420679 ], [ 2542570.570152886677533, 1155389.560078378766775 ], [ 2542510.467920718248934, 1155370.480141518870369 ], [ 2542493.760080466978252, 1155386.281824549892917 ], [ 2542482.445475743617862, 1155420.60852635698393 ] ] ] ] } },
{ "type": "Feature", "properties": { "osm_id": 155434247, "name": null, "type": "residential", "area": 18435 }, "geometry": { "type": "MultiPolygon", "coordinates": [ [ [ [ 2542664.824936894699931, 1155733.7555546478834 ], [ 2542717.004870051518083, 1155644.776829268783331 ], [ 2542756.563017161563039, 1155584.111759045859799 ], [ 2542790.946484220214188, 1155532.489959421800449 ], [ 2542750.486213402356952, 1155508.251229389104992 ], [ 2542724.66262467764318, 1155535.745397137477994 ], [ 2542713.26158136036247, 1155569.961311111692339 ], [ 2542696.629272349178791, 1155559.91452597011812 ], [ 2542674.218505541794002, 1155582.50707433745265 ], [ 2542662.831314373761415, 1155602.871086885221303 ], [ 2542651.724020066205412, 1155597.118451225105673 ], [ 2542629.40690788673237, 1155629.482180628692731 ], [ 2542598.231250778306276, 1155592.826950122835115 ], [ 2542560.035270281136036, 1155586.444105591624975 ], [ 2542545.02613123646006, 1155600.973175583872944 ], [ 2542638.109998073428869, 1155698.302647087024525 ], [ 2542662.245828680694103, 1155729.522341581294313 ], [ 2542664.824936894699931, 1155733.7555546478834 ] ] ] ] } },
{ "type": "Feature", "properties": { "osm_id": 155434248, "name": null, "type": "residential", "area": 27930 }, "geometry": { "type": "MultiPolygon", "coordinates": [ [ [ [ 2542669.866302787791938, 1155742.034109366126359 ], [ 2542679.699658774305135, 1155758.182279928121716 ], [ 2542698.527769996784627, 1155803.08231090568006 ], [ 2542737.206917603034526, 1155778.255799418082461 ], [ 2542718.001486179884523, 1155749.256658767815679 ], [ 2542779.279966184869409, 1155686.994949455140159 ], [ 2542797.900430591776967, 1155653.788743489654735 ], [ 2542822.027403744868934, 1155665.620991034666076 ], [ 2542833.151543862186372, 1155656.254566852468997 ], [ 2542897.347556293476373, 1155807.825316859874874 ], [ 2542923.019017065875232, 1155797.453611553879455 ], [ 2542922.349062537774444, 1155764.086546127684414 ], [ 2542919.999320945702493, 1155700.852774224709719 ], [ 2542885.441442122682929, 1155624.473594069480896 ], [ 2542876.700892066117376, 1155609.48198815388605 ], [ 2542791.561294255312532, 1155547.914591979933903 ], [ 2542721.907590267714113, 1155647.36481039901264 ], [ 2542670.014284883160144, 1155735.040059237740934 ], [ 2542669.866302787791938, 1155742.034109366126359 ] ] ] ] } },
{ "type": "Feature", "properties": { "osm_id": 155434250, "name": null, "type": "residential", "area": 69994 }, "geometry": { "type": "MultiPolygon", "coordinates": [ [ [ [ 2543527.752206060569733, 1156395.559133119182661 ], [ 2543552.240613326430321, 1156388.391820534830913 ], [ 2543571.66242652060464, 1156378.226147153181955 ], [ 2543535.63063993724063, 1156324.057935943361372 ], [ 2543527.738750699907541, 1156315.84994556941092 ], [ 2543515.612670628353953, 1156312.439896452473477 ], [ 2543499.791236946824938, 1156318.113929000683129 ], [ 2543478.605456328950822, 1156316.056555088842288 ], [ 2543467.611676323227584, 1156299.328823339892551 ], [ 2543457.767289532348514, 1156297.16475336253643 ], [ 2543420.915646281093359, 1156236.723798968363553 ], [ 2543364.183924948330969, 1156152.613329492975026 ], [ 2543332.314860463608056, 1156173.369395969901234 ], [ 2543306.493680841289461, 1156135.292622388573363 ], [ 2543334.275400602724403, 1156107.248847789363936 ], [ 2543311.524631006643176, 1156072.733887944370508 ], [ 2543255.261399014852941, 1156117.244410464772955 ], [ 2543215.196004603989422, 1156074.133213649736717 ], [ 2543280.32626227941364, 1156024.057844596449286 ], [ 2543289.083521575201303, 1156017.438300049398094 ], [ 2543242.340199205558747, 1155951.066396348644048 ], [ 2543211.284312873613089, 1155973.538554670521989 ], [ 2543147.629866308066994, 1156026.391080649569631 ], [ 2543129.816030510235578, 1156051.717681562528014 ], [ 2543122.300984458997846, 1156072.055268478114158 ], [ 2543120.908252403140068, 1156091.812367507955059 ], [ 2543128.713555581867695, 1156138.563514296896756 ], [ 2543141.369693362154067, 1156160.633320595137775 ], [ 2543162.20267533743754, 1156177.20062082237564 ], [ 2543210.025775758549571, 1156214.301576431374997 ], [ 2543264.538683828897774, 1156264.702403574483469 ], [ 2543299.861794228665531, 1156319.865125292446464 ], [ 2543306.050837479997426, 1156335.314988226629794 ], [ 2543319.057208157610148, 1156345.04191427025944 ], [ 2543345.743802514392883, 1156356.273982564453036 ], [ 2543354.251013442408293, 1156358.961868257261813 ], [ 2543387.859790375921875, 1156365.837636749027297 ], [ 2543405.395310759078711, 1156373.621029387461022 ], [ 2543484.545703805983067, 1156390.673932371195406 ], [ 2543508.144030263647437, 1156396.499543431214988 ], [ 2543527.752206060569733, 1156395.559133119182661 ] ] ] ] } },
{ "type": "Feature", "properties": { "osm_id": 155434252, "name": null, "type": "residential", "area": 19739 }, "geometry": { "type": "MultiPolygon", "coordinates": [ [ [ [ 2543042.65030126972124, 1155569.396223429590464 ], [ 2543040.035237241070718, 1155567.820169642101973 ], [ 2543024.990379148162901, 1155589.218714205315337 ], [ 2543002.194604693446308, 1155616.616254487773404 ], [ 2542989.255441825371236, 1155637.616925573674962 ], [ 2542976.3110416168347, 1155670.979851349256933 ], [ 2542968.87578298477456, 1155710.215879553696141 ], [ 2542969.632883952464908, 1155750.363529119407758 ], [ 2542970.599633935838938, 1155773.822473101783544 ], [ 2543008.375582517124712, 1155770.873562548775226 ], [ 2543008.27884477796033, 1155800.279117323225364 ], [ 2542977.437691798433661, 1155802.550736404024065 ], [ 2542983.558490410447121, 1155859.945612778188661 ], [ 2542993.425921610090882, 1155933.113394677871838 ], [ 2543059.894946511369199, 1155923.955961680272594 ], [ 2543053.133627302013338, 1155903.264517942210659 ], [ 2543048.981391522102058, 1155883.537755226250738 ], [ 2543046.930845076218247, 1155811.274049062049016 ], [ 2543042.752129226922989, 1155762.887750263093039 ], [ 2543039.55976565554738, 1155740.061346261296421 ], [ 2543043.436775672715157, 1155704.071987959789112 ], [ 2543039.10824710316956, 1155679.522098845569417 ], [ 2543031.292844579555094, 1155652.048151368508115 ], [ 2543028.970847093500197, 1155642.553973039612174 ], [ 2543033.083540293388069, 1155619.280294583179057 ], [ 2543042.65030126972124, 1155569.396223429590464 ] ] ] ] } },
{ "type": "Feature", "properties": { "osm_id": 155434253, "name": null, "type": "residential", "area": 56280 }, "geometry": { "type": "MultiPolygon", "coordinates": [ [ [ [ 2543046.676904915831983, 1155672.090816314797848 ], [ 2543051.739980530925095, 1155703.737548298202455 ], [ 2543048.340324128046632, 1155737.498960797209293 ], [ 2543049.993419800885022, 1155754.914839551551268 ], [ 2543053.46888244105503, 1155794.658735750475898 ], [ 2543057.822912634816021, 1155875.29398332699202 ], [ 2543065.297218076419085, 1155891.909826490562409 ], [ 2543072.905446572229266, 1155923.465743805048987 ], [ 2543088.288255953229964, 1155950.745730923023075 ], [ 2543109.755651082843542, 1155979.946945188101381 ], [ 2543115.267289562150836, 1155985.330974568147212 ], [ 2543118.64244773844257, 1155988.634121412411332 ], [ 2543126.769306750502437, 1155983.487763402983546 ], [ 2543148.279219902120531, 1156016.401809426723048 ], [ 2543173.243084023240954, 1155996.143680013017729 ], [ 2543234.733188047073781, 1155950.37122497940436 ], [ 2543294.877557306084782, 1155904.934511136263609 ], [ 2543312.834229148924351, 1155891.368912988575175 ], [ 2543303.638757039327174, 1155878.40429765288718 ], [ 2543329.672612668946385, 1155860.071095400489867 ], [ 2543288.531421075109392, 1155825.796503004617989 ], [ 2543213.690767691005021, 1155825.747809111140668 ], [ 2543169.597802471369505, 1155799.784148002509028 ], [ 2543156.810735088773072, 1155810.132873427122831 ], [ 2543151.660220583435148, 1155802.399686392629519 ], [ 2543146.317217368632555, 1155775.146764341974631 ], [ 2543148.413524427916855, 1155771.358233464881778 ], [ 2543163.147705432958901, 1155757.655943000456318 ], [ 2543162.740585760679096, 1155740.57287200842984 ], [ 2543103.275952710770071, 1155688.641219608718529 ], [ 2543155.56296866806224, 1155628.080560896545649 ], [ 2543052.131998023018241, 1155558.244823565240949 ], [ 2543038.225402184296399, 1155641.432295728009194 ], [ 2543046.676904915831983, 1155672.090816314797848 ] ] ] ] } },
{ "type": "Feature", "properties": { "osm_id": 155446731, "name": null, "type": "residential", "area": 6085 }, "geometry": { "type": "MultiPolygon", "coordinates": [ [ [ [ 2543256.921488574240357, 1156375.689325155457482 ], [ 2543290.612651135306805, 1156340.941486817318946 ], [ 2543293.036609570495784, 1156332.880957544548437 ], [ 2543290.985969126690179, 1156323.628693763632327 ], [ 2543268.413595751859248, 1156284.398578877793625 ], [ 2543256.820722562260926, 1156265.208899068878964 ], [ 2543203.808154096826911, 1156216.1391145021189 ], [ 2543180.153583125211298, 1156245.000462256371975 ], [ 2543253.627755344845355, 1156294.954984169453382 ], [ 2543225.231190845835954, 1156321.103941324166954 ], [ 2543256.921488574240357, 1156375.689325155457482 ] ] ] ] } },
{ "type": "Feature", "properties": { "osm_id": 155446735, "name": null, "type": "residential", "area": 2939 }, "geometry": { "type": "MultiPolygon", "coordinates": [ [ [ [ 2543156.020555000752211, 1156476.041391730308533 ], [ 2543167.198087158147246, 1156465.941340615507215 ], [ 2543208.163158972281963, 1156425.221022899262607 ], [ 2543196.576628463342786, 1156413.179671508027241 ], [ 2543172.536658661440015, 1156436.074841463007033 ], [ 2543143.03703780611977, 1156409.606446381658316 ], [ 2543132.760739670600742, 1156420.943117373390123 ], [ 2543135.843853205442429, 1156425.016115744365379 ], [ 2543124.297071356792003, 1156472.239608062896878 ], [ 2543139.743595364503562, 1156477.262748220935464 ], [ 2543148.516663398593664, 1156478.069040403468534 ], [ 2543156.020555000752211, 1156476.041391730308533 ] ] ] ] } },
{ "type": "Feature", "properties": { "osm_id": 155446737, "name": null, "type": "residential", "area": 5185 }, "geometry": { "type": "MultiPolygon", "coordinates": [ [ [ [ 2542911.98808531742543, 1156104.611873421818018 ], [ 2542877.395046044141054, 1156129.120478811440989 ], [ 2542901.520471631549299, 1156161.975420579314232 ], [ 2542884.50703522702679, 1156169.707948962692171 ], [ 2542900.576720794662833, 1156195.802518669748679 ], [ 2542898.5142707740888, 1156205.538449674844742 ], [ 2542903.578643819317222, 1156218.730721333762631 ], [ 2542919.088048162870109, 1156228.666448405012488 ], [ 2542923.956938304938376, 1156231.788530624937266 ], [ 2542955.332747875712812, 1156216.604620187543333 ], [ 2542954.137745649088174, 1156212.713881981559098 ], [ 2542945.012960154097527, 1156183.006833886960521 ], [ 2542930.210363314021379, 1156144.159944005543366 ], [ 2542930.014557579066604, 1156136.468793735373765 ], [ 2542911.98808531742543, 1156104.611873421818018 ] ] ] ] } },
{ "type": "Feature", "properties": { "osm_id": 155446738, "name": null, "type": "residential", "area": 10699 }, "geometry": { "type": "MultiPolygon", "coordinates": [ [ [ [ 2542460.10146253509447, 1156260.172832293668762 ], [ 2542415.582870517391711, 1156356.984666631324217 ], [ 2542391.259948398917913, 1156394.07109208824113 ], [ 2542368.055147567298263, 1156429.368154768366367 ], [ 2542369.614627605304122, 1156433.64437968749553 ], [ 2542388.630206990521401, 1156442.900301279500127 ], [ 2542404.414533585775644, 1156420.70370791410096 ], [ 2542414.971697486005723, 1156431.597243343712762 ], [ 2542426.140016324818134, 1156411.056955337524414 ], [ 2542486.1189154679887, 1156411.905137202935293 ], [ 2542498.169597674626857, 1156385.775761492084712 ], [ 2542461.479235182981938, 1156360.73582955263555 ], [ 2542515.024464829824865, 1156300.713261354714632 ], [ 2542460.10146253509447, 1156260.172832293668762 ] ] ] ] } },
{ "type": "Feature", "properties": { "osm_id": 155446739, "name": null, "type": "residential", "area": 8939 }, "geometry": { "type": "MultiPolygon", "coordinates": [ [ [ [ 2542830.386432009283453, 1155928.137672008015215 ], [ 2542866.205710178706795, 1155913.911545739276335 ], [ 2542869.207771389279515, 1155910.225468144053593 ], [ 2542872.178639478515834, 1155903.260153801413253 ], [ 2542871.60650619585067, 1155896.32854639692232 ], [ 2542867.856949610635638, 1155874.652585420990363 ], [ 2542864.412160658277571, 1155858.409973161062226 ], [ 2542870.303995951544493, 1155855.352308964123949 ], [ 2542888.216216728556901, 1155846.065929363016039 ], [ 2542884.927002910990268, 1155832.467688349774107 ], [ 2542866.474696171469986, 1155807.563115934142843 ], [ 2542826.96554436488077, 1155833.052602360257879 ], [ 2542798.682155455462635, 1155788.998197803040966 ], [ 2542760.442143205087632, 1155814.854013910284266 ], [ 2542830.386432009283453, 1155928.137672008015215 ] ] ] ] } },
{ "type": "Feature", "properties": { "osm_id": 155446745, "name": null, "type": "residential", "area": 8719 }, "geometry": { "type": "MultiPolygon", "coordinates": [ [ [ [ 2543096.682953345123678, 1156152.718829479534179 ], [ 2543107.238642779178917, 1156144.925798704149202 ], [ 2543119.277332121506333, 1156132.571858977200463 ], [ 2543115.78445061063394, 1156090.927070780657232 ], [ 2543116.882198858540505, 1156057.84340434288606 ], [ 2543097.174270374700427, 1156044.322788534453139 ], [ 2543084.06391506223008, 1156063.37940156343393 ], [ 2543061.699165335856378, 1156068.127189061138779 ], [ 2543076.525022074580193, 1156095.745938236359507 ], [ 2543047.559952090959996, 1156125.04724923404865 ], [ 2543027.499387199059129, 1156132.552579258102924 ], [ 2543010.376587909180671, 1156115.050045064184815 ], [ 2542995.908882506657392, 1156109.028517273720354 ], [ 2542977.443633314687759, 1156128.658707445021719 ], [ 2542976.5220602969639, 1156160.829135281033814 ], [ 2542975.363347478210926, 1156173.680352224269882 ], [ 2543096.682953345123678, 1156152.718829479534179 ] ] ] ] } },
{ "type": "Feature", "properties": { "osm_id": 155446760, "name": null, "type": "residential", "area": 4566 }, "geometry": { "type": "MultiPolygon", "coordinates": [ [ [ [ 2542601.372882483992726, 1155992.911461858777329 ], [ 2542673.075570362620056, 1155998.663295402191579 ], [ 2542708.583532271906734, 1155951.888409891864285 ], [ 2542600.373404153157026, 1155941.304445404792204 ], [ 2542601.372882483992726, 1155992.911461858777329 ] ] ] ] } },
{ "type": "Feature", "properties": { "osm_id": 155446761, "name": null, "type": "residential", "area": 944 }, "geometry": { "type": "MultiPolygon", "coordinates": [ [ [ [ 2542118.364115215837955, 1156398.340832060901448 ], [ 2542114.476748483721167, 1156365.805249931989238 ], [ 2542090.548654188867658, 1156363.323400436202064 ], [ 2542081.121088732499629, 1156391.696191923227161 ], [ 2542118.364115215837955, 1156398.340832060901448 ] ] ] ] } },
{ "type": "Feature", "properties": { "osm_id": 155446762, "name": null, "type": "residential", "area": 2214 }, "geometry": { "type": "MultiPolygon", "coordinates": [ [ [ [ 2542740.363162920344621, 1155951.607527360320091 ], [ 2542811.480879290029407, 1155910.396975319832563 ], [ 2542795.695647425483912, 1155887.712867163820192 ], [ 2542728.713940212968737, 1155925.94924933090806 ], [ 2542740.363162920344621, 1155951.607527360320091 ] ] ] ] } },
{ "type": "Feature", "properties": { "osm_id": 155446766, "name": null, "type": "residential", "area": 93597 }, "geometry": { "type": "MultiPolygon", "coordinates": [ [ [ [ 2543095.686118714045733, 1156821.931264876388013 ], [ 2543130.48289943439886, 1156810.362215480068699 ], [ 2543170.671912018675357, 1156839.430796822300181 ], [ 2543162.94245803495869, 1156854.845517370617017 ], [ 2543173.945537816733122, 1156863.6572547161486 ], [ 2543156.815470974426717, 1156887.243074517464265 ], [ 2543232.164689675439149, 1156963.560328795341775 ], [ 2543293.637573287356645, 1156857.711901098955423 ], [ 2543279.403472152538598, 1156829.119857403682545 ], [ 2543312.680253343190998, 1156789.729093265719712 ], [ 2543330.168387791607529, 1156821.859077774686739 ], [ 2543356.723803316242993, 1156809.657643146580085 ], [ 2543362.348904299084097, 1156798.720970819937065 ], [ 2543351.059764937497675, 1156759.573120069690049 ], [ 2543416.582103934604675, 1156760.733995557064191 ], [ 2543425.553442289121449, 1156686.598697286797687 ], [ 2543423.771727074403316, 1156668.416854162001982 ], [ 2543403.806541405152529, 1156639.52278026076965 ], [ 2543336.012549474835396, 1156568.43490382656455 ], [ 2543304.917180543299764, 1156536.066507197450846 ], [ 2543282.239174060989171, 1156522.906857564579695 ], [ 2543253.295388199854642, 1156560.022289549466223 ], [ 2543211.446285412181169, 1156538.017066948814318 ], [ 2543199.899311781860888, 1156530.944664844544604 ], [ 2543149.238490089774132, 1156493.559396551456302 ], [ 2543130.941397170070559, 1156484.716725295642391 ], [ 2543110.504612891469151, 1156479.107214188203216 ], [ 2543104.306465927511454, 1156478.921367513015866 ], [ 2543101.934495269320905, 1156482.7236470032949 ], [ 2543102.364564478863031, 1156487.644432422239333 ], [ 2543142.970464537385851, 1156565.357179403305054 ], [ 2543144.880398601759225, 1156579.980270981322974 ], [ 2543142.222293213475496, 1156593.245868535013869 ], [ 2543132.75913776177913, 1156610.244547871174291 ], [ 2543104.358998802490532, 1156658.461513254791498 ], [ 2543076.936800581868738, 1156703.01183100650087 ], [ 2543072.246277889236808, 1156715.418482810258865 ], [ 2543070.862014867831022, 1156729.561402717605233 ], [ 2543073.162134279496968, 1156745.692695741076022 ], [ 2543078.2819665055722, 1156764.821099553024396 ], [ 2543095.686118714045733, 1156821.931264876388013 ] ] ] ] } },
{ "type": "Feature", "properties": { "osm_id": 155446768, "name": null, "type": "residential", "area": 1943 }, "geometry": { "type": "MultiPolygon", "coordinates": [ [ [ [ 2543116.322698086965829, 1156235.17700943746604 ], [ 2543151.027107371948659, 1156210.246277838479728 ], [ 2543126.067570357117802, 1156181.467094998341054 ], [ 2543117.256480404641479, 1156181.550557001493871 ], [ 2543107.716884459368885, 1156181.640934253577143 ], [ 2543086.079969378188252, 1156195.975767169380561 ], [ 2543116.322698086965829, 1156235.17700943746604 ] ] ] ] } },
{ "type": "Feature", "properties": { "osm_id": 155446770, "name": null, "type": "residential", "area": 1021 }, "geometry": { "type": "MultiPolygon", "coordinates": [ [ [ [ 2542473.751914185006171, 1156460.238373745698482 ], [ 2542505.53197168558836, 1156474.697465214878321 ], [ 2542519.331618279218674, 1156471.052348542492837 ], [ 2542511.428667593747377, 1156438.588323292788118 ], [ 2542476.848356619942933, 1156449.64748469972983 ], [ 2542473.751914185006171, 1156460.238373745698482 ] ] ] ] } },
{ "type": "Feature", "properties": { "osm_id": 155446775, "name": null, "type": "residential", "area": 1150 }, "geometry": { "type": "MultiPolygon", "coordinates": [ [ [ [ 2543088.059484852012247, 1156904.803487992612645 ], [ 2543109.080705346073955, 1156913.164406014839187 ], [ 2543119.956459993030876, 1156871.305648900568485 ], [ 2543100.843111701309681, 1156856.323071490973234 ], [ 2543095.850504264701158, 1156858.693855553166941 ], [ 2543088.059484852012247, 1156904.803487992612645 ] ] ] ] } },
{ "type": "Feature", "properties": { "osm_id": 155446776, "name": null, "type": "residential", "area": 55373 }, "geometry": { "type": "MultiPolygon", "coordinates": [ [ [ [ 2542095.938520562835038, 1156314.643140900647268 ], [ 2542079.287520546931773, 1156314.612140910234302 ], [ 2542054.437520524021238, 1156314.972140914294869 ], [ 2542021.846520493738353, 1156314.831140921218321 ], [ 2542007.626520479563624, 1156318.611140927299857 ], [ 2542000.486520472448319, 1156320.551140926778316 ], [ 2541963.765520436223596, 1156330.5301409419626 ], [ 2541959.345520431641489, 1156331.730140943778679 ], [ 2541941.454520413652062, 1156336.57914094813168 ], [ 2541938.114520410075784, 1156338.829140948830172 ], [ 2541935.404520408250391, 1156336.069140944862738 ], [ 2541932.554520406294614, 1156332.959140949882567 ], [ 2541916.964520395733416, 1156316.419140940299258 ], [ 2541888.163520363159478, 1156342.418140966445208 ], [ 2541880.773520354647189, 1156349.048140968894586 ], [ 2541869.843520341906697, 1156358.89714097767137 ], [ 2541860.433520331513137, 1156367.357140984153375 ], [ 2541840.542520308401436, 1156385.246140995062888 ], [ 2541823.482520289253443, 1156400.656141007551923 ], [ 2541820.542520285584033, 1156403.316141004906967 ], [ 2541800.452520262915641, 1156421.475141020491719 ], [ 2541775.371520234271884, 1156444.114141035126522 ], [ 2541762.721520229242742, 1156416.334141028113663 ], [ 2541759.461520227137953, 1156411.524141026893631 ], [ 2541749.590520220808685, 1156396.974141019862145 ], [ 2541741.400520215276629, 1156388.164141017245129 ], [ 2541712.750520194880664, 1156362.824141015065834 ], [ 2541689.51952017750591, 1156341.284141005482525 ], [ 2541684.089520172215998, 1156344.683141009416431 ], [ 2541683.38389225769788, 1156345.12410100735724 ], [ 2541710.287715873215348, 1156408.080379588063806 ], [ 2541750.60730513650924, 1156465.420165041694418 ], [ 2541758.421893577557057, 1156484.399055451154709 ], [ 2541781.826815920416266, 1156476.456821738509461 ], [ 2541770.82303222687915, 1156449.671279191505164 ], [ 2541882.684635212644935, 1156349.411999891279265 ], [ 2541899.729905089363456, 1156368.134979557711631 ], [ 2541911.847387575544417, 1156390.385324177797884 ], [ 2541889.044879325665534, 1156402.779168827692047 ], [ 2541880.733256382867694, 1156389.463521090103313 ], [ 2541830.821492184884846, 1156434.348483850015327 ], [ 2541830.654363106470555, 1156436.095485934056342 ], [ 2541806.481351138092577, 1156451.849168259184808 ], [ 2541873.595888793002814, 1156556.867028809385374 ], [ 2541818.717250020708889, 1156582.856672287220135 ], [ 2541823.72800233727321, 1156602.963406320428476 ], [ 2541832.006265180651098, 1156629.475284576648846 ], [ 2541839.503286783117801, 1156652.926424295408651 ], [ 2541845.728892446961254, 1156662.293416488450021 ], [ 2541852.818023014348, 1156665.015149480197579 ], [ 2541864.329105982556939, 1156661.902070632204413 ], [ 2541880.121311242692173, 1156651.076780791161582 ], [ 2541892.985386172775179, 1156638.000865896465257 ], [ 2541939.238605593796819, 1156574.152674740878865 ], [ 2541974.80943081015721, 1156534.031882850918919 ], [ 2542000.407258024904877, 1156505.402645248221233 ], [ 2542021.157054021488875, 1156490.905677725793794 ], [ 2542036.243184046354145, 1156460.087986284866929 ], [ 2542060.992572737392038, 1156407.843397914431989 ], [ 2542076.533059417270124, 1156370.818095515947789 ], [ 2542093.178739355411381, 1156318.75187998637557 ], [ 2542096.059090389404446, 1156314.470000541768968 ], [ 2542095.938520562835038, 1156314.643140900647268 ] ] ] ] } },
{ "type": "Feature", "properties": { "osm_id": 155446781, "name": null, "type": "residential", "area": 2908 }, "geometry": { "type": "MultiPolygon", "coordinates": [ [ [ [ 2543064.938640620559454, 1156418.662048223428428 ], [ 2543099.736059218645096, 1156392.351608063094318 ], [ 2543073.717023321893066, 1156367.44030712521635 ], [ 2543092.369779668748379, 1156352.266572869382799 ], [ 2543073.025882478803396, 1156331.74995753634721 ], [ 2543033.346886038314551, 1156357.651060715317726 ], [ 2543064.938640620559454, 1156418.662048223428428 ] ] ] ] } },
{ "type": "Feature", "properties": { "osm_id": 155446788, "name": null, "type": "residential", "area": 2866 }, "geometry": { "type": "MultiPolygon", "coordinates": [ [ [ [ 2542859.838256757706404, 1156024.953827025135979 ], [ 2542850.445041937287897, 1156009.023520838469267 ], [ 2542831.762661130633205, 1156000.99695710116066 ], [ 2542815.352492672391236, 1156006.078071242198348 ], [ 2542768.031085143331438, 1156022.048331927740946 ], [ 2542798.523088012356311, 1156059.733702714787796 ], [ 2542859.838256757706404, 1156024.953827025135979 ] ] ] ] } },
{ "type": "Feature", "properties": { "osm_id": 155446790, "name": null, "type": "residential", "area": 1904 }, "geometry": { "type": "MultiPolygon", "coordinates": [ [ [ [ 2542739.650561525020748, 1156010.390275114914402 ], [ 2542742.146361712832004, 1156006.708960262825713 ], [ 2542736.626192987896502, 1155985.183364386670291 ], [ 2542689.940006414894015, 1155988.152325607137755 ], [ 2542673.949171210173517, 1156010.639159047044814 ], [ 2542680.562835540622473, 1156026.984823012026027 ], [ 2542739.650561525020748, 1156010.390275114914402 ] ] ] ] } },
{ "type": "Feature", "properties": { "osm_id": 155446791, "name": null, "type": "residential", "area": 1377 }, "geometry": { "type": "MultiPolygon", "coordinates": [ [ [ [ 2542326.241231299005449, 1156441.809433283982798 ], [ 2542330.117925609461963, 1156447.00834345840849 ], [ 2542345.862258205190301, 1156427.858058257028461 ], [ 2542312.62792084692046, 1156405.776342208730057 ], [ 2542297.18392176181078, 1156401.111041141208261 ], [ 2542274.626191863324493, 1156411.122008703183383 ], [ 2542326.241231299005449, 1156441.809433283982798 ] ] ] ] } },
{ "type": "Feature", "properties": { "osm_id": 155446796, "name": null, "type": "residential", "area": 943 }, "geometry": { "type": "MultiPolygon", "coordinates": [ [ [ [ 2542429.169159571174532, 1156440.643808986758813 ], [ 2542430.447339427657425, 1156447.579728196607903 ], [ 2542457.530499860178679, 1156452.845310070319101 ], [ 2542463.647535257972777, 1156445.360483728116378 ], [ 2542471.194271698594093, 1156440.619001026265323 ], [ 2542468.072468949947506, 1156418.948375472798944 ], [ 2542431.740485959686339, 1156431.280809633666649 ], [ 2542429.169159571174532, 1156440.643808986758813 ] ] ] ] } },
{ "type": "Feature", "properties": { "osm_id": 155446799, "name": null, "type": "residential", "area": 4555 }, "geometry": { "type": "MultiPolygon", "coordinates": [ [ [ [ 2543679.080110304988921, 1156377.328783003380522 ], [ 2543639.286342499312013, 1156371.632265897933394 ], [ 2543623.1670141229406, 1156370.894228328950703 ], [ 2543597.094079095404595, 1156381.655827467096969 ], [ 2543597.044977771583945, 1156418.064654348883778 ], [ 2543594.332600502297282, 1156426.48351324768737 ], [ 2543624.482329269871116, 1156435.838847110280767 ], [ 2543656.808620930183679, 1156445.874281155643985 ], [ 2543679.080110304988921, 1156377.328783003380522 ] ] ] ] } },
{ "type": "Feature", "properties": { "osm_id": 155452528, "name": null, "type": "residential", "area": 283 }, "geometry": { "type": "MultiPolygon", "coordinates": [ [ [ [ 2541034.005519437603652, 1156908.516141420230269 ], [ 2541042.621204977855086, 1156913.623004886554554 ], [ 2541034.458545697387308, 1156908.136775699909776 ], [ 2541034.005519437603652, 1156908.516141420230269 ] ] ], [ [ [ 2541030.115625709760934, 1156987.403902092715725 ], [ 2541034.409145809244365, 1156985.087002624990419 ], [ 2541049.065104772802442, 1156974.359601229894906 ], [ 2541060.084478275384754, 1156956.408463392872363 ], [ 2541058.513250211719424, 1156948.326787904137745 ], [ 2541030.115625709760934, 1156987.403902092715725 ] ] ], [ [ [ 2541012.307519393973053, 1157011.98714147368446 ], [ 2540999.426214676350355, 1157029.794381954474375 ], [ 2541017.335762776434422, 1157008.100357104092836 ], [ 2541019.227750830817968, 1157002.430626657092944 ], [ 2541012.307519393973053, 1157011.98714147368446 ] ] ] ] } },
{ "type": "Feature", "properties": { "osm_id": 155452532, "name": null, "type": "residential", "area": 24044 }, "geometry": { "type": "MultiPolygon", "coordinates": [ [ [ [ 2541887.645372540690005, 1157161.42295713792555 ], [ 2541910.108268063981086, 1157162.572978693526238 ], [ 2541928.976834806613624, 1157163.924604909494519 ], [ 2541945.051079286262393, 1157160.1894476194866 ], [ 2542027.260925941169262, 1157119.073384534800425 ], [ 2542063.961039872840047, 1157086.60185343073681 ], [ 2542078.213582949247211, 1157071.256159561686218 ], [ 2542077.920234176330268, 1157059.130245908163488 ], [ 2542036.0823331521824, 1157025.682480921037495 ], [ 2542018.337470802944154, 1157008.922493937425315 ], [ 2542001.475470890756696, 1156989.897260850295424 ], [ 2541973.640774416737258, 1156949.511010272894055 ], [ 2541951.110512633807957, 1156908.161997612332925 ], [ 2541928.445197088178247, 1156853.673973104218021 ], [ 2541912.212531108874828, 1156866.482244819402695 ], [ 2541902.470316316001117, 1156886.731790391728282 ], [ 2541902.731928863096982, 1156949.429651398444548 ], [ 2541885.646933483425528, 1156990.605946442810819 ], [ 2541920.946093421895057, 1157007.5181057988666 ], [ 2541922.449102222453803, 1157020.999715329380706 ], [ 2541927.44403655314818, 1157023.686204900266603 ], [ 2541914.070134081877768, 1157058.4897849438712 ], [ 2541921.821570743340999, 1157062.350247964728624 ], [ 2541941.00803354382515, 1157061.65329499472864 ], [ 2541957.551568759139627, 1157053.288926200009882 ], [ 2541967.032178436405957, 1157040.89066172321327 ], [ 2542016.230219341814518, 1157059.892465830314904 ], [ 2542000.160407928284258, 1157081.581487222574651 ], [ 2541981.758767175953835, 1157092.865255073644221 ], [ 2541925.901631292887032, 1157112.359927215147763 ], [ 2541919.815309918951243, 1157138.732958048349246 ], [ 2541892.398785974364728, 1157139.164999133441597 ], [ 2541887.645372540690005, 1157161.42295713792555 ] ] ] ] } },
{ "type": "Feature", "properties": { "osm_id": 155452544, "name": "Praz-Buchilly", "type": "residential", "area": 35003 }, "geometry": { "type": "MultiPolygon", "coordinates": [ [ [ [ 2541484.092519941739738, 1156537.719141147565097 ], [ 2541436.303519890643656, 1156564.778141169808805 ], [ 2541427.23351988568902, 1156550.838141162646934 ], [ 2541383.074519837740809, 1156581.108141190372407 ], [ 2541397.594519844744354, 1156609.458141198148951 ], [ 2541388.665519834961742, 1156615.297141205053777 ], [ 2541367.63551981234923, 1156628.927141213789582 ], [ 2541356.725519806612283, 1156609.827141206944361 ], [ 2541329.186519777402282, 1156625.427141220541671 ], [ 2541326.526519774459302, 1156626.937141225906089 ], [ 2541320.516519767697901, 1156630.3371412307024 ], [ 2541313.846519760787487, 1156634.118141228565946 ], [ 2541298.297519742511213, 1156649.428141243290156 ], [ 2541294.597519738599658, 1156653.85814124206081 ], [ 2541270.108519709203392, 1156683.099141264567152 ], [ 2541261.448519698344171, 1156693.469141266075894 ], [ 2541237.029519669245929, 1156722.690141287632287 ], [ 2541230.949519662186503, 1156729.63014129223302 ], [ 2541230.389519661199301, 1156730.280141291674227 ], [ 2541208.860519635491073, 1156754.99114131112583 ], [ 2541202.070519627537578, 1156762.811141316080466 ], [ 2541200.211385568603873, 1156764.955365148372948 ], [ 2541205.717441380489618, 1156763.54410487646237 ], [ 2541227.508766729850322, 1156797.760429133893922 ], [ 2541240.738544755149633, 1156800.287932439008728 ], [ 2541262.377282072324306, 1156794.639947202522308 ], [ 2541323.630743664689362, 1156749.706044188467786 ], [ 2541358.152121911291033, 1156735.350125700701028 ], [ 2541364.418227375950664, 1156737.801394959446043 ], [ 2541556.846275747288018, 1156597.006083483342081 ], [ 2541528.606781955808401, 1156566.731235151411965 ], [ 2541511.972362034022808, 1156551.673939517699182 ], [ 2541484.108470160514116, 1156537.692507265368477 ], [ 2541484.092519941739738, 1156537.719141147565097 ] ] ], [ [ [ 2541100.833519510459155, 1156863.72414138703607 ], [ 2541089.854519498534501, 1156868.754141390323639 ], [ 2541074.101014980580658, 1156878.224323846865445 ], [ 2541076.316748259589076, 1156878.129239619709551 ], [ 2541102.7198650771752, 1156862.877799722831696 ], [ 2541100.833519510459155, 1156863.72414138703607 ] ] ] ] } },
{ "type": "Feature", "properties": { "osm_id": 155469937, "name": null, "type": "residential", "area": 1523 }, "geometry": { "type": "MultiPolygon", "coordinates": [ [ [ [ 2541470.482519938610494, 1156494.279141129693016 ], [ 2541457.480892985593528, 1156509.908268854487687 ], [ 2541492.081022352911532, 1156533.713510404340923 ], [ 2541515.952920207753778, 1156546.999338533030823 ], [ 2541526.650172358378768, 1156534.332838700385764 ], [ 2541501.189629425294697, 1156507.544056724058464 ], [ 2541492.481973942834884, 1156508.751723410561681 ], [ 2541472.167488650884479, 1156492.256307091796771 ], [ 2541470.482519938610494, 1156494.279141129693016 ] ] ] ] } },
{ "type": "Feature", "properties": { "osm_id": 155469943, "name": null, "type": "residential", "area": 14413 }, "geometry": { "type": "MultiPolygon", "coordinates": [ [ [ [ 2541775.709623943082988, 1156819.144896078389138 ], [ 2541824.173505313694477, 1156811.193321584025398 ], [ 2541896.621290969196707, 1156845.72185720060952 ], [ 2541921.222492818720639, 1156838.70241192006506 ], [ 2541897.563261362724006, 1156779.821747269947082 ], [ 2541876.112641430459917, 1156736.839465632103384 ], [ 2541855.310314077883959, 1156695.10721178050153 ], [ 2541841.222219440154731, 1156677.589715116424486 ], [ 2541817.04393205512315, 1156679.246945721330121 ], [ 2541802.706343511119485, 1156684.266299501527101 ], [ 2541796.44459378765896, 1156690.952781613683328 ], [ 2541792.875774088315666, 1156697.76880323747173 ], [ 2541789.484674499370158, 1156707.095566823380068 ], [ 2541775.709623943082988, 1156819.144896078389138 ] ] ] ] } },
{ "type": "Feature", "properties": { "osm_id": 155469949, "name": null, "type": "residential", "area": 11042 }, "geometry": { "type": "MultiPolygon", "coordinates": [ [ [ [ 2542356.51972061721608, 1156426.821902101160958 ], [ 2542377.052491393405944, 1156396.786580500425771 ], [ 2542396.072012349031866, 1156363.275085616391152 ], [ 2542414.169872920960188, 1156320.801010174443945 ], [ 2542429.205084142740816, 1156272.41983602126129 ], [ 2542404.455048505682498, 1156247.432532468345016 ], [ 2542355.04065471701324, 1156289.529051309917122 ], [ 2542340.956464798655361, 1156305.105900284135714 ], [ 2542323.27755495114252, 1156357.61489934194833 ], [ 2542313.288728800136596, 1156371.584971118485555 ], [ 2542305.147090193815529, 1156379.856482830597088 ], [ 2542300.798168907407671, 1156388.569593967637047 ], [ 2542300.722140060737729, 1156396.61909100599587 ], [ 2542314.033704260829836, 1156399.63732519838959 ], [ 2542356.51972061721608, 1156426.821902101160958 ] ] ] ] } },
{ "type": "Feature", "properties": { "osm_id": 155469971, "name": null, "type": "residential", "area": 25890 }, "geometry": { "type": "MultiPolygon", "coordinates": [ [ [ [ 2541864.534941590856761, 1156678.408956445520744 ], [ 2541868.38181269634515, 1156694.75830205832608 ], [ 2541914.507192492019385, 1156792.953845323063433 ], [ 2542009.201174174435437, 1156733.851669717347249 ], [ 2542033.661847073119134, 1156720.953108611982316 ], [ 2542021.248491641599685, 1156647.299970617052168 ], [ 2542040.078932012896985, 1156632.621489396784455 ], [ 2542033.346612089313567, 1156590.597189804306254 ], [ 2542005.565202925819904, 1156595.590219039237127 ], [ 2541998.88897841097787, 1156559.401885027764365 ], [ 2542025.570864476263523, 1156554.886360328411683 ], [ 2542017.863206780981272, 1156509.558603400597349 ], [ 2541996.524801219347864, 1156527.41862934269011 ], [ 2541972.990978768095374, 1156553.771169161889702 ], [ 2541939.93025256274268, 1156592.544767802581191 ], [ 2541923.158034557010978, 1156615.452535007614642 ], [ 2541924.741645600646734, 1156617.438293840736151 ], [ 2541924.771857634186745, 1156620.561903551220894 ], [ 2541922.006645378656685, 1156623.26786814047955 ], [ 2541919.42914830474183, 1156623.181628951337188 ], [ 2541917.750981991644949, 1156622.519719746196643 ], [ 2541897.880520931910723, 1156649.359629025217146 ], [ 2541887.918368396814913, 1156659.594823461491615 ], [ 2541878.25906731095165, 1156667.047830724623054 ], [ 2541866.914098684675992, 1156673.06083513982594 ], [ 2541864.534941590856761, 1156678.408956445520744 ] ] ] ] } },
{ "type": "Feature", "properties": { "osm_id": 155469977, "name": null, "type": "residential", "area": 26578 }, "geometry": { "type": "MultiPolygon", "coordinates": [ [ [ [ 2542330.97849400062114, 1156305.846511922078207 ], [ 2542371.81832403736189, 1156260.530305641004816 ], [ 2542418.246768670156598, 1156220.51922088698484 ], [ 2542438.132441480178386, 1156205.276038707001135 ], [ 2542448.976664563640952, 1156192.476392653537914 ], [ 2542458.882364635821432, 1156153.760737321572378 ], [ 2542473.118481473997235, 1156121.151355827925727 ], [ 2542489.690220396965742, 1156100.970765332691371 ], [ 2542510.541045506019145, 1156081.538565207505599 ], [ 2542535.849893048405647, 1156065.521185829536989 ], [ 2542595.128514994867146, 1156046.510978318983689 ], [ 2542629.997933567035943, 1156037.350780851207674 ], [ 2542645.086955554783344, 1156028.068406638456509 ], [ 2542665.949152086861432, 1156003.322684198152274 ], [ 2542635.97288351226598, 1156000.473954730900005 ], [ 2542541.689636410679668, 1155993.737940233200788 ], [ 2542545.243026403244585, 1156009.22337610181421 ], [ 2542485.210416924674064, 1156059.235701193334535 ], [ 2542445.042525787837803, 1156067.669328471645713 ], [ 2542429.45536023657769, 1156080.147585591301322 ], [ 2542371.72924791648984, 1156089.027994420845062 ], [ 2542356.889860069844872, 1156089.103723363485187 ], [ 2542358.773921616375446, 1156127.183864356251433 ], [ 2542351.192237733397633, 1156169.857291740598157 ], [ 2542387.131350713316351, 1156197.160538408206776 ], [ 2542370.376579406671226, 1156222.179104135837406 ], [ 2542352.257655598223209, 1156210.535571240819991 ], [ 2542337.264081917703152, 1156232.858107042731717 ], [ 2542323.166058176197112, 1156243.810424176510423 ], [ 2542312.907480047550052, 1156270.43432182027027 ], [ 2542314.373395221773535, 1156294.499833904439583 ], [ 2542330.97849400062114, 1156305.846511922078207 ] ] ] ] } },
{ "type": "Feature", "properties": { "osm_id": 155470080, "name": null, "type": "residential", "area": 4823 }, "geometry": { "type": "MultiPolygon", "coordinates": [ [ [ [ 2542941.849612441845238, 1156143.882577902870253 ], [ 2542950.935328749939799, 1156141.217090449063107 ], [ 2542966.103677434381098, 1156083.742282414110377 ], [ 2542977.762582811992615, 1156033.026667383499444 ], [ 2542946.688318248372525, 1156025.973449934506789 ], [ 2542932.361853391863406, 1156034.036055373959243 ], [ 2542913.506401101127267, 1156062.641623246483505 ], [ 2542902.517929265275598, 1156070.883792686276138 ], [ 2542929.501252753194422, 1156116.351778851356357 ], [ 2542941.849612441845238, 1156143.882577902870253 ] ] ] ] } },
{ "type": "Feature", "properties": { "osm_id": 155478349, "name": null, "type": "meadow", "area": 6052 }, "geometry": { "type": "MultiPolygon", "coordinates": [ [ [ [ 2540305.722518764901906, 1156882.018141570966691 ], [ 2540190.611518643330783, 1156941.672141620423645 ], [ 2540163.961518615949899, 1156955.482141640502959 ], [ 2540159.394189247861505, 1156957.849685036111623 ], [ 2540162.010474996175617, 1156971.072422312106937 ], [ 2540231.668014955241233, 1156958.672294431831688 ], [ 2540344.881862122565508, 1156893.044868421507999 ], [ 2540358.337384706828743, 1156862.694869831670076 ], [ 2540355.457891487050802, 1156856.235536275664344 ], [ 2540305.722518764901906, 1156882.018141570966691 ] ] ] ] } },
{ "type": "Feature", "properties": { "osm_id": 155596236, "name": null, "type": "meadow", "area": 10266 }, "geometry": { "type": "MultiPolygon", "coordinates": [ [ [ [ 2541323.542636255268008, 1158854.753270665416494 ], [ 2541298.988839947618544, 1158807.701152489986271 ], [ 2541262.096095465123653, 1158816.633363648317754 ], [ 2541245.56480454094708, 1158773.182721576886252 ], [ 2541277.637026446871459, 1158758.094220759579912 ], [ 2541250.67215281073004, 1158699.748662204947323 ], [ 2541241.237329745199531, 1158678.029237476876006 ], [ 2541222.598280454985797, 1158685.560139695182443 ], [ 2541209.606657181400806, 1158649.790210387669504 ], [ 2541166.513509595766664, 1158664.431226119631901 ], [ 2541194.628480745479465, 1158718.785220728255808 ], [ 2541264.584572327788919, 1158857.853505474980921 ], [ 2541323.542636255268008, 1158854.753270665416494 ] ] ] ] } },
{ "type": "Feature", "properties": { "osm_id": 155596244, "name": null, "type": "meadow", "area": 21217 }, "geometry": { "type": "MultiPolygon", "coordinates": [ [ [ [ 2541526.761574659030885, 1159776.67995704873465 ], [ 2541504.32056252611801, 1159728.817125693662092 ], [ 2541470.697146284859627, 1159641.74218469648622 ], [ 2541436.622866217046976, 1159552.548457396682352 ], [ 2541418.014343198854476, 1159464.793684059288353 ], [ 2541404.134730129968375, 1159534.844721766188741 ], [ 2541400.998407391831279, 1159588.871178401866928 ], [ 2541414.171714338939637, 1159640.426042509730905 ], [ 2541398.376963725779206, 1159711.318467951845378 ], [ 2541341.846842958591878, 1159760.430308104259893 ], [ 2541445.029236716683954, 1159784.869750389130786 ], [ 2541464.95190872438252, 1159787.465793016366661 ], [ 2541500.101437737233937, 1159785.066389656160027 ], [ 2541526.761574659030885, 1159776.67995704873465 ] ] ] ] } },
{ "type": "Feature", "properties": { "osm_id": 155596248, "name": null, "type": "farmyard", "area": 7387 }, "geometry": { "type": "MultiPolygon", "coordinates": [ [ [ [ 2541236.617277573328465, 1158584.323849338572472 ], [ 2541209.897307987324893, 1158597.281235503731295 ], [ 2541224.652747961226851, 1158625.274148902390152 ], [ 2541220.825240293052047, 1158636.017408899730071 ], [ 2541207.195845238398761, 1158643.154672086704522 ], [ 2541209.606657181400806, 1158649.790210387669504 ], [ 2541222.598280454985797, 1158685.560139695182443 ], [ 2541241.237329745199531, 1158678.029237476876006 ], [ 2541250.67215281073004, 1158699.748662204947323 ], [ 2541257.768547637853771, 1158696.37742672348395 ], [ 2541322.254848571494222, 1158665.774945896584541 ], [ 2541313.462640048936009, 1158647.817829245934263 ], [ 2541292.084359722211957, 1158604.169877278618515 ], [ 2541255.872322144452482, 1158624.034694940317422 ], [ 2541236.617277573328465, 1158584.323849338572472 ] ] ] ] } },
{ "type": "Feature", "properties": { "osm_id": 155596254, "name": null, "type": "farmland", "area": 63692 }, "geometry": { "type": "MultiPolygon", "coordinates": [ [ [ [ 2541637.567215293180197, 1159378.453630477422848 ], [ 2541552.90569263882935, 1159405.202612876659259 ], [ 2541518.825148578267545, 1159538.773210645187646 ], [ 2541439.235718879383057, 1159439.339610678842291 ], [ 2541417.982481917366385, 1159445.038880979875103 ], [ 2541418.014343198854476, 1159464.793684059288353 ], [ 2541436.622866217046976, 1159552.548457396682352 ], [ 2541470.697146284859627, 1159641.74218469648622 ], [ 2541504.32056252611801, 1159728.817125693662092 ], [ 2541526.761574659030885, 1159776.67995704873465 ], [ 2541550.471298346761614, 1159761.251893053064123 ], [ 2541598.913924217224121, 1159717.356835087062791 ], [ 2541692.208152874838561, 1159631.314837931422517 ], [ 2541697.544032984878868, 1159618.811833678046241 ], [ 2541697.315684948582202, 1159607.930399903096259 ], [ 2541662.582666941918433, 1159449.84908498567529 ], [ 2541654.137874064035714, 1159418.525338249281049 ], [ 2541637.567215293180197, 1159378.453630477422848 ] ] ] ] } },
{ "type": "Feature", "properties": { "osm_id": 155596255, "name": null, "type": "meadow", "area": 74252 }, "geometry": { "type": "MultiPolygon", "coordinates": [ [ [ [ 2540868.660776919685304, 1158528.683087609242648 ], [ 2540963.536230231169611, 1158515.24246771982871 ], [ 2540955.469635472632945, 1158497.923520104959607 ], [ 2540949.932821206748486, 1158397.212434091838077 ], [ 2540865.177611945662647, 1158288.721045310376212 ], [ 2540804.155015788506716, 1158254.826076367404312 ], [ 2540760.08394262753427, 1158278.551197913242504 ], [ 2540697.458352821413428, 1158260.181508208625019 ], [ 2540668.54670352069661, 1158234.486483278917149 ], [ 2540563.453967384528369, 1158397.213555626804009 ], [ 2540612.945636942982674, 1158479.857565940823406 ], [ 2540727.769901138730347, 1158481.246247189352289 ], [ 2540743.192992486059666, 1158481.093974802643061 ], [ 2540749.447405623737723, 1158485.623607208719477 ], [ 2540758.589238266460598, 1158498.418121171882376 ], [ 2540811.150579731911421, 1158486.115465528797358 ], [ 2540829.053889217786491, 1158484.03793037799187 ], [ 2540858.366847393102944, 1158490.741718853823841 ], [ 2540868.660776919685304, 1158528.683087609242648 ] ] ] ] } },
{ "type": "Feature", "properties": { "osm_id": 155596260, "name": null, "type": "meadow", "area": 89874 }, "geometry": { "type": "MultiPolygon", "coordinates": [ [ [ [ 2540648.207670414820313, 1158817.591666800668463 ], [ 2540729.566321613267064, 1158827.760337350424379 ], [ 2540739.741448499727994, 1158793.852698737056926 ], [ 2540875.345266590826213, 1158776.90699967276305 ], [ 2540878.738371172919869, 1158820.97519608354196 ], [ 2540928.803072460927069, 1158811.521882031112909 ], [ 2540943.231098316609859, 1158769.535069408593699 ], [ 2540967.882127697113901, 1158522.170159470755607 ], [ 2540861.925225934013724, 1158537.554201417136937 ], [ 2540807.035548648796976, 1158546.933339642127976 ], [ 2540810.700804423540831, 1158554.012153973802924 ], [ 2540794.585480961017311, 1158562.464454728644341 ], [ 2540789.821080063469708, 1158554.318131294334307 ], [ 2540785.103536515496671, 1158546.26028627785854 ], [ 2540751.466409692075104, 1158497.554583809571341 ], [ 2540740.205800724215806, 1158489.905990137252957 ], [ 2540727.44263888290152, 1158488.47560768853873 ], [ 2540614.770286299753934, 1158488.388582270825282 ], [ 2540638.032902845181525, 1158597.228586666984484 ], [ 2540648.207670414820313, 1158817.591666800668463 ] ] ] ] } },
{ "type": "Feature", "properties": { "osm_id": 155596261, "name": null, "type": "farmland", "area": 161721 }, "geometry": { "type": "MultiPolygon", "coordinates": [ [ [ [ 2541383.275483115576208, 1160066.580078394152224 ], [ 2541374.814310556743294, 1160070.520372082712129 ], [ 2541364.774460262153298, 1160088.594845779240131 ], [ 2541380.303602559957653, 1160145.229383662575856 ], [ 2541391.290718974079937, 1160213.948161574546248 ], [ 2541458.493178327567875, 1160284.263885552994907 ], [ 2541601.052254513371736, 1160412.767232340294868 ], [ 2541783.831033105961978, 1160576.747388275107369 ], [ 2541856.923429173417389, 1160528.190631275298074 ], [ 2541689.180721945594996, 1160374.35658221389167 ], [ 2541732.671290302183479, 1160363.117171564837918 ], [ 2541754.640208807308227, 1160212.745018535293639 ], [ 2541751.017498287837952, 1160176.671794787282124 ], [ 2541718.125557102262974, 1160015.14820858463645 ], [ 2541718.445739024784416, 1159908.431927168741822 ], [ 2541682.810316601768136, 1159829.212934508686885 ], [ 2541607.76564184948802, 1159874.010896827327088 ], [ 2541608.739545217249542, 1159888.242444823728874 ], [ 2541605.427571530919522, 1159896.812615486094728 ], [ 2541560.346667359117419, 1159953.637458856916055 ], [ 2541549.987647678237408, 1159961.053407980827615 ], [ 2541532.983697131741792, 1159967.689210387412459 ], [ 2541495.165825432632118, 1159979.29718405008316 ], [ 2541472.111001886893064, 1159987.114982042461634 ], [ 2541456.260620152112097, 1159995.707482625730336 ], [ 2541446.341666493564844, 1160005.787427939707413 ], [ 2541436.752256188541651, 1160019.788517006207258 ], [ 2541421.001337572932243, 1160039.341621004510671 ], [ 2541391.651613238733262, 1160066.487150805070996 ], [ 2541383.275483115576208, 1160066.580078394152224 ] ] ] ] } },
{ "type": "Feature", "properties": { "osm_id": 155596267, "name": null, "type": "meadow", "area": 55525 }, "geometry": { "type": "MultiPolygon", "coordinates": [ [ [ [ 2541544.88614872423932, 1159944.049441460054368 ], [ 2541560.002036146819592, 1159946.581446162890643 ], [ 2541600.248650970868766, 1159893.894741721218452 ], [ 2541603.243110947310925, 1159882.626198907848448 ], [ 2541601.909376380499452, 1159876.313539072405547 ], [ 2541581.479970719199628, 1159829.498094456735998 ], [ 2541517.589106517378241, 1159864.983651473419741 ], [ 2541482.338692696299404, 1159856.989436468342319 ], [ 2541468.964448629878461, 1159825.591719156131148 ], [ 2541461.684186317026615, 1159795.05730591667816 ], [ 2541443.557922763284296, 1159792.755025229649618 ], [ 2541337.505776146426797, 1159766.409281586995348 ], [ 2541308.395027969032526, 1159767.14970938116312 ], [ 2541288.46117047406733, 1159775.960458879591897 ], [ 2541266.300838174764067, 1159801.613267911365256 ], [ 2541210.059644898865372, 1159835.426381962141022 ], [ 2541210.497701963875443, 1159849.629772214684635 ], [ 2541167.797288187313825, 1159880.775952567579225 ], [ 2541142.755174095276743, 1159886.024206897709519 ], [ 2541113.638678816147149, 1159913.457854766398668 ], [ 2541084.971410188358277, 1159986.623087959131226 ], [ 2541122.982686248142272, 1160061.991009044693783 ], [ 2541159.01063806284219, 1160048.519436596892774 ], [ 2541126.854746195022017, 1159993.404831627150998 ], [ 2541151.792273193132132, 1159980.664590411819518 ], [ 2541134.499185648746789, 1159939.022691534133628 ], [ 2541335.733020875137299, 1159875.952469975687563 ], [ 2541375.967806365340948, 1159972.845204644370824 ], [ 2541391.012769921682775, 1159975.177368990145624 ], [ 2541425.007791547104716, 1159956.691202788613737 ], [ 2541478.808964816853404, 1159931.241730539593846 ], [ 2541544.88614872423932, 1159944.049441460054368 ] ] ] ] } },
{ "type": "Feature", "properties": { "osm_id": 155596284, "name": null, "type": "farmland", "area": 23284 }, "geometry": { "type": "MultiPolygon", "coordinates": [ [ [ [ 2541159.01063806284219, 1160048.519436596892774 ], [ 2541207.982436086982489, 1160030.218715074006468 ], [ 2541288.792463778052479, 1159992.363087211968377 ], [ 2541375.967806365340948, 1159972.845204644370824 ], [ 2541335.733020875137299, 1159875.952469975687563 ], [ 2541134.499185648746789, 1159939.022691534133628 ], [ 2541151.792273193132132, 1159980.664590411819518 ], [ 2541126.854746195022017, 1159993.404831627150998 ], [ 2541159.01063806284219, 1160048.519436596892774 ] ] ] ] } },
{ "type": "Feature", "properties": { "osm_id": 155596285, "name": null, "type": "farmyard", "area": 7425 }, "geometry": { "type": "MultiPolygon", "coordinates": [ [ [ [ 2541482.338692696299404, 1159856.989436468342319 ], [ 2541517.589106517378241, 1159864.983651473419741 ], [ 2541581.479970719199628, 1159829.498094456735998 ], [ 2541588.127452753018588, 1159825.798092166427523 ], [ 2541559.905193897429854, 1159762.694181134691462 ], [ 2541531.477751945611089, 1159785.583285100525245 ], [ 2541501.538237715605646, 1159793.290167113067582 ], [ 2541461.684186317026615, 1159795.05730591667816 ], [ 2541468.964448629878461, 1159825.591719156131148 ], [ 2541482.338692696299404, 1159856.989436468342319 ] ] ] ] } },
{ "type": "Feature", "properties": { "osm_id": 156255073, "name": null, "type": "residential", "area": 16703 }, "geometry": { "type": "MultiPolygon", "coordinates": [ [ [ [ 2544229.508309888187796, 1158049.64298292575404 ], [ 2544419.335034812800586, 1158123.911836211569607 ], [ 2544424.720327684190124, 1158123.439525309950113 ], [ 2544437.203119497746229, 1158094.608614000491798 ], [ 2544425.587852105963975, 1158078.852105729514733 ], [ 2544410.570659282617271, 1158043.461054472485557 ], [ 2544326.583535295911133, 1157986.675321331480518 ], [ 2544266.006318995729089, 1157962.568717183778062 ], [ 2544242.428843394853175, 1158014.37081819656305 ], [ 2544229.508309888187796, 1158049.64298292575404 ] ] ] ] } },
{ "type": "Feature", "properties": { "osm_id": 156528857, "name": null, "type": "farmyard", "area": 14631 }, "geometry": { "type": "MultiPolygon", "coordinates": [ [ [ [ 2543278.526732526253909, 1157177.047876665368676 ], [ 2543284.674864965490997, 1157194.743751149391755 ], [ 2543303.734878434799612, 1157216.419879960827529 ], [ 2543323.136653979308903, 1157234.513145891251042 ], [ 2543350.123906477354467, 1157254.458144430769607 ], [ 2543372.316934569273144, 1157255.52723342529498 ], [ 2543391.869422446936369, 1157261.990844926331192 ], [ 2543404.64779814844951, 1157230.67588096880354 ], [ 2543431.27578023634851, 1157239.3741574017331 ], [ 2543438.919541333336383, 1157206.706901785219088 ], [ 2543395.224289206787944, 1157191.666000544559211 ], [ 2543356.62057097395882, 1157177.466740280622616 ], [ 2543365.531126881949604, 1157143.375570107251406 ], [ 2543341.998189836274832, 1157136.060238531092182 ], [ 2543342.02845433820039, 1157125.454271090449765 ], [ 2543330.683169448748231, 1157105.495043601375073 ], [ 2543307.402957804035395, 1157098.166343257995322 ], [ 2543289.870946251787245, 1157101.911617987323552 ], [ 2543243.158787310589105, 1157152.335375603055581 ], [ 2543278.526732526253909, 1157177.047876665368676 ] ] ] ] } },
{ "type": "Feature", "properties": { "osm_id": 156528899, "name": null, "type": "residential", "area": 4435 }, "geometry": { "type": "MultiPolygon", "coordinates": [ [ [ [ 2543557.611784826498479, 1157567.339134833076969 ], [ 2543634.003010789863765, 1157537.227869522757828 ], [ 2543551.275034373626113, 1157479.718419635901228 ], [ 2543525.236758362967521, 1157519.717940428759903 ], [ 2543547.832440215162933, 1157535.992026130435988 ], [ 2543557.611784826498479, 1157567.339134833076969 ] ] ] ] } },
{ "type": "Feature", "properties": { "osm_id": 156528950, "name": null, "type": "residential", "area": 3532 }, "geometry": { "type": "MultiPolygon", "coordinates": [ [ [ [ 2543081.944348208140582, 1157490.808961569564417 ], [ 2543146.854808109812438, 1157520.487916020676494 ], [ 2543168.617705165874213, 1157489.98783284984529 ], [ 2543080.724580537993461, 1157443.028227549977601 ], [ 2543076.040825434494764, 1157476.301569532370195 ], [ 2543076.752718021161854, 1157483.454214811790735 ], [ 2543081.944348208140582, 1157490.808961569564417 ] ] ] ] } },
{ "type": "Feature", "properties": { "osm_id": 156528960, "name": null, "type": "residential", "area": 1771 }, "geometry": { "type": "MultiPolygon", "coordinates": [ [ [ [ 2543428.086186052300036, 1157707.254880195716396 ], [ 2543445.242263464257121, 1157689.828421864891425 ], [ 2543412.109140131622553, 1157647.217654276639223 ], [ 2543389.14769356045872, 1157673.459200186422095 ], [ 2543390.325868917163461, 1157682.942067100666463 ], [ 2543425.289556275587529, 1157708.270654849242419 ], [ 2543428.086186052300036, 1157707.254880195716396 ] ] ] ] } },
{ "type": "Feature", "properties": { "osm_id": 156528985, "name": null, "type": "residential", "area": 4627 }, "geometry": { "type": "MultiPolygon", "coordinates": [ [ [ [ 2543399.155482496600598, 1157642.770658692810684 ], [ 2543481.702458851970732, 1157599.692489139502868 ], [ 2543536.214188938960433, 1157574.899851553374901 ], [ 2543525.212016914505512, 1157549.689783583860844 ], [ 2543469.150718037039042, 1157573.60774520970881 ], [ 2543456.63821382727474, 1157552.51422056555748 ], [ 2543392.345799250993878, 1157639.399693338898942 ], [ 2543399.155482496600598, 1157642.770658692810684 ] ] ] ] } },
{ "type": "Feature", "properties": { "osm_id": 156529000, "name": null, "type": "industrial", "area": 2215 }, "geometry": { "type": "MultiPolygon", "coordinates": [ [ [ [ 2543277.283674674574286, 1157592.460041955113411 ], [ 2543330.041423743590713, 1157628.859336543362588 ], [ 2543344.505948921199888, 1157639.839878970989957 ], [ 2543356.273462065029889, 1157650.212230265606195 ], [ 2543367.472520767245442, 1157655.598402667092159 ], [ 2543378.48547442490235, 1157653.448977997526526 ], [ 2543399.155482496600598, 1157642.770658692810684 ], [ 2543392.345799250993878, 1157639.399693338898942 ], [ 2543282.357550574000925, 1157584.952548109460622 ], [ 2543277.283674674574286, 1157592.460041955113411 ] ] ] ] } },
{ "type": "Feature", "properties": { "osm_id": 156529027, "name": null, "type": "farmyard", "area": 2312 }, "geometry": { "type": "MultiPolygon", "coordinates": [ [ [ [ 2543182.143282520584762, 1157537.796620950801298 ], [ 2543227.897655794862658, 1157562.410517212469131 ], [ 2543236.317686713300645, 1157544.699220892740414 ], [ 2543253.703366596251726, 1157525.61360209598206 ], [ 2543255.146565488073975, 1157515.249967525713146 ], [ 2543239.140553127042949, 1157504.284210940357298 ], [ 2543220.170063456986099, 1157504.974990450777113 ], [ 2543208.709506210871041, 1157526.294768587686121 ], [ 2543191.964528469368815, 1157518.271034645615146 ], [ 2543182.143282520584762, 1157537.796620950801298 ] ] ] ] } },
{ "type": "Feature", "properties": { "osm_id": 156537759, "name": null, "type": "farmland", "area": 24041 }, "geometry": { "type": "MultiPolygon", "coordinates": [ [ [ [ 2543399.89277043286711, 1158067.369090406689793 ], [ 2543477.235338924918324, 1158261.989490988198668 ], [ 2543507.02059453073889, 1158222.165671414928511 ], [ 2543521.157883735373616, 1158209.95949693559669 ], [ 2543501.032968942541629, 1158129.30555108981207 ], [ 2543448.3885040380992, 1157911.484257732052356 ], [ 2543445.503240309190005, 1157907.965094447834417 ], [ 2543431.564109302591532, 1157905.461688484065235 ], [ 2543420.815653601661325, 1157920.170816808007658 ], [ 2543406.794489546213299, 1157940.680577850434929 ], [ 2543391.395950358361006, 1157965.527902287663892 ], [ 2543380.892286618705839, 1157980.156976451398805 ], [ 2543364.97474935092032, 1157988.978448817273602 ], [ 2543371.110592331271619, 1157999.793057990726084 ], [ 2543397.86066535487771, 1158053.503029125276953 ], [ 2543399.89277043286711, 1158067.369090406689793 ] ] ] ] } },
{ "type": "Feature", "properties": { "osm_id": 156537761, "name": null, "type": "farmland", "area": 73133 }, "geometry": { "type": "MultiPolygon", "coordinates": [ [ [ [ 2543738.969910680316389, 1157860.350092316279188 ], [ 2543730.286440236493945, 1157872.148868952412158 ], [ 2543978.446022553369403, 1157969.281025576172397 ], [ 2544216.134088990744203, 1158060.828729835338891 ], [ 2544219.894662752747536, 1158051.344284263672307 ], [ 2544256.059246694203466, 1157958.10308878752403 ], [ 2544193.128047521226108, 1157928.260439072968438 ], [ 2544205.703783828299493, 1157900.428714703768492 ], [ 2544145.148011018522084, 1157834.278406393015757 ], [ 2544084.277963990345597, 1157742.762499412288889 ], [ 2544037.115512451156974, 1157765.602861023508012 ], [ 2543997.218572048004717, 1157795.490728366421536 ], [ 2543930.005469861440361, 1157836.995584918186069 ], [ 2543876.44703958556056, 1157798.830944533459842 ], [ 2543775.643236056901515, 1157867.110294178826734 ], [ 2543738.969910680316389, 1157860.350092316279188 ] ] ] ] } },
{ "type": "Feature", "properties": { "osm_id": 156607992, "name": null, "type": "meadow", "area": 14001 }, "geometry": { "type": "MultiPolygon", "coordinates": [ [ [ [ 2543772.055522138718516, 1156250.638140497496352 ], [ 2543772.074937343597412, 1156250.503098533954471 ], [ 2543736.982648291625082, 1156240.891053830040619 ], [ 2543729.248866757377982, 1156215.983502880204469 ], [ 2543734.11662677442655, 1156187.111364356707782 ], [ 2543723.734912089072168, 1156175.902610725956038 ], [ 2543620.460208609700203, 1156263.117538922466338 ], [ 2543644.789528122637421, 1156299.397561090998352 ], [ 2543644.323380809742957, 1156341.246538476785645 ], [ 2543635.695442399010062, 1156357.547310434048995 ], [ 2543692.10003705881536, 1156371.403567075030878 ], [ 2543698.72694673249498, 1156367.417104033054784 ], [ 2543716.01941276807338, 1156305.955537123605609 ], [ 2543723.488200892694294, 1156294.412730208132416 ], [ 2543731.572129504755139, 1156284.676248331554234 ], [ 2543767.861798683647066, 1156255.817527990555391 ], [ 2543772.055522138718516, 1156250.638140497496352 ] ] ] ] } },
{ "type": "Feature", "properties": { "osm_id": 156617943, "name": null, "type": "farmland", "area": 7124 }, "geometry": { "type": "MultiPolygon", "coordinates": [ [ [ [ 2543758.426045291591436, 1156487.399854268645868 ], [ 2543699.446056122891605, 1156395.036246213363484 ], [ 2543692.982304079458117, 1156384.524537065764889 ], [ 2543686.422458526678383, 1156379.305454855086282 ], [ 2543679.080110304988921, 1156377.328783003380522 ], [ 2543656.808620930183679, 1156445.874281155643985 ], [ 2543624.482329269871116, 1156435.838847110280767 ], [ 2543620.395204619970173, 1156460.379219136200845 ], [ 2543605.420378483831882, 1156473.693563630338758 ], [ 2543612.706455576233566, 1156511.334196826443076 ], [ 2543635.143487648107111, 1156516.871046651154757 ], [ 2543645.625126807019114, 1156461.965564012527466 ], [ 2543654.043437201995403, 1156452.75945416954346 ], [ 2543689.783595552202314, 1156467.031978489365429 ], [ 2543709.926873616408557, 1156465.931503230473027 ], [ 2543735.347024491522461, 1156482.91356370318681 ], [ 2543758.426045291591436, 1156487.399854268645868 ] ] ] ] } },
{ "type": "Feature", "properties": { "osm_id": 156617952, "name": null, "type": "farmland", "area": 30066 }, "geometry": { "type": "MultiPolygon", "coordinates": [ [ [ [ 2543896.863522162195295, 1156654.365140652749687 ], [ 2543896.253581588622183, 1156651.3755725286901 ], [ 2543893.352217562031001, 1156645.166980793932453 ], [ 2543889.881898262538016, 1156597.951929572271183 ], [ 2543882.812175482045859, 1156586.545201916480437 ], [ 2543868.145704083144665, 1156589.394860006170347 ], [ 2543860.025622653309256, 1156530.450335979694501 ], [ 2543868.054367759730667, 1156514.822512742131948 ], [ 2543834.708220506552607, 1156462.906427467940375 ], [ 2543826.251540530007333, 1156432.791618912946433 ], [ 2543802.129082576837391, 1156411.883825709344819 ], [ 2543813.866883782204241, 1156387.772255879826844 ], [ 2543795.009043284226209, 1156363.191068298416212 ], [ 2543798.251017337199301, 1156321.193841690896079 ], [ 2543782.791635185480118, 1156304.129362008068711 ], [ 2543768.262317824643105, 1156272.559572109486908 ], [ 2543745.813134559895843, 1156285.454409836791456 ], [ 2543730.360568007454276, 1156300.240362481679767 ], [ 2543723.525909851770848, 1156314.801056542433798 ], [ 2543706.40499732317403, 1156378.20647811377421 ], [ 2543707.875557138584554, 1156390.276931263739243 ], [ 2543763.050438252277672, 1156475.950440323678777 ], [ 2543792.614736574236304, 1156544.06573441834189 ], [ 2543798.801207234151661, 1156542.195743836462498 ], [ 2543802.834338110871613, 1156551.963236781070009 ], [ 2543796.496733293868601, 1156554.890758315101266 ], [ 2543809.006365956738591, 1156596.896195792593062 ], [ 2543820.140957310795784, 1156637.847287235315889 ], [ 2543826.603521921671927, 1156649.103983725421131 ], [ 2543835.468599285464734, 1156657.325490387389436 ], [ 2543873.06810302939266, 1156678.718846983741969 ], [ 2543888.990965482313186, 1156680.682258798507974 ], [ 2543908.031914836727083, 1156676.580020982306451 ], [ 2543897.685147700365633, 1156654.438967690337449 ], [ 2543896.863522162195295, 1156654.365140652749687 ] ] ] ] } },
{ "type": "Feature", "properties": { "osm_id": 156617959, "name": null, "type": "farmland", "area": 21 }, "geometry": { "type": "MultiPolygon", "coordinates": [ [ [ [ 2544041.135522238910198, 1156906.305140739073977 ], [ 2544037.785522237420082, 1156900.485140733653679 ], [ 2544037.355522239115089, 1156889.77514072903432 ], [ 2544035.885971502866596, 1156886.195967065403238 ], [ 2544038.61053542746231, 1156908.140006778296083 ], [ 2544041.135522238910198, 1156906.305140739073977 ] ] ], [ [ [ 2544035.565522240009159, 1156879.885140725178644 ], [ 2544034.194624639116228, 1156872.573685279348865 ], [ 2544035.354089947417378, 1156881.912132034311071 ], [ 2544035.565522240009159, 1156879.885140725178644 ] ] ] ] } },
{ "type": "Feature", "properties": { "osm_id": 156624149, "name": null, "type": "farmyard", "area": 1232 }, "geometry": { "type": "MultiPolygon", "coordinates": [ [ [ [ 2542834.864239554386586, 1155983.602567976340652 ], [ 2542828.503075703978539, 1155968.766255556838587 ], [ 2542820.833048654254526, 1155968.705880453344434 ], [ 2542813.560109873302281, 1155955.579177115112543 ], [ 2542796.164616023655981, 1155949.019037190359086 ], [ 2542770.605368344578892, 1155960.613101290306076 ], [ 2542778.520218355581164, 1155971.877085963031277 ], [ 2542789.40153774805367, 1155975.731083223829046 ], [ 2542805.000074349343777, 1155974.003867337945849 ], [ 2542811.531771225854754, 1155978.555242093047127 ], [ 2542816.134899999480695, 1155989.984220888931304 ], [ 2542834.864239554386586, 1155983.602567976340652 ] ] ] ] } },
{ "type": "Feature", "properties": { "osm_id": 156624170, "name": null, "type": "meadow", "area": 8639 }, "geometry": { "type": "MultiPolygon", "coordinates": [ [ [ [ 2543412.109140131622553, 1157647.217654276639223 ], [ 2543445.242263464257121, 1157689.828421864891425 ], [ 2543428.086186052300036, 1157707.254880195716396 ], [ 2543425.289556275587529, 1157708.270654849242419 ], [ 2543472.951890554279089, 1157748.476780155440792 ], [ 2543511.180175236426294, 1157775.342628159094602 ], [ 2543563.479676092043519, 1157806.545471639605239 ], [ 2543619.463862458243966, 1157831.755409746663645 ], [ 2543730.286440236493945, 1157872.148868952412158 ], [ 2543738.969910680316389, 1157860.350092316279188 ], [ 2543708.901656206697226, 1157854.817751599475741 ], [ 2543629.493585894815624, 1157818.821006040554494 ], [ 2543543.036029117181897, 1157771.151972990250215 ], [ 2543471.268653502222151, 1157696.742677695117891 ], [ 2543442.168514795135707, 1157653.293342060409486 ], [ 2543438.236674880608916, 1157633.919985335553065 ], [ 2543412.109140131622553, 1157647.217654276639223 ] ] ] ] } },
{ "type": "Feature", "properties": { "osm_id": 156624174, "name": null, "type": "meadow", "area": 17099 }, "geometry": { "type": "MultiPolygon", "coordinates": [ [ [ [ 2543669.686985919252038, 1157485.721085367724299 ], [ 2543641.850670666433871, 1157469.851485513383523 ], [ 2543655.734030528459698, 1157446.708845101762563 ], [ 2543566.742591910995543, 1157391.859357190551236 ], [ 2543550.232174802571535, 1157394.905018566176295 ], [ 2543542.483105175197124, 1157423.748852492077276 ], [ 2543523.503775307442993, 1157459.39080957043916 ], [ 2543456.63821382727474, 1157552.51422056555748 ], [ 2543469.150718037039042, 1157573.60774520970881 ], [ 2543525.212016914505512, 1157549.689783583860844 ], [ 2543536.214188938960433, 1157574.899851553374901 ], [ 2543557.611784826498479, 1157567.339134833076969 ], [ 2543547.832440215162933, 1157535.992026130435988 ], [ 2543525.236758362967521, 1157519.717940428759903 ], [ 2543551.275034373626113, 1157479.718419635901228 ], [ 2543634.003010789863765, 1157537.227869522757828 ], [ 2543649.718381488695741, 1157530.387861617840827 ], [ 2543669.686985919252038, 1157485.721085367724299 ] ] ] ] } },
{ "type": "Feature", "properties": { "osm_id": 156624177, "name": null, "type": "farmland", "area": 4467 }, "geometry": { "type": "MultiPolygon", "coordinates": [ [ [ [ 2542828.503075703978539, 1155968.766255556838587 ], [ 2542832.074176584370434, 1155968.465447202324867 ], [ 2542838.053967810235918, 1155956.935706233140081 ], [ 2542838.001165629830211, 1155951.388791522942483 ], [ 2542826.870033228304237, 1155935.79745991830714 ], [ 2542811.480879290029407, 1155910.396975319832563 ], [ 2542740.363162920344621, 1155951.607527360320091 ], [ 2542755.672093467321247, 1155990.293496244354174 ], [ 2542759.852851246949285, 1155998.435806560097262 ], [ 2542764.661638948600739, 1156003.27036371268332 ], [ 2542774.181095578242093, 1156002.64601738518104 ], [ 2542816.134899999480695, 1155989.984220888931304 ], [ 2542811.531771225854754, 1155978.555242093047127 ], [ 2542805.000074349343777, 1155974.003867337945849 ], [ 2542789.40153774805367, 1155975.731083223829046 ], [ 2542778.520218355581164, 1155971.877085963031277 ], [ 2542770.605368344578892, 1155960.613101290306076 ], [ 2542796.164616023655981, 1155949.019037190359086 ], [ 2542813.560109873302281, 1155955.579177115112543 ], [ 2542820.833048654254526, 1155968.705880453344434 ], [ 2542828.503075703978539, 1155968.766255556838587 ] ] ] ] } },
{ "type": "Feature", "properties": { "osm_id": 156624183, "name": null, "type": "meadow", "area": 4085 }, "geometry": { "type": "MultiPolygon", "coordinates": [ [ [ [ 2543062.459075831342489, 1156469.346038012066856 ], [ 2543116.599845041055232, 1156567.185575787676498 ], [ 2543116.246579964179546, 1156588.177946112584323 ], [ 2543107.011084374971688, 1156608.153883908875287 ], [ 2543101.10879387659952, 1156628.654102038359269 ], [ 2543074.305156928952783, 1156666.472741593839601 ], [ 2543049.210243159439415, 1156708.155153902014717 ], [ 2543049.576959249563515, 1156746.816843551117927 ], [ 2543062.922032174188644, 1156747.023788992781192 ], [ 2543058.593044196255505, 1156723.963572126580402 ], [ 2543066.417313633020967, 1156700.765870068455115 ], [ 2543097.751486341934651, 1156650.664362411247566 ], [ 2543104.491778555326164, 1156631.201203926000744 ], [ 2543113.387912537436932, 1156622.356661757221445 ], [ 2543126.485630955081433, 1156602.088455915218219 ], [ 2543131.613344509154558, 1156590.478137083118781 ], [ 2543134.115050002466887, 1156578.514712769770995 ], [ 2543132.497877139598131, 1156565.65646525612101 ], [ 2543125.062516346108168, 1156550.618797054514289 ], [ 2543077.647784022148699, 1156464.154878863366321 ], [ 2543062.459075831342489, 1156469.346038012066856 ] ] ] ] } },
{ "type": "Feature", "properties": { "osm_id": 156624191, "name": null, "type": "farmland", "area": 19270 }, "geometry": { "type": "MultiPolygon", "coordinates": [ [ [ [ 2543116.882198858540505, 1156057.84340434288606 ], [ 2543118.280795147176832, 1156023.322787627577782 ], [ 2543116.268319375347346, 1156008.422751205507666 ], [ 2543104.106008510105312, 1155989.138699718983844 ], [ 2543077.19674184313044, 1155953.018689365359023 ], [ 2543059.894946511369199, 1155923.955961680272594 ], [ 2542993.425921610090882, 1155933.113394677871838 ], [ 2542996.599090997129679, 1155959.564122846815735 ], [ 2542995.867058323230594, 1155981.015892583644018 ], [ 2542994.335381070151925, 1155990.135310251032934 ], [ 2543019.318314837757498, 1156011.53200301155448 ], [ 2543018.501792503520846, 1156023.279372892808169 ], [ 2543001.278024265076965, 1156048.500706668710336 ], [ 2542980.063377896789461, 1156058.062687999336049 ], [ 2542961.22732354560867, 1156136.361212979536504 ], [ 2542956.503592546563596, 1156150.947210252750665 ], [ 2542970.115388698875904, 1156165.370157870231196 ], [ 2542976.5220602969639, 1156160.829135281033814 ], [ 2542977.443633314687759, 1156128.658707445021719 ], [ 2542995.908882506657392, 1156109.028517273720354 ], [ 2543010.376587909180671, 1156115.050045064184815 ], [ 2543027.499387199059129, 1156132.552579258102924 ], [ 2543047.559952090959996, 1156125.04724923404865 ], [ 2543076.525022074580193, 1156095.745938236359507 ], [ 2543061.699165335856378, 1156068.127189061138779 ], [ 2543084.06391506223008, 1156063.37940156343393 ], [ 2543097.174270374700427, 1156044.322788534453139 ], [ 2543116.882198858540505, 1156057.84340434288606 ] ] ] ] } },
{ "type": "Feature", "properties": { "osm_id": 156624201, "name": null, "type": "farmland", "area": 35860 }, "geometry": { "type": "MultiPolygon", "coordinates": [ [ [ [ 2542859.838256757706404, 1156024.953827025135979 ], [ 2542798.523088012356311, 1156059.733702714787796 ], [ 2542768.031085143331438, 1156022.048331927740946 ], [ 2542607.329594785813242, 1156058.456376170506701 ], [ 2542606.124985232483596, 1156067.228143540211022 ], [ 2542621.77717209327966, 1156067.934575792402029 ], [ 2542672.826309847645462, 1156072.972185412188992 ], [ 2542779.888972031883895, 1156140.465533011825755 ], [ 2542845.882850568275899, 1156201.714640057180077 ], [ 2542850.754033509641886, 1156209.906025630654767 ], [ 2542866.050371345598251, 1156201.46712839207612 ], [ 2542879.753907228820026, 1156223.103978071827441 ], [ 2542866.162163129542023, 1156235.784459283342585 ], [ 2542848.533113472629339, 1156364.132049015257508 ], [ 2542854.182418921031058, 1156375.128649518359452 ], [ 2542899.768647571559995, 1156389.058224963955581 ], [ 2542908.774339449591935, 1156377.210730955703184 ], [ 2542937.480658751912415, 1156274.883161685429513 ], [ 2542918.718308142852038, 1156272.059883923502639 ], [ 2542919.088048162870109, 1156228.666448405012488 ], [ 2542903.578643819317222, 1156218.730721333762631 ], [ 2542898.5142707740888, 1156205.538449674844742 ], [ 2542900.576720794662833, 1156195.802518669748679 ], [ 2542884.50703522702679, 1156169.707948962692171 ], [ 2542901.520471631549299, 1156161.975420579314232 ], [ 2542877.395046044141054, 1156129.120478811440989 ], [ 2542911.98808531742543, 1156104.611873421818018 ], [ 2542881.341621053405106, 1156056.232784446561709 ], [ 2542859.838256757706404, 1156024.953827025135979 ] ] ] ] } },
{ "type": "Feature", "properties": { "osm_id": 156624208, "name": null, "type": "farmland", "area": 11698 }, "geometry": { "type": "MultiPolygon", "coordinates": [ [ [ [ 2542902.517929265275598, 1156070.883792686276138 ], [ 2542913.506401101127267, 1156062.641623246483505 ], [ 2542932.361853391863406, 1156034.036055373959243 ], [ 2542946.688318248372525, 1156025.973449934506789 ], [ 2542977.762582811992615, 1156033.026667383499444 ], [ 2542985.991354095749557, 1155999.052595890592784 ], [ 2542988.469255925621837, 1155981.352933982154354 ], [ 2542988.670252948068082, 1155960.517643449129537 ], [ 2542987.276038036681712, 1155939.686381381237879 ], [ 2542980.292424957733601, 1155886.724284977186471 ], [ 2542978.261117619462311, 1155881.996586284833029 ], [ 2542961.768506779335439, 1155872.792649041628465 ], [ 2542955.202789241913706, 1155892.109775993973017 ], [ 2542947.261614087037742, 1155906.303893914213404 ], [ 2542938.138105714693666, 1155920.364735913230106 ], [ 2542927.672873680014163, 1155933.6601494892966 ], [ 2542917.736895105335861, 1155946.150121885351837 ], [ 2542903.866162593010813, 1155962.63519863341935 ], [ 2542882.976336031220853, 1155978.142063674284145 ], [ 2542877.993384546134621, 1155982.402831253129989 ], [ 2542878.561440492980182, 1155986.48850872181356 ], [ 2542873.446807080414146, 1155991.417556917062029 ], [ 2542869.820649351924658, 1155999.634217396145687 ], [ 2542870.441376457922161, 1156009.255693194223568 ], [ 2542878.432533583603799, 1156028.567838918650523 ], [ 2542892.848299171775579, 1156014.578857823042199 ], [ 2542893.882793970406055, 1156012.067679340718314 ], [ 2542884.187616118695587, 1155994.216940071899444 ], [ 2542886.053391918540001, 1155981.536853227531537 ], [ 2542894.315314448904246, 1155973.676330082817003 ], [ 2542911.906200903933495, 1155987.094125522300601 ], [ 2542913.864857723005116, 1155997.892411855282262 ], [ 2542897.348556714598089, 1156014.402656447375193 ], [ 2542882.039812876377255, 1156032.880299189826474 ], [ 2542881.693860029336065, 1156037.630578161217272 ], [ 2542902.517929265275598, 1156070.883792686276138 ] ] ] ] } },
{ "type": "Feature", "properties": { "osm_id": 156624220, "name": null, "type": "meadow", "area": 4471 }, "geometry": { "type": "MultiPolygon", "coordinates": [ [ [ [ 2543255.261399014852941, 1156117.244410464772955 ], [ 2543311.524631006643176, 1156072.733887944370508 ], [ 2543280.32626227941364, 1156024.057844596449286 ], [ 2543215.196004603989422, 1156074.133213649736717 ], [ 2543255.261399014852941, 1156117.244410464772955 ] ] ] ] } },
{ "type": "Feature", "properties": { "osm_id": 156624223, "name": null, "type": "farmyard", "area": 805 }, "geometry": { "type": "MultiPolygon", "coordinates": [ [ [ [ 2543669.686985919252038, 1157485.721085367724299 ], [ 2543680.25093036936596, 1157461.820338277844712 ], [ 2543655.734030528459698, 1157446.708845101762563 ], [ 2543641.850670666433871, 1157469.851485513383523 ], [ 2543669.686985919252038, 1157485.721085367724299 ] ] ] ] } },
{ "type": "Feature", "properties": { "osm_id": 156624227, "name": null, "type": "farmyard", "area": 400 }, "geometry": { "type": "MultiPolygon", "coordinates": [ [ [ [ 2543163.24708717269823, 1156496.56178818596527 ], [ 2543182.720247345976532, 1156512.9975012447685 ], [ 2543193.967255920637399, 1156499.706244166241959 ], [ 2543175.050641213078052, 1156486.166781743755564 ], [ 2543163.24708717269823, 1156496.56178818596527 ] ] ] ] } },
{ "type": "Feature", "properties": { "osm_id": 156624228, "name": null, "type": "meadow", "area": 1924 }, "geometry": { "type": "MultiPolygon", "coordinates": [ [ [ [ 2543364.183924948330969, 1156152.613329492975026 ], [ 2543334.275400602724403, 1156107.248847789363936 ], [ 2543306.493680841289461, 1156135.292622388573363 ], [ 2543332.314860463608056, 1156173.369395969901234 ], [ 2543364.183924948330969, 1156152.613329492975026 ] ] ] ] } },
{ "type": "Feature", "properties": { "osm_id": 156624239, "name": null, "type": "farmland", "area": 45348 }, "geometry": { "type": "MultiPolygon", "coordinates": [ [ [ [ 2543124.297071356792003, 1156472.239608062896878 ], [ 2543135.843853205442429, 1156425.016115744365379 ], [ 2543132.760739670600742, 1156420.943117373390123 ], [ 2543143.03703780611977, 1156409.606446381658316 ], [ 2543172.536658661440015, 1156436.074841463007033 ], [ 2543196.576628463342786, 1156413.179671508027241 ], [ 2543208.163158972281963, 1156425.221022899262607 ], [ 2543256.921488574240357, 1156375.689325155457482 ], [ 2543225.231190845835954, 1156321.103941324166954 ], [ 2543253.627755344845355, 1156294.954984169453382 ], [ 2543180.153583125211298, 1156245.000462256371975 ], [ 2543203.808154096826911, 1156216.1391145021189 ], [ 2543139.047796351835132, 1156170.549494908424094 ], [ 2543123.817031087353826, 1156162.478230438893661 ], [ 2543108.816293661948293, 1156159.262982321204618 ], [ 2543097.968928014393896, 1156159.743745512561873 ], [ 2543098.361771172843874, 1156162.352533218683675 ], [ 2543117.256480404641479, 1156181.550557001493871 ], [ 2543126.067570357117802, 1156181.467094998341054 ], [ 2543151.027107371948659, 1156210.246277838479728 ], [ 2543116.322698086965829, 1156235.17700943746604 ], [ 2543086.079969378188252, 1156195.975767169380561 ], [ 2543107.716884459368885, 1156181.640934253577143 ], [ 2543090.686202569399029, 1156161.680430149659514 ], [ 2543046.310156304389238, 1156169.549602495972067 ], [ 2543048.815644424874336, 1156181.432216846849769 ], [ 2543016.946535287424922, 1156193.974454596173018 ], [ 2543020.957462230231613, 1156202.051851897733286 ], [ 2543029.402304172515869, 1156226.418153605191037 ], [ 2543020.538130750879645, 1156234.639954817015678 ], [ 2543008.312337036244571, 1156241.781967917690054 ], [ 2543021.027316015679389, 1156271.64402998238802 ], [ 2543005.681701298803091, 1156278.126396706793457 ], [ 2543013.983397787436843, 1156293.878308534855023 ], [ 2543001.621146180201322, 1156300.365724710049108 ], [ 2543033.346886038314551, 1156357.651060715317726 ], [ 2543073.025882478803396, 1156331.74995753634721 ], [ 2543092.369779668748379, 1156352.266572869382799 ], [ 2543073.717023321893066, 1156367.44030712521635 ], [ 2543099.736059218645096, 1156392.351608063094318 ], [ 2543064.938640620559454, 1156418.662048223428428 ], [ 2543086.5635179085657, 1156457.35565431881696 ], [ 2543124.297071356792003, 1156472.239608062896878 ] ] ] ] } },
{ "type": "Feature", "properties": { "osm_id": 156624251, "name": null, "type": "meadow", "area": 1800 }, "geometry": { "type": "MultiPolygon", "coordinates": [ [ [ [ 2543253.295388199854642, 1156560.022289549466223 ], [ 2543282.239174060989171, 1156522.906857564579695 ], [ 2543265.314320047385991, 1156517.230298136593774 ], [ 2543244.386293212417513, 1156514.79333937400952 ], [ 2543215.026981656905264, 1156529.845509759150445 ], [ 2543211.446285412181169, 1156538.017066948814318 ], [ 2543253.295388199854642, 1156560.022289549466223 ] ] ] ] } },
{ "type": "Feature", "properties": { "osm_id": 156624254, "name": null, "type": "farmyard", "area": 1398 }, "geometry": { "type": "MultiPolygon", "coordinates": [ [ [ [ 2542980.063377896789461, 1156058.062687999336049 ], [ 2543001.278024265076965, 1156048.500706668710336 ], [ 2543018.501792503520846, 1156023.279372892808169 ], [ 2543019.318314837757498, 1156011.53200301155448 ], [ 2542994.335381070151925, 1155990.135310251032934 ], [ 2542980.063377896789461, 1156058.062687999336049 ] ] ] ] } },
{ "type": "Feature", "properties": { "osm_id": 156624258, "name": null, "type": "farmland", "area": 1050 }, "geometry": { "type": "MultiPolygon", "coordinates": [ [ [ [ 2542977.437691798433661, 1155802.550736404024065 ], [ 2543008.27884477796033, 1155800.279117323225364 ], [ 2543008.375582517124712, 1155770.873562548775226 ], [ 2542970.599633935838938, 1155773.822473101783544 ], [ 2542970.758867579046637, 1155791.397041508229449 ], [ 2542975.019697440322489, 1155794.258132583694533 ], [ 2542977.437691798433661, 1155802.550736404024065 ] ] ] ] } },
{ "type": "Feature", "properties": { "osm_id": 156624275, "name": null, "type": "farmyard", "area": 745 }, "geometry": { "type": "MultiPolygon", "coordinates": [ [ [ [ 2542897.348556714598089, 1156014.402656447375193 ], [ 2542913.864857723005116, 1155997.892411855282262 ], [ 2542911.906200903933495, 1155987.094125522300601 ], [ 2542894.315314448904246, 1155973.676330082817003 ], [ 2542886.053391918540001, 1155981.536853227531537 ], [ 2542884.187616118695587, 1155994.216940071899444 ], [ 2542893.882793970406055, 1156012.067679340718314 ], [ 2542897.348556714598089, 1156014.402656447375193 ] ] ] ] } },
{ "type": "Feature", "properties": { "osm_id": 156624278, "name": null, "type": "farmyard", "area": 2912 }, "geometry": { "type": "MultiPolygon", "coordinates": [ [ [ [ 2542967.115272776223719, 1156288.75364031875506 ], [ 2542978.922955042216927, 1156279.592205989873037 ], [ 2542973.452728572767228, 1156258.366086621768773 ], [ 2542964.828029628843069, 1156228.809898909879848 ], [ 2542960.951776726171374, 1156221.998604878084734 ], [ 2542955.332747875712812, 1156216.604620187543333 ], [ 2542923.956938304938376, 1156231.788530624937266 ], [ 2542919.088048162870109, 1156228.666448405012488 ], [ 2542918.718308142852038, 1156272.059883923502639 ], [ 2542937.480658751912415, 1156274.883161685429513 ], [ 2542967.115272776223719, 1156288.75364031875506 ] ] ] ] } },
{ "type": "Feature", "properties": { "osm_id": 156624279, "name": null, "type": "meadow", "area": 800 }, "geometry": { "type": "MultiPolygon", "coordinates": [ [ [ [ 2543135.956993247382343, 1156032.860569281736389 ], [ 2543148.279219902120531, 1156016.401809426723048 ], [ 2543126.769306750502437, 1155983.487763402983546 ], [ 2543118.64244773844257, 1155988.634121412411332 ], [ 2543115.267289562150836, 1155985.330974568147212 ], [ 2543111.780617963057011, 1155988.876997599843889 ], [ 2543122.966066110879183, 1156004.623973579145968 ], [ 2543125.387878504116088, 1156023.066478496883065 ], [ 2543135.956993247382343, 1156032.860569281736389 ] ] ] ] } },
{ "type": "Feature", "properties": { "osm_id": 156624299, "name": null, "type": "farmland", "area": 192106 }, "geometry": { "type": "MultiPolygon", "coordinates": [ [ [ [ 2543163.24708717269823, 1156496.56178818596527 ], [ 2543175.050641213078052, 1156486.166781743755564 ], [ 2543193.967255920637399, 1156499.706244166241959 ], [ 2543182.720247345976532, 1156512.9975012447685 ], [ 2543198.45892188930884, 1156525.41087513230741 ], [ 2543209.168660248164088, 1156525.042759400093928 ], [ 2543244.338269389700145, 1156508.090203152503818 ], [ 2543272.174506332725286, 1156513.630253549199551 ], [ 2543284.66449811309576, 1156519.05967782321386 ], [ 2543308.347545148804784, 1156533.076978089520708 ], [ 2543408.67280310858041, 1156635.919451912632212 ], [ 2543419.791203871835023, 1156650.455838890047744 ], [ 2543423.771727074403316, 1156668.416854162001982 ], [ 2543425.553442289121449, 1156686.598697286797687 ], [ 2543416.582103934604675, 1156760.733995557064191 ], [ 2543351.059764937497675, 1156759.573120069690049 ], [ 2543362.348904299084097, 1156798.720970819937065 ], [ 2543356.723803316242993, 1156809.657643146580085 ], [ 2543330.168387791607529, 1156821.859077774686739 ], [ 2543312.680253343190998, 1156789.729093265719712 ], [ 2543279.403472152538598, 1156829.119857403682545 ], [ 2543293.637573287356645, 1156857.711901098955423 ], [ 2543232.164689675439149, 1156963.560328795341775 ], [ 2543228.467645100783557, 1156970.754678049590439 ], [ 2543151.41628143331036, 1156895.265132844913751 ], [ 2543119.956459993030876, 1156871.305648900568485 ], [ 2543109.080705346073955, 1156913.164406014839187 ], [ 2543088.059484852012247, 1156904.803487992612645 ], [ 2543081.09738881373778, 1156929.949596741702408 ], [ 2543075.464070232585073, 1156949.6579853980802 ], [ 2543065.467704686801881, 1156970.185947869438678 ], [ 2543066.711371923796833, 1156975.187953247223049 ], [ 2543116.666700159199536, 1157013.746478905202821 ], [ 2543152.003161750268191, 1157030.943405563943088 ], [ 2543160.878810712136328, 1157039.430632130708545 ], [ 2543171.300920840818435, 1157053.328363260952756 ], [ 2543214.404825803358108, 1157120.801340626785532 ], [ 2543243.158787310589105, 1157152.335375603055581 ], [ 2543289.870946251787245, 1157101.911617987323552 ], [ 2543307.402957804035395, 1157098.166343257995322 ], [ 2543330.683169448748231, 1157105.495043601375073 ], [ 2543342.02845433820039, 1157125.454271090449765 ], [ 2543341.998189836274832, 1157136.060238531092182 ], [ 2543365.531126881949604, 1157143.375570107251406 ], [ 2543356.62057097395882, 1157177.466740280622616 ], [ 2543395.224289206787944, 1157191.666000544559211 ], [ 2543438.919541333336383, 1157206.706901785219088 ], [ 2543444.012001637369394, 1157184.836127161746845 ], [ 2543486.375741889700294, 1157178.178288569673896 ], [ 2543506.08634801581502, 1157148.465856880648062 ], [ 2543514.824513155035675, 1157113.8873882049229 ], [ 2543510.943121236283332, 1157094.180001945933327 ], [ 2543485.899716191459447, 1157068.957612054655328 ], [ 2543501.968816731590778, 1156986.328877864638343 ], [ 2543475.354617429431528, 1156931.9612531515304 ], [ 2543489.546089821960777, 1156925.190774421207607 ], [ 2543499.637545916251838, 1156910.532446138793603 ], [ 2543519.954081864096224, 1156871.765082107158378 ], [ 2543519.008334191516042, 1156766.339763025986031 ], [ 2543510.071634187363088, 1156758.686364 ], [ 2543492.875758162233979, 1156757.525248670484871 ], [ 2543452.675764076877385, 1156763.818004221888259 ], [ 2543432.84212613850832, 1156761.04769597388804 ], [ 2543434.462565270252526, 1156756.418847989290953 ], [ 2543453.513789389748126, 1156755.905879920814186 ], [ 2543472.336585970129818, 1156739.27538242819719 ], [ 2543496.884895254392177, 1156731.295719931833446 ], [ 2543555.907830950338393, 1156680.591494133230299 ], [ 2543582.434096719603986, 1156634.161913963966072 ], [ 2543592.90647802175954, 1156606.91566045419313 ], [ 2543580.53215190442279, 1156590.078409859212115 ], [ 2543546.16482722805813, 1156530.914059236412868 ], [ 2543526.960487436968833, 1156480.97894863365218 ], [ 2543509.744310469832271, 1156484.264792868867517 ], [ 2543496.608272684272379, 1156504.699264588300139 ], [ 2543494.578085563145578, 1156538.325244492618367 ], [ 2543491.827104891650379, 1156558.917696997756138 ], [ 2543479.885272447019815, 1156559.552600119728595 ], [ 2543470.4030581722036, 1156551.826573282014579 ], [ 2543466.979959057178348, 1156521.386937706498429 ], [ 2543473.541769713163376, 1156468.974918980151415 ], [ 2543467.963509869296104, 1156458.877560482360423 ], [ 2543422.904119704850018, 1156481.936310680583119 ], [ 2543403.768175659701228, 1156479.248452282510698 ], [ 2543401.017742037773132, 1156465.700445579132065 ], [ 2543439.596496508456767, 1156447.471794656245038 ], [ 2543441.789576343726367, 1156430.353096437640488 ], [ 2543493.602014717180282, 1156400.382827845169231 ], [ 2543414.050974922720343, 1156385.556994956918061 ], [ 2543362.441239409148693, 1156371.135609850287437 ], [ 2543336.016606692690402, 1156360.834829379338771 ], [ 2543308.883706814609468, 1156346.194079725537449 ], [ 2543300.929617124609649, 1156344.42375106131658 ], [ 2543296.707855119369924, 1156345.642026564106345 ], [ 2543262.632012447342277, 1156380.260060910135508 ], [ 2543160.053115801885724, 1156480.772437719395384 ], [ 2543153.219765225425363, 1156485.584116615587845 ], [ 2543153.265966726467013, 1156490.464071344351396 ], [ 2543163.24708717269823, 1156496.56178818596527 ] ] ] ] } },
{ "type": "Feature", "properties": { "osm_id": 160541541, "name": null, "type": "farmyard", "area": 3866 }, "geometry": { "type": "MultiPolygon", "coordinates": [ [ [ [ 2541853.438716219738126, 1157259.606804178096354 ], [ 2541848.794985972810537, 1157261.497218280332163 ], [ 2541811.4790870975703, 1157280.046335879480466 ], [ 2541825.729154587723315, 1157328.656699850223958 ], [ 2541836.010200928896666, 1157328.512619356391951 ], [ 2541851.833101257681847, 1157343.211785022635013 ], [ 2541887.005086799152195, 1157315.50094719324261 ], [ 2541892.830105734057724, 1157312.076087159104645 ], [ 2541863.592135623563081, 1157273.193618711084127 ], [ 2541853.438716219738126, 1157259.606804178096354 ] ] ] ] } },
{ "type": "Feature", "properties": { "osm_id": 163213947, "name": null, "type": "residential", "area": 2648 }, "geometry": { "type": "MultiPolygon", "coordinates": [ [ [ [ 2539269.405206705443561, 1152770.478520934702829 ], [ 2539261.345364547800273, 1152745.935577464057133 ], [ 2539248.120365813840181, 1152709.938650767086074 ], [ 2539222.367946690414101, 1152719.092777896206826 ], [ 2539223.344266295433044, 1152723.818794197170064 ], [ 2539223.411725040525198, 1152727.453409105306491 ], [ 2539222.893120992928743, 1152730.804907013429329 ], [ 2539219.129416243638843, 1152744.861662984360009 ], [ 2539218.94651714945212, 1152751.055747406091541 ], [ 2539220.418652548920363, 1152758.522675685584545 ], [ 2539218.977618341334164, 1152758.68177519319579 ], [ 2539220.731217312626541, 1152774.250234810868278 ], [ 2539216.723386967554688, 1152774.791047610808164 ], [ 2539217.768428283277899, 1152782.517989560961723 ], [ 2539217.721326789818704, 1152783.930339947110042 ], [ 2539235.17314044572413, 1152781.096831552917138 ], [ 2539266.054085741285235, 1152776.015365608036518 ], [ 2539269.405206705443561, 1152770.478520934702829 ] ] ] ] } },
{ "type": "Feature", "properties": { "osm_id": 163213948, "name": null, "type": "residential", "area": 62041 }, "geometry": { "type": "MultiPolygon", "coordinates": [ [ [ [ 2539191.999662878923118, 1152597.423023350536823 ], [ 2539198.410021777264774, 1152577.2139384848997 ], [ 2539197.879986132495105, 1152571.093770557083189 ], [ 2539167.473628697916865, 1152556.449005233123899 ], [ 2539166.679471889510751, 1152547.741225430043414 ], [ 2539137.489616665057838, 1152535.785753585631028 ], [ 2539106.524391351267695, 1152526.60545901232399 ], [ 2539094.509303188882768, 1152523.80343054397963 ], [ 2539061.184891426935792, 1152515.82569596846588 ], [ 2539031.589423610828817, 1152510.823047643760219 ], [ 2539011.617864612489939, 1152509.680550594581291 ], [ 2539008.865114518906921, 1152510.653446310665458 ], [ 2539007.785001515410841, 1152513.110176240559667 ], [ 2539024.321530297864228, 1152627.971185637405142 ], [ 2539025.302317969035357, 1152629.339755686 ], [ 2539026.845268287695944, 1152630.146765321027488 ], [ 2539029.06141604622826, 1152629.990871967514977 ], [ 2539043.222202880773693, 1152627.9795213828329 ], [ 2539048.438276261556894, 1152627.770968172932044 ], [ 2539050.145746515132487, 1152643.284264336805791 ], [ 2539056.819658800493926, 1152699.046746011823416 ], [ 2539008.112707502674311, 1152716.249991783406585 ], [ 2538965.577198426239192, 1152720.761892772745341 ], [ 2538927.408806794323027, 1152729.120698288548738 ], [ 2538861.227628848515451, 1152746.891875952715054 ], [ 2538837.287666520103812, 1152673.195525429910049 ], [ 2538830.063925351016223, 1152673.680394278373569 ], [ 2538813.878808128181845, 1152676.579997433582321 ], [ 2538800.651302348356694, 1152679.794150671223179 ], [ 2538802.412034758366644, 1152703.489044443704188 ], [ 2538803.690743207931519, 1152721.29677197127603 ], [ 2538804.941671660169959, 1152738.637863513547927 ], [ 2538806.186191735323519, 1152756.857273511588573 ], [ 2538802.580717412289232, 1152756.215849468717352 ], [ 2538804.039386866614223, 1152770.597669957904145 ], [ 2538801.39518280280754, 1152786.733315350720659 ], [ 2538792.058165493886918, 1152802.725911408197135 ], [ 2538789.859060776885599, 1152816.600251958705485 ], [ 2538855.794997990597039, 1152830.625749771017581 ], [ 2538885.446493549272418, 1152835.993814882822335 ], [ 2538913.445570133626461, 1152840.356049665482715 ], [ 2538942.083658982999623, 1152841.154441429767758 ], [ 2538951.873171796556562, 1152840.210067773470655 ], [ 2538984.508030197583139, 1152829.561887278221548 ], [ 2539024.534153693821281, 1152813.769465343793854 ], [ 2539081.248233029153198, 1152790.937714124796912 ], [ 2539131.869460572954267, 1152769.580095242708921 ], [ 2539137.708233042620122, 1152765.707778064068407 ], [ 2539139.978963692672551, 1152759.581479459535331 ], [ 2539144.575439198408276, 1152745.182723925681785 ], [ 2539152.560380336362869, 1152718.331835985882208 ], [ 2539163.799877123907208, 1152681.709411717718467 ], [ 2539173.088142118416727, 1152655.479033465497196 ], [ 2539181.274146093521267, 1152637.853359119035304 ], [ 2539191.999662878923118, 1152597.423023350536823 ] ] ] ] } },
{ "type": "Feature", "properties": { "osm_id": 163924456, "name": null, "type": "farmland", "area": 2862 }, "geometry": { "type": "MultiPolygon", "coordinates": [ [ [ [ 2540564.910519505850971, 1154682.764140493003651 ], [ 2540567.453519508242607, 1154681.461140488274395 ], [ 2540580.619787663687021, 1154674.713390990160406 ], [ 2540575.798069672659039, 1154659.173479210818186 ], [ 2540566.170831283088773, 1154630.497672184370458 ], [ 2540559.374300859868526, 1154628.964064168278128 ], [ 2540548.068191129248589, 1154632.966945946682245 ], [ 2540534.046792347915471, 1154661.020789377391338 ], [ 2540529.229528278112411, 1154665.693198303924873 ], [ 2540504.357741175219417, 1154674.799838626291603 ], [ 2540505.536714111920446, 1154693.920695644337684 ], [ 2540508.19356507062912, 1154701.932045705150813 ], [ 2540520.455863926559687, 1154694.573370428057387 ], [ 2540539.83474079798907, 1154695.575651183025911 ], [ 2540564.910519505850971, 1154682.764140493003651 ] ] ] ] } },
{ "type": "Feature", "properties": { "osm_id": 165420476, "name": null, "type": "residential", "area": 189453 }, "geometry": { "type": "MultiPolygon", "coordinates": [ [ [ [ 2539294.680791885126382, 1153813.753659400856122 ], [ 2539319.393017398193479, 1153803.098369830986485 ], [ 2539336.193433262873441, 1153793.79042266542092 ], [ 2539356.996454135980457, 1153771.323915993329138 ], [ 2539364.518834827002138, 1153755.706252929056063 ], [ 2539370.333033469505608, 1153735.036432534921914 ], [ 2539370.971165734343231, 1153704.75807694112882 ], [ 2539368.15452930284664, 1153671.223920916439965 ], [ 2539366.294502122793347, 1153638.969697309890762 ], [ 2539364.953596292529255, 1153611.779641207773238 ], [ 2539365.288605806417763, 1153575.03418296854943 ], [ 2539367.814624706748873, 1153544.036397033371031 ], [ 2539367.976424105931073, 1153541.82245755684562 ], [ 2539370.623467048630118, 1153506.087559836218134 ], [ 2539373.461470895446837, 1153471.784845330286771 ], [ 2539372.880397515371442, 1153449.178491500904784 ], [ 2539372.812541931401938, 1153407.478867948753759 ], [ 2539371.632953582797199, 1153361.299148590769619 ], [ 2539369.844494680408388, 1153314.091682793106884 ], [ 2539369.394917635247111, 1153299.955246802186593 ], [ 2539368.332072298508137, 1153279.032441373448819 ], [ 2539366.38947611162439, 1153274.338388368720189 ], [ 2539363.636721768882126, 1153270.71975572546944 ], [ 2539363.720076494384557, 1153255.410644354764372 ], [ 2539369.693970077671111, 1153250.514409808907658 ], [ 2539367.4954315694049, 1153196.129427533596754 ], [ 2539366.079426950309426, 1153126.528334508882836 ], [ 2539366.198470901697874, 1153114.75410701869987 ], [ 2539364.971840724814683, 1153086.729119151132181 ], [ 2539359.355181132908911, 1153080.660274294437841 ], [ 2539345.779184686485678, 1153081.975725981174037 ], [ 2539344.83048608340323, 1153070.089988800464198 ], [ 2539346.054006671067327, 1153062.073313264641911 ], [ 2539352.012178177945316, 1153051.040573938749731 ], [ 2539361.122675486374646, 1153045.189952173968777 ], [ 2539351.142316124867648, 1153009.715916891116649 ], [ 2539349.423109492752701, 1153003.596623129444197 ], [ 2539345.929070542100817, 1152991.169607610907406 ], [ 2539326.593108094763011, 1152937.302299916278571 ], [ 2539315.54040711838752, 1152907.375474089523777 ], [ 2539300.829200619831681, 1152863.200131884077564 ], [ 2539298.140401475597173, 1152853.02178291673772 ], [ 2539288.329095058143139, 1152824.472103416686878 ], [ 2539285.074762554839253, 1152816.04486168641597 ], [ 2539276.385792736429721, 1152790.741175068309531 ], [ 2539271.386365377809852, 1152788.835090229753405 ], [ 2539250.404871743172407, 1152790.925981587031856 ], [ 2539224.868163875304163, 1152794.819524325197563 ], [ 2539201.767951532267034, 1152798.343890511896461 ], [ 2539181.58648745296523, 1152801.382999404799193 ], [ 2539176.356340908911079, 1152801.702752306591719 ], [ 2539168.352939422242343, 1152801.717072691535577 ], [ 2539160.566890445537865, 1152800.461851394502446 ], [ 2539157.774255055934191, 1152803.547336590010673 ], [ 2539148.953504497185349, 1152802.413778993999586 ], [ 2539145.115462402813137, 1152805.32086654054001 ], [ 2539143.22004214907065, 1152821.226426765322685 ], [ 2539140.828658323269337, 1152829.833064129343256 ], [ 2539140.718393961433321, 1152862.129411946749315 ], [ 2539141.740165011957288, 1152900.884457378648221 ], [ 2539139.508769100997597, 1152938.160526581574231 ], [ 2539130.105682644061744, 1152981.779304512776434 ], [ 2539122.622055594343692, 1153009.592339879600331 ], [ 2539118.540230298880488, 1153024.775217018323019 ], [ 2539117.570413403678685, 1153026.752774463500828 ], [ 2539115.840391634497792, 1153032.4622708032839 ], [ 2539114.652278918772936, 1153039.4002765705809 ], [ 2539112.427246363833547, 1153053.808378553250805 ], [ 2539110.40632441220805, 1153083.055769258877262 ], [ 2539112.43115218449384, 1153098.110065100248903 ], [ 2539115.753944321535528, 1153120.855373304802924 ], [ 2539143.237664604093879, 1153116.152315215673298 ], [ 2539150.240692256484181, 1153118.927368763834238 ], [ 2539155.579354271292686, 1153136.927505474770442 ], [ 2539129.724738599266857, 1153141.85857967287302 ], [ 2539142.842860294505954, 1153170.352276613237336 ], [ 2539117.839886399917305, 1153183.590383806731552 ], [ 2539128.559561295900494, 1153288.138347017811611 ], [ 2539132.089404913596809, 1153326.034203405724838 ], [ 2539135.113804418127984, 1153343.579732743324712 ], [ 2539141.181886225007474, 1153365.430108631728217 ], [ 2539152.005110770929605, 1153398.449504365911707 ], [ 2539163.175171815790236, 1153421.026429627090693 ], [ 2539180.732245967723429, 1153458.335602686041966 ], [ 2539192.522183706518263, 1153476.22599762561731 ], [ 2539199.604768653865904, 1153513.44114088639617 ], [ 2539203.980482078157365, 1153561.433940428309143 ], [ 2539205.963448842521757, 1153586.794262249721214 ], [ 2539208.065513160079718, 1153598.145806499058381 ], [ 2539214.842374626547098, 1153609.716861571418121 ], [ 2539253.687302988488227, 1153709.000066069187596 ], [ 2539275.235567952040583, 1153764.056543342303485 ], [ 2539277.354162758216262, 1153769.471401003655046 ], [ 2539294.680791885126382, 1153813.753659400856122 ] ] ] ] } },
{ "type": "Feature", "properties": { "osm_id": 165582130, "name": null, "type": "grass", "area": 2713 }, "geometry": { "type": "MultiPolygon", "coordinates": [ [ [ [ 2537709.603117202874273, 1151212.970488010905683 ], [ 2537738.276729677338153, 1151231.983851185301319 ], [ 2537712.219656323082745, 1151112.900244484422728 ], [ 2537709.376166858244687, 1151113.307696090312675 ], [ 2537705.529557229019701, 1151098.395012471824884 ], [ 2537689.564125328324735, 1151102.117991545237601 ], [ 2537709.603117202874273, 1151212.970488010905683 ] ] ] ] } },
{ "type": "Feature", "properties": { "osm_id": 175879031, "name": null, "type": "farmland", "area": 16768 }, "geometry": { "type": "MultiPolygon", "coordinates": [ [ [ [ 2543455.443946164567024, 1158966.361320040654391 ], [ 2543532.034906613174826, 1158943.139269154053181 ], [ 2543493.57823215611279, 1158791.074992692563683 ], [ 2543483.599446294829249, 1158745.711229071486741 ], [ 2543402.019351352471858, 1158762.822057091863826 ], [ 2543455.443946164567024, 1158966.361320040654391 ] ] ] ] } },
{ "type": "Feature", "properties": { "osm_id": 198682322, "name": null, "type": "grass", "area": 1479 }, "geometry": { "type": "MultiPolygon", "coordinates": [ [ [ [ 2539122.784832790028304, 1153801.05196959618479 ], [ 2539135.754627116024494, 1153796.862804000265896 ], [ 2539143.083303922787309, 1153784.904353942954913 ], [ 2539142.079350701998919, 1153760.779248698381707 ], [ 2539130.890731912571937, 1153759.036042603896931 ], [ 2539105.804810330271721, 1153766.872146181762218 ], [ 2539100.13144522625953, 1153777.880023138364777 ], [ 2539100.717958539258689, 1153798.651983253424987 ], [ 2539111.332275669556111, 1153800.512124596862122 ], [ 2539122.784832790028304, 1153801.05196959618479 ] ] ] ] } },
{ "type": "Feature", "properties": { "osm_id": 198682323, "name": null, "type": "meadow", "area": 519 }, "geometry": { "type": "MultiPolygon", "coordinates": [ [ [ [ 2539068.185120827052742, 1153841.549334497423843 ], [ 2539090.052965566515923, 1153831.900254602078348 ], [ 2539095.769446111749858, 1153822.881895401049405 ], [ 2539090.199664495419711, 1153816.857297256123275 ], [ 2539062.167447948362678, 1153814.818100330652669 ], [ 2539061.35989046562463, 1153818.406006291741505 ], [ 2539069.279764400795102, 1153825.418400309979916 ], [ 2539072.335793321020901, 1153831.713049783138558 ], [ 2539066.105724147055298, 1153837.746134291635826 ], [ 2539068.185120827052742, 1153841.549334497423843 ] ] ] ] } },
{ "type": "Feature", "properties": { "osm_id": 198733921, "name": "Tridel", "type": "industrial", "area": 14691 }, "geometry": { "type": "MultiPolygon", "coordinates": [ [ [ [ 2539181.661873543635011, 1153888.936811831779778 ], [ 2539167.530078657902777, 1153876.095096125034615 ], [ 2539158.718537600710988, 1153865.867638914845884 ], [ 2539154.31039573950693, 1153854.839629175374284 ], [ 2539138.69445385877043, 1153850.006224351702258 ], [ 2539117.621843732893467, 1153843.493886138545349 ], [ 2539113.389017297420651, 1153842.202729946468025 ], [ 2539101.260131643619388, 1153838.512496172683313 ], [ 2539063.629445160739124, 1153853.057299189968035 ], [ 2539059.458857977762818, 1153857.902202911209315 ], [ 2539057.369155571330339, 1153862.914990891935304 ], [ 2539056.518060236703604, 1153866.747916117310524 ], [ 2539056.661987177096307, 1153872.616298424080014 ], [ 2539092.644095867406577, 1153978.497748669236898 ], [ 2539096.496261821128428, 1153984.628698239568621 ], [ 2539101.197365905158222, 1153988.227456635097042 ], [ 2539107.800856815651059, 1153989.527924466412514 ], [ 2539194.7215979648754, 1153961.866346653550863 ], [ 2539199.979163533076644, 1153957.53304033819586 ], [ 2539201.898733429610729, 1153947.830598285421729 ], [ 2539181.661873543635011, 1153888.936811831779778 ] ] ] ] } },
{ "type": "Feature", "properties": { "osm_id": 198740345, "name": null, "type": "grass", "area": 8339 }, "geometry": { "type": "MultiPolygon", "coordinates": [ [ [ [ 2538483.811548372264951, 1153212.849829613231122 ], [ 2538491.280078856274486, 1153198.865832618903369 ], [ 2538468.197466692421585, 1153178.446550729451701 ], [ 2538468.803918486926705, 1153174.72721742046997 ], [ 2538469.390906779561192, 1153172.853527624858543 ], [ 2538471.405857651960105, 1153167.307677537668496 ], [ 2538478.864693133626133, 1153156.870130395516753 ], [ 2538490.166219572070986, 1153147.026928337756544 ], [ 2538490.868236763868481, 1153144.396098118042573 ], [ 2538486.327508138492703, 1153140.073552126763389 ], [ 2538469.505371946841478, 1153115.098849097499624 ], [ 2538453.890516026876867, 1153106.120496781310067 ], [ 2538450.002554659266025, 1153110.095789644634351 ], [ 2538445.0525305964984, 1153109.268247089581564 ], [ 2538443.515418231021613, 1153111.273961877683178 ], [ 2538429.183278291020542, 1153142.860069684684277 ], [ 2538429.441625748295337, 1153144.858506308868527 ], [ 2538428.826941803563386, 1153165.742782848421484 ], [ 2538429.682591099757701, 1153167.623927162960172 ], [ 2538433.772821324877441, 1153176.653594524366781 ], [ 2538406.59995687333867, 1153193.641149075934663 ], [ 2538395.644441429525614, 1153204.281396507052705 ], [ 2538396.800208483356982, 1153213.730227777268738 ], [ 2538403.555011463817209, 1153222.954897810705006 ], [ 2538408.811877715867013, 1153225.280073032015935 ], [ 2538410.237856262829155, 1153230.401571360649541 ], [ 2538409.147146437782794, 1153234.781786232255399 ], [ 2538406.806661157403141, 1153239.252633310388774 ], [ 2538408.628480267245322, 1153244.814758678432554 ], [ 2538415.723466032650322, 1153258.038123122882098 ], [ 2538425.5525186304003, 1153259.527132322546095 ], [ 2538430.413982485886663, 1153267.448296947404742 ], [ 2538424.573751466814429, 1153275.579188406933099 ], [ 2538422.952627399936318, 1153284.356105095241219 ], [ 2538428.008737679570913, 1153288.06187876407057 ], [ 2538428.028345965780318, 1153300.457282878225669 ], [ 2538422.733185513876379, 1153302.623806435847655 ], [ 2538439.04150496609509, 1153328.404075828148052 ], [ 2538440.27133466815576, 1153353.32720754109323 ], [ 2538433.716995754279196, 1153359.153044067090377 ], [ 2538433.788081485312432, 1153363.843746519181877 ], [ 2538435.26708415010944, 1153363.661833888851106 ], [ 2538435.703602734953165, 1153361.333879701560363 ], [ 2538437.002926202490926, 1153359.341715712565929 ], [ 2538438.968656193464994, 1153357.987517498899251 ], [ 2538441.296186915133148, 1153357.496749404584989 ], [ 2538443.640842999331653, 1153357.928528927499428 ], [ 2538444.437145558651537, 1153357.76473045302555 ], [ 2538454.774209579918534, 1153347.442184200976044 ], [ 2538475.091611089650542, 1153327.167664628708735 ], [ 2538471.777318892534822, 1153324.211096116574481 ], [ 2538466.037705765105784, 1153327.182566901668906 ], [ 2538457.007555008400232, 1153330.26556852273643 ], [ 2538451.974643091671169, 1153330.31712470180355 ], [ 2538446.396794454660267, 1153328.106372601119801 ], [ 2538441.748873554635793, 1153323.796076321043074 ], [ 2538437.672109549865127, 1153317.567783998791128 ], [ 2538434.149219732731581, 1153309.23268027510494 ], [ 2538432.087943748570979, 1153300.515735073946416 ], [ 2538430.75350785208866, 1153290.846385643817484 ], [ 2538430.674452271312475, 1153283.131904431385919 ], [ 2538430.8169389013201, 1153276.071063893847167 ], [ 2538431.905538955703378, 1153268.489139868877828 ], [ 2538433.51262242347002, 1153261.335471318801865 ], [ 2538436.213078414089978, 1153253.803734252694994 ], [ 2538440.022566343657672, 1153244.426308043533936 ], [ 2538444.208989515900612, 1153235.889924738788977 ], [ 2538447.874951287172735, 1153229.72682598978281 ], [ 2538451.970680993050337, 1153223.570444118930027 ], [ 2538456.240018513053656, 1153219.380019478499889 ], [ 2538462.327164518646896, 1153214.37054548994638 ], [ 2538469.230110327713192, 1153211.09811293380335 ], [ 2538474.117508198600262, 1153210.314331525471061 ], [ 2538477.83935828320682, 1153210.354039593832567 ], [ 2538480.549673670437187, 1153211.271243651863188 ], [ 2538483.811548372264951, 1153212.849829613231122 ] ] ] ] } },
{ "type": "Feature", "properties": { "osm_id": 239495242, "name": "Piste d'entrainement", "type": "construction", "area": 10678 }, "geometry": { "type": "MultiPolygon", "coordinates": [ [ [ [ 2540381.928680218756199, 1160484.521320373751223 ], [ 2540431.877080062404275, 1160461.735418056836352 ], [ 2540445.136728580109775, 1160455.689488683128729 ], [ 2540487.273400018457323, 1160443.442812438122928 ], [ 2540482.80068203760311, 1160413.604303171858191 ], [ 2540483.428772723767906, 1160364.11568984715268 ], [ 2540462.415841752663255, 1160332.595819946844131 ], [ 2540441.984844282269478, 1160343.515482568880543 ], [ 2540427.09172412706539, 1160345.619930379325524 ], [ 2540413.914066946599633, 1160369.207929177675396 ], [ 2540396.359930627048016, 1160388.114641797030345 ], [ 2540397.891869121231139, 1160411.178608974674717 ], [ 2540383.27348211966455, 1160430.889989295508713 ], [ 2540371.040869007818401, 1160450.055193084292114 ], [ 2540363.854927249718457, 1160473.461482790997252 ], [ 2540381.928680218756199, 1160484.521320373751223 ] ] ] ] } },
{ "type": "Feature", "properties": { "osm_id": 240807686, "name": null, "type": "allotments", "area": 178 }, "geometry": { "type": "MultiPolygon", "coordinates": [ [ [ [ 2538890.757491514552385, 1152415.045532529475167 ], [ 2538907.591624091379344, 1152411.750446193851531 ], [ 2538901.556397630833089, 1152400.850327254272997 ], [ 2538888.17703279806301, 1152404.288167624734342 ], [ 2538890.757491514552385, 1152415.045532529475167 ] ] ] ] } },
{ "type": "Feature", "properties": { "osm_id": 250948467, "name": null, "type": "plant_nursery", "area": 1765 }, "geometry": { "type": "MultiPolygon", "coordinates": [ [ [ [ 2539483.333786233328283, 1153555.467341715004295 ], [ 2539487.903572204522789, 1153535.354916764190421 ], [ 2539492.974902445916086, 1153519.328543104231358 ], [ 2539492.951434255111963, 1153506.332871027989313 ], [ 2539484.301060097292066, 1153485.442001409828663 ], [ 2539471.153012183494866, 1153472.789770800853148 ], [ 2539465.545498134102672, 1153477.482106731738895 ], [ 2539455.743989548180252, 1153465.718911302741617 ], [ 2539447.176833865232766, 1153466.805794084211811 ], [ 2539483.333786233328283, 1153555.467341715004295 ] ] ] ] } },
{ "type": "Feature", "properties": { "osm_id": 252867416, "name": null, "type": "residential", "area": 2794 }, "geometry": { "type": "MultiPolygon", "coordinates": [ [ [ [ 2538742.973228564020246, 1153087.524418353801593 ], [ 2538731.868597814347595, 1153079.855655690422282 ], [ 2538719.87363363802433, 1153070.661830268334597 ], [ 2538716.376464227214456, 1153082.125907496316358 ], [ 2538723.306092453189194, 1153094.9844502187334 ], [ 2538732.177551752887666, 1153152.291711340658367 ], [ 2538740.964515947271138, 1153159.183670483995229 ], [ 2538758.987393602263182, 1153156.042782159056515 ], [ 2538762.456387108191848, 1153141.810852124821395 ], [ 2538781.50036843912676, 1153134.20165661140345 ], [ 2538779.940798077732325, 1153127.235991579247639 ], [ 2538762.615066060330719, 1153115.973030499182642 ], [ 2538757.298289543949068, 1153094.215418481500819 ], [ 2538742.973228564020246, 1153087.524418353801593 ] ] ] ] } },
{ "type": "Feature", "properties": { "osm_id": 255327897, "name": null, "type": "greenhouse_horti", "area": 14148 }, "geometry": { "type": "MultiPolygon", "coordinates": [ [ [ [ 2535038.189189356286079, 1152999.979142050258815 ], [ 2535013.161763405427337, 1152958.426867104135454 ], [ 2534816.803968323860317, 1153081.442194394534454 ], [ 2534831.26593247288838, 1153103.163982604397461 ], [ 2534871.101623421534896, 1153079.41929393960163 ], [ 2534889.451422184705734, 1153108.714363899780437 ], [ 2534946.401499471627176, 1153073.167273411527276 ], [ 2534964.320477973669767, 1153103.100912678288296 ], [ 2535001.366297838278115, 1153078.89813242200762 ], [ 2534996.021401026751846, 1153058.644828910939395 ], [ 2534987.460234212689102, 1153044.67419427097775 ], [ 2535044.34438269212842, 1153010.01813383307308 ], [ 2535038.189189356286079, 1152999.979142050258815 ] ] ] ] } },
{ "type": "Feature", "properties": { "osm_id": 255327898, "name": null, "type": "farmland", "area": 27505 }, "geometry": { "type": "MultiPolygon", "coordinates": [ [ [ [ 2535038.189189356286079, 1152999.979142050258815 ], [ 2535097.618516655638814, 1152967.875267791794613 ], [ 2535093.77392747066915, 1152959.334318982902914 ], [ 2535111.735303869936615, 1152947.044819708913565 ], [ 2535106.795938264578581, 1152938.738029056927189 ], [ 2535148.583825474139303, 1152911.527789389248937 ], [ 2535170.762603545561433, 1152913.156151456292719 ], [ 2535168.841783486772329, 1152908.663294035475701 ], [ 2535125.700612819287926, 1152901.513631066540256 ], [ 2535122.751333071384579, 1152903.402045278344303 ], [ 2535095.523194974754006, 1152896.080807161517441 ], [ 2535040.990890599787235, 1152874.424568581860512 ], [ 2534958.89504138706252, 1152915.91263589146547 ], [ 2534933.316640546079725, 1152931.275596319464967 ], [ 2534924.646615073084831, 1152937.750758689129725 ], [ 2534929.644647947046906, 1152952.16011021938175 ], [ 2534925.459354273043573, 1152954.695687607396394 ], [ 2534910.174652877263725, 1152941.320486877812073 ], [ 2534775.048005884047598, 1153013.090936772758141 ], [ 2534773.682787653524429, 1153016.68549589952454 ], [ 2534816.803968323860317, 1153081.442194394534454 ], [ 2535013.161763405427337, 1152958.426867104135454 ], [ 2535038.189189356286079, 1152999.979142050258815 ] ] ] ] } },
{ "type": "Feature", "properties": { "osm_id": 255688426, "name": null, "type": "vineyard", "area": 886 }, "geometry": { "type": "MultiPolygon", "coordinates": [ [ [ [ 2536741.115697448141873, 1152299.08235984062776 ], [ 2536778.266646227799356, 1152277.902300786226988 ], [ 2536761.814007833134383, 1152253.940058293286711 ], [ 2536756.246798688080162, 1152258.00082455505617 ], [ 2536758.373341521713883, 1152262.447543506510556 ], [ 2536739.601952557917684, 1152277.030728697311133 ], [ 2536736.703738976735622, 1152291.135566039709374 ], [ 2536741.115697448141873, 1152299.08235984062776 ] ] ] ] } },
{ "type": "Feature", "properties": { "osm_id": 261569576, "name": null, "type": "residential", "area": 1434 }, "geometry": { "type": "MultiPolygon", "coordinates": [ [ [ [ 2537602.724687266163528, 1152042.873203152557835 ], [ 2537608.921684752684087, 1152043.220196019858122 ], [ 2537612.3509337650612, 1152043.095656801946461 ], [ 2537616.168313807342201, 1152042.655810321914032 ], [ 2537620.02048620628193, 1152041.870973656885326 ], [ 2537624.327778111211956, 1152040.570026877569035 ], [ 2537643.397462006658316, 1152034.49115247791633 ], [ 2537645.053789836354554, 1152033.617945907870308 ], [ 2537646.123681632336229, 1152032.439544597640634 ], [ 2537646.660507659427822, 1152030.922043042024598 ], [ 2537646.77539134863764, 1152029.420036678900942 ], [ 2537646.351380230858922, 1152027.756864677881822 ], [ 2537640.070996021386236, 1152013.458683483302593 ], [ 2537638.782786604017019, 1152011.348676912020892 ], [ 2537637.533923082519323, 1152010.072048052679747 ], [ 2537635.457902863621712, 1152008.959643389098346 ], [ 2537633.412517173215747, 1152008.580652968026698 ], [ 2537630.734358354005963, 1152008.608447598991916 ], [ 2537628.205749846994877, 1152009.735288470517844 ], [ 2537619.395583322737366, 1152013.462040815968066 ], [ 2537601.194613851606846, 1152021.166190693853423 ], [ 2537599.231568032875657, 1152022.064828522037715 ], [ 2537579.144232282415032, 1152030.655770801007748 ], [ 2537578.036215194966644, 1152031.856814458966255 ], [ 2537577.784837250597775, 1152033.515880146529526 ], [ 2537578.298065677285194, 1152034.900192172499374 ], [ 2537579.428366404492408, 1152035.844526001950726 ], [ 2537581.052728109993041, 1152036.327925389399752 ], [ 2537602.724687266163528, 1152042.873203152557835 ] ] ] ] } },
{ "type": "Feature", "properties": { "osm_id": 262047239, "name": null, "type": "residential", "area": 98240 }, "geometry": { "type": "MultiPolygon", "coordinates": [ [ [ [ 2537507.998654888011515, 1152027.515303566819057 ], [ 2537483.853241836186498, 1152025.198377342429012 ], [ 2537472.75494568515569, 1152023.646270336583257 ], [ 2537461.338509973604232, 1152020.285399587126449 ], [ 2537441.506701500620693, 1152009.908291073283181 ], [ 2537428.123496538028121, 1151992.349125747336075 ], [ 2537413.191105835139751, 1151970.481553061632439 ], [ 2537400.037548360880464, 1151959.512525618541986 ], [ 2537388.307081034872681, 1151951.808258216362447 ], [ 2537377.758507717866451, 1151949.261171287391335 ], [ 2537349.837213163264096, 1151949.196439183317125 ], [ 2537323.378404535353184, 1151948.071571493521333 ], [ 2537276.678509057499468, 1151943.733964582672343 ], [ 2537251.532734444830567, 1151941.206064336234704 ], [ 2537247.059872465208173, 1151949.43499170220457 ], [ 2537232.620167986489832, 1151950.564099885988981 ], [ 2537229.014261738397181, 1151934.515245758462697 ], [ 2537218.435683131683618, 1151915.882233079057187 ], [ 2537198.275593251455575, 1151879.306222861167043 ], [ 2537178.695258737076074, 1151838.744277611142024 ], [ 2537166.597618113737553, 1151815.791543754516169 ], [ 2537159.804591390769929, 1151809.848191670142114 ], [ 2537152.784220610745251, 1151810.055009486386552 ], [ 2537141.064531631302088, 1151815.914030891144648 ], [ 2537101.222411273512989, 1151843.612385941669345 ], [ 2537088.995702978223562, 1151855.27997056953609 ], [ 2537035.061777626629919, 1151890.17457902408205 ], [ 2537027.175695804413408, 1151894.181564453057945 ], [ 2537024.894737778697163, 1151897.696252670371905 ], [ 2537024.582375153433532, 1151900.845680664293468 ], [ 2536988.486360636074096, 1151910.951551587553695 ], [ 2536954.553321885410696, 1151920.190044923685491 ], [ 2536944.130017852410674, 1151923.023105165921152 ], [ 2536935.426605064421892, 1151922.269527734490111 ], [ 2536897.353122004307806, 1151924.559104239568114 ], [ 2536870.841966200619936, 1151925.048761929385364 ], [ 2536863.519783311989158, 1151922.813314451370388 ], [ 2536857.841084872372448, 1151922.872976696351543 ], [ 2536832.43569692177698, 1151928.531781386118382 ], [ 2536824.334072221536189, 1151931.729747647186741 ], [ 2536780.302214206662029, 1151949.068636487005278 ], [ 2536733.143732931930572, 1151969.742561990162358 ], [ 2536685.874681864399463, 1151990.81824335642159 ], [ 2536640.399102146737278, 1152009.451849272940308 ], [ 2536612.848186454270035, 1152021.926794745028019 ], [ 2536585.715719270054251, 1152031.862738729221746 ], [ 2536549.124504971783608, 1152044.355560354422778 ], [ 2536549.13217873359099, 1152044.355479330290109 ], [ 2536529.174614461138844, 1152050.558382545597851 ], [ 2536521.902781764511019, 1152053.814698636066169 ], [ 2536521.274087234400213, 1152052.420576692558825 ], [ 2536519.885669871699065, 1152057.571372892707586 ], [ 2536520.865152433048934, 1152062.385876120533794 ], [ 2536524.503703576978296, 1152066.093927635345608 ], [ 2536529.169515916146338, 1152068.968461412005126 ], [ 2536536.504137251526117, 1152071.659174007363617 ], [ 2536561.900377442128956, 1152079.028523430693895 ], [ 2536591.927721070125699, 1152085.993364338297397 ], [ 2536616.361312976107001, 1152090.149122217670083 ], [ 2536639.422377227805555, 1152090.784192113205791 ], [ 2536658.534756564535201, 1152087.403204723028466 ], [ 2536681.731571312993765, 1152081.255537156714126 ], [ 2536722.250723166391253, 1152068.622106979135424 ], [ 2536870.294963154010475, 1152052.701715661911294 ], [ 2536972.184925739653409, 1152042.649567155400291 ], [ 2537086.533591297455132, 1152032.835570866474882 ], [ 2537099.257544233929366, 1152018.850404012948275 ], [ 2537107.239312007091939, 1152014.464527028147131 ], [ 2537117.946356723550707, 1152014.552590708248317 ], [ 2537126.92726853210479, 1152017.638129435712472 ], [ 2537135.902017319574952, 1152028.939322023186833 ], [ 2537143.937280284240842, 1152029.666824561078101 ], [ 2537216.303457842674106, 1152021.061641905456781 ], [ 2537294.436821499839425, 1152012.041403129929677 ], [ 2537328.808366145472974, 1152011.738441124558449 ], [ 2537416.397358384449035, 1152021.898320904932916 ], [ 2537523.044261555653065, 1152033.00637436658144 ], [ 2537523.308453370351344, 1152028.890283830696717 ], [ 2537507.998654888011515, 1152027.515303566819057 ] ] ] ] } },
{ "type": "Feature", "properties": { "osm_id": 262047240, "name": null, "type": "residential", "area": 239191 }, "geometry": { "type": "MultiPolygon", "coordinates": [ [ [ [ 2536543.188995705451816, 1152029.532349027693272 ], [ 2536562.278498080559075, 1152026.151299018412828 ], [ 2536606.123976008966565, 1152011.625410124426708 ], [ 2536658.406881220638752, 1151990.807529580779374 ], [ 2536700.253212420269847, 1151972.968254964798689 ], [ 2536747.507898601237684, 1151949.780579457292333 ], [ 2536765.019779808819294, 1151941.580817034468055 ], [ 2536779.065297108609229, 1151935.08514483878389 ], [ 2536823.83200593246147, 1151913.903103271964937 ], [ 2536836.311497624963522, 1151910.281138706253842 ], [ 2536849.336239504162222, 1151907.420554470270872 ], [ 2536864.553555103950202, 1151905.059470162959769 ], [ 2536876.564055762253702, 1151904.277391754323617 ], [ 2536886.966042485553771, 1151905.991355692269281 ], [ 2536900.711787718813866, 1151905.280039588687941 ], [ 2536916.05313199898228, 1151904.496419786708429 ], [ 2536930.481630838941783, 1151903.755770562682301 ], [ 2536949.545800966210663, 1151900.098292697919533 ], [ 2536971.747021635994315, 1151892.594789478927851 ], [ 2536974.676004416774958, 1151891.596879043383524 ], [ 2536975.26985349226743, 1151893.336044600699097 ], [ 2536982.443311668001115, 1151890.903982254909351 ], [ 2536981.952373123262078, 1151889.463900073664263 ], [ 2536985.172037129290402, 1151888.374009434133768 ], [ 2536988.376470914110541, 1151887.29539736895822 ], [ 2536988.883455303031951, 1151888.80201474763453 ], [ 2536996.095294071361423, 1151886.369566375156865 ], [ 2536995.556799677200615, 1151884.785458667203784 ], [ 2537000.527864029165357, 1151883.110240247333422 ], [ 2537010.369688161183149, 1151881.172745804768056 ], [ 2537024.50153470505029, 1151874.821269051637501 ], [ 2537041.368422846775502, 1151864.338942484930158 ], [ 2537073.812418050598353, 1151841.120038724970073 ], [ 2537096.026284739840776, 1151826.724230882944539 ], [ 2537113.172015199903399, 1151814.26033669617027 ], [ 2537095.888792850077152, 1151784.991878472035751 ], [ 2537078.143869841471314, 1151775.41678028437309 ], [ 2537053.678707381244749, 1151758.808256725315005 ], [ 2537045.877514998894185, 1151752.619896600255743 ], [ 2537027.436692236922681, 1151733.780529741197824 ], [ 2537020.890154434368014, 1151714.760976603720337 ], [ 2537021.561671442352235, 1151709.995797771494836 ], [ 2537009.802971430122852, 1151671.864904604153708 ], [ 2537006.156147168949246, 1151669.557408990105614 ], [ 2537004.304012476000935, 1151665.663584628608078 ], [ 2537004.600967390462756, 1151659.5793887746986 ], [ 2536989.394534143153578, 1151615.459176400210708 ], [ 2536983.081328279804438, 1151595.292149526067078 ], [ 2536968.806043171323836, 1151553.630231872200966 ], [ 2536952.996079100295901, 1151509.82771781203337 ], [ 2536949.215288356877863, 1151507.199263475835323 ], [ 2536944.118289353325963, 1151507.141566138947383 ], [ 2536939.917381073348224, 1151508.364060794236138 ], [ 2536910.065299551934004, 1151530.756025858223438 ], [ 2536870.652479744981974, 1151557.028393190586939 ], [ 2536815.584873571526259, 1151589.357677822932601 ], [ 2536688.426172197330743, 1151644.369518889579922 ], [ 2536657.193519135471433, 1151657.96139187249355 ], [ 2536628.284326319117099, 1151675.70898090605624 ], [ 2536536.800228589680046, 1151766.111909913364798 ], [ 2536531.297055594157428, 1151774.085445691365749 ], [ 2536528.584920460358262, 1151781.807165845297277 ], [ 2536522.042845923453569, 1151787.334789439104497 ], [ 2536513.127191266976297, 1151789.763570913579315 ], [ 2536477.940116283018142, 1151824.131674664327875 ], [ 2536445.166044570505619, 1151847.868694294476882 ], [ 2536415.033286401070654, 1151865.163344000931829 ], [ 2536367.273760684765875, 1151884.834839455317706 ], [ 2536159.190389799885452, 1151969.041936174733564 ], [ 2536120.910359168425202, 1151983.623101379256696 ], [ 2536057.11009172629565, 1151998.009072394575924 ], [ 2536036.906774800736457, 1152007.051106156548485 ], [ 2536038.341461700387299, 1152061.087537735933438 ], [ 2536067.26988361729309, 1152071.452201962005347 ], [ 2536303.480991204734892, 1152061.551000921055675 ], [ 2536426.118719862308353, 1152056.972827882971615 ], [ 2536486.91535615734756, 1152044.479082013480365 ], [ 2536499.131201186217368, 1152041.370589015539736 ], [ 2536499.698628699872643, 1152036.239580029156059 ], [ 2536506.775140935089439, 1152034.108134533977136 ], [ 2536508.074624155648053, 1152040.153260209597647 ], [ 2536543.188995705451816, 1152029.532349027693272 ] ] ] ] } },
{ "type": "Feature", "properties": { "osm_id": 262047244, "name": null, "type": "residential", "area": 35679 }, "geometry": { "type": "MultiPolygon", "coordinates": [ [ [ [ 2536444.361696058884263, 1152075.156543315621093 ], [ 2536443.665782311931252, 1152071.762050214689225 ], [ 2536334.106603909749538, 1152076.41252504917793 ], [ 2536125.440378503873944, 1152082.729013975709677 ], [ 2536071.534701856784523, 1152084.947550133801997 ], [ 2536005.378570694476366, 1152110.053867081180215 ], [ 2536006.149460486602038, 1152121.907684101257473 ], [ 2536045.235850831493735, 1152124.070776294451207 ], [ 2536092.910529837012291, 1152123.39684374188073 ], [ 2536113.475285120308399, 1152128.169798251707107 ], [ 2536129.462889367714524, 1152137.705149294808507 ], [ 2536143.657191396690905, 1152150.372405856382102 ], [ 2536163.886802375782281, 1152169.845994485076517 ], [ 2536250.358756790403277, 1152255.564175239065662 ], [ 2536258.737149392720312, 1152255.375245652860031 ], [ 2536265.377279569394886, 1152249.757349506719038 ], [ 2536311.251648052129894, 1152203.857349380617961 ], [ 2536361.979846769478172, 1152150.980309062404558 ], [ 2536399.860540752764791, 1152108.867673394735903 ], [ 2536444.361696058884263, 1152075.156543315621093 ] ] ] ] } },
{ "type": "Feature", "properties": { "osm_id": 275188666, "name": null, "type": "grass", "area": 259 }, "geometry": { "type": "MultiPolygon", "coordinates": [ [ [ [ 2535795.858170942869037, 1152850.814117026515305 ], [ 2535794.35023007215932, 1152853.320478446781635 ], [ 2535793.713109462056309, 1152856.17328507383354 ], [ 2535794.012774310540408, 1152859.082785006146878 ], [ 2535795.215444243978709, 1152861.760292554739863 ], [ 2535797.202820635866374, 1152863.906908303033561 ], [ 2535799.773274790495634, 1152865.324677995406091 ], [ 2535802.656599580775946, 1152865.860848657088354 ], [ 2535805.568311972077936, 1152865.462874071439728 ], [ 2535808.36935443803668, 1152864.043302370235324 ], [ 2535810.532091896049678, 1152861.774527587695047 ], [ 2535811.790591616183519, 1152858.903967834077775 ], [ 2535812.010424652136862, 1152855.777691206661984 ], [ 2535811.164817071519792, 1152852.762850604951382 ], [ 2535809.341848575044423, 1152850.203138187993318 ], [ 2535806.759798760525882, 1152848.418621222022921 ], [ 2535803.727596315555274, 1152847.594992308877409 ], [ 2535800.798392145428807, 1152847.793045287951827 ], [ 2535798.086091080214828, 1152848.900391166098416 ], [ 2535795.858170942869037, 1152850.814117026515305 ] ] ] ] } },
{ "type": "Feature", "properties": { "osm_id": 275188668, "name": null, "type": "grass", "area": 118 }, "geometry": { "type": "MultiPolygon", "coordinates": [ [ [ [ 2535823.156818071380258, 1152858.337873772718012 ], [ 2535837.98934609349817, 1152859.724762815050781 ], [ 2535856.343528881203383, 1152863.219710076227784 ], [ 2535856.835648766718805, 1152861.157778134569526 ], [ 2535838.057281211949885, 1152856.744632607093081 ], [ 2535822.880676494445652, 1152851.881740130018443 ], [ 2535823.156818071380258, 1152858.337873772718012 ] ] ] ] } },
{ "type": "Feature", "properties": { "osm_id": 275188670, "name": null, "type": "grass", "area": 246 }, "geometry": { "type": "MultiPolygon", "coordinates": [ [ [ [ 2535828.502415706869215, 1152886.807472856948152 ], [ 2535852.823820020072162, 1152870.639092417899519 ], [ 2535834.999041756615043, 1152868.572619356680661 ], [ 2535829.359611436259001, 1152870.789575827307999 ], [ 2535826.009944540914148, 1152874.72748023760505 ], [ 2535825.638357219751924, 1152878.733634463278577 ], [ 2535828.502415706869215, 1152886.807472856948152 ] ] ] ] } },
{ "type": "Feature", "properties": { "osm_id": 275188671, "name": null, "type": "grass", "area": 131 }, "geometry": { "type": "MultiPolygon", "coordinates": [ [ [ [ 2535808.933760914485902, 1152875.932658416684717 ], [ 2535822.177849393803626, 1152901.7498101699166 ], [ 2535823.408756223972887, 1152901.325327649014071 ], [ 2535815.897305802442133, 1152872.678757988382131 ], [ 2535808.933760914485902, 1152875.932658416684717 ] ] ] ] } },
{ "type": "Feature", "properties": { "osm_id": 275188672, "name": null, "type": "grass", "area": 48 }, "geometry": { "type": "MultiPolygon", "coordinates": [ [ [ [ 2535767.908865109551698, 1152869.28941359766759 ], [ 2535784.944482177961618, 1152865.005092880688608 ], [ 2535783.346432259306312, 1152859.797095003537834 ], [ 2535767.908865109551698, 1152869.28941359766759 ] ] ] ] } },
{ "type": "Feature", "properties": { "osm_id": 275188866, "name": null, "type": "grass", "area": 80 }, "geometry": { "type": "MultiPolygon", "coordinates": [ [ [ [ 2535785.213561703916639, 1152844.946818958967924 ], [ 2535788.802380893845111, 1152841.128625186858699 ], [ 2535776.995003750082105, 1152834.88466556626372 ], [ 2535766.094668215606362, 1152827.35255658486858 ], [ 2535765.022484953980893, 1152828.987126927357167 ], [ 2535775.288832023274153, 1152836.79282259917818 ], [ 2535785.213561703916639, 1152844.946818958967924 ] ] ] ] } },
{ "type": "Feature", "properties": { "osm_id": 275198154, "name": null, "type": "residential", "area": 417201 }, "geometry": { "type": "MultiPolygon", "coordinates": [ [ [ [ 2538096.691216479521245, 1151847.628181172534823 ], [ 2538097.802852931432426, 1151832.608599828090519 ], [ 2538102.695586900692433, 1151827.021871335105971 ], [ 2538101.234120045788586, 1151817.765234692953527 ], [ 2538085.225267310626805, 1151803.700215021613985 ], [ 2538075.013025870546699, 1151794.311403741827235 ], [ 2538065.332550704944879, 1151782.160079877823591 ], [ 2538059.841199642978609, 1151775.090592409484088 ], [ 2538043.534185707569122, 1151754.458528317278251 ], [ 2538037.420481658540666, 1151745.839078163495287 ], [ 2538035.084781459067017, 1151744.106653447728604 ], [ 2538033.243439898826182, 1151743.425259999698028 ], [ 2538027.248273315839469, 1151736.627807796001434 ], [ 2538027.992648611776531, 1151734.385587681084871 ], [ 2538016.055833043064922, 1151716.309942006366327 ], [ 2538014.660592731554061, 1151713.489463202655315 ], [ 2537999.370655639097095, 1151714.847836245549843 ], [ 2537991.385546318255365, 1151693.718727526022121 ], [ 2537994.274125648196787, 1151692.499390378361568 ], [ 2537996.2261549285613, 1151686.053546489682049 ], [ 2537992.230662525631487, 1151679.66906593600288 ], [ 2537979.789186369627714, 1151661.053957778261974 ], [ 2537972.042274069972336, 1151651.862219001632184 ], [ 2537962.768304864875972, 1151638.239398896228522 ], [ 2537956.972357951104641, 1151630.68399341776967 ], [ 2537954.373039562720805, 1151629.44347488717176 ], [ 2537951.742808451876044, 1151628.925890441285446 ], [ 2537935.942799023818225, 1151603.208345678867772 ], [ 2537930.612288514152169, 1151590.93449280783534 ], [ 2537926.279573978390545, 1151580.151151903672144 ], [ 2537927.438082115724683, 1151576.392711410298944 ], [ 2537927.580511702224612, 1151573.834299076115713 ], [ 2537920.244115816894919, 1151558.334969279821962 ], [ 2537912.491486895829439, 1151544.896618342492729 ], [ 2537910.258077026344836, 1151538.960906869499013 ], [ 2537907.527264977339655, 1151535.398285157280043 ], [ 2537903.968501485418528, 1151526.730336577398703 ], [ 2537902.310773888602853, 1151520.799797020154074 ], [ 2537897.998937730677426, 1151510.560999695211649 ], [ 2537888.821372053120285, 1151492.935125162126496 ], [ 2537878.419056526385248, 1151479.346326968865469 ], [ 2537863.934384008403867, 1151484.409838386345655 ], [ 2537855.782216174062341, 1151486.539680967805907 ], [ 2537851.986658316571265, 1151486.156477744691074 ], [ 2537835.370160774327815, 1151492.142591662006453 ], [ 2537822.723338319454342, 1151495.308397044660524 ], [ 2537794.36052624695003, 1151501.727440049871802 ], [ 2537773.382892229128629, 1151508.292490074411035 ], [ 2537771.880534273572266, 1151492.177077571628615 ], [ 2537740.69299014704302, 1151364.46399125829339 ], [ 2537809.246780093759298, 1151331.503411006648093 ], [ 2537809.459178985096514, 1151326.809781349031255 ], [ 2537807.775784444529563, 1151321.379803542047739 ], [ 2537793.913684619124979, 1151285.770549608860165 ], [ 2537788.830770949367434, 1151281.898811111459509 ], [ 2537769.36463309219107, 1151290.705000434070826 ], [ 2537762.182635024189949, 1151282.775029494659975 ], [ 2537759.009792555589229, 1151267.677461876301095 ], [ 2537761.447927969973534, 1151246.663057442987338 ], [ 2537774.751708414405584, 1151243.1456956891343 ], [ 2537768.726315786130726, 1151224.609110179357231 ], [ 2537752.761858720798045, 1151179.483212268445641 ], [ 2537746.179413363803178, 1151163.498242216417566 ], [ 2537739.255862410180271, 1151131.63042306038551 ], [ 2537737.096139413304627, 1151132.097481405362487 ], [ 2537731.405971418134868, 1151105.931102699832991 ], [ 2537723.984066735953093, 1151075.613745505455881 ], [ 2537721.082327153068036, 1151065.215937206754461 ], [ 2537723.746613658033311, 1151061.586378298932686 ], [ 2537722.260055588092655, 1151041.090662666363642 ], [ 2537721.456353668123484, 1151039.086788496701047 ], [ 2537721.919367636553943, 1151026.730851222528145 ], [ 2537722.767635808326304, 1151006.366583405062556 ], [ 2537724.554927679244429, 1150978.099419125821441 ], [ 2537691.178812540136278, 1150954.298902790993452 ], [ 2537675.250919730402529, 1150957.977058084914461 ], [ 2537673.953831560444087, 1150952.809921805514023 ], [ 2537666.35875422693789, 1150954.689660075353459 ], [ 2537667.348842757754028, 1150959.859978546621278 ], [ 2537659.852515561971813, 1150961.63864679983817 ], [ 2537652.463298759423196, 1150963.382861956721172 ], [ 2537653.532073963433504, 1150966.517925727646798 ], [ 2537641.003592170774937, 1150974.529946901137009 ], [ 2537641.404019141104072, 1150975.392929302994162 ], [ 2537637.121151915285736, 1150979.861986550036818 ], [ 2537596.620228875428438, 1151005.484902154188603 ], [ 2537580.087025146000087, 1151018.118893717648461 ], [ 2537562.152350222691894, 1151029.577956059016287 ], [ 2537531.789877532515675, 1151056.485645623644814 ], [ 2537445.76455050194636, 1151113.077233054209501 ], [ 2537465.162901166360825, 1151165.615097540197894 ], [ 2537426.411688934545964, 1151182.90535263181664 ], [ 2537350.442522314377129, 1151234.179705631686375 ], [ 2537388.120854880195111, 1151295.94303096155636 ], [ 2537408.016687571071088, 1151301.91692974884063 ], [ 2537421.112416730728, 1151316.043857510434464 ], [ 2537358.497948164120317, 1151366.356423282530159 ], [ 2537344.423710425384343, 1151354.08527815551497 ], [ 2537304.251208138652146, 1151376.249347536126152 ], [ 2537275.495919741690159, 1151396.549129881896079 ], [ 2537285.14837254351005, 1151408.743965033208951 ], [ 2537277.964943781960756, 1151414.699898642720655 ], [ 2537230.921702362131327, 1151457.992052074056119 ], [ 2537280.03637310070917, 1151513.165092987706885 ], [ 2537301.435845676343888, 1151521.335254282923415 ], [ 2537318.398911519907415, 1151528.02871010848321 ], [ 2537370.771373512223363, 1151483.503285618964583 ], [ 2537402.373681527096778, 1151514.746740974485874 ], [ 2537454.717230698559433, 1151561.038310398580506 ], [ 2537463.925640242174268, 1151559.386085550766438 ], [ 2537482.253825426567346, 1151574.859457034617662 ], [ 2537535.200643393676728, 1151619.488986057927832 ], [ 2537612.651397267356515, 1151686.865918345050886 ], [ 2537605.739678780082613, 1151757.431474098004401 ], [ 2537597.876582076773047, 1151838.356980613432825 ], [ 2537607.984200314152986, 1151845.73387245205231 ], [ 2537623.784737789537758, 1151860.333418035646901 ], [ 2537622.008401544298977, 1151865.176695636007935 ], [ 2537618.104460038710386, 1151880.947976115625352 ], [ 2537602.597915141377598, 1151887.267857174389064 ], [ 2537576.212346580810845, 1151886.563566474476829 ], [ 2537562.760095879435539, 1151883.768388499971479 ], [ 2537510.102365339174867, 1151907.294849315891042 ], [ 2537481.855936074163765, 1151920.995910131838173 ], [ 2537508.937117761466652, 1151979.012554686516523 ], [ 2537456.29662969475612, 1152001.883407082641497 ], [ 2537466.079540146049112, 1152009.041096477303654 ], [ 2537486.951254463288933, 1152016.83940717135556 ], [ 2537514.76812507212162, 1152019.440567261073738 ], [ 2537539.912016566377133, 1152022.569908531848341 ], [ 2537553.934536554850638, 1152024.881069410592318 ], [ 2537568.20030245417729, 1152020.319340332178399 ], [ 2537626.996090057305992, 1151993.750273980898783 ], [ 2537627.57625139830634, 1151989.753197955200449 ], [ 2537639.264783952385187, 1151985.318442724645138 ], [ 2537643.295271589420736, 1151986.921956785256043 ], [ 2537646.674304350744933, 1151985.652892789803445 ], [ 2537652.745690072886646, 1151995.339634806616232 ], [ 2537650.826116238255054, 1151998.950387522578239 ], [ 2537666.157811989542097, 1152028.329587303567678 ], [ 2537705.474969962611794, 1152013.536311501869932 ], [ 2537726.855513562448323, 1152006.777837965404615 ], [ 2537739.492811917793006, 1152005.023794520180672 ], [ 2537753.105220253579319, 1152000.346986314281821 ], [ 2537757.450823818799108, 1151999.034621468745172 ], [ 2537771.273675619624555, 1151994.666954953689128 ], [ 2537778.192398678977042, 1151992.816572347888723 ], [ 2537787.800231092609465, 1151989.77105879993178 ], [ 2537807.292724289000034, 1151982.987950425827876 ], [ 2537836.965378370601684, 1151973.576001265086234 ], [ 2537847.461598337627947, 1151970.343519855989143 ], [ 2537878.314173246268183, 1151959.985733218258247 ], [ 2537892.482294803485274, 1151955.592543626902625 ], [ 2537899.030455350410193, 1151953.52378780557774 ], [ 2537902.322923259809613, 1151966.152185336221009 ], [ 2537906.166265165898949, 1151977.874404385918751 ], [ 2537919.866144174244255, 1151973.475000080186874 ], [ 2537936.198387989308685, 1151968.325826537562534 ], [ 2537938.927509133704007, 1151967.285982253029943 ], [ 2537940.970001420006156, 1151966.642329695401713 ], [ 2537943.771058586426079, 1151965.879673185059801 ], [ 2537959.643025580793619, 1151960.746433856664225 ], [ 2537960.427526026498526, 1151963.139636531705037 ], [ 2537960.912041913717985, 1151964.724385189823806 ], [ 2538002.617493371944875, 1151951.453689872054383 ], [ 2538018.210428739897907, 1151946.790404320927337 ], [ 2538033.197958572302014, 1151942.956070060608909 ], [ 2538040.901155686471611, 1151940.508693783078343 ], [ 2538048.497268200386316, 1151938.095782764256001 ], [ 2538056.660330181475729, 1151933.35355626931414 ], [ 2538063.801058499608189, 1151929.199968467233703 ], [ 2538079.795661264564842, 1151920.308192759985104 ], [ 2538089.818502437323332, 1151912.078303558053449 ], [ 2538090.037379234097898, 1151913.209996395045891 ], [ 2538112.947580507490784, 1151897.665726150386035 ], [ 2538111.660785391926765, 1151893.443349885754287 ], [ 2538115.772591840475798, 1151884.318308161338791 ], [ 2538126.316187095362693, 1151881.18588275834918 ], [ 2538141.60696409875527, 1151871.000815734965727 ], [ 2538142.58329211268574, 1151869.66782729071565 ], [ 2538142.915348957292736, 1151868.374821934849024 ], [ 2538142.800369537435472, 1151866.897426722804084 ], [ 2538142.242358182091266, 1151865.624700120883062 ], [ 2538136.300494934432209, 1151855.780498263193294 ], [ 2538128.548015299253166, 1151844.509715649997815 ], [ 2538126.956066491082311, 1151843.447743779281154 ], [ 2538125.314862529281527, 1151842.81984765524976 ], [ 2538122.844400695059448, 1151842.900869707809761 ], [ 2538108.248291207943112, 1151845.274601683951914 ], [ 2538096.691216479521245, 1151847.628181172534823 ] ] ] ] } },
{ "type": "Feature", "properties": { "osm_id": 293207383, "name": null, "type": "grass", "area": 211 }, "geometry": { "type": "MultiPolygon", "coordinates": [ [ [ [ 2537952.163193933200091, 1152487.998361765872687 ], [ 2537959.10994408139959, 1152513.440469808410853 ], [ 2537962.686884778086096, 1152512.78097997722216 ], [ 2537964.097475810907781, 1152485.140325368847698 ], [ 2537952.163193933200091, 1152487.998361765872687 ] ] ] ] } },
{ "type": "Feature", "properties": { "osm_id": 293207384, "name": null, "type": "grass", "area": 237 }, "geometry": { "type": "MultiPolygon", "coordinates": [ [ [ [ 2537945.39369296329096, 1152463.377099305391312 ], [ 2537949.84546693880111, 1152479.80672856234014 ], [ 2537963.237084420397878, 1152476.13320796075277 ], [ 2537958.931136010680348, 1152459.702063555829227 ], [ 2537945.39369296329096, 1152463.377099305391312 ] ] ] ] } },
{ "type": "Feature", "properties": { "osm_id": 293238859, "name": null, "type": "grass", "area": 405 }, "geometry": { "type": "MultiPolygon", "coordinates": [ [ [ [ 2537475.681301181204617, 1151751.668200034881011 ], [ 2537488.779012674000114, 1151776.42323598312214 ], [ 2537489.719141487497836, 1151777.525171652669087 ], [ 2537490.786376669537276, 1151778.303388175554574 ], [ 2537492.079094227403402, 1151778.623456663684919 ], [ 2537493.389399995096028, 1151778.420836673351005 ], [ 2537494.525788608472794, 1151777.730871447362006 ], [ 2537495.312912032939494, 1151776.666556067531928 ], [ 2537495.629603118635714, 1151775.384790620999411 ], [ 2537495.592360548209399, 1151774.017769128549844 ], [ 2537488.863728112541139, 1151745.461105783702806 ], [ 2537486.900431977584958, 1151743.391504284692928 ], [ 2537484.521762976422906, 1151741.971018658485264 ], [ 2537481.77746683685109, 1151741.554880546638742 ], [ 2537479.090548084583133, 1151742.227627001237124 ], [ 2537476.851233103312552, 1151743.874026728095487 ], [ 2537475.425337170250714, 1151746.245696152793244 ], [ 2537475.008571026846766, 1151748.973732729442418 ], [ 2537475.681301181204617, 1151751.668200034881011 ] ] ] ] } },
{ "type": "Feature", "properties": { "osm_id": 300353529, "name": null, "type": "cemetery", "area": 1926 }, "geometry": { "type": "MultiPolygon", "coordinates": [ [ [ [ 2543073.203601276502013, 1156456.459532937733456 ], [ 2543039.02602274576202, 1156392.037859265692532 ], [ 2543014.390503908041865, 1156406.268002492841333 ], [ 2543044.492305939085782, 1156462.201407139655203 ], [ 2543073.203601276502013, 1156456.459532937733456 ] ] ] ] } },
{ "type": "Feature", "properties": { "osm_id": 308985284, "name": null, "type": "animal_keeping", "area": 270 }, "geometry": { "type": "MultiPolygon", "coordinates": [ [ [ [ 2542701.556547292508185, 1157011.690558506175876 ], [ 2542711.729934741742909, 1156967.258573537226766 ], [ 2542705.958607153967023, 1156965.946244705468416 ], [ 2542695.785259855445474, 1157010.378239405807108 ], [ 2542701.556547292508185, 1157011.690558506175876 ] ] ] ] } },
{ "type": "Feature", "properties": { "osm_id": 308985285, "name": null, "type": "animal_keeping", "area": 721 }, "geometry": { "type": "MultiPolygon", "coordinates": [ [ [ [ 2542712.767881325446069, 1156962.724019458983094 ], [ 2542715.73442611657083, 1156949.755437187850475 ], [ 2542766.331517386715859, 1156961.25710556213744 ], [ 2542752.197562460787594, 1157023.024928297149017 ], [ 2542757.069724241737276, 1157024.134649385465309 ], [ 2542769.113047475926578, 1156971.502768805250525 ], [ 2542766.633926299866289, 1156955.173182284226641 ], [ 2542711.548774353228509, 1156942.647094040177763 ], [ 2542707.234772234223783, 1156961.46500176563859 ], [ 2542712.767881325446069, 1156962.724019458983094 ] ] ] ] } },
{ "type": "Feature", "properties": { "osm_id": 313112376, "name": "Déchetterie de Pully", "type": "industrial", "area": 904 }, "geometry": { "type": "MultiPolygon", "coordinates": [ [ [ [ 2539786.194706665351987, 1151819.545238956576213 ], [ 2539765.578493459615856, 1151817.083742390619591 ], [ 2539749.520253412425518, 1151816.833388221682981 ], [ 2539740.274169392883778, 1151818.571427921298891 ], [ 2539737.004630785435438, 1151820.860986227402464 ], [ 2539734.176247647963464, 1151825.814226972870529 ], [ 2539732.840738598722965, 1151830.39674986503087 ], [ 2539751.87376125715673, 1151834.174707311671227 ], [ 2539762.077047562226653, 1151836.818345836829394 ], [ 2539772.242937562055886, 1151844.920873808907345 ], [ 2539789.694072927813977, 1151819.51017661113292 ], [ 2539786.194706665351987, 1151819.545238956576213 ] ] ] ] } },
{ "type": "Feature", "properties": { "osm_id": 315772941, "name": null, "type": "railway", "area": 10005 }, "geometry": { "type": "MultiPolygon", "coordinates": [ [ [ [ 2540100.682741974014789, 1154602.192756083328277 ], [ 2540202.935201062820852, 1154561.574800127884373 ], [ 2540248.539431887213141, 1154525.157133321510628 ], [ 2540212.528032902628183, 1154467.917730278335512 ], [ 2540189.695053987205029, 1154482.27488403278403 ], [ 2540086.143889259081334, 1154565.095438402146101 ], [ 2540078.929021596442908, 1154573.938808290753514 ], [ 2540100.682741974014789, 1154602.192756083328277 ] ] ] ] } },
{ "type": "Feature", "properties": { "osm_id": 324349223, "name": null, "type": "meadow", "area": 7029 }, "geometry": { "type": "MultiPolygon", "coordinates": [ [ [ [ 2544754.188522608950734, 1158186.976141162915155 ], [ 2544754.174396055284888, 1158186.291546040214598 ], [ 2544739.656911124940962, 1158183.988013766007498 ], [ 2544722.441866883076727, 1158161.123115776339546 ], [ 2544702.865871607325971, 1158155.789369192672893 ], [ 2544688.622015718370676, 1158146.715688674012199 ], [ 2544638.783296405803412, 1158141.950133016798645 ], [ 2544598.524092212785035, 1158145.08972597355023 ], [ 2544587.416366155724972, 1158136.087392312008888 ], [ 2544571.104313891846687, 1158127.233188326004893 ], [ 2544570.249606485012919, 1158116.868871541228145 ], [ 2544556.341150820720941, 1158103.467871540226042 ], [ 2544534.661023952998221, 1158095.30814003222622 ], [ 2544529.589684133883566, 1158099.890760241309181 ], [ 2544507.859217504505068, 1158097.901554479263723 ], [ 2544499.680203816853464, 1158118.777179267723113 ], [ 2544511.997968189883977, 1158120.986764071742073 ], [ 2544562.507227892056108, 1158139.385700972517952 ], [ 2544751.058498521335423, 1158213.513717163586989 ], [ 2544754.188522608950734, 1158186.976141162915155 ] ] ] ] } },
{ "type": "Feature", "properties": { "osm_id": 324349224, "name": null, "type": "grass", "area": 5897 }, "geometry": { "type": "MultiPolygon", "coordinates": [ [ [ [ 2544595.731522252783179, 1159098.056141624692827 ], [ 2544643.122522297780961, 1159092.555141610559076 ], [ 2544643.221503701526672, 1159092.542096461169422 ], [ 2544643.22652837773785, 1159083.312387290410697 ], [ 2544649.459137060213834, 1159076.72919029276818 ], [ 2544650.347674828022718, 1159056.710293784504756 ], [ 2544641.842693667393178, 1159019.71335351257585 ], [ 2544634.381055051460862, 1159008.576190371997654 ], [ 2544611.672405580524355, 1159027.317856653127819 ], [ 2544594.264838518109173, 1159025.744273692835122 ], [ 2544577.023287961259484, 1159028.037943991133943 ], [ 2544567.32479387614876, 1159035.331367646576837 ], [ 2544560.20035084662959, 1159046.603169738547876 ], [ 2544570.02201832132414, 1159052.649066060548648 ], [ 2544570.456589855719358, 1159055.71336039644666 ], [ 2544566.997706897556782, 1159058.013186786323786 ], [ 2544562.315735983196646, 1159058.189837786136195 ], [ 2544557.35317387804389, 1159057.035037559689954 ], [ 2544558.743536015506834, 1159063.158809640444815 ], [ 2544562.990275511518121, 1159073.124933028127998 ], [ 2544569.510330293793231, 1159084.392992469947785 ], [ 2544566.59669979987666, 1159091.779395980294794 ], [ 2544584.074021426960826, 1159096.776306928833947 ], [ 2544590.928644594270736, 1159098.617740006651729 ], [ 2544595.731522252783179, 1159098.056141624692827 ] ] ] ] } },
{ "type": "Feature", "properties": { "osm_id": 324349234, "name": null, "type": "meadow", "area": 5079 }, "geometry": { "type": "MultiPolygon", "coordinates": [ [ [ [ 2544446.345888932235539, 1158180.369882834842429 ], [ 2544488.162187626119703, 1158240.348616125527769 ], [ 2544588.639250121079385, 1158259.41979625984095 ], [ 2544610.587227836251259, 1158258.461262657307088 ], [ 2544636.406645109411329, 1158267.461328836157918 ], [ 2544640.302802951075137, 1158259.321062749717385 ], [ 2544616.257909130770713, 1158249.048379039857537 ], [ 2544601.045880923978984, 1158239.728147538844496 ], [ 2544446.345888932235539, 1158180.369882834842429 ] ] ] ] } },
{ "type": "Feature", "properties": { "osm_id": 324352336, "name": null, "type": "farmland", "area": 19347 }, "geometry": { "type": "MultiPolygon", "coordinates": [ [ [ [ 2544743.588522578589618, 1158276.848141206661239 ], [ 2544751.058498521335423, 1158213.513717163586989 ], [ 2544562.507227892056108, 1158139.385700972517952 ], [ 2544511.997968189883977, 1158120.986764071742073 ], [ 2544499.680203816853464, 1158118.777179267723113 ], [ 2544464.865080535411835, 1158150.182468326063827 ], [ 2544457.066278554964811, 1158145.841157372575253 ], [ 2544439.04135143244639, 1158136.658531454857439 ], [ 2544424.720327684190124, 1158123.439525309950113 ], [ 2544419.335034812800586, 1158123.911836211569607 ], [ 2544417.158959078602493, 1158137.294685639673844 ], [ 2544414.861352670472115, 1158145.831625588936731 ], [ 2544417.762505272869021, 1158151.140946988714859 ], [ 2544743.448353365529329, 1158278.038519581314176 ], [ 2544743.588522578589618, 1158276.848141206661239 ] ] ] ] } },
{ "type": "Feature", "properties": { "osm_id": 328779171, "name": null, "type": "residential", "area": 1311 }, "geometry": { "type": "MultiPolygon", "coordinates": [ [ [ [ 2541757.10143182054162, 1156520.620228960411623 ], [ 2541762.89830568805337, 1156524.499452978139743 ], [ 2541781.235857907216996, 1156523.865825678687543 ], [ 2541799.817603967618197, 1156532.601594630163163 ], [ 2541786.180256195832044, 1156486.486697537591681 ], [ 2541748.55779258813709, 1156500.003083507763222 ], [ 2541757.10143182054162, 1156520.620228960411623 ] ] ] ] } },
{ "type": "Feature", "properties": { "osm_id": 328779174, "name": null, "type": "residential", "area": 1298 }, "geometry": { "type": "MultiPolygon", "coordinates": [ [ [ [ 2541818.174326097592711, 1156579.059888191753998 ], [ 2541822.476017205510288, 1156576.63914980692789 ], [ 2541821.610967093147337, 1156563.340374395251274 ], [ 2541829.944468398578465, 1156559.1351946182549 ], [ 2541828.056116057094187, 1156554.19526678067632 ], [ 2541836.852861077990383, 1156549.518691047560424 ], [ 2541830.907747552730143, 1156535.079597041243687 ], [ 2541834.811712493188679, 1156528.805090770823881 ], [ 2541831.554551030974835, 1156516.352151830913499 ], [ 2541818.259769213851541, 1156511.900718554621562 ], [ 2541801.677980298642069, 1156520.410348734119907 ], [ 2541818.174326097592711, 1156579.059888191753998 ] ] ] ] } },
{ "type": "Feature", "properties": { "osm_id": 328919948, "name": null, "type": "residential", "area": 2086 }, "geometry": { "type": "MultiPolygon", "coordinates": [ [ [ [ 2541799.62129880534485, 1156673.746082651428878 ], [ 2541811.40700025903061, 1156669.696404513902962 ], [ 2541829.88282418763265, 1156667.54965699929744 ], [ 2541831.822352599352598, 1156648.48729095957242 ], [ 2541819.604569757822901, 1156607.950464667985216 ], [ 2541789.833202671725303, 1156618.066520325373858 ], [ 2541786.439565582200885, 1156627.926929831504822 ], [ 2541799.62129880534485, 1156673.746082651428878 ] ] ] ] } },
{ "type": "Feature", "properties": { "osm_id": 329740433, "name": null, "type": "grass", "area": 40 }, "geometry": { "type": "MultiPolygon", "coordinates": [ [ [ [ 2538828.251150430180132, 1153034.538490554085001 ], [ 2538845.199814260005951, 1153034.377074263291433 ], [ 2538845.175828084349632, 1153032.020487798145041 ], [ 2538828.227044441271573, 1153032.170788185205311 ], [ 2538828.251150430180132, 1153034.538490554085001 ] ] ] ] } },
{ "type": "Feature", "properties": { "osm_id": 329740435, "name": null, "type": "grass", "area": 30 }, "geometry": { "type": "MultiPolygon", "coordinates": [ [ [ [ 2538865.995495207142085, 1153026.939313050592318 ], [ 2538878.080148960463703, 1153026.860833708429709 ], [ 2538878.062830473296344, 1153024.404125298373401 ], [ 2538869.031944626010954, 1153024.462650787085295 ], [ 2538865.978171784430742, 1153024.482604677323252 ], [ 2538865.995495207142085, 1153026.939313050592318 ] ] ] ] } },
{ "type": "Feature", "properties": { "osm_id": 329740436, "name": null, "type": "grass", "area": 36 }, "geometry": { "type": "MultiPolygon", "coordinates": [ [ [ [ 2538841.797013269737363, 1153044.583880061749369 ], [ 2538858.817868439480662, 1153044.733046534936875 ], [ 2538858.834964816924185, 1153042.642853003926575 ], [ 2538841.814103736542165, 1153042.493686484871432 ], [ 2538841.797013269737363, 1153044.583880061749369 ] ] ] ] } },
{ "type": "Feature", "properties": { "osm_id": 329763607, "name": null, "type": "grass", "area": 88 }, "geometry": { "type": "MultiPolygon", "coordinates": [ [ [ [ 2538393.920479662716389, 1152264.478925369447097 ], [ 2538393.51659626327455, 1152263.260181690799072 ], [ 2538401.396165620069951, 1152260.077725135954097 ], [ 2538402.011906776577234, 1152259.504439679905772 ], [ 2538404.570828488096595, 1152257.588297332637012 ], [ 2538407.005152955651283, 1152255.495559124276042 ], [ 2538407.927874665241688, 1152254.174280067905784 ], [ 2538408.133355573285371, 1152251.759756747866049 ], [ 2538379.339772443287075, 1152268.263727169949561 ], [ 2538384.640015937853605, 1152267.253304933663458 ], [ 2538392.022356829605997, 1152264.976421957835555 ], [ 2538393.920479662716389, 1152264.478925369447097 ] ] ] ] } },
{ "type": "Feature", "properties": { "osm_id": 329763608, "name": null, "type": "grass", "area": 284 }, "geometry": { "type": "MultiPolygon", "coordinates": [ [ [ [ 2538437.357227738481015, 1152261.510177188552916 ], [ 2538412.399354876484722, 1152266.646338557126001 ], [ 2538411.637931338511407, 1152267.232233193470165 ], [ 2538411.463451863266528, 1152268.178977507632226 ], [ 2538411.962985058315098, 1152268.996525349328294 ], [ 2538413.439555733464658, 1152270.0486365116667 ], [ 2538414.816444048658013, 1152271.857734475750476 ], [ 2538416.144588992930949, 1152274.901333701331168 ], [ 2538416.934150056447834, 1152277.061082350090146 ], [ 2538439.586367828305811, 1152272.34877585596405 ], [ 2538440.099579385016114, 1152272.25458124675788 ], [ 2538440.394517480861396, 1152271.829108869191259 ], [ 2538440.320217936765403, 1152271.31848206766881 ], [ 2538438.910031417850405, 1152263.261892733396962 ], [ 2538438.679301137570292, 1152262.463823157828301 ], [ 2538438.120319150853902, 1152261.835873369826004 ], [ 2538437.357227738481015, 1152261.510177188552916 ] ] ] ] } },
{ "type": "Feature", "properties": { "osm_id": 329763611, "name": null, "type": "grass", "area": 201 }, "geometry": { "type": "MultiPolygon", "coordinates": [ [ [ [ 2538388.935694034676999, 1152282.78435993520543 ], [ 2538396.877229931298643, 1152281.157660053111613 ], [ 2538397.717018718831241, 1152279.981752247316763 ], [ 2538398.964868804439902, 1152278.935066970065236 ], [ 2538400.485962509177625, 1152278.341383270220831 ], [ 2538402.112167043611407, 1152278.26912761060521 ], [ 2538403.68233926454559, 1152278.719951866660267 ], [ 2538405.019533391110599, 1152279.651201204629615 ], [ 2538412.407562819775194, 1152277.930141341872513 ], [ 2538410.507632478140295, 1152273.758456054143608 ], [ 2538407.17545460537076, 1152270.61311036744155 ], [ 2538402.899015402887017, 1152268.93378969701007 ], [ 2538398.302717539016157, 1152268.992023333674297 ], [ 2538394.069390147458762, 1152270.769694465212524 ], [ 2538390.810178850777447, 1152273.993725381791592 ], [ 2538389.011513327714056, 1152278.203324825968593 ], [ 2538388.935694034676999, 1152282.78435993520543 ] ] ] ] } },
{ "type": "Feature", "properties": { "osm_id": 329763614, "name": null, "type": "grass", "area": 206 }, "geometry": { "type": "MultiPolygon", "coordinates": [ [ [ [ 2538357.147470588795841, 1152287.134767801733688 ], [ 2538356.755520974285901, 1152287.828050649026409 ], [ 2538356.802212469279766, 1152288.639122243272141 ], [ 2538357.276906670536846, 1152289.279046316398308 ], [ 2538358.024424074217677, 1152289.582657845923677 ], [ 2538384.502222244162112, 1152283.752539478009567 ], [ 2538384.417924711946398, 1152281.51886060484685 ], [ 2538384.449791725724936, 1152278.639197045937181 ], [ 2538384.781001091469079, 1152276.512429015943781 ], [ 2538385.749906436074525, 1152274.456942308694124 ], [ 2538386.000888415146619, 1152273.487178532173857 ], [ 2538385.638220757246017, 1152272.545941031072289 ], [ 2538384.788440025411546, 1152271.99879776337184 ], [ 2538383.783671167679131, 1152272.053568868432194 ], [ 2538382.921698078978807, 1152272.562678275164217 ], [ 2538357.147470588795841, 1152287.134767801733688 ] ] ] ] } },
{ "type": "Feature", "properties": { "osm_id": 329763621, "name": null, "type": "grass", "area": 452 }, "geometry": { "type": "MultiPolygon", "coordinates": [ [ [ [ 2538458.325387192890048, 1152248.96650209557265 ], [ 2538463.065380804706365, 1152247.950769863789901 ], [ 2538465.202283921185881, 1152246.038975275587291 ], [ 2538466.203576118685305, 1152244.894774794112891 ], [ 2538466.541304576210678, 1152243.401621195487678 ], [ 2538466.613533685915172, 1152242.211348792072386 ], [ 2538466.291340420022607, 1152240.724952780408785 ], [ 2538465.077245099004358, 1152238.324968290748075 ], [ 2538457.01582263270393, 1152232.748905628686771 ], [ 2538454.408282703254372, 1152231.419321653665975 ], [ 2538452.598742821719497, 1152230.826413070783019 ], [ 2538450.307933791540563, 1152230.449659920996055 ], [ 2538448.422979388386011, 1152230.735778224421665 ], [ 2538446.111292975954711, 1152232.816126055084169 ], [ 2538444.158055715728551, 1152235.426425152458251 ], [ 2538441.84375352691859, 1152237.251107483403757 ], [ 2538441.986273765563965, 1152238.428063199855387 ], [ 2538440.07908121868968, 1152241.037891977699474 ], [ 2538438.937550114002079, 1152241.227460411144421 ], [ 2538436.574065384455025, 1152241.996521377004683 ], [ 2538434.646604626439512, 1152242.627710528671741 ], [ 2538433.242309493944049, 1152243.386945740319788 ], [ 2538432.10977640375495, 1152244.454676510998979 ], [ 2538431.45429660892114, 1152244.894960440229625 ], [ 2538430.806106070056558, 1152246.046666041249409 ], [ 2538431.042988189961761, 1152247.444997286656871 ], [ 2538432.728795249015093, 1152248.695077720796689 ], [ 2538434.354210894554853, 1152248.545019038021564 ], [ 2538436.236539765261114, 1152248.003229181049392 ], [ 2538436.538127373438329, 1152247.477634341223165 ], [ 2538437.556837670970708, 1152248.034171382896602 ], [ 2538438.579191902186722, 1152248.946419404819608 ], [ 2538440.210870780050755, 1152249.407740249764174 ], [ 2538443.515941719058901, 1152249.907505056122318 ], [ 2538444.931806629989296, 1152251.026948564685881 ], [ 2538447.398187761195004, 1152251.312964144162834 ], [ 2538451.132448761258274, 1152251.007903573103249 ], [ 2538454.510700827464461, 1152249.661481413990259 ], [ 2538455.821548935957253, 1152248.769802691647783 ], [ 2538458.325387192890048, 1152248.96650209557265 ] ] ] ] } },
{ "type": "Feature", "properties": { "osm_id": 329763626, "name": null, "type": "grass", "area": 201 }, "geometry": { "type": "MultiPolygon", "coordinates": [ [ [ [ 2538429.094405223149806, 1152255.002376365941018 ], [ 2538428.951882787048817, 1152253.825420953799039 ], [ 2538429.202872638124973, 1152252.855658982181922 ], [ 2538429.417773003689945, 1152252.108609395800158 ], [ 2538429.487873108591884, 1152249.962285141693428 ], [ 2538429.510067435912788, 1152248.383425341220573 ], [ 2538429.41757231997326, 1152247.595056862337515 ], [ 2538429.449604172259569, 1152246.227321731857955 ], [ 2538429.608626272529364, 1152245.269619231577963 ], [ 2538430.95605965424329, 1152243.454838463338092 ], [ 2538431.866972091142088, 1152242.478315167827532 ], [ 2538433.224770652130246, 1152241.675087502691895 ], [ 2538434.313996679149568, 1152240.874611747683957 ], [ 2538435.325989095494151, 1152240.775306613650173 ], [ 2538436.461712168063968, 1152240.018823402468115 ], [ 2538437.244909435976297, 1152239.310420483816415 ], [ 2538437.601079700980335, 1152239.618051214376464 ], [ 2538438.127818984445184, 1152239.345843810588121 ], [ 2538438.777833716478199, 1152238.371994402259588 ], [ 2538437.544263490475714, 1152237.817658327985555 ], [ 2538434.428773190826178, 1152238.594424299430102 ], [ 2538430.669989964924753, 1152241.000883888453245 ], [ 2538429.400742941536009, 1152241.458573810290545 ], [ 2538426.861637780908495, 1152243.063222754979506 ], [ 2538424.548596704844385, 1152245.010187330888584 ], [ 2538423.20473844371736, 1152246.424716261448339 ], [ 2538422.10476584173739, 1152246.925141677260399 ], [ 2538420.657093638554215, 1152247.19567064428702 ], [ 2538418.987459553405643, 1152247.524060246534646 ], [ 2538417.682011699303985, 1152248.193349109496921 ], [ 2538416.759783513378352, 1152248.814242398831993 ], [ 2538415.277007491327822, 1152250.152376882964745 ], [ 2538414.491991444025189, 1152250.682927270419896 ], [ 2538412.961279103066772, 1152251.087714713765308 ], [ 2538412.441719386260957, 1152252.060229937778786 ], [ 2538411.079938383772969, 1152252.474403621628881 ], [ 2538410.863217420410365, 1152253.043598469113931 ], [ 2538410.261414469685405, 1152254.228182290680707 ], [ 2538409.521187099162489, 1152254.635985851055011 ], [ 2538408.606138607021421, 1152255.957186007173732 ], [ 2538408.750072102528065, 1152256.522684375755489 ], [ 2538409.196917570661753, 1152257.440826192498207 ], [ 2538410.5678117768839, 1152257.915929063223302 ], [ 2538411.749984886497259, 1152257.94828125834465 ], [ 2538412.450933124404401, 1152257.451943495543674 ], [ 2538413.894501217175275, 1152256.781237909570336 ], [ 2538414.505646336358041, 1152256.508163361810148 ], [ 2538415.790764870587736, 1152256.850740939378738 ], [ 2538417.328197096474469, 1152257.101795997004956 ], [ 2538418.343262269161642, 1152257.302618987625465 ], [ 2538419.440571391023695, 1152257.291373865911737 ], [ 2538425.415187001228333, 1152256.185139878885821 ], [ 2538429.094405223149806, 1152255.002376365941018 ] ] ] ] } },
{ "type": "Feature", "properties": { "osm_id": 329763631, "name": null, "type": "grass", "area": 16 }, "geometry": { "type": "MultiPolygon", "coordinates": [ [ [ [ 2538401.851710970979184, 1152261.09583140979521 ], [ 2538402.564964157529175, 1152261.800016399007291 ], [ 2538409.477600552141666, 1152260.117177652660757 ], [ 2538408.34735915157944, 1152259.161571835167706 ], [ 2538407.374842567369342, 1152257.870835672831163 ], [ 2538406.807727626059204, 1152257.198503598105162 ], [ 2538405.453240341506898, 1152258.324100133730099 ], [ 2538403.228533750865608, 1152259.903302318416536 ], [ 2538402.174606177490205, 1152260.403259434271604 ], [ 2538401.851710970979184, 1152261.09583140979521 ] ] ] ] } },
{ "type": "Feature", "properties": { "osm_id": 329826869, "name": null, "type": "grass", "area": 8 }, "geometry": { "type": "MultiPolygon", "coordinates": [ [ [ [ 2539000.229523247107863, 1153013.82419633353129 ], [ 2539006.246363093145192, 1153013.9187527874019 ], [ 2539006.263737562578171, 1153012.606755962129682 ], [ 2539000.246896405704319, 1153012.512199495220557 ], [ 2539000.229523247107863, 1153013.82419633353129 ] ] ] ] } },
{ "type": "Feature", "properties": { "osm_id": 329941217, "name": null, "type": "grass", "area": 109 }, "geometry": { "type": "MultiPolygon", "coordinates": [ [ [ [ 2537402.784153877291828, 1151918.16147822001949 ], [ 2537401.11712368670851, 1151916.533504776190966 ], [ 2537398.959045480005443, 1151915.655495812417939 ], [ 2537396.62617197399959, 1151915.679797450779006 ], [ 2537394.47894708160311, 1151916.580420642159879 ], [ 2537392.846192293800414, 1151918.24276808463037 ], [ 2537391.970578099600971, 1151920.386382529046386 ], [ 2537391.987223455216736, 1151922.720810123486444 ], [ 2537392.899748083669692, 1151924.856912991730496 ], [ 2537394.559104349464178, 1151926.484964105999097 ], [ 2537396.71717936405912, 1151927.362971493508667 ], [ 2537399.050048340111971, 1151927.338669891003519 ], [ 2537401.197270027827471, 1151926.438048327341676 ], [ 2537402.830024828203022, 1151924.775703147985041 ], [ 2537403.705526418518275, 1151922.620974340243265 ], [ 2537403.689001393970102, 1151920.29766265116632 ], [ 2537402.784153877291828, 1151918.16147822001949 ] ] ] ] } },
{ "type": "Feature", "properties": { "osm_id": 329953691, "name": null, "type": "grass", "area": 475 }, "geometry": { "type": "MultiPolygon", "coordinates": [ [ [ [ 2539429.8520801900886, 1152685.903062000637874 ], [ 2539407.996728786733001, 1152662.254974155686796 ], [ 2539421.794408418238163, 1152649.34228889644146 ], [ 2539423.074841614812613, 1152648.473362185060978 ], [ 2539424.16905363695696, 1152648.162168773589656 ], [ 2539425.004289117641747, 1152648.042577301617712 ], [ 2539417.143705036956817, 1152643.975144416326657 ], [ 2539416.458575601689517, 1152645.282754582585767 ], [ 2539412.184758130460978, 1152643.046839726855978 ], [ 2539413.193661205004901, 1152641.124523136531934 ], [ 2539409.51391154108569, 1152639.205016301944852 ], [ 2539408.784303661901504, 1152639.145670953672379 ], [ 2539408.029944793321192, 1152639.67578227748163 ], [ 2539407.605188858695328, 1152640.169218566501513 ], [ 2539407.503595824819058, 1152640.748332935851067 ], [ 2539406.541601778008044, 1152646.561167074134573 ], [ 2539404.958882498089224, 1152652.458080955548212 ], [ 2539402.747592515312135, 1152657.660956297535449 ], [ 2539399.054974172264338, 1152662.834304047748446 ], [ 2539425.531613596715033, 1152689.693083487916738 ], [ 2539429.8520801900886, 1152685.903062000637874 ] ] ] ] } },
{ "type": "Feature", "properties": { "osm_id": 330253252, "name": null, "type": "grass", "area": 5 }, "geometry": { "type": "MultiPolygon", "coordinates": [ [ [ [ 2538950.334401454310864, 1152308.082455621566623 ], [ 2538951.533387647010386, 1152309.771193819120526 ], [ 2538953.468885767273605, 1152308.417476106900722 ], [ 2538952.269899860024452, 1152306.728737529600039 ], [ 2538950.334401454310864, 1152308.082455621566623 ] ] ] ] } },
{ "type": "Feature", "properties": { "osm_id": 330253253, "name": null, "type": "grass", "area": 5 }, "geometry": { "type": "MultiPolygon", "coordinates": [ [ [ [ 2538953.230247892439365, 1152312.12190143764019 ], [ 2538954.429232484661043, 1152313.810640212148428 ], [ 2538956.364729929249734, 1152312.456923429854214 ], [ 2538955.165745622478426, 1152310.768184269312769 ], [ 2538953.230247892439365, 1152312.12190143764019 ] ] ] ] } },
{ "type": "Feature", "properties": { "osm_id": 330257741, "name": null, "type": "grass", "area": 67 }, "geometry": { "type": "MultiPolygon", "coordinates": [ [ [ [ 2538874.167711645830423, 1152366.165527466218919 ], [ 2538873.568706096149981, 1152364.615223783999681 ], [ 2538846.036119412630796, 1152376.901854518102482 ], [ 2538845.680789603386074, 1152377.427975513972342 ], [ 2538845.879523889161646, 1152378.104097426403314 ], [ 2538846.542617723811418, 1152379.164592806715518 ], [ 2538847.38668456999585, 1152379.156002772506326 ], [ 2538847.996591997332871, 1152378.760696563404053 ], [ 2538863.425479227211326, 1152371.59991295542568 ], [ 2538864.162798880133778, 1152371.659114087698981 ], [ 2538864.843238484114408, 1152371.407614587573335 ], [ 2538865.261314202100039, 1152371.014261845499277 ], [ 2538865.60625854274258, 1152370.22143676574342 ], [ 2538874.167711645830423, 1152366.165527466218919 ] ] ] ] } },
{ "type": "Feature", "properties": { "osm_id": 330257742, "name": null, "type": "grass", "area": 8 }, "geometry": { "type": "MultiPolygon", "coordinates": [ [ [ [ 2538974.025810674764216, 1152318.76993423816748 ], [ 2538974.599290758837014, 1152320.075930269667879 ], [ 2538979.794972400180995, 1152317.833094453671947 ], [ 2538979.229166659526527, 1152316.527020001085475 ], [ 2538974.025810674764216, 1152318.76993423816748 ] ] ] ] } },
{ "type": "Feature", "properties": { "osm_id": 330257743, "name": null, "type": "grass", "area": 10 }, "geometry": { "type": "MultiPolygon", "coordinates": [ [ [ [ 2538885.93232892267406, 1152360.898637103615329 ], [ 2538885.327009225264192, 1152359.481801953166723 ], [ 2538879.328635473735631, 1152362.021929836133495 ], [ 2538879.926169925834984, 1152363.427726465510204 ], [ 2538885.93232892267406, 1152360.898637103615329 ] ] ] ] } },
{ "type": "Feature", "properties": { "osm_id": 330257744, "name": null, "type": "grass", "area": 9 }, "geometry": { "type": "MultiPolygon", "coordinates": [ [ [ [ 2538938.629313297569752, 1152335.082583741517738 ], [ 2538939.240940651856363, 1152336.365954593522474 ], [ 2538944.693763378076255, 1152333.753610257990658 ], [ 2538944.074463543947786, 1152332.47031681635417 ], [ 2538938.629313297569752, 1152335.082583741517738 ] ] ] ] } },
{ "type": "Feature", "properties": { "osm_id": 330257745, "name": null, "type": "grass", "area": 9 }, "geometry": { "type": "MultiPolygon", "coordinates": [ [ [ [ 2538926.704927657730877, 1152340.495516430120915 ], [ 2538927.26318229502067, 1152341.812779912957922 ], [ 2538933.177414805162698, 1152339.295789573807269 ], [ 2538932.619274213444442, 1152337.989641518564895 ], [ 2538926.704927657730877, 1152340.495516430120915 ] ] ] ] } },
{ "type": "Feature", "properties": { "osm_id": 330257746, "name": null, "type": "grass", "area": 9 }, "geometry": { "type": "MultiPolygon", "coordinates": [ [ [ [ 2538891.077805567998439, 1152356.744089673040435 ], [ 2538891.63595355860889, 1152358.050233884481713 ], [ 2538897.550268456805497, 1152355.544324482558295 ], [ 2538896.992121533956379, 1152354.23817971884273 ], [ 2538891.077805567998439, 1152356.744089673040435 ] ] ] ] } },
{ "type": "Feature", "properties": { "osm_id": 330257747, "name": null, "type": "grass", "area": 9 }, "geometry": { "type": "MultiPolygon", "coordinates": [ [ [ [ 2538914.718046301510185, 1152345.797937083058059 ], [ 2538915.276190105825663, 1152347.104083482874557 ], [ 2538921.190525464713573, 1152344.598197332816198 ], [ 2538920.632382728159428, 1152343.292050380492583 ], [ 2538914.718046301510185, 1152345.797937083058059 ] ] ] ] } },
{ "type": "Feature", "properties": { "osm_id": 330257748, "name": null, "type": "grass", "area": 9 }, "geometry": { "type": "MultiPolygon", "coordinates": [ [ [ [ 2538950.102909663692117, 1152329.863245833665133 ], [ 2538950.722208463121206, 1152331.146539893932641 ], [ 2538956.510976572521031, 1152328.364036502549425 ], [ 2538955.891678739339113, 1152327.080741848330945 ], [ 2538950.102909663692117, 1152329.863245833665133 ] ] ] ] } },
{ "type": "Feature", "properties": { "osm_id": 330257749, "name": null, "type": "grass", "area": 9 }, "geometry": { "type": "MultiPolygon", "coordinates": [ [ [ [ 2538962.064010472502559, 1152324.283230220898986 ], [ 2538962.622145856264979, 1152325.58938100701198 ], [ 2538968.536521789152175, 1152323.083541413070634 ], [ 2538967.978387473151088, 1152321.777390078175813 ], [ 2538962.064010472502559, 1152324.283230220898986 ] ] ] ] } },
{ "type": "Feature", "properties": { "osm_id": 330257750, "name": null, "type": "grass", "area": 9 }, "geometry": { "type": "MultiPolygon", "coordinates": [ [ [ [ 2538902.98666761489585, 1152351.320126408943906 ], [ 2538903.544926510192454, 1152352.637387693626806 ], [ 2538909.459138604346663, 1152350.12037403229624 ], [ 2538908.900993797928095, 1152348.814228166593239 ], [ 2538902.98666761489585, 1152351.320126408943906 ] ] ] ] } },
{ "type": "Feature", "properties": { "osm_id": 330257751, "name": null, "type": "grass", "area": 97 }, "geometry": { "type": "MultiPolygon", "coordinates": [ [ [ [ 2539088.052440464030951, 1152245.663006395567209 ], [ 2539087.475361318793148, 1152244.757252467796206 ], [ 2539030.363163014408201, 1152284.835577769670635 ], [ 2539030.860016203485429, 1152285.397509595146403 ], [ 2539031.913760714698583, 1152285.631394754163921 ], [ 2539032.62445962941274, 1152285.335138923022896 ], [ 2539088.052440464030951, 1152245.663006395567209 ] ] ] ] } },
{ "type": "Feature", "properties": { "osm_id": 330269689, "name": null, "type": "residential", "area": 35258 }, "geometry": { "type": "MultiPolygon", "coordinates": [ [ [ [ 2538844.233166270889342, 1152426.713795269373804 ], [ 2538834.658510003704578, 1152394.549358807969838 ], [ 2538828.054927738383412, 1152397.940600213827565 ], [ 2538818.567004745826125, 1152402.195000026607886 ], [ 2538768.866833543870598, 1152424.524152875645086 ], [ 2538759.539452720899135, 1152428.710307993460447 ], [ 2538731.798420475330204, 1152443.834458336234093 ], [ 2538722.111097452696413, 1152447.33508038520813 ], [ 2538707.077066849451512, 1152431.479753316845745 ], [ 2538705.847531668841839, 1152429.057644648477435 ], [ 2538704.197476858273149, 1152427.540312983095646 ], [ 2538701.101594700478017, 1152426.471298769349232 ], [ 2538686.687318369280547, 1152421.72682495159097 ], [ 2538679.180192420724779, 1152418.534994956571609 ], [ 2538673.160696655511856, 1152415.983901866246015 ], [ 2538663.079174065031111, 1152410.939572147792205 ], [ 2538650.43870553188026, 1152404.053707428043708 ], [ 2538646.306135332211852, 1152401.41667360952124 ], [ 2538638.59214597241953, 1152396.759545285720378 ], [ 2538635.796471130568534, 1152395.031588362064213 ], [ 2538631.651199104264379, 1152393.406352707650512 ], [ 2538626.64583190344274, 1152391.723201739834622 ], [ 2538620.20889146765694, 1152391.133039065171033 ], [ 2538614.990336145740002, 1152392.620456504635513 ], [ 2538605.906575700733811, 1152395.859405814204365 ], [ 2538586.679651700425893, 1152403.048552188789472 ], [ 2538578.374046188313514, 1152407.335717599838972 ], [ 2538569.320447103120387, 1152412.019640882965177 ], [ 2538553.660330628976226, 1152419.03902520169504 ], [ 2538536.124465963803232, 1152434.73787986417301 ], [ 2538520.961363944690675, 1152448.322489625308663 ], [ 2538516.809418566059321, 1152452.044740358367562 ], [ 2538513.569963486865163, 1152454.946106472285464 ], [ 2538510.727140713948756, 1152459.110768323298544 ], [ 2538509.571180738974363, 1152463.135880931280553 ], [ 2538509.656857536640018, 1152466.258917448110878 ], [ 2538510.839411467779428, 1152470.082225801190361 ], [ 2538512.991964573040605, 1152472.706075844122097 ], [ 2538515.637928801588714, 1152474.802372884238139 ], [ 2538521.370750207453966, 1152479.335090497042984 ], [ 2538539.466529321856797, 1152493.635593823855743 ], [ 2538551.264766682405025, 1152502.964489040197805 ], [ 2538553.81004368327558, 1152504.972895254381001 ], [ 2538559.773969986010343, 1152508.847375109326094 ], [ 2538565.803086776286364, 1152510.842399630695581 ], [ 2538580.488491161726415, 1152513.593845587456599 ], [ 2538587.646407463587821, 1152514.910326318116859 ], [ 2538593.566442627925426, 1152515.994888885878026 ], [ 2538601.057592818513513, 1152517.630376802757382 ], [ 2538607.502691022120416, 1152519.03198462468572 ], [ 2538618.366743209306151, 1152524.068226341623813 ], [ 2538626.255754558369517, 1152529.346098947571591 ], [ 2538629.621160029899329, 1152532.013187861302868 ], [ 2538633.037529477849603, 1152535.913759247399867 ], [ 2538636.23359796917066, 1152539.282960206503049 ], [ 2538637.043749954085797, 1152540.464219369459897 ], [ 2538638.245639277156442, 1152540.929982108995318 ], [ 2538639.548595475032926, 1152540.772153903264552 ], [ 2538648.290933518204838, 1152552.967311187181622 ], [ 2538647.87203272478655, 1152567.557258793385699 ], [ 2538647.906470540910959, 1152567.923772361595184 ], [ 2538648.581135346088558, 1152567.86129818786867 ], [ 2538649.528569932561368, 1152577.979327352717519 ], [ 2538649.600497765466571, 1152590.285252533154562 ], [ 2538649.851832593791187, 1152604.379203468794003 ], [ 2538653.05254751490429, 1152612.717721350025386 ], [ 2538657.37529600597918, 1152616.709106523310766 ], [ 2538663.299615957308561, 1152619.728072946891189 ], [ 2538667.888058131560683, 1152621.182048483286053 ], [ 2538673.191934545058757, 1152621.305787466699257 ], [ 2538678.490324379410595, 1152620.140000427374616 ], [ 2538684.724218337330967, 1152618.153121575247496 ], [ 2538687.615396342705935, 1152616.467167897382751 ], [ 2538691.113307802472264, 1152612.573833908652887 ], [ 2538709.697087230626494, 1152587.526353895664215 ], [ 2538719.039358278736472, 1152577.303367290413007 ], [ 2538722.396299809217453, 1152569.364855978405103 ], [ 2538723.904873581137508, 1152569.805273902136832 ], [ 2538730.03915049880743, 1152544.495729608461261 ], [ 2538741.828944193664938, 1152529.700919419527054 ], [ 2538744.720682497136295, 1152526.558644756441936 ], [ 2538754.207973475567997, 1152518.502075545489788 ], [ 2538760.034701534546912, 1152517.964652424445376 ], [ 2538760.138901441823691, 1152519.153122791321948 ], [ 2538767.023618803825229, 1152518.515986900543794 ], [ 2538766.911407257895917, 1152517.294246698729694 ], [ 2538772.538748619612306, 1152516.769984685350209 ], [ 2538772.417732337489724, 1152515.437162864254788 ], [ 2538779.995757767464966, 1152515.059788372600451 ], [ 2538796.0387889649719, 1152512.483942323131487 ], [ 2538796.50594624504447, 1152512.390247050439939 ], [ 2538795.000107022002339, 1152503.178372228518128 ], [ 2538790.75027314433828, 1152476.963015065062791 ], [ 2538789.329948922153562, 1152470.87418232858181 ], [ 2538788.739790553692728, 1152470.946896858513355 ], [ 2538785.707913443446159, 1152447.531768531771377 ], [ 2538800.082748860120773, 1152444.650533163687214 ], [ 2538809.824334128759801, 1152442.705881855916232 ], [ 2538808.239867304917425, 1152434.061777996364981 ], [ 2538844.233166270889342, 1152426.713795269373804 ] ] ] ] } },
{ "type": "Feature", "properties": { "osm_id": 330273973, "name": null, "type": "grass", "area": 116 }, "geometry": { "type": "MultiPolygon", "coordinates": [ [ [ [ 2538709.041964177042246, 1152638.405004897387698 ], [ 2538707.814094143453985, 1152639.151260019047186 ], [ 2538709.23196716979146, 1152649.509075839770958 ], [ 2538709.848486899398267, 1152653.527186857070774 ], [ 2538721.854596633464098, 1152651.692696548067033 ], [ 2538721.344522145111114, 1152648.329409251920879 ], [ 2538721.015609765890986, 1152646.176041167695075 ], [ 2538718.608634185511619, 1152645.678083900362253 ], [ 2538716.297779199201614, 1152644.823399208718911 ], [ 2538714.14476855378598, 1152643.644708809675649 ], [ 2538712.188193759415299, 1152642.163853158243001 ], [ 2538710.474319451022893, 1152640.402594407089055 ], [ 2538709.041964177042246, 1152638.405004897387698 ] ] ] ] } },
{ "type": "Feature", "properties": { "osm_id": 330273979, "name": null, "type": "grass", "area": 118 }, "geometry": { "type": "MultiPolygon", "coordinates": [ [ [ [ 2538743.417935150209814, 1152643.412911605788395 ], [ 2538743.646750725805759, 1152645.533949896227568 ], [ 2538746.336799156386405, 1152645.195247063180432 ], [ 2538746.796095184516162, 1152648.848099235445261 ], [ 2538757.042874640319496, 1152647.565236343536526 ], [ 2538756.684044820722193, 1152644.734026730759069 ], [ 2538754.602685071527958, 1152632.515286233508959 ], [ 2538753.456573703326285, 1152632.249040229478851 ], [ 2538752.776685103774071, 1152634.056944619864225 ], [ 2538751.911851590964943, 1152635.788914396194741 ], [ 2538750.861733363009989, 1152637.411601718980819 ], [ 2538749.649236208293587, 1152638.913656073389575 ], [ 2538748.281919861212373, 1152640.283883367199451 ], [ 2538746.774903701618314, 1152641.4998953291215 ], [ 2538745.151093372609466, 1152642.550341432914138 ], [ 2538743.417935150209814, 1152643.412911605788395 ] ] ] ] } },
{ "type": "Feature", "properties": { "osm_id": 330413476, "name": null, "type": "recreation_groun", "area": 2298 }, "geometry": { "type": "MultiPolygon", "coordinates": [ [ [ [ 2539457.581580050289631, 1153235.387107207905501 ], [ 2539447.116533332038671, 1153216.448952983366325 ], [ 2539428.13257466442883, 1153192.771867633797228 ], [ 2539428.975725845433772, 1153189.639457847457379 ], [ 2539430.173148750793189, 1153186.636882021091878 ], [ 2539431.709611271973699, 1153183.775411044247448 ], [ 2539433.562769188545644, 1153181.121973115252331 ], [ 2539435.717502196319401, 1153178.69895518780686 ], [ 2539438.143457279540598, 1153176.540014885133132 ], [ 2539440.794936611782759, 1153174.678964496124536 ], [ 2539443.649147111922503, 1153173.138268278213218 ], [ 2539446.660166562069207, 1153171.92950646369718 ], [ 2539445.663432468194515, 1153170.483210159698501 ], [ 2539434.225598189979792, 1153154.011764394817874 ], [ 2539433.633759368676692, 1153153.150595555314794 ], [ 2539400.787470034789294, 1153179.251274497248232 ], [ 2539406.715094274375588, 1153191.820533556398004 ], [ 2539431.806822956074029, 1153246.697304795263335 ], [ 2539454.441282575018704, 1153236.708337822696194 ], [ 2539457.581580050289631, 1153235.387107207905501 ] ] ] ] } },
{ "type": "Feature", "properties": { "osm_id": 331405355, "name": null, "type": "grass", "area": 1088 }, "geometry": { "type": "MultiPolygon", "coordinates": [ [ [ [ 2538690.505350030958652, 1153696.722456600749865 ], [ 2538671.159497865941375, 1153703.134392612148076 ], [ 2538666.346946940757334, 1153705.95168897532858 ], [ 2538663.383221556432545, 1153711.751738668885082 ], [ 2538662.694843548350036, 1153717.973243810934946 ], [ 2538663.33322520647198, 1153722.635921633802354 ], [ 2538665.284995472058654, 1153726.684865284245461 ], [ 2538669.914699323941022, 1153732.262869332917035 ], [ 2538673.740923322271556, 1153734.291596471099183 ], [ 2538678.965602050535381, 1153735.772429246921092 ], [ 2538692.472092666197568, 1153736.824114431394264 ], [ 2538700.804603216703981, 1153714.293598741991445 ], [ 2538695.614461415912956, 1153707.176008702255785 ], [ 2538690.505350030958652, 1153696.722456600749865 ] ] ] ] } },
{ "type": "Feature", "properties": { "osm_id": 331542891, "name": null, "type": "construction", "area": 2212 }, "geometry": { "type": "MultiPolygon", "coordinates": [ [ [ [ 2537083.424435397144407, 1155544.190619820030406 ], [ 2537097.03924939641729, 1155511.997206527041271 ], [ 2537085.149784186389297, 1155506.073998199310154 ], [ 2537085.801392913796008, 1155481.876206997781992 ], [ 2537050.989197299350053, 1155483.619497226784006 ], [ 2537055.064343168400228, 1155546.044179001590237 ], [ 2537083.424435397144407, 1155544.190619820030406 ] ] ] ] } },
{ "type": "Feature", "properties": { "osm_id": 333166531, "name": null, "type": "grass", "area": 145 }, "geometry": { "type": "MultiPolygon", "coordinates": [ [ [ [ 2538039.112139257602394, 1151768.478357004700229 ], [ 2538040.488899966701865, 1151768.764325119089335 ], [ 2538041.375892549287528, 1151769.188748568762094 ], [ 2538042.164955178741366, 1151769.792055924423039 ], [ 2538042.80969934631139, 1151770.541373993968591 ], [ 2538043.279084820766002, 1151771.403671342413872 ], [ 2538043.557534234598279, 1151772.35687424778007 ], [ 2538043.636685964651406, 1151773.334366080351174 ], [ 2538043.508636800106615, 1151774.313994042575359 ], [ 2538043.180487947072834, 1151775.240099270595238 ], [ 2538042.66735849250108, 1151776.090291647939011 ], [ 2538041.983909086324275, 1151776.797717275563627 ], [ 2538041.160836147144437, 1151777.362059730570763 ], [ 2538041.612818923313171, 1151779.514123989501968 ], [ 2538050.481207150034606, 1151777.655074802460149 ], [ 2538050.158429999835789, 1151776.124237543903291 ], [ 2538052.054618185851723, 1151775.426546018105 ], [ 2538053.529530222527683, 1151774.066169449826702 ], [ 2538054.370239117648453, 1151772.234293598216027 ], [ 2538054.433915440458804, 1151770.221435916377231 ], [ 2538053.708533032797277, 1151768.350117240101099 ], [ 2538052.319627061486244, 1151766.885855056345463 ], [ 2538050.469359852839261, 1151766.082259946269915 ], [ 2538048.450494173448533, 1151766.047485705465078 ], [ 2538048.094383875373751, 1151764.261298075783998 ], [ 2538038.642972868401557, 1151766.14859594241716 ], [ 2538039.112139257602394, 1151768.478357004700229 ] ] ] ] } },
{ "type": "Feature", "properties": { "osm_id": 333333997, "name": null, "type": "grass", "area": 161 }, "geometry": { "type": "MultiPolygon", "coordinates": [ [ [ [ 2538021.097230507526547, 1151757.880500359926373 ], [ 2538023.222154777031392, 1151757.035918032750487 ], [ 2538025.351321054622531, 1151756.602626704843715 ], [ 2538027.722053758334368, 1151756.522593398112804 ], [ 2538030.469621207565069, 1151756.516495178919286 ], [ 2538031.292243101168424, 1151756.652535424567759 ], [ 2538032.51838442729786, 1151756.473135196371004 ], [ 2538033.658505755942315, 1151756.138982294127345 ], [ 2538034.324321164283901, 1151755.954242897685617 ], [ 2538034.819242676254362, 1151755.571157217724249 ], [ 2538035.238334814086556, 1151754.532942494610325 ], [ 2538035.381272929254919, 1151753.508692294824868 ], [ 2538035.198573636822402, 1151752.165402773302048 ], [ 2538034.634001304395497, 1151751.003924869233742 ], [ 2538034.059009000193328, 1151750.320591242285445 ], [ 2538033.316217096988112, 1151749.739042085595429 ], [ 2538032.614202748518437, 1151749.39053237484768 ], [ 2538031.72148106386885, 1151749.155160552356392 ], [ 2538014.982159362174571, 1151752.85192141495645 ], [ 2538014.256670912262052, 1151753.204035467002541 ], [ 2538013.692797953262925, 1151753.598951179068536 ], [ 2538013.229376719798893, 1151754.059533647727221 ], [ 2538012.911076122429222, 1151754.451916489750147 ], [ 2538012.331519018858671, 1151755.558490755269304 ], [ 2538012.075536775868386, 1151756.784015982178971 ], [ 2538012.165005020797253, 1151758.017095146002248 ], [ 2538012.591561476700008, 1151759.191111702471972 ], [ 2538013.315803438890725, 1151760.206417913082987 ], [ 2538014.298442968167365, 1151760.974482042482123 ], [ 2538015.447046657558531, 1151761.462906172731891 ], [ 2538016.684300154447556, 1151761.61690214346163 ], [ 2538017.917999537661672, 1151761.426303835818544 ], [ 2538019.056170181371272, 1151760.903176969848573 ], [ 2538020.007295972667634, 1151760.104051008587703 ], [ 2538020.702653762418777, 1151759.062986017204821 ], [ 2538021.097230507526547, 1151757.880500359926373 ] ] ] ] } },
{ "type": "Feature", "properties": { "osm_id": 333338101, "name": null, "type": "grass", "area": 142 }, "geometry": { "type": "MultiPolygon", "coordinates": [ [ [ [ 2538435.687097016256303, 1152193.623861809261143 ], [ 2538433.985515890643001, 1152191.584625863470137 ], [ 2538431.639879714697599, 1152190.352422441355884 ], [ 2538428.989648702088743, 1152190.101648197509348 ], [ 2538426.44976666290313, 1152190.883637451333925 ], [ 2538424.40266056638211, 1152192.572182958712801 ], [ 2538423.160441358573735, 1152194.919509133556858 ], [ 2538422.911188754253089, 1152197.556822921615094 ], [ 2538423.696956180501729, 1152200.094593738671392 ], [ 2538425.398538474924862, 1152202.133826783392578 ], [ 2538427.744171410799026, 1152203.366027778945863 ], [ 2538430.394396650139242, 1152203.616801474243402 ], [ 2538432.934273777063936, 1152202.834813881199807 ], [ 2538434.981378688011318, 1152201.146271271631122 ], [ 2538436.223601147066802, 1152198.798947532428429 ], [ 2538436.46518594911322, 1152196.161712906090543 ], [ 2538435.687097016256303, 1152193.623861809261143 ] ] ] ] } },
{ "type": "Feature", "properties": { "osm_id": 333344615, "name": null, "type": "grass", "area": 324 }, "geometry": { "type": "MultiPolygon", "coordinates": [ [ [ [ 2538603.66192781785503, 1152052.974583781557158 ], [ 2538604.675869283732027, 1152054.565090627875179 ], [ 2538605.212610370479524, 1152056.771914877928793 ], [ 2538605.048136538825929, 1152059.452822454273701 ], [ 2538603.867890043184161, 1152061.866179794538766 ], [ 2538601.829386049881577, 1152063.654630140168592 ], [ 2538599.30568468850106, 1152064.525317302672192 ], [ 2538596.610158771276474, 1152064.352751440601423 ], [ 2538594.18833803711459, 1152063.176848634611815 ], [ 2538592.395030984189361, 1152061.171856847824529 ], [ 2538591.176571915391833, 1152059.094288465799764 ], [ 2538588.8192442022264, 1152060.47466764273122 ], [ 2538597.723256960511208, 1152075.647494537290186 ], [ 2538604.642778883222491, 1152071.607981915352866 ], [ 2538602.838574890512973, 1152068.53585435426794 ], [ 2538604.219570368062705, 1152067.743546081706882 ], [ 2538617.395008921157569, 1152060.060421928064898 ], [ 2538618.402634355705231, 1152061.784401058452204 ], [ 2538622.331562570296228, 1152059.487494248431176 ], [ 2538614.653830686584115, 1152046.403241476742551 ], [ 2538612.670235705096275, 1152047.557451020693406 ], [ 2538613.302938217297196, 1152048.64046604395844 ], [ 2538607.436115571763366, 1152052.057771754683927 ], [ 2538606.873725332319736, 1152051.096327382372692 ], [ 2538603.66192781785503, 1152052.974583781557158 ] ] ] ] } },
{ "type": "Feature", "properties": { "osm_id": 333451838, "name": null, "type": "grass", "area": 250 }, "geometry": { "type": "MultiPolygon", "coordinates": [ [ [ [ 2537555.744468014221638, 1152413.228637275518849 ], [ 2537553.55515410983935, 1152413.017928158398718 ], [ 2537551.668430887628347, 1152411.647891931468621 ], [ 2537550.450603036675602, 1152409.659461667528376 ], [ 2537550.089064695872366, 1152407.36196956387721 ], [ 2537550.633437801618129, 1152405.099531330168247 ], [ 2537552.018244730308652, 1152403.217459243489429 ], [ 2537551.592334264889359, 1152402.110170743428171 ], [ 2537535.432832896243781, 1152407.492069076513872 ], [ 2537535.614980718586594, 1152408.034915861906484 ], [ 2537535.143973827827722, 1152408.495615022722632 ], [ 2537534.881532642059028, 1152409.087551921140403 ], [ 2537534.881139085162431, 1152409.787936282344162 ], [ 2537534.078216296620667, 1152410.063094336073846 ], [ 2537537.547618062235415, 1152420.466031275223941 ], [ 2537538.28182669961825, 1152420.224939362611622 ], [ 2537538.609535167459399, 1152420.7440389059484 ], [ 2537539.157226770184934, 1152421.016274627298117 ], [ 2537539.73993399227038, 1152420.965749167138711 ], [ 2537540.041339770890772, 1152421.907573775621131 ], [ 2537549.005889600608498, 1152419.068465217249468 ], [ 2537551.227658539544791, 1152417.233280338114128 ], [ 2537553.659842101857066, 1152415.707189781358466 ], [ 2537556.248496012762189, 1152414.468520056456327 ], [ 2537555.744468014221638, 1152413.228637275518849 ] ] ] ] } },
{ "type": "Feature", "properties": { "osm_id": 333451839, "name": null, "type": "grass", "area": 237 }, "geometry": { "type": "MultiPolygon", "coordinates": [ [ [ [ 2537556.314701084978878, 1152401.638644697610289 ], [ 2537558.591890603769571, 1152402.181956137064844 ], [ 2537560.478730654343963, 1152403.563110474264249 ], [ 2537561.696556362323463, 1152405.551542764995247 ], [ 2537562.058090358972549, 1152407.849035564810038 ], [ 2537561.506039943080395, 1152410.11155249341391 ], [ 2537560.128904993645847, 1152411.993542671902105 ], [ 2537560.655028026551008, 1152413.144259048625827 ], [ 2537561.773365058936179, 1152412.943647217471153 ], [ 2537564.632961974479258, 1152412.669357628561556 ], [ 2537567.511716931592673, 1152412.761736189713702 ], [ 2537576.442712965421379, 1152409.645088753895834 ], [ 2537576.142236129846424, 1152408.792189898667857 ], [ 2537576.630209337454289, 1152408.486957783810794 ], [ 2537576.939733691047877, 1152407.994587958557531 ], [ 2537576.995230923872441, 1152407.427036982262507 ], [ 2537577.821291339118034, 1152407.162761471234262 ], [ 2537574.404972563032061, 1152396.692547681974247 ], [ 2537573.655413008295, 1152396.933794609736651 ], [ 2537573.350033388007432, 1152396.347758334828541 ], [ 2537572.748627948574722, 1152396.076077522244304 ], [ 2537572.067435303237289, 1152396.24991151643917 ], [ 2537571.774515047203749, 1152395.385817226022482 ], [ 2537555.98214163351804, 1152400.652674448210746 ], [ 2537556.314701084978878, 1152401.638644697610289 ] ] ] ] } },
{ "type": "Feature", "properties": { "osm_id": 333458753, "name": null, "type": "grass", "area": 2183 }, "geometry": { "type": "MultiPolygon", "coordinates": [ [ [ [ 2537716.143307719845325, 1152394.921604124596342 ], [ 2537703.002794545609504, 1152355.458552894182503 ], [ 2537679.385951695498079, 1152363.274211851181462 ], [ 2537678.593829911202192, 1152360.892240987624973 ], [ 2537654.067140065599233, 1152369.028716163476929 ], [ 2537655.549340502358973, 1152373.571367520838976 ], [ 2537665.813526013400406, 1152370.240913592046127 ], [ 2537670.791155395098031, 1152385.497589260572568 ], [ 2537654.729529019445181, 1152390.711393226636574 ], [ 2537653.284461469389498, 1152391.226657712133601 ], [ 2537660.28960433229804, 1152413.288215934298933 ], [ 2537716.143307719845325, 1152394.921604124596342 ] ] ] ] } },
{ "type": "Feature", "properties": { "osm_id": 333458754, "name": null, "type": "grass", "area": 17 }, "geometry": { "type": "MultiPolygon", "coordinates": [ [ [ [ 2537637.084818751551211, 1152389.793888266663998 ], [ 2537638.43082427373156, 1152389.346350799314678 ], [ 2537634.519414313137531, 1152377.747293128166348 ], [ 2537633.17340646032244, 1152378.1948314642068 ], [ 2537637.084818751551211, 1152389.793888266663998 ] ] ] ] } },
{ "type": "Feature", "properties": { "osm_id": 333458755, "name": null, "type": "grass", "area": 19 }, "geometry": { "type": "MultiPolygon", "coordinates": [ [ [ [ 2537646.429431871976703, 1152417.65653615212068 ], [ 2537647.775662478525192, 1152417.231232665013522 ], [ 2537643.531858105678111, 1152404.657309643458575 ], [ 2537642.19352896604687, 1152405.104766344884411 ], [ 2537646.429431871976703, 1152417.65653615212068 ] ] ] ] } },
{ "type": "Feature", "properties": { "osm_id": 333458756, "name": null, "type": "grass", "area": 104 }, "geometry": { "type": "MultiPolygon", "coordinates": [ [ [ [ 2537624.10282745026052, 1152395.965240409364924 ], [ 2537604.645631562452763, 1152402.30390694597736 ], [ 2537606.222826841287315, 1152407.123488778946921 ], [ 2537625.680124032311141, 1152400.795943285571411 ], [ 2537624.10282745026052, 1152395.965240409364924 ] ] ] ] } },
{ "type": "Feature", "properties": { "osm_id": 333458757, "name": null, "type": "grass", "area": 16 }, "geometry": { "type": "MultiPolygon", "coordinates": [ [ [ [ 2537641.517304624896497, 1152402.79941754671745 ], [ 2537642.863192185759544, 1152402.340765120694414 ], [ 2537639.268536978401244, 1152391.683374815154821 ], [ 2537637.922647282946855, 1152392.142028043046594 ], [ 2537641.517304624896497, 1152402.79941754671745 ] ] ] ] } },
{ "type": "Feature", "properties": { "osm_id": 333458758, "name": null, "type": "grass", "area": 440 }, "geometry": { "type": "MultiPolygon", "coordinates": [ [ [ [ 2537612.899920329451561, 1152370.223059193929657 ], [ 2537597.04548164550215, 1152375.434866169001907 ], [ 2537597.576102600432932, 1152377.019107700558379 ], [ 2537596.329504315275699, 1152377.432270541554317 ], [ 2537603.055857416242361, 1152397.751267622690648 ], [ 2537622.152997447177768, 1152391.471919395728037 ], [ 2537621.313200999516994, 1152388.93481070920825 ], [ 2537612.899920329451561, 1152370.223059193929657 ] ] ] ] } },
{ "type": "Feature", "properties": { "osm_id": 333459049, "name": null, "type": "grass", "area": 633 }, "geometry": { "type": "MultiPolygon", "coordinates": [ [ [ [ 2537659.950311362277716, 1152422.007577427430078 ], [ 2537674.295285379979759, 1152424.426835339982063 ], [ 2537710.249599840957671, 1152412.692305129254237 ], [ 2537721.969030083622783, 1152401.687149787088856 ], [ 2537724.63848908431828, 1152400.836815497372299 ], [ 2537723.916832127142698, 1152398.587514325743541 ], [ 2537709.21574382763356, 1152403.27568412409164 ], [ 2537708.549522965215147, 1152401.192567236721516 ], [ 2537669.287890499923378, 1152413.695143566234037 ], [ 2537670.049085707869381, 1152416.055199716240168 ], [ 2537652.517962782178074, 1152421.640001907479018 ], [ 2537653.311125420965254, 1152424.122012920910493 ], [ 2537659.950311362277716, 1152422.007577427430078 ] ] ] ] } },
{ "type": "Feature", "properties": { "osm_id": 333459050, "name": null, "type": "grass", "area": 358 }, "geometry": { "type": "MultiPolygon", "coordinates": [ [ [ [ 2537674.771643857937306, 1152426.700909234350547 ], [ 2537658.442295031156391, 1152424.59128275886178 ], [ 2537642.505286682397127, 1152429.970584944589064 ], [ 2537643.558014555834234, 1152433.061344134155661 ], [ 2537631.651119933929294, 1152437.075915640452877 ], [ 2537632.586907434277236, 1152439.990012370049953 ], [ 2537633.686029138043523, 1152440.156479109544307 ], [ 2537634.857094273902476, 1152440.600128011545166 ], [ 2537636.125199000816792, 1152441.520807286957279 ], [ 2537636.996255301404744, 1152442.634598925244063 ], [ 2537679.116317483596504, 1152428.290068612899631 ], [ 2537678.625126258470118, 1152426.805465486133471 ], [ 2537677.920697094406933, 1152425.478713980643079 ], [ 2537674.771643857937306, 1152426.700909234350547 ] ] ] ] } },
{ "type": "Feature", "properties": { "osm_id": 333459051, "name": null, "type": "grass", "area": 311 }, "geometry": { "type": "MultiPolygon", "coordinates": [ [ [ [ 2537751.99703269219026, 1152404.566634756978601 ], [ 2537752.099350580014288, 1152403.331571973161772 ], [ 2537752.546852119266987, 1152402.081816304242238 ], [ 2537753.416846337728202, 1152400.872152729425579 ], [ 2537751.015027915593237, 1152401.630764525616542 ], [ 2537750.123835239559412, 1152398.571665121009573 ], [ 2537737.065231337212026, 1152402.54237183672376 ], [ 2537736.191336339339614, 1152399.672086630482227 ], [ 2537723.736976270098239, 1152403.447570032672957 ], [ 2537711.589685693383217, 1152414.63503131759353 ], [ 2537709.036831954028457, 1152415.6286856001243 ], [ 2537709.728490808978677, 1152417.944998865248635 ], [ 2537751.99703269219026, 1152404.566634756978601 ] ] ] ] } },
{ "type": "Feature", "properties": { "osm_id": 333459052, "name": null, "type": "grass", "area": 135 }, "geometry": { "type": "MultiPolygon", "coordinates": [ [ [ [ 2537603.287114521954209, 1152331.335038006072864 ], [ 2537576.089318946935236, 1152340.166595838498324 ], [ 2537577.79279061127454, 1152345.318373106885701 ], [ 2537598.450018064118922, 1152338.500239627668634 ], [ 2537603.287114521954209, 1152331.335038006072864 ] ] ] ] } },
{ "type": "Feature", "properties": { "osm_id": 333459053, "name": null, "type": "grass", "area": 329 }, "geometry": { "type": "MultiPolygon", "coordinates": [ [ [ [ 2537595.273710828274488, 1152341.53485391009599 ], [ 2537580.801279468927532, 1152346.07643945608288 ], [ 2537586.91915211128071, 1152365.434547985205427 ], [ 2537602.447117160074413, 1152360.559618924511597 ], [ 2537596.931975732557476, 1152343.074033537646756 ], [ 2537595.273710828274488, 1152341.53485391009599 ] ] ] ] } },
{ "type": "Feature", "properties": { "osm_id": 333459054, "name": null, "type": "grass", "area": 2603 }, "geometry": { "type": "MultiPolygon", "coordinates": [ [ [ [ 2537600.505698804277927, 1152344.31539438967593 ], [ 2537606.955083424691111, 1152365.304300594143569 ], [ 2537659.609669571276754, 1152349.227164946729317 ], [ 2537659.958945225458592, 1152350.346373076550663 ], [ 2537679.36691849026829, 1152344.419732701964676 ], [ 2537677.770615386776626, 1152339.233464670134708 ], [ 2537685.588954503647983, 1152336.851135128177702 ], [ 2537677.495621109846979, 1152310.498499247478321 ], [ 2537605.983537008985877, 1152332.340934566222131 ], [ 2537600.505698804277927, 1152344.31539438967593 ] ] ] ] } },
{ "type": "Feature", "properties": { "osm_id": 333920102, "name": null, "type": "grass", "area": 193 }, "geometry": { "type": "MultiPolygon", "coordinates": [ [ [ [ 2537601.442768890876323, 1153147.630745050730184 ], [ 2537602.664182872977108, 1153149.241164240520447 ], [ 2537603.275502213742584, 1153151.213668257463723 ], [ 2537603.243267479352653, 1153153.281792818335816 ], [ 2537602.565285965334624, 1153155.234334868844599 ], [ 2537601.3239914951846, 1153156.881446988321841 ], [ 2537599.625180866103619, 1153158.066390662686899 ], [ 2537597.644163280725479, 1153158.676174027845263 ], [ 2537595.579610930290073, 1153158.63091383734718 ], [ 2537593.616005707997829, 1153157.962045470019802 ], [ 2537600.530087557155639, 1153172.0534840405453 ], [ 2537604.477285381406546, 1153170.144810589496046 ], [ 2537607.341356015764177, 1153167.380249580834061 ], [ 2537609.215521524194628, 1153163.870002941228449 ], [ 2537609.919223001692444, 1153159.960576277924702 ], [ 2537609.387216352391988, 1153156.019512582104653 ], [ 2537607.669573321938515, 1153152.4353924295865 ], [ 2537604.938546917401254, 1153149.539942487375811 ], [ 2537601.442768890876323, 1153147.630745050730184 ] ] ] ] } },
{ "type": "Feature", "properties": { "osm_id": 333920103, "name": null, "type": "grass", "area": 140 }, "geometry": { "type": "MultiPolygon", "coordinates": [ [ [ [ 2537608.847467973828316, 1153149.855099455686286 ], [ 2537610.26172710256651, 1153151.563571989769116 ], [ 2537611.335693044122308, 1153153.753615750232711 ], [ 2537612.08101707464084, 1153156.06936080311425 ], [ 2537612.482008582912385, 1153158.477618506643921 ], [ 2537612.53797543188557, 1153160.911693076370284 ], [ 2537612.240784015506506, 1153163.327200377359986 ], [ 2537611.605317720677704, 1153165.679517316399142 ], [ 2537610.631115218624473, 1153167.924180205445737 ], [ 2537610.514590971637517, 1153168.525716235395521 ], [ 2537612.001983809750527, 1153168.410217236960307 ], [ 2537613.381332451477647, 1153168.973986577708274 ], [ 2537614.367490794043988, 1153170.097696253564209 ], [ 2537614.743094516918063, 1153171.539025716250762 ], [ 2537616.746082253288478, 1153169.350384636083618 ], [ 2537619.43404630664736, 1153168.099590226076543 ], [ 2537620.684058836661279, 1153168.031026543583721 ], [ 2537620.954372466076165, 1153165.982664652634412 ], [ 2537620.985920688137412, 1153163.847844472154975 ], [ 2537620.888654919806868, 1153161.870001739822328 ], [ 2537620.484726352617145, 1153159.91757712024264 ], [ 2537619.874567584134638, 1153158.056230857037008 ], [ 2537618.881599132437259, 1153156.276679174276069 ], [ 2537617.65228774305433, 1153154.644104443257675 ], [ 2537616.202439666725695, 1153153.202811302384362 ], [ 2537614.555418181698769, 1153151.985908758128062 ], [ 2537612.765160644426942, 1153151.015071218833327 ], [ 2537610.847127329092473, 1153150.301255432423204 ], [ 2537608.847467973828316, 1153149.855099455686286 ] ] ] ] } },
{ "type": "Feature", "properties": { "osm_id": 335981852, "name": "Biopôle", "type": "industrial", "area": 38467 }, "geometry": { "type": "MultiPolygon", "coordinates": [ [ [ [ 2540212.322519149631262, 1154801.10014062630944 ], [ 2540215.156519152224064, 1154800.02814062172547 ], [ 2540220.156519157346338, 1154798.138140622526407 ], [ 2540249.545519187115133, 1154788.138140609953552 ], [ 2540267.605519205331802, 1154782.158140601590276 ], [ 2540276.281519214157015, 1154779.28614060068503 ], [ 2540285.121519223321229, 1154774.905140593415126 ], [ 2540384.253519326914102, 1154725.780140552669764 ], [ 2540402.014519335702062, 1154761.621140565257519 ], [ 2540412.989519346971065, 1154756.182140560355037 ], [ 2540482.201519419439137, 1154721.882140525849536 ], [ 2540496.371519434265792, 1154714.860140519449487 ], [ 2540502.383287019096315, 1154711.881074429256842 ], [ 2540502.285221902187914, 1154711.84032234782353 ], [ 2540492.381873603910208, 1154713.394770050654188 ], [ 2540456.881723292171955, 1154729.821917978813872 ], [ 2540456.011959605384618, 1154724.883428692119196 ], [ 2540453.209959991741925, 1154695.27300606505014 ], [ 2540477.722423892468214, 1154676.242139565292746 ], [ 2540470.301157941576093, 1154648.823088442906737 ], [ 2540417.831164850853384, 1154666.708257355028763 ], [ 2540382.601460692938417, 1154606.825348480604589 ], [ 2540361.706039145123214, 1154586.844115827698261 ], [ 2540293.151933919638395, 1154646.679292692570016 ], [ 2540273.059248588979244, 1154625.667612837394699 ], [ 2540269.092375579755753, 1154624.039493079530075 ], [ 2540201.212890241760761, 1154677.532271497882903 ], [ 2540188.221463151276112, 1154695.604637707583606 ], [ 2540180.24219546187669, 1154700.097591629251838 ], [ 2540144.106863839086145, 1154728.150299253407866 ], [ 2540137.052537407260388, 1154743.084177857730538 ], [ 2540133.023925035726279, 1154760.656013324856758 ], [ 2540131.607452669646591, 1154764.772345448844135 ], [ 2540130.808876080904156, 1154770.850247613387182 ], [ 2540131.607507061678916, 1154773.243583211675286 ], [ 2540133.692059646360576, 1154776.124371927464381 ], [ 2540138.78003422357142, 1154778.641714615980163 ], [ 2540169.330267695710063, 1154787.531172778457403 ], [ 2540206.447584217879921, 1154803.322610090021044 ], [ 2540212.322519149631262, 1154801.10014062630944 ] ] ] ] } },
{ "type": "Feature", "properties": { "osm_id": 337649512, "name": null, "type": "residential", "area": 1060 }, "geometry": { "type": "MultiPolygon", "coordinates": [ [ [ [ 2541560.425696849357337, 1154414.253126407507807 ], [ 2541590.097771408967674, 1154399.145443019689992 ], [ 2541556.818652086891234, 1154356.546092693228275 ], [ 2541552.726223607547581, 1154356.975010144757107 ], [ 2541551.031001064460725, 1154359.359444212168455 ], [ 2541560.425696849357337, 1154414.253126407507807 ] ] ] ] } },
{ "type": "Feature", "properties": { "osm_id": 338026038, "name": null, "type": "residential", "area": 22958 }, "geometry": { "type": "MultiPolygon", "coordinates": [ [ [ [ 2536924.586732727941126, 1152528.101644311333075 ], [ 2536909.467458708677441, 1152530.150283730356023 ], [ 2536889.538858120329678, 1152539.720201309770346 ], [ 2536899.41151004191488, 1152559.093785278033465 ], [ 2536918.716816861648113, 1152550.097418117336929 ], [ 2536920.117629791609943, 1152562.189299737568945 ], [ 2536918.635549990460277, 1152567.941312550567091 ], [ 2536920.535260817967355, 1152574.925180669408292 ], [ 2536921.734419039916247, 1152576.580166577594355 ], [ 2536921.90050403168425, 1152584.360434949630871 ], [ 2536924.359878298826516, 1152606.646758312825114 ], [ 2536925.078372089657933, 1152607.106137090362608 ], [ 2537025.802175208926201, 1152610.418745092814788 ], [ 2537053.793180161621422, 1152609.36949581769295 ], [ 2537183.810100053437054, 1152605.540911284042522 ], [ 2537193.110780430026352, 1152602.597699457081035 ], [ 2537194.434680214617401, 1152592.700711445882916 ], [ 2537191.572603618726134, 1152578.044865370029584 ], [ 2537192.12897478369996, 1152566.666200885083526 ], [ 2537194.569170282687992, 1152544.628729924326763 ], [ 2537196.22063468862325, 1152528.625001372536644 ], [ 2537145.973508653696626, 1152521.490654249675572 ], [ 2537134.821744455955923, 1152522.085349063854665 ], [ 2537084.517506330274045, 1152524.168233960401267 ], [ 2537081.611710355617106, 1152524.421001939335838 ], [ 2537070.281601661350578, 1152524.106077042408288 ], [ 2537066.037069134879857, 1152524.028240798041224 ], [ 2537055.672494710888714, 1152523.580942485015839 ], [ 2537049.565714900381863, 1152523.744968239450827 ], [ 2537046.783052461687475, 1152531.356021103914827 ], [ 2537035.543489233590662, 1152529.428225331241265 ], [ 2536969.218525446485728, 1152528.089124531950802 ], [ 2536936.94326955685392, 1152527.505032815504819 ], [ 2536924.586732727941126, 1152528.101644311333075 ] ] ] ] } },
{ "type": "Feature", "properties": { "osm_id": 338117851, "name": null, "type": "grass", "area": 68 }, "geometry": { "type": "MultiPolygon", "coordinates": [ [ [ [ 2538326.661305585410446, 1152127.47205993742682 ], [ 2538326.842332894913852, 1152128.659735057968646 ], [ 2538334.918957910034806, 1152127.465137086575851 ], [ 2538335.108341648243368, 1152128.719429474091157 ], [ 2538339.591156191658229, 1152128.061988039175048 ], [ 2538339.318877569399774, 1152126.208221040898934 ], [ 2538340.207767205778509, 1152126.076811850536615 ], [ 2538340.017700108699501, 1152124.755823545856401 ], [ 2538344.117405354976654, 1152124.157902183011174 ], [ 2538342.888376116286963, 1152115.821547239786014 ], [ 2538337.524334740359336, 1152116.610316931270063 ], [ 2538338.868330517783761, 1152125.679221810540184 ], [ 2538326.661305585410446, 1152127.47205993742682 ] ] ] ] } },
{ "type": "Feature", "properties": { "osm_id": 338117852, "name": null, "type": "grass", "area": 164 }, "geometry": { "type": "MultiPolygon", "coordinates": [ [ [ [ 2538264.944771788548678, 1152138.07784187910147 ], [ 2538265.159246316645294, 1152139.531982828164473 ], [ 2538273.243633119389415, 1152138.348339184653014 ], [ 2538273.42512743268162, 1152139.580476539442316 ], [ 2538280.78922084858641, 1152138.504296052502468 ], [ 2538280.615972504019737, 1152137.327659458387643 ], [ 2538292.524149024393409, 1152135.582264867378399 ], [ 2538292.227237171959132, 1152133.573112960206345 ], [ 2538289.185022510588169, 1152134.015687346225604 ], [ 2538287.914354166947305, 1152125.368490758119151 ], [ 2538283.224696594756097, 1152126.061446447158232 ], [ 2538283.439167067874223, 1152127.515588044887409 ], [ 2538279.799204010982066, 1152128.04212610097602 ], [ 2538279.568700337316841, 1152126.521446507424116 ], [ 2538275.400053941644728, 1152127.131237192777917 ], [ 2538276.760973031166941, 1152136.344478053040802 ], [ 2538264.944771788548678, 1152138.07784187910147 ] ] ] ] } },
{ "type": "Feature", "properties": { "osm_id": 338117853, "name": null, "type": "grass", "area": 162 }, "geometry": { "type": "MultiPolygon", "coordinates": [ [ [ [ 2538296.157769281882793, 1152132.943544615525752 ], [ 2538296.298265591263771, 1152133.920409560436383 ], [ 2538304.183721397537738, 1152132.794435926247388 ], [ 2538304.357421738095582, 1152134.015537039376795 ], [ 2538312.457398663740605, 1152132.854020442813635 ], [ 2538312.259537889156491, 1152131.521995820570737 ], [ 2538316.382371004205197, 1152130.934935201192275 ], [ 2538323.532076253090054, 1152129.905476377112791 ], [ 2538323.267466403543949, 1152128.051631344715133 ], [ 2538320.684981531929225, 1152128.422768506919965 ], [ 2538319.428449773229659, 1152119.653132194885984 ], [ 2538314.056512807495892, 1152120.419769656378776 ], [ 2538314.246243410743773, 1152121.707409261027351 ], [ 2538310.544885024428368, 1152122.234558881726116 ], [ 2538310.387445883825421, 1152121.102227724622935 ], [ 2538306.525168747641146, 1152121.653266028035432 ], [ 2538307.905496730934829, 1152131.266530904686078 ], [ 2538296.157769281882793, 1152132.943544615525752 ] ] ] ] } },
{ "type": "Feature", "properties": { "osm_id": 338117855, "name": null, "type": "grass", "area": 4 }, "geometry": { "type": "MultiPolygon", "coordinates": [ [ [ [ 2538341.882892991881818, 1152110.573461135616526 ], [ 2538342.260631918441504, 1152112.982002697186545 ], [ 2538343.915636470541358, 1152112.720445041079074 ], [ 2538343.537898193113506, 1152110.311903377994895 ], [ 2538341.882892991881818, 1152110.573461135616526 ] ] ] ] } },
{ "type": "Feature", "properties": { "osm_id": 338117856, "name": null, "type": "grass", "area": 53 }, "geometry": { "type": "MultiPolygon", "coordinates": [ [ [ [ 2538325.72113374248147, 1152138.309794544009492 ], [ 2538340.698221059050411, 1152133.48690557712689 ], [ 2538339.865912252571434, 1152130.905154256848618 ], [ 2538332.338994477875531, 1152133.316988850710914 ], [ 2538331.942535807844251, 1152132.075938705122098 ], [ 2538324.484571316745132, 1152134.475958432769403 ], [ 2538325.72113374248147, 1152138.309794544009492 ] ] ] ] } },
{ "type": "Feature", "properties": { "osm_id": 338117857, "name": null, "type": "grass", "area": 58 }, "geometry": { "type": "MultiPolygon", "coordinates": [ [ [ [ 2538256.651500464882702, 1152158.518516066018492 ], [ 2538258.969411057420075, 1152157.794321323977783 ], [ 2538259.555009017232805, 1152146.070847319206223 ], [ 2538261.213427213951945, 1152146.142745679011568 ], [ 2538261.336653252597898, 1152138.715235359733924 ], [ 2538257.268117012921721, 1152139.357361589558423 ], [ 2538256.651500464882702, 1152158.518516066018492 ] ] ] ] } },
{ "type": "Feature", "properties": { "osm_id": 338117858, "name": null, "type": "grass", "area": 116 }, "geometry": { "type": "MultiPolygon", "coordinates": [ [ [ [ 2538290.493052165023983, 1152148.543463181471452 ], [ 2538305.4804990850389, 1152143.987190755316988 ], [ 2538303.526819952763617, 1152137.581546704983339 ], [ 2538295.991109642200172, 1152139.882345963036641 ], [ 2538295.562237175181508, 1152138.474873994942755 ], [ 2538288.102924859151244, 1152140.74154730909504 ], [ 2538290.493052165023983, 1152148.543463181471452 ] ] ] ] } },
{ "type": "Feature", "properties": { "osm_id": 338117859, "name": null, "type": "grass", "area": 196 }, "geometry": { "type": "MultiPolygon", "coordinates": [ [ [ [ 2538266.742510563228279, 1152155.446568072540686 ], [ 2538287.759388530626893, 1152149.138509690063074 ], [ 2538285.439462231472135, 1152141.44704522844404 ], [ 2538271.017702857963741, 1152145.786331214010715 ], [ 2538270.167506244964898, 1152142.960196078754961 ], [ 2538263.564914891961962, 1152144.951288249343634 ], [ 2538266.742510563228279, 1152155.446568072540686 ] ] ] ] } },
{ "type": "Feature", "properties": { "osm_id": 338117860, "name": null, "type": "grass", "area": 79 }, "geometry": { "type": "MultiPolygon", "coordinates": [ [ [ [ 2538307.983615316916257, 1152143.361167774535716 ], [ 2538323.039238074794412, 1152138.715302411699668 ], [ 2538321.864633646328002, 1152134.936416560783982 ], [ 2538318.054795877076685, 1152136.109468654030934 ], [ 2538317.618482889607549, 1152134.724305803189054 ], [ 2538306.380360544193536, 1152138.197044037748128 ], [ 2538307.983615316916257, 1152143.361167774535716 ] ] ] ] } },
{ "type": "Feature", "properties": { "osm_id": 338117861, "name": null, "type": "grass", "area": 48 }, "geometry": { "type": "MultiPolygon", "coordinates": [ [ [ [ 2538343.044222513679415, 1152132.506761198397726 ], [ 2538358.267544957343489, 1152128.492940333439037 ], [ 2538357.573026831261814, 1152125.876421821769327 ], [ 2538353.746232781093568, 1152126.89398529753089 ], [ 2538353.466707558371127, 1152125.829608302097768 ], [ 2538346.524719124659896, 1152127.657333733746782 ], [ 2538346.915896359365433, 1152129.131898732157424 ], [ 2538342.461463375482708, 1152130.31154864677228 ], [ 2538343.044222513679415, 1152132.506761198397726 ] ] ] ] } },
{ "type": "Feature", "properties": { "osm_id": 338118488, "name": null, "type": "grass", "area": 53 }, "geometry": { "type": "MultiPolygon", "coordinates": [ [ [ [ 2538361.059763406869024, 1152127.619397155940533 ], [ 2538370.83614310529083, 1152124.539734978694469 ], [ 2538369.556792391464114, 1152120.272760637803003 ], [ 2538359.184095441363752, 1152122.080071605974808 ], [ 2538361.059763406869024, 1152127.619397155940533 ] ] ] ] } },
{ "type": "Feature", "properties": { "osm_id": 338130517, "name": null, "type": "grass", "area": 136 }, "geometry": { "type": "MultiPolygon", "coordinates": [ [ [ [ 2538482.648004055023193, 1152270.973946511046961 ], [ 2538492.41036839177832, 1152271.040770777966827 ], [ 2538494.130477853119373, 1152271.14545289054513 ], [ 2538495.945627025328577, 1152271.538208090001717 ], [ 2538496.716273630037904, 1152271.852717197034508 ], [ 2538494.491117628756911, 1152262.892852331278846 ], [ 2538479.582222721073776, 1152263.112171358428895 ], [ 2538478.554772643372416, 1152263.2005102080293 ], [ 2538477.879799126647413, 1152263.985619635786861 ], [ 2538477.943983688950539, 1152265.007738346233964 ], [ 2538478.428470794577152, 1152268.104457040084526 ], [ 2538478.956022671423852, 1152269.410877156304196 ], [ 2538479.940910042729229, 1152270.4124527242966 ], [ 2538481.243530910927802, 1152270.966090477537364 ], [ 2538482.648004055023193, 1152270.973946511046961 ] ] ] ] } },
{ "type": "Feature", "properties": { "osm_id": 338135197, "name": null, "type": "residential", "area": 166482 }, "geometry": { "type": "MultiPolygon", "coordinates": [ [ [ [ 2538109.003338671289384, 1152345.560128072509542 ], [ 2538110.481781871989369, 1152345.300323942210525 ], [ 2538112.248960447032005, 1152342.525073749478906 ], [ 2538146.215661358088255, 1152334.393351176986471 ], [ 2538156.298901032656431, 1152329.108984258258715 ], [ 2538163.149091413710266, 1152327.337566572474316 ], [ 2538232.543579673394561, 1152311.326684637460858 ], [ 2538229.508306758943945, 1152298.250784438569099 ], [ 2538236.806089207530022, 1152298.209123035660014 ], [ 2538236.782460601069033, 1152299.643476103199646 ], [ 2538239.230743790045381, 1152299.662781070685014 ], [ 2538247.711604463402182, 1152299.742379098199308 ], [ 2538248.901700890623033, 1152307.267565566813573 ], [ 2538277.87958003487438, 1152302.033844609046355 ], [ 2538278.223786047659814, 1152304.164798601763323 ], [ 2538285.64886193536222, 1152302.320913423085585 ], [ 2538291.175496431067586, 1152300.941217953339219 ], [ 2538290.670380971860141, 1152298.834149956470355 ], [ 2538306.308612676337361, 1152295.660833950154483 ], [ 2538323.075836597941816, 1152282.103686909656972 ], [ 2538322.756491270847619, 1152280.150349462637678 ], [ 2538321.425989024341106, 1152277.629299760563299 ], [ 2538318.804231857415289, 1152276.411091663874686 ], [ 2538315.245939976535738, 1152275.913994748145342 ], [ 2538302.353690611198545, 1152276.713377577485517 ], [ 2538307.937618183903396, 1152265.961367344949394 ], [ 2538330.906805277336389, 1152261.478856927715242 ], [ 2538344.608374117873609, 1152260.271015048958361 ], [ 2538355.348143230658025, 1152260.605517051415518 ], [ 2538366.652298763860017, 1152253.863754343241453 ], [ 2538377.352516594808549, 1152248.095396734774113 ], [ 2538381.755087492521852, 1152244.859634445980191 ], [ 2538399.01239531673491, 1152234.910744414897636 ], [ 2538419.899309323634952, 1152223.423895849147812 ], [ 2538407.395613898057491, 1152184.275223401142284 ], [ 2538398.063201065640897, 1152155.043896744726226 ], [ 2538397.309821095783263, 1152152.672554084798321 ], [ 2538418.947908100672066, 1152147.058966397540644 ], [ 2538420.218427428044379, 1152146.723549868445843 ], [ 2538431.788185046985745, 1152184.603347157826647 ], [ 2538435.123845489230007, 1152183.590864739147946 ], [ 2538437.03620592225343, 1152182.98206490278244 ], [ 2538451.641474313102663, 1152178.574594744481146 ], [ 2538453.459864118136466, 1152184.525868616998196 ], [ 2538454.198326393496245, 1152186.941839374834672 ], [ 2538454.968620877247304, 1152189.468655483564362 ], [ 2538456.80360373435542, 1152195.542048803297803 ], [ 2538458.55561438575387, 1152195.012717912904918 ], [ 2538463.73502627806738, 1152193.436630077892914 ], [ 2538462.925115925259888, 1152190.787930150516331 ], [ 2538497.597661561798304, 1152180.260794605128467 ], [ 2538496.930553718470037, 1152178.066430952167138 ], [ 2538501.084800056647509, 1152176.801030432572588 ], [ 2538512.977420675568283, 1152171.287524904822931 ], [ 2538532.604423961602151, 1152160.380937487818301 ], [ 2538548.011512624565512, 1152151.818812602665275 ], [ 2538549.765140034258366, 1152146.942695375997573 ], [ 2538546.468553644604981, 1152136.770884628174827 ], [ 2538544.281054915394634, 1152129.98957385821268 ], [ 2538542.315576066728681, 1152123.906372199300677 ], [ 2538539.27248108945787, 1152114.51017163018696 ], [ 2538534.858013099990785, 1152112.098437868058681 ], [ 2538530.391799107193947, 1152101.627319573424757 ], [ 2538532.654961586464196, 1152097.046147827291861 ], [ 2538528.325715910643339, 1152083.460834431927651 ], [ 2538518.318845551460981, 1152052.023917922982946 ], [ 2538517.010482558514923, 1152047.912849869811907 ], [ 2538512.596806637942791, 1152044.834096191916615 ], [ 2538472.479393955785781, 1152049.091236484469846 ], [ 2538470.811768270563334, 1152051.120511087123305 ], [ 2538463.062199569772929, 1152056.536084797931835 ], [ 2538453.592409051023424, 1152057.344561258330941 ], [ 2538444.677749393042177, 1152058.403060206677765 ], [ 2538422.452410467434675, 1152060.665196320274845 ], [ 2538397.65877808816731, 1152063.187201717868447 ], [ 2538366.869891339447349, 1152066.315534574212506 ], [ 2538363.680696398951113, 1152066.648407049011439 ], [ 2538328.373811446595937, 1152070.746000843355432 ], [ 2538320.861201998777688, 1152071.567952474579215 ], [ 2538319.726612093858421, 1152063.464092441601679 ], [ 2538245.49024095479399, 1152070.885679349303246 ], [ 2538229.992093913722783, 1152074.302284485427663 ], [ 2538198.083665409591049, 1152077.50969314831309 ], [ 2538173.137742157559842, 1152080.134245777036995 ], [ 2538157.099656894337386, 1152081.788970206864178 ], [ 2538140.816014053300023, 1152084.191113190725446 ], [ 2538142.428242725785822, 1152089.46627325960435 ], [ 2538124.777224593330175, 1152090.99316450371407 ], [ 2538102.744300486519933, 1152093.287854199064896 ], [ 2538090.830136278178543, 1152094.455594705184922 ], [ 2538082.711363855749369, 1152095.284089135238901 ], [ 2538079.538233111612499, 1152095.68364982563071 ], [ 2538062.145632361061871, 1152096.963485429063439 ], [ 2538035.978013047482818, 1152100.179291296284646 ], [ 2538006.527114774566144, 1152103.52913550240919 ], [ 2537979.406523300334811, 1152106.610496329842135 ], [ 2537970.371341432910413, 1152110.105596596840769 ], [ 2537927.747143830638379, 1152119.016982839209959 ], [ 2537911.971778164152056, 1152122.31498522288166 ], [ 2537888.262834315188229, 1152127.273658210411668 ], [ 2537885.865805643144995, 1152127.76535394298844 ], [ 2537861.124064646661282, 1152133.034972466994077 ], [ 2537817.423065135255456, 1152143.170046633342281 ], [ 2537783.443024973850697, 1152163.421440245117992 ], [ 2537757.140353383962065, 1152179.491277558961883 ], [ 2537738.196977845393121, 1152191.060355009976774 ], [ 2537722.060149643104523, 1152200.921717668185011 ], [ 2537709.072961841709912, 1152208.860560488188639 ], [ 2537696.193170763086528, 1152217.532049685483798 ], [ 2537680.420200320426375, 1152226.945067362394184 ], [ 2537670.805218280293047, 1152232.95910866651684 ], [ 2537661.357919581234455, 1152238.860254593193531 ], [ 2537649.630501395557076, 1152246.897330477368087 ], [ 2537628.60035293456167, 1152259.966990093002096 ], [ 2537599.526958750095218, 1152278.145190610783175 ], [ 2537576.207412634976208, 1152293.173193044727668 ], [ 2537577.923409233335406, 1152297.313179998425767 ], [ 2537592.115448193158954, 1152293.84174675680697 ], [ 2537605.610950722359121, 1152290.544336541322991 ], [ 2537636.951122638303787, 1152282.259133083978668 ], [ 2537648.967080570291728, 1152279.110581151209772 ], [ 2537661.955044198315591, 1152275.707392747281119 ], [ 2537673.967274303548038, 1152272.936912577366456 ], [ 2537693.961232068482786, 1152267.248821692774072 ], [ 2537701.518244602251798, 1152265.558486383873969 ], [ 2537715.738701555412263, 1152261.853591660270467 ], [ 2537722.398920557461679, 1152259.527783561963588 ], [ 2537736.83203037828207, 1152254.864660851657391 ], [ 2537744.620875448454171, 1152251.104189397767186 ], [ 2537758.159480044152588, 1152245.283085422823206 ], [ 2537763.117279716767371, 1152256.415580979315564 ], [ 2537780.208422264549881, 1152300.929504424799234 ], [ 2537775.851907254662365, 1152304.131882330635563 ], [ 2537794.417083665728569, 1152345.01751017360948 ], [ 2537757.85246389452368, 1152352.711212797090411 ], [ 2537760.742329159751534, 1152364.987957351142541 ], [ 2537766.681394257117063, 1152386.404766063671559 ], [ 2537769.434470519889146, 1152387.699194334214553 ], [ 2537821.792517138645053, 1152376.317984998458996 ], [ 2537880.008820977061987, 1152367.422494997037575 ], [ 2537876.643006793688983, 1152342.488193151075393 ], [ 2537871.646800730377436, 1152332.067500603850931 ], [ 2537870.634218425024301, 1152324.685071380576119 ], [ 2537887.984433284495026, 1152316.40131479408592 ], [ 2537890.409462194889784, 1152316.398483854020014 ], [ 2537897.937056381255388, 1152311.862711392808706 ], [ 2537904.941238185856491, 1152306.431868787156418 ], [ 2537911.408341796137393, 1152298.783155808458105 ], [ 2537921.739442287944257, 1152295.218990017194301 ], [ 2537970.113454063888639, 1152297.754430419998243 ], [ 2537970.309049849398434, 1152308.524918516399339 ], [ 2537965.521980215795338, 1152308.685506598325446 ], [ 2537966.343131891917437, 1152319.093788447789848 ], [ 2537968.975112045183778, 1152319.066618479788303 ], [ 2537969.305745038203895, 1152324.332729098619893 ], [ 2537971.264103112276644, 1152355.696196012664586 ], [ 2538068.838157753925771, 1152353.900464621838182 ], [ 2538080.319688424002379, 1152351.758825126802549 ], [ 2538094.441210017539561, 1152350.368209414184093 ], [ 2538095.951490065548569, 1152350.219245067564771 ], [ 2538107.535421708133072, 1152349.077145019313321 ], [ 2538108.801876864861697, 1152347.607756075914949 ], [ 2538109.003338671289384, 1152345.560128072509542 ] ] ] ] } },
{ "type": "Feature", "properties": { "osm_id": 338686348, "name": null, "type": "grass", "area": 181 }, "geometry": { "type": "MultiPolygon", "coordinates": [ [ [ [ 2537718.46415441064164, 1150706.604232612298802 ], [ 2537725.941679533571005, 1150708.905824661953375 ], [ 2537730.776636829599738, 1150704.353294325992465 ], [ 2537731.681266075465828, 1150703.499020452145487 ], [ 2537730.120941652916372, 1150696.633677723817527 ], [ 2537723.490355165209621, 1150694.578999438323081 ], [ 2537723.047012102324516, 1150692.538039844250306 ], [ 2537718.003328324761242, 1150691.022782826796174 ], [ 2537716.346962105017155, 1150691.929316752590239 ], [ 2537717.815847094170749, 1150698.117458247812465 ], [ 2537716.504879377316684, 1150699.02041321923025 ], [ 2537718.46415441064164, 1150706.604232612298802 ] ] ] ] } },
{ "type": "Feature", "properties": { "osm_id": 338686349, "name": null, "type": "grass", "area": 109 }, "geometry": { "type": "MultiPolygon", "coordinates": [ [ [ [ 2537746.077064443845302, 1150748.974629393545911 ], [ 2537745.873282417654991, 1150747.08682692470029 ], [ 2537735.052589545026422, 1150743.652542263269424 ], [ 2537733.858487916644663, 1150744.721039974829182 ], [ 2537734.647412097547203, 1150748.259233778808266 ], [ 2537733.304985092021525, 1150749.829539239872247 ], [ 2537734.662123455200344, 1150755.607508248183876 ], [ 2537733.500568375457078, 1150756.853543079923838 ], [ 2537733.66777962539345, 1150758.174750079400837 ], [ 2537735.505885567516088, 1150758.511457340558991 ], [ 2537746.077064443845302, 1150748.974629393545911 ] ] ] ] } },
{ "type": "Feature", "properties": { "osm_id": 338787992, "name": null, "type": "grass", "area": 48 }, "geometry": { "type": "MultiPolygon", "coordinates": [ [ [ [ 2537807.136294506024569, 1151013.308337743626907 ], [ 2537806.416039580013603, 1151011.948382907081395 ], [ 2537805.23151528974995, 1151010.971214908408001 ], [ 2537803.760743848048151, 1151010.519514600513503 ], [ 2537802.226993089076132, 1151010.657674572663382 ], [ 2537800.860515849664807, 1151011.383312102174386 ], [ 2537799.88250930653885, 1151012.560732348589227 ], [ 2537799.429399283137172, 1151014.021766244899482 ], [ 2537799.568075449205935, 1151015.554495872696862 ], [ 2537800.288331516552716, 1151016.914449889212847 ], [ 2537801.472855469677597, 1151017.891616923036054 ], [ 2537802.943625298794359, 1151018.343316670507193 ], [ 2537804.477374110370874, 1151018.205156881827861 ], [ 2537805.836290164384991, 1151017.490715535590425 ], [ 2537806.82185709150508, 1151016.302100891014561 ], [ 2537807.274968720506877, 1151014.84106754581444 ], [ 2537807.136294506024569, 1151013.308337743626907 ] ] ] ] } },
{ "type": "Feature", "properties": { "osm_id": 338940762, "name": null, "type": "commercial", "area": 8423 }, "geometry": { "type": "MultiPolygon", "coordinates": [ [ [ [ 2537732.502610562834889, 1152788.699188588419929 ], [ 2537721.263486983254552, 1152793.407050140667707 ], [ 2537715.211052077356726, 1152795.826620215084404 ], [ 2537713.261766764335334, 1152795.068626226391643 ], [ 2537643.738614182919264, 1152820.202967823948711 ], [ 2537639.948266638908535, 1152818.763723592273891 ], [ 2537637.575647477991879, 1152820.100171280791983 ], [ 2537632.769607048016042, 1152822.829286335268989 ], [ 2537626.602895860094577, 1152826.061684153974056 ], [ 2537625.166878050658852, 1152826.699151271721348 ], [ 2537624.595455882605165, 1152824.137022061273456 ], [ 2537623.413730127271265, 1152821.181011175736785 ], [ 2537621.898324692156166, 1152818.606447567930445 ], [ 2537619.567641701549292, 1152815.8513567536138 ], [ 2537616.788878802675754, 1152813.545604761457071 ], [ 2537610.443022174760699, 1152812.088442714652047 ], [ 2537602.958819899708033, 1152810.376296802889556 ], [ 2537599.392075591720641, 1152811.258239870890975 ], [ 2537583.297613445203751, 1152816.15019151661545 ], [ 2537571.780010366812348, 1152820.627766764489934 ], [ 2537576.079579544719309, 1152831.933705687988549 ], [ 2537595.619712367653847, 1152885.437678237911314 ], [ 2537610.921099496539682, 1152876.607404731446877 ], [ 2537615.69045438291505, 1152874.045409715734422 ], [ 2537621.85618691612035, 1152870.724073058692738 ], [ 2537630.943729120306671, 1152865.749310383806005 ], [ 2537632.64147566864267, 1152860.017474332358688 ], [ 2537647.874790228437632, 1152852.010671587893739 ], [ 2537661.768467817921191, 1152845.051700775977224 ], [ 2537678.830389195587486, 1152883.128813191317022 ], [ 2537686.15243106521666, 1152878.094626141246408 ], [ 2537700.916303537320346, 1152858.853391558863223 ], [ 2537720.366131011862308, 1152839.352396771544591 ], [ 2537743.622499044518918, 1152818.400147695327178 ], [ 2537748.424302177969366, 1152810.812973253661767 ], [ 2537745.933723174966872, 1152800.766643472248688 ], [ 2537739.115963955409825, 1152793.755662573967129 ], [ 2537732.502610562834889, 1152788.699188588419929 ] ] ] ] } },
{ "type": "Feature", "properties": { "osm_id": 342159529, "name": null, "type": "grass", "area": 365 }, "geometry": { "type": "MultiPolygon", "coordinates": [ [ [ [ 2538314.713544446509331, 1152766.018266826169565 ], [ 2538315.979785948526114, 1152763.03699280670844 ], [ 2538318.289280561730266, 1152760.767623199615628 ], [ 2538321.292614768259227, 1152759.558377067791298 ], [ 2538324.531127867754549, 1152759.580720332683995 ], [ 2538327.521428432781249, 1152760.839614835102111 ], [ 2538329.793531733565032, 1152763.150892615085468 ], [ 2538331.013626311905682, 1152766.139996340032667 ], [ 2538330.985443023964763, 1152769.37537154299207 ], [ 2538329.71919551724568, 1152772.356642410159111 ], [ 2538327.409587081987411, 1152774.614891675533727 ], [ 2538324.406373353675008, 1152775.835250721080229 ], [ 2538322.533860773779452, 1152775.821120000910014 ], [ 2538322.379321470856667, 1152777.212348075583577 ], [ 2538337.439936496783048, 1152797.135315919527784 ], [ 2538344.248457428999245, 1152794.341750506078824 ], [ 2538343.493617750704288, 1152792.570754737127572 ], [ 2538339.558121893554926, 1152793.422690282110125 ], [ 2538329.130419060587883, 1152752.374078749213368 ], [ 2538311.342176266945899, 1152756.792305757524446 ], [ 2538313.128656085114926, 1152764.122390561038628 ], [ 2538314.713544446509331, 1152766.018266826169565 ] ] ] ] } },
{ "type": "Feature", "properties": { "osm_id": 342286938, "name": null, "type": "grass", "area": 303 }, "geometry": { "type": "MultiPolygon", "coordinates": [ [ [ [ 2538630.455216416157782, 1152587.379080132348463 ], [ 2538626.541393857914954, 1152591.121057890588418 ], [ 2538620.242421506904066, 1152597.255350278690457 ], [ 2538586.970032875891775, 1152622.175290851388127 ], [ 2538585.902565293479711, 1152623.598076394060627 ], [ 2538585.217325093224645, 1152625.628397480584681 ], [ 2538585.134845335036516, 1152627.319044012809172 ], [ 2538585.920438996981829, 1152629.100872256560251 ], [ 2538621.260127254296094, 1152604.482204549014568 ], [ 2538627.85474652890116, 1152594.98752097832039 ], [ 2538630.455216416157782, 1152587.379080132348463 ] ] ] ] } },
{ "type": "Feature", "properties": { "osm_id": 342318153, "name": null, "type": "construction", "area": 544 }, "geometry": { "type": "MultiPolygon", "coordinates": [ [ [ [ 2538880.342713502235711, 1152865.328233795007691 ], [ 2538888.788450661115348, 1152865.053336634067819 ], [ 2538914.004157823510468, 1152865.108204383635893 ], [ 2538914.024605048354715, 1152859.571669056080282 ], [ 2538916.464869746938348, 1152859.580211672233418 ], [ 2538916.487668985966593, 1152852.765183304902166 ], [ 2538916.429766833316535, 1152851.598474002443254 ], [ 2538880.225551174487919, 1152847.775486819446087 ], [ 2538880.342713502235711, 1152865.328233795007691 ] ] ] ] } },
{ "type": "Feature", "properties": { "osm_id": 342354235, "name": null, "type": "grass", "area": 59 }, "geometry": { "type": "MultiPolygon", "coordinates": [ [ [ [ 2539002.325580198783427, 1153067.609789799898863 ], [ 2539007.170736295171082, 1153067.182620140025392 ], [ 2539005.975386790465564, 1153048.451286087278277 ], [ 2539005.06946975691244, 1153048.404897100524977 ], [ 2539002.203831957653165, 1153065.443186884978786 ], [ 2539002.325580198783427, 1153067.609789799898863 ] ] ] ] } },
{ "type": "Feature", "properties": { "osm_id": 342608245, "name": null, "type": "grass", "area": 150 }, "geometry": { "type": "MultiPolygon", "coordinates": [ [ [ [ 2539010.762642547953874, 1152246.980585347861052 ], [ 2539006.142525931354612, 1152240.157099679578096 ], [ 2539001.88361700437963, 1152235.65342868049629 ], [ 2538997.201078244484961, 1152234.022277865791693 ], [ 2538997.521673403214663, 1152234.608230571262538 ], [ 2538997.803675217553973, 1152235.172340844990686 ], [ 2538997.993933300022036, 1152235.770733832381666 ], [ 2538998.076987795997411, 1152236.392449350794777 ], [ 2538998.06028656475246, 1152237.0151775511913 ], [ 2538997.943716791924089, 1152237.627802460454404 ], [ 2538997.727165661752224, 1152238.219208111055195 ], [ 2538997.410294661764055, 1152238.756046594120562 ], [ 2538997.016237197443843, 1152239.249200195772573 ], [ 2538997.280070662964135, 1152239.535566913429648 ], [ 2538997.344279926735908, 1152239.812843050342053 ], [ 2538997.379939215723425, 1152240.301634275121614 ], [ 2538997.345182739663869, 1152240.657734918408096 ], [ 2538997.107191105838865, 1152241.404997915495187 ], [ 2538996.797429607249796, 1152241.88617866486311 ], [ 2538996.387235446833074, 1152242.301676298724487 ], [ 2538995.853249556850642, 1152242.618376619648188 ], [ 2538995.195359079632908, 1152242.825163690606132 ], [ 2538994.405100518837571, 1152242.844303642399609 ], [ 2538993.881947683636099, 1152242.716209401609376 ], [ 2538993.365226943977177, 1152242.465761596569791 ], [ 2538992.944311877246946, 1152241.825242009945214 ], [ 2538992.233722542412579, 1152242.132618495263159 ], [ 2538991.475512222386897, 1152242.284838885534555 ], [ 2538990.708048408851027, 1152242.281513652997091 ], [ 2538989.946678061503917, 1152242.122486990643665 ], [ 2538989.24511569365859, 1152241.807213515741751 ], [ 2538988.618934007361531, 1152241.357769339811057 ], [ 2538988.091379239223897, 1152240.796152652008459 ], [ 2538987.693258302751929, 1152240.133167751831934 ], [ 2538987.800133140292019, 1152246.124209795380011 ], [ 2538991.062167746946216, 1152250.70469456887804 ], [ 2538996.036854157689959, 1152257.680208852048963 ], [ 2538994.570087343920022, 1152254.56007205392234 ], [ 2538994.412327320780605, 1152251.115366782294586 ], [ 2538995.592013620771468, 1152247.879425945458934 ], [ 2538997.922162960283458, 1152245.332184645812958 ], [ 2539001.053856824524701, 1152243.877402408281341 ], [ 2539004.572611796204001, 1152243.508170564426109 ], [ 2539007.814779864624143, 1152244.620324919931591 ], [ 2539009.31483540404588, 1152245.727928529726341 ], [ 2539010.762642547953874, 1152246.980585347861052 ] ] ] ] } },
{ "type": "Feature", "properties": { "osm_id": 342982761, "name": null, "type": "residential", "area": 4268 }, "geometry": { "type": "MultiPolygon", "coordinates": [ [ [ [ 2538571.244004297070205, 1152046.157568259164691 ], [ 2538570.445319249294698, 1152043.853370459517464 ], [ 2538567.14797311136499, 1152034.359701052540913 ], [ 2538560.744087065570056, 1152028.032823194516823 ], [ 2538545.433749355841428, 1152034.081451657693833 ], [ 2538542.262092004064471, 1152038.382863987237215 ], [ 2538541.37159346183762, 1152044.361868124688044 ], [ 2538552.416570217348635, 1152082.013797432184219 ], [ 2538560.564835783094168, 1152108.833929315442219 ], [ 2538568.236942968796939, 1152131.123151917243376 ], [ 2538569.901543723419309, 1152134.052173633826897 ], [ 2538573.312506596557796, 1152134.395287984749302 ], [ 2538574.749986271373928, 1152133.124358922475949 ], [ 2538575.419314240571111, 1152130.282650035806 ], [ 2538587.404507887549698, 1152126.302510476671159 ], [ 2538603.035399231594056, 1152115.592635842040181 ], [ 2538626.225762248039246, 1152101.881787443300709 ], [ 2538648.632080767769367, 1152088.790476031135768 ], [ 2538670.194387089461088, 1152075.707862900802866 ], [ 2538662.748395186383277, 1152063.510554792592302 ], [ 2538651.971109773498029, 1152070.057383821113035 ], [ 2538641.186174038331956, 1152076.604310516500846 ], [ 2538618.924717558547854, 1152089.605232616188005 ], [ 2538609.412161472719163, 1152095.238733432022855 ], [ 2538595.734436597209424, 1152103.327225059503689 ], [ 2538589.025103210005909, 1152092.634408665588126 ], [ 2538579.236436094623059, 1152062.240174045786262 ], [ 2538577.505492895841599, 1152058.07782680913806 ], [ 2538578.566576164215803, 1152057.522242182632908 ], [ 2538571.244004297070205, 1152046.157568259164691 ] ] ] ] } },
{ "type": "Feature", "properties": { "osm_id": 343281175, "name": null, "type": "greenfield", "area": 2761 }, "geometry": { "type": "MultiPolygon", "coordinates": [ [ [ [ 2537798.162227982189506, 1154023.790071117691696 ], [ 2537802.157267961651087, 1154030.997089255601168 ], [ 2537809.732722654938698, 1154034.264924070797861 ], [ 2537870.723899230360985, 1154034.111878016963601 ], [ 2537870.647424078546464, 1154001.494954467751086 ], [ 2537867.01857050973922, 1154001.49913377338089 ], [ 2537866.999411230906844, 1153995.195908600697294 ], [ 2537861.713443741202354, 1153995.206113024847582 ], [ 2537798.090510087553412, 1153995.37537805782631 ], [ 2537798.142375110648572, 1154014.46298771048896 ], [ 2537798.162227982189506, 1154023.790071117691696 ] ] ] ] } },
{ "type": "Feature", "properties": { "osm_id": 343282949, "name": null, "type": "greenfield", "area": 868 }, "geometry": { "type": "MultiPolygon", "coordinates": [ [ [ [ 2537909.341492472682148, 1153331.486952277133241 ], [ 2537876.602947078179568, 1153355.415957971010357 ], [ 2537890.354192497674376, 1153374.106230675475672 ], [ 2537892.63880577031523, 1153372.437276071170345 ], [ 2537891.852780608460307, 1153371.367038414347917 ], [ 2537912.825550162233412, 1153356.042071249801666 ], [ 2537911.689342923462391, 1153354.497412559343502 ], [ 2537921.170459989458323, 1153347.562397536821663 ], [ 2537909.341492472682148, 1153331.486952277133241 ] ] ] ] } },
{ "type": "Feature", "properties": { "osm_id": 343527354, "name": null, "type": "grass", "area": 2267 }, "geometry": { "type": "MultiPolygon", "coordinates": [ [ [ [ 2537247.629275946412235, 1153687.307131873443723 ], [ 2537207.605605921708047, 1153735.384578665485606 ], [ 2537235.529095998965204, 1153758.483296481193975 ], [ 2537275.545042029116303, 1153710.394999159965664 ], [ 2537247.629275946412235, 1153687.307131873443723 ] ] ] ] } },
{ "type": "Feature", "properties": { "osm_id": 344993599, "name": null, "type": "greenfield", "area": 2825 }, "geometry": { "type": "MultiPolygon", "coordinates": [ [ [ [ 2538013.310274655930698, 1151160.614982132334262 ], [ 2538019.188821848016232, 1151181.354511564364657 ], [ 2538014.657913780771196, 1151182.624122884590179 ], [ 2538019.795623471494764, 1151200.747650077333674 ], [ 2538089.5187450600788, 1151181.129915365483612 ], [ 2538087.766151539981365, 1151174.922375355614349 ], [ 2538078.510452272836119, 1151142.255540738347918 ], [ 2538013.310274655930698, 1151160.614982132334262 ] ] ] ] } },
{ "type": "Feature", "properties": { "osm_id": 372431405, "name": null, "type": "grass", "area": 390 }, "geometry": { "type": "MultiPolygon", "coordinates": [ [ [ [ 2538648.96721590263769, 1152939.358416232746094 ], [ 2538649.878327853512019, 1152935.402532425709069 ], [ 2538648.270889979787171, 1152935.040963263018057 ], [ 2538649.306761795654893, 1152930.527949035167694 ], [ 2538640.69252698821947, 1152928.570361255900934 ], [ 2538641.823938572779298, 1152923.645036271773279 ], [ 2538640.424112446606159, 1152923.325817567063496 ], [ 2538642.731045437045395, 1152913.285726147005334 ], [ 2538629.50297165196389, 1152910.3747299304232 ], [ 2538624.212585153058171, 1152910.795633542351425 ], [ 2538628.338154695928097, 1152934.566383087774739 ], [ 2538642.263946329709142, 1152932.167380711529404 ], [ 2538647.620399142615497, 1152940.47276422707364 ], [ 2538648.96721590263769, 1152939.358416232746094 ] ] ] ] } },
{ "type": "Feature", "properties": { "osm_id": 372432173, "name": null, "type": "grass", "area": 1006 }, "geometry": { "type": "MultiPolygon", "coordinates": [ [ [ [ 2538682.822295802179724, 1152855.890058417571709 ], [ 2538679.920668641105294, 1152868.570961739867926 ], [ 2538674.944285260047764, 1152867.432217861060053 ], [ 2538673.056470179930329, 1152875.689277701312676 ], [ 2538660.435040587093681, 1152872.827606671256945 ], [ 2538661.030202464666218, 1152870.242357079870999 ], [ 2538653.362012565601617, 1152868.508552267914638 ], [ 2538657.556219707708806, 1152850.155820942483842 ], [ 2538636.295771091245115, 1152879.744365217862651 ], [ 2538688.470076787751168, 1152891.240476749837399 ], [ 2538690.186426472850144, 1152883.474325075745583 ], [ 2538689.055931945797056, 1152883.230166665744036 ], [ 2538694.191247050184757, 1152860.087493924424052 ], [ 2538684.707867459394038, 1152857.93860210175626 ], [ 2538685.060504212509841, 1152856.400839936221018 ], [ 2538682.822295802179724, 1152855.890058417571709 ] ] ] ] } },
{ "type": "Feature", "properties": { "osm_id": 372432174, "name": null, "type": "grass", "area": 1897 }, "geometry": { "type": "MultiPolygon", "coordinates": [ [ [ [ 2538764.726406075060368, 1152907.538733726367354 ], [ 2538766.628423410933465, 1152904.428788453806192 ], [ 2538763.416322319768369, 1152888.919781825505197 ], [ 2538755.916366177611053, 1152864.538545764051378 ], [ 2538754.82244059164077, 1152856.589833685662597 ], [ 2538754.480310180224478, 1152850.879118131007999 ], [ 2538755.237519248388708, 1152842.355681128334254 ], [ 2538757.432128352578729, 1152831.060545957880095 ], [ 2538753.028467004187405, 1152829.649088808102533 ], [ 2538751.215737451333553, 1152833.992128960089758 ], [ 2538750.057477790396661, 1152841.56358185550198 ], [ 2538747.589120225515217, 1152841.81108694919385 ], [ 2538746.778887839987874, 1152845.132250392343849 ], [ 2538730.083927031606436, 1152840.877852207515389 ], [ 2538726.745747327338904, 1152855.908897175220773 ], [ 2538725.384500578511506, 1152855.611499428050593 ], [ 2538723.924625494983047, 1152862.196609375998378 ], [ 2538725.616704611573368, 1152862.579569978639483 ], [ 2538726.336437149904668, 1152859.414966193493456 ], [ 2538727.367075804620981, 1152859.649032802553847 ], [ 2538728.784319560043514, 1152853.397872275905684 ], [ 2538751.181133580394089, 1152858.450159651692957 ], [ 2538749.763754591345787, 1152864.69019894907251 ], [ 2538751.264499213546515, 1152865.875550301047042 ], [ 2538752.054594606161118, 1152866.601226713508368 ], [ 2538751.253994970582426, 1152870.867247151909396 ], [ 2538750.713603916577995, 1152872.807135766604915 ], [ 2538733.613359314855188, 1152867.178336210548878 ], [ 2538731.968461619690061, 1152874.432358398102224 ], [ 2538720.577866130042821, 1152871.869290437316522 ], [ 2538717.981111442204565, 1152883.602109633386135 ], [ 2538718.373325702734292, 1152883.687046373263001 ], [ 2538715.490271742921323, 1152896.69013933534734 ], [ 2538764.726406075060368, 1152907.538733726367354 ] ] ] ] } },
{ "type": "Feature", "properties": { "osm_id": 372436931, "name": null, "type": "residential", "area": 315107 }, "geometry": { "type": "MultiPolygon", "coordinates": [ [ [ [ 2537109.519260980654508, 1152257.250428064027801 ], [ 2537112.611449127551168, 1152257.929565322352573 ], [ 2537135.48123760567978, 1152257.223355276975781 ], [ 2537429.171862005721778, 1152149.790371984243393 ], [ 2537553.77765003638342, 1152102.102390359388664 ], [ 2537556.629895852413028, 1152107.753613381180912 ], [ 2537571.228373578283936, 1152102.732629189733416 ], [ 2537572.983948369510472, 1152106.983375292969868 ], [ 2537600.265997175592929, 1152097.29492010246031 ], [ 2537587.933822004590183, 1152067.073181447573006 ], [ 2537587.308065099641681, 1152060.765142281772569 ], [ 2537591.040163893252611, 1152048.419703708495945 ], [ 2537561.29293178813532, 1152035.810584262013435 ], [ 2537555.79608488176018, 1152035.634239367209375 ], [ 2537531.258147381711751, 1152041.325546940322965 ], [ 2537337.436936457175761, 1152020.053027521353215 ], [ 2537295.957419861108065, 1152020.22999345138669 ], [ 2537224.409552253317088, 1152028.569974215468392 ], [ 2537152.857108126394451, 1152036.455052401171997 ], [ 2537147.426749791018665, 1152038.968736100010574 ], [ 2537142.448450588621199, 1152045.079653894761577 ], [ 2537136.892656927462667, 1152054.676285793539137 ], [ 2537127.877176217269152, 1152059.284164529992267 ], [ 2537116.782811670564115, 1152061.04558439576067 ], [ 2537105.614346329588443, 1152055.726173366419971 ], [ 2537075.438247879967093, 1152044.035540760727599 ], [ 2536973.335854378063232, 1152054.332744703628123 ], [ 2536891.692667668219656, 1152061.559689844958484 ], [ 2536826.960657722316682, 1152072.078501341165975 ], [ 2536772.155294354539365, 1152077.068387849722058 ], [ 2536719.961210385896266, 1152085.877814986975864 ], [ 2536639.157834965270013, 1152104.272099904483184 ], [ 2536629.90437086392194, 1152105.19234059820883 ], [ 2536626.047059759963304, 1152110.569255513837561 ], [ 2536614.279419534374028, 1152107.413801203249022 ], [ 2536613.622260710224509, 1152103.318499373039231 ], [ 2536581.667446302715689, 1152099.142065457068384 ], [ 2536515.779422219842672, 1152077.881341495318338 ], [ 2536493.095316095743328, 1152073.707502553705126 ], [ 2536474.982000780291855, 1152074.310280712554231 ], [ 2536452.777187065221369, 1152084.984061247901991 ], [ 2536422.985806377138942, 1152109.045429974328727 ], [ 2536397.77681163745001, 1152135.326351144118235 ], [ 2536333.131832872051746, 1152206.79389332048595 ], [ 2536281.945191349368542, 1152263.411415915936232 ], [ 2536278.409530279226601, 1152267.962477249093354 ], [ 2536280.186107366345823, 1152275.558901129988953 ], [ 2536284.103401913773268, 1152279.497312763240188 ], [ 2536380.972325774841011, 1152329.13195152906701 ], [ 2536403.387830914929509, 1152339.189183736452833 ], [ 2536424.0647256183438, 1152343.050395274534822 ], [ 2536563.512152852490544, 1152358.207989628892392 ], [ 2536589.044583796989173, 1152361.873987820465118 ], [ 2536609.572615648619831, 1152366.193209414603189 ], [ 2536621.791995208710432, 1152374.391077877255157 ], [ 2536631.147728570271283, 1152383.208377798553556 ], [ 2536639.804784823674709, 1152398.547717002453282 ], [ 2536643.557906691916287, 1152424.066506487550214 ], [ 2536648.056057278066874, 1152447.465182452462614 ], [ 2536656.215183918364346, 1152473.093170762294903 ], [ 2536660.285055580083281, 1152484.990104996133596 ], [ 2536669.676001958083361, 1152497.898208112921566 ], [ 2536684.107485242187977, 1152506.317464398220181 ], [ 2536697.183311279397458, 1152511.3491838616319 ], [ 2536723.907806368079036, 1152514.60297135473229 ], [ 2536730.242430010344833, 1152515.67022119811736 ], [ 2536755.925064074341208, 1152516.911796808009967 ], [ 2536780.980898055247962, 1152517.6598039153032 ], [ 2536810.172623299527913, 1152515.451725537655875 ], [ 2536839.349997384939343, 1152511.876529052620754 ], [ 2536860.07126989075914, 1152480.608536344720051 ], [ 2536892.962446450721473, 1152441.897707531694323 ], [ 2536895.842517859768122, 1152420.922733558341861 ], [ 2536910.961683449335396, 1152415.183167099487036 ], [ 2536924.85435803886503, 1152404.453791194595397 ], [ 2536946.086489909794182, 1152386.688089800765738 ], [ 2536948.968087762128562, 1152384.123141988646239 ], [ 2536951.45561322523281, 1152376.181625616038218 ], [ 2536997.328760236036032, 1152341.481888472568244 ], [ 2537019.263702727388591, 1152324.831914690323174 ], [ 2537030.317410996649414, 1152315.577772080432624 ], [ 2537034.62725868774578, 1152306.494363488163799 ], [ 2537039.051838155370206, 1152308.360154892783612 ], [ 2537045.355134973302484, 1152310.817710809642449 ], [ 2537055.042981220409274, 1152297.909262251108885 ], [ 2537056.832084374967963, 1152292.142952703870833 ], [ 2537094.55671680578962, 1152278.007125948322937 ], [ 2537103.161778801120818, 1152273.814823609311134 ], [ 2537108.244951072148979, 1152268.214161884505302 ], [ 2537109.390221442095935, 1152259.58638100605458 ], [ 2537109.519260980654508, 1152257.250428064027801 ] ] ] ] } },
{ "type": "Feature", "properties": { "osm_id": 375433574, "name": null, "type": "grass", "area": 456 }, "geometry": { "type": "MultiPolygon", "coordinates": [ [ [ [ 2538309.978040490299463, 1152889.255851434543729 ], [ 2538311.410925619769841, 1152862.148682723287493 ], [ 2538311.818057126365602, 1152829.304487264249474 ], [ 2538312.227725588716567, 1152825.109121644170955 ], [ 2538311.974603767506778, 1152822.877176322741434 ], [ 2538310.71372377127409, 1152820.399883331730962 ], [ 2538293.274370595812798, 1152801.235141248907894 ], [ 2538280.958250388968736, 1152779.572052461327985 ], [ 2538276.037882425356656, 1152768.961262744385749 ], [ 2538273.038466232363135, 1152769.803625906584784 ], [ 2538280.022784010972828, 1152785.618265614146367 ], [ 2538282.337028901092708, 1152784.560600855620578 ], [ 2538296.573050860315561, 1152813.096599764190614 ], [ 2538308.048655979335308, 1152839.604302891530097 ], [ 2538310.00573421176523, 1152844.120000173337758 ], [ 2538310.641097202431411, 1152846.95946339215152 ], [ 2538310.953353296034038, 1152851.214120053453371 ], [ 2538310.855364007875323, 1152856.618053531041369 ], [ 2538310.623769445810467, 1152860.967230936978012 ], [ 2538310.008451551198959, 1152864.564382899785414 ], [ 2538308.911719836760312, 1152867.610620965249836 ], [ 2538307.478111610747874, 1152872.97268213937059 ], [ 2538307.469231119845062, 1152878.086655326420441 ], [ 2538307.691838569939137, 1152881.830844150623307 ], [ 2538309.978040490299463, 1152889.255851434543729 ] ] ] ] } },
{ "type": "Feature", "properties": { "osm_id": 378034705, "name": null, "type": "grass", "area": 4366 }, "geometry": { "type": "MultiPolygon", "coordinates": [ [ [ [ 2537771.125291894190013, 1151491.139886484714225 ], [ 2537793.265051142312586, 1151484.874080316629261 ], [ 2537765.089190996717662, 1151353.694505315972492 ], [ 2537753.541200577747077, 1151299.940445037325844 ], [ 2537731.638542415574193, 1151311.373403204372153 ], [ 2537771.125291894190013, 1151491.139886484714225 ] ] ] ] } },
{ "type": "Feature", "properties": { "osm_id": 378536036, "name": null, "type": "commercial", "area": 9670 }, "geometry": { "type": "MultiPolygon", "coordinates": [ [ [ [ 2537793.265051142312586, 1151484.874080316629261 ], [ 2537867.445898068603128, 1151461.772395797073841 ], [ 2537872.790501103270799, 1151449.399357418995351 ], [ 2537813.156920350622386, 1151330.340120652457699 ], [ 2537765.089190996717662, 1151353.694505315972492 ], [ 2537793.265051142312586, 1151484.874080316629261 ] ] ] ] } },
{ "type": "Feature", "properties": { "osm_id": 379814524, "name": null, "type": "allotments", "area": 2461 }, "geometry": { "type": "MultiPolygon", "coordinates": [ [ [ [ 2537515.181264002807438, 1151653.193049568682909 ], [ 2537521.139978548511863, 1151654.943193756276742 ], [ 2537534.244978490751237, 1151661.19932488608174 ], [ 2537541.157233412377536, 1151666.81946093798615 ], [ 2537544.175156382378191, 1151670.667980183381587 ], [ 2537548.825521728955209, 1151677.245471574598923 ], [ 2537552.224434272386134, 1151674.92002108017914 ], [ 2537567.969602013006806, 1151692.999666276620701 ], [ 2537567.924023452680558, 1151710.776451895246282 ], [ 2537576.08171200659126, 1151726.211243919096887 ], [ 2537590.474876822903752, 1151727.195706713246182 ], [ 2537592.939638907089829, 1151694.041025700047612 ], [ 2537591.505118196364492, 1151686.718608013819903 ], [ 2537588.247711589559913, 1151681.238332438981161 ], [ 2537531.100191382691264, 1151632.594250101363286 ], [ 2537517.776283627841622, 1151639.247405219357461 ], [ 2537515.181264002807438, 1151653.193049568682909 ] ] ] ] } },
{ "type": "Feature", "properties": { "osm_id": 379814526, "name": null, "type": "allotments", "area": 2878 }, "geometry": { "type": "MultiPolygon", "coordinates": [ [ [ [ 2537507.024599035270512, 1151682.905050156405196 ], [ 2537514.551578409969807, 1151687.118003345560282 ], [ 2537519.330092343036085, 1151691.993216742761433 ], [ 2537524.77345419023186, 1151698.807022574357688 ], [ 2537529.035440153442323, 1151705.677581928903237 ], [ 2537530.78842018218711, 1151712.618692358024418 ], [ 2537538.631137408781797, 1151784.876432084711269 ], [ 2537555.027888369746506, 1151782.960644704988226 ], [ 2537554.68887355690822, 1151710.447038625134155 ], [ 2537552.998349884524941, 1151696.957274975720793 ], [ 2537547.695239261724055, 1151685.172623278340325 ], [ 2537538.645166831091046, 1151672.504194976994768 ], [ 2537529.013489347416908, 1151664.433206012705341 ], [ 2537516.371488654520363, 1151658.416849682340398 ], [ 2537507.024599035270512, 1151682.905050156405196 ] ] ] ] } },
{ "type": "Feature", "properties": { "osm_id": 406656980, "name": null, "type": "grass", "area": 770 }, "geometry": { "type": "MultiPolygon", "coordinates": [ [ [ [ 2537544.672869558911771, 1154993.635008446406573 ], [ 2537533.546951902098954, 1155004.389827564824373 ], [ 2537533.999400700442493, 1155005.852587384637445 ], [ 2537543.939151907805353, 1155038.15574727486819 ], [ 2537562.749900309368968, 1155032.44606901681982 ], [ 2537555.089170979801565, 1155003.899019869510084 ], [ 2537544.672869558911771, 1154993.635008446406573 ] ] ] ] } },
{ "type": "Feature", "properties": { "osm_id": 406656982, "name": null, "type": "grass", "area": 196 }, "geometry": { "type": "MultiPolygon", "coordinates": [ [ [ [ 2537568.51929024187848, 1154931.431172795593739 ], [ 2537560.217951114755124, 1154937.198329853825271 ], [ 2537566.867559164296836, 1154956.284075008705258 ], [ 2537574.94626491330564, 1154953.454170709243044 ], [ 2537568.51929024187848, 1154931.431172795593739 ] ] ] ] } },
{ "type": "Feature", "properties": { "osm_id": 406656983, "name": null, "type": "grass", "area": 413 }, "geometry": { "type": "MultiPolygon", "coordinates": [ [ [ [ 2537575.597389921545982, 1154955.581898313481361 ], [ 2537567.580162655096501, 1154958.422279915306717 ], [ 2537574.009861435741186, 1154979.233478161506355 ], [ 2537575.915953902993351, 1154979.591651842230931 ], [ 2537587.903699113987386, 1154989.016718578757718 ], [ 2537608.73416341887787, 1154968.000107009196654 ], [ 2537608.137434462085366, 1154965.938513859640807 ], [ 2537585.857730218209326, 1154978.888011591043323 ], [ 2537582.329706134740263, 1154975.989742416189983 ], [ 2537575.597389921545982, 1154955.581898313481361 ] ] ] ] } },
{ "type": "Feature", "properties": { "osm_id": 406656999, "name": null, "type": "grass", "area": 1446 }, "geometry": { "type": "MultiPolygon", "coordinates": [ [ [ [ 2537599.932495178189129, 1155027.50163646787405 ], [ 2537587.612462772522122, 1155031.12042734073475 ], [ 2537571.512226637918502, 1155036.357168758986518 ], [ 2537569.262586315628141, 1155040.582837315509096 ], [ 2537582.336289612110704, 1155078.48988534626551 ], [ 2537580.899317162577063, 1155078.98285612417385 ], [ 2537588.227332153823227, 1155100.629637840669602 ], [ 2537596.303046876564622, 1155090.884917895542458 ], [ 2537600.462208004202694, 1155087.350919630844146 ], [ 2537599.932495178189129, 1155027.50163646787405 ] ] ] ] } },
{ "type": "Feature", "properties": { "osm_id": 406657000, "name": null, "type": "grass", "area": 141 }, "geometry": { "type": "MultiPolygon", "coordinates": [ [ [ [ 2537554.616185523569584, 1154962.092298869742081 ], [ 2537562.809119642246515, 1154959.183370464714244 ], [ 2537565.452324921265244, 1154958.133116670418531 ], [ 2537561.666910604573786, 1154946.710673454683274 ], [ 2537550.774173241108656, 1154950.392521715722978 ], [ 2537550.838885231409222, 1154950.714246549876407 ], [ 2537554.616185523569584, 1154962.092298869742081 ] ] ] ] } },
{ "type": "Feature", "properties": { "osm_id": 406657001, "name": null, "type": "grass", "area": 156 }, "geometry": { "type": "MultiPolygon", "coordinates": [ [ [ [ 2537565.452324921265244, 1154958.133116670418531 ], [ 2537554.616185523569584, 1154962.092298869742081 ], [ 2537558.989913972094655, 1154974.764860975090414 ], [ 2537567.130760131869465, 1154972.012119993800297 ], [ 2537569.889473042916507, 1154971.005136128980666 ], [ 2537565.452324921265244, 1154958.133116670418531 ] ] ] ] } },
{ "type": "Feature", "properties": { "osm_id": 406657002, "name": null, "type": "grass", "area": 126 }, "geometry": { "type": "MultiPolygon", "coordinates": [ [ [ [ 2537569.889473042916507, 1154971.005136128980666 ], [ 2537567.130760131869465, 1154972.012119993800297 ], [ 2537558.989913972094655, 1154974.764860975090414 ], [ 2537562.478959653992206, 1154986.457195093622431 ], [ 2537569.238033728208393, 1154983.607648801524192 ], [ 2537570.451371625065804, 1154982.260978565551341 ], [ 2537571.270650893915445, 1154980.640475218649954 ], [ 2537571.369410967919976, 1154979.071929266676307 ], [ 2537571.057314513251185, 1154976.351468946319073 ], [ 2537569.889473042916507, 1154971.005136128980666 ] ] ] ] } },
{ "type": "Feature", "properties": { "osm_id": 415234434, "name": "Zone agricole", "type": "farmland", "area": 23703 }, "geometry": { "type": "MultiPolygon", "coordinates": [ [ [ [ 2542570.570152886677533, 1155389.560078378766775 ], [ 2542764.579928974155337, 1155474.854623735649511 ], [ 2542814.770669658668339, 1155500.390418299939483 ], [ 2542854.901275341864675, 1155438.41986986505799 ], [ 2542805.730282661505044, 1155404.82526996312663 ], [ 2542718.615969272796065, 1155373.026958167320117 ], [ 2542545.810425874311477, 1155318.169615582097322 ], [ 2542539.991703688167036, 1155315.279261230956763 ], [ 2542510.467920718248934, 1155370.480141518870369 ], [ 2542570.570152886677533, 1155389.560078378766775 ] ] ] ] } },
{ "type": "Feature", "properties": { "osm_id": 423474904, "name": null, "type": "grass", "area": 10069 }, "geometry": { "type": "MultiPolygon", "coordinates": [ [ [ [ 2536921.50702510913834, 1154787.419849368045107 ], [ 2536940.487716121599078, 1155039.002254055114463 ], [ 2536978.111589624080807, 1155035.950374953914434 ], [ 2536964.636820319574326, 1154861.51883419463411 ], [ 2536964.640934314578772, 1154856.793993567116559 ], [ 2536965.413523813243955, 1154853.661961061879992 ], [ 2536964.607429980766028, 1154844.098536517005414 ], [ 2536960.479867381509393, 1154789.956764783943072 ], [ 2536959.884181616827846, 1154782.169880057685077 ], [ 2536958.99463346786797, 1154778.543901102617383 ], [ 2536957.220961363986135, 1154776.194558680290356 ], [ 2536955.064123866613954, 1154773.882589816581458 ], [ 2536951.469908172264695, 1154771.296662085456774 ], [ 2536946.850935504306108, 1154769.74427286721766 ], [ 2536934.851956733968109, 1154770.348275720607489 ], [ 2536929.867154295090586, 1154771.945899630663916 ], [ 2536926.039549761451781, 1154774.16505527542904 ], [ 2536923.074972327332944, 1154778.943217227235436 ], [ 2536921.50702510913834, 1154787.419849368045107 ] ] ] ] } },
{ "type": "Feature", "properties": { "osm_id": 423474906, "name": null, "type": "grass", "area": 13112 }, "geometry": { "type": "MultiPolygon", "coordinates": [ [ [ [ 2536940.487716121599078, 1155039.002254055114463 ], [ 2536967.829042049124837, 1155388.639391536358744 ], [ 2537004.715189740527421, 1155386.395834278780967 ], [ 2536978.111589624080807, 1155035.950374953914434 ], [ 2536940.487716121599078, 1155039.002254055114463 ] ] ] ] } },
{ "type": "Feature", "properties": { "osm_id": 423474907, "name": null, "type": "grass", "area": 8881 }, "geometry": { "type": "MultiPolygon", "coordinates": [ [ [ [ 2536967.829042049124837, 1155388.639391536358744 ], [ 2536985.328897786326706, 1155614.901473730569705 ], [ 2536988.619733341503888, 1155622.248750833095983 ], [ 2536993.387134105432779, 1155627.045823599910364 ], [ 2537001.461086214985698, 1155631.185653834138066 ], [ 2537009.085099731571972, 1155631.917241401737556 ], [ 2537015.409914128948003, 1155630.172216297592968 ], [ 2537020.227792613673955, 1155626.619783290894702 ], [ 2537022.615775870159268, 1155621.747655153740197 ], [ 2537004.715189740527421, 1155386.395834278780967 ], [ 2536967.829042049124837, 1155388.639391536358744 ] ] ] ] } },
{ "type": "Feature", "properties": { "osm_id": 423476201, "name": null, "type": "grass", "area": 1573 }, "geometry": { "type": "MultiPolygon", "coordinates": [ [ [ [ 2537014.861797460354865, 1154820.091909657698125 ], [ 2536991.488982605747879, 1154806.284933264832944 ], [ 2536987.68874539854005, 1154754.074100125581026 ], [ 2536957.295933370944113, 1154756.294037293177098 ], [ 2536958.99463346786797, 1154778.543901102617383 ], [ 2536959.884181616827846, 1154782.169880057685077 ], [ 2536960.479867381509393, 1154789.956764783943072 ], [ 2536975.240685715340078, 1154801.808415968669578 ], [ 2536986.551137601956725, 1154810.894770831800997 ], [ 2537009.97458378970623, 1154823.678417459363118 ], [ 2537013.181155021302402, 1154822.221794810378924 ], [ 2537014.861797460354865, 1154820.091909657698125 ] ] ] ] } },
{ "type": "Feature", "properties": { "osm_id": 423476695, "name": null, "type": "grass", "area": 44899 }, "geometry": { "type": "MultiPolygon", "coordinates": [ [ [ [ 2536855.082762298174202, 1154726.839897277299315 ], [ 2536865.619407753925771, 1154748.396511713042855 ], [ 2536898.687320028431714, 1155134.437482576584443 ], [ 2536912.514481481164694, 1155256.836837678449228 ], [ 2536916.176115510053933, 1155272.440242141718045 ], [ 2536922.426950767636299, 1155349.071975233731791 ], [ 2536926.456518442369998, 1155430.396255475236103 ], [ 2536945.943622241728008, 1155650.011536810081452 ], [ 2536987.702393680810928, 1155648.128039782634005 ], [ 2536987.148215292952955, 1155638.439678011462092 ], [ 2536985.328897786326706, 1155614.901473730569705 ], [ 2536967.829042049124837, 1155388.639391536358744 ], [ 2536940.487716121599078, 1155039.002254055114463 ], [ 2536921.50702510913834, 1154787.419849368045107 ], [ 2536919.494907583110034, 1154766.018190960166976 ], [ 2536916.963502400554717, 1154736.806615717941895 ], [ 2536986.03964088158682, 1154731.423491138964891 ], [ 2536996.346936204005033, 1154717.263270957162604 ], [ 2536994.986785692628473, 1154715.576610332122073 ], [ 2536855.082762298174202, 1154726.839897277299315 ] ] ] ] } },
{ "type": "Feature", "properties": { "osm_id": 423478655, "name": null, "type": "grass", "area": 3049 }, "geometry": { "type": "MultiPolygon", "coordinates": [ [ [ [ 2537081.039308173116297, 1155014.81594427023083 ], [ 2537081.340409513097256, 1155025.985545200761408 ], [ 2537085.057778099551797, 1155025.70202911645174 ], [ 2537099.283444636035711, 1155024.619198435684666 ], [ 2537093.206648331135511, 1154918.269299788400531 ], [ 2537089.333978655748069, 1154864.180366657441482 ], [ 2537069.44863368710503, 1154865.444797912146896 ], [ 2537081.039308173116297, 1155014.81594427023083 ] ] ] ] } },
{ "type": "Feature", "properties": { "osm_id": 423478656, "name": null, "type": "grass", "area": 2785 }, "geometry": { "type": "MultiPolygon", "coordinates": [ [ [ [ 2536978.765203125309199, 1154843.816573836840689 ], [ 2536964.607429980766028, 1154844.098536517005414 ], [ 2536965.413523813243955, 1154853.661961061879992 ], [ 2536964.640934314578772, 1154856.793993567116559 ], [ 2536964.636820319574326, 1154861.51883419463411 ], [ 2536978.111589624080807, 1155035.950374953914434 ], [ 2536991.80300085619092, 1155035.128590056905523 ], [ 2536978.765203125309199, 1154843.816573836840689 ] ] ] ] } },
{ "type": "Feature", "properties": { "osm_id": 423478657, "name": null, "type": "grass", "area": 673 }, "geometry": { "type": "MultiPolygon", "coordinates": [ [ [ [ 2536964.607429980766028, 1154844.098536517005414 ], [ 2536978.765203125309199, 1154843.816573836840689 ], [ 2536975.240685715340078, 1154801.808415968669578 ], [ 2536960.479867381509393, 1154789.956764783943072 ], [ 2536964.607429980766028, 1154844.098536517005414 ] ] ] ] } },
{ "type": "Feature", "properties": { "osm_id": 423478658, "name": null, "type": "grass", "area": 7644 }, "geometry": { "type": "MultiPolygon", "coordinates": [ [ [ [ 2536978.111589624080807, 1155035.950374953914434 ], [ 2537004.715189740527421, 1155386.395834278780967 ], [ 2537018.693516285624355, 1155385.215343411779031 ], [ 2537027.49512195866555, 1155382.643926300341263 ], [ 2537030.697906133718789, 1155377.196284471079707 ], [ 2537023.322755672037601, 1155280.98778435937129 ], [ 2537018.418666071258485, 1155217.093235337873921 ], [ 2537014.936270957812667, 1155170.281992039410397 ], [ 2537013.280881829559803, 1155170.421640078537166 ], [ 2537012.500936238095164, 1155161.1469811135903 ], [ 2537008.469542942941189, 1155161.467187764821574 ], [ 2537007.811066974885762, 1155149.878883846104145 ], [ 2536999.041944913566113, 1155150.46001160889864 ], [ 2536997.476902251131833, 1155125.573963542701676 ], [ 2536991.80300085619092, 1155035.128590056905523 ], [ 2536978.111589624080807, 1155035.950374953914434 ] ] ] ] } },
{ "type": "Feature", "properties": { "osm_id": 423478735, "name": null, "type": "grass", "area": 1737 }, "geometry": { "type": "MultiPolygon", "coordinates": [ [ [ [ 2537018.418666071258485, 1155217.093235337873921 ], [ 2537019.043830520939082, 1155212.339647827669978 ], [ 2537021.378947560675442, 1155209.724862028146163 ], [ 2537024.672455437481403, 1155207.800410366849974 ], [ 2537028.374719341285527, 1155207.550367915071547 ], [ 2537028.005602429620922, 1155202.340284528210759 ], [ 2537051.628927953541279, 1155200.680778726004064 ], [ 2537058.889343047514558, 1155194.479131096974015 ], [ 2537056.303830605465919, 1155157.830680026207119 ], [ 2537024.449042920954525, 1155160.154557424830273 ], [ 2537025.221300393342972, 1155169.429298352217302 ], [ 2537014.936270957812667, 1155170.281992039410397 ], [ 2537018.418666071258485, 1155217.093235337873921 ] ] ] ] } },
{ "type": "Feature", "properties": { "osm_id": 423479008, "name": null, "type": "grass", "area": 668 }, "geometry": { "type": "MultiPolygon", "coordinates": [ [ [ [ 2537023.322755672037601, 1155280.98778435937129 ], [ 2537024.190265945158899, 1155278.132692542625591 ], [ 2537032.600037549156696, 1155266.705007438547909 ], [ 2537031.77822165703401, 1155254.896069848909974 ], [ 2537029.217851321212947, 1155220.659790450707078 ], [ 2537028.374719341285527, 1155207.550367915071547 ], [ 2537024.672455437481403, 1155207.800410366849974 ], [ 2537021.378947560675442, 1155209.724862028146163 ], [ 2537019.043830520939082, 1155212.339647827669978 ], [ 2537018.418666071258485, 1155217.093235337873921 ], [ 2537023.322755672037601, 1155280.98778435937129 ] ] ] ] } },
{ "type": "Feature", "properties": { "osm_id": 423727010, "name": null, "type": "grass", "area": 17162 }, "geometry": { "type": "MultiPolygon", "coordinates": [ [ [ [ 2537023.322755672037601, 1155280.98778435937129 ], [ 2537030.697906133718789, 1155377.196284471079707 ], [ 2537027.49512195866555, 1155382.643926300341263 ], [ 2537018.693516285624355, 1155385.215343411779031 ], [ 2537004.715189740527421, 1155386.395834278780967 ], [ 2537022.615775870159268, 1155621.747655153740197 ], [ 2537020.227792613673955, 1155626.619783290894702 ], [ 2537015.409914128948003, 1155630.172216297592968 ], [ 2537009.085099731571972, 1155631.917241401737556 ], [ 2537001.461086214985698, 1155631.185653834138066 ], [ 2536993.387134105432779, 1155627.045823599910364 ], [ 2536988.619733341503888, 1155622.248750833095983 ], [ 2536985.328897786326706, 1155614.901473730569705 ], [ 2536987.702393680810928, 1155648.128039782634005 ], [ 2537022.701178411953151, 1155646.715931629994884 ], [ 2537039.096692952793092, 1155646.432861401466653 ], [ 2537045.024705440271646, 1155645.614752477500588 ], [ 2537047.901555080898106, 1155644.939801602158695 ], [ 2537050.661949312780052, 1155643.398933194112033 ], [ 2537053.699074195697904, 1155639.720668503781781 ], [ 2537054.546312130521983, 1155636.398871366865933 ], [ 2537061.699553141370416, 1155586.352214288897812 ], [ 2537054.2146244677715, 1155474.480728836497292 ], [ 2537051.951909906696528, 1155448.134510956937447 ], [ 2537052.109879570547491, 1155445.64260880718939 ], [ 2537052.672445373609662, 1155442.234858164330944 ], [ 2537053.688362847547978, 1155440.367643202655017 ], [ 2537056.051305274479091, 1155438.219499404309317 ], [ 2537063.911647805944085, 1155432.934292257996276 ], [ 2537062.938715043943375, 1155420.60442673554644 ], [ 2537082.068052492104471, 1155419.103296329034492 ], [ 2537080.003412042278796, 1155380.170356995658949 ], [ 2537079.773113443981856, 1155375.759252644143999 ], [ 2537069.17920435545966, 1155376.381632440723479 ], [ 2537067.120513888541609, 1155376.091922230087221 ], [ 2537065.774254723452032, 1155374.983194163069129 ], [ 2537065.345075564458966, 1155373.553576099686325 ], [ 2537060.615515482146293, 1155312.358638992067426 ], [ 2537054.301012584939599, 1155312.925084448652342 ], [ 2537053.354121950920671, 1155302.351460936712101 ], [ 2537068.197920605540276, 1155301.02861104439944 ], [ 2537065.806433930061758, 1155263.855615074047819 ], [ 2537063.780175893567502, 1155260.808507438981906 ], [ 2537059.067375571932644, 1155259.779526068829 ], [ 2537054.377271009143442, 1155260.184425574028865 ], [ 2537050.247790132649243, 1155262.117622653022408 ], [ 2537033.562722493894398, 1155279.513013821328059 ], [ 2537032.600037549156696, 1155266.705007438547909 ], [ 2537023.322755672037601, 1155280.98778435937129 ] ] ] ] } },
{ "type": "Feature", "properties": { "osm_id": 423727646, "name": null, "type": "basin", "area": 44 }, "geometry": { "type": "MultiPolygon", "coordinates": [ [ [ [ 2540370.198960887268186, 1160470.218935959972441 ], [ 2540375.640375934541225, 1160474.089217554312199 ], [ 2540379.480282782576978, 1160468.725954283028841 ], [ 2540374.038865454960614, 1160464.855669223936275 ], [ 2540370.198960887268186, 1160470.218935959972441 ] ] ] ] } },
{ "type": "Feature", "properties": { "osm_id": 500623215, "name": null, "type": "construction", "area": 389 }, "geometry": { "type": "MultiPolygon", "coordinates": [ [ [ [ 2538548.277259810827672, 1151388.97008741600439 ], [ 2538553.054307994898409, 1151407.275614929152653 ], [ 2538571.591124532744288, 1151400.593720032135025 ], [ 2538568.048551608808339, 1151381.408424286171794 ], [ 2538548.277259810827672, 1151388.97008741600439 ] ] ] ] } },
{ "type": "Feature", "properties": { "osm_id": 508122100, "name": null, "type": "industrial", "area": 29184 }, "geometry": { "type": "MultiPolygon", "coordinates": [ [ [ [ 2536158.921339812688529, 1153100.161692677764222 ], [ 2536196.116854361258447, 1153067.938128898851573 ], [ 2536248.789239911362529, 1152998.041222667088732 ], [ 2536250.583988839760423, 1152989.284081493504345 ], [ 2536119.818362877704203, 1153055.419314233120531 ], [ 2536071.944255872163922, 1153078.485231078695506 ], [ 2535915.932255384977907, 1153161.39150067884475 ], [ 2535942.024646135978401, 1153256.721031483029947 ], [ 2535947.617292065173388, 1153272.458924431353807 ], [ 2535955.849997550714761, 1153286.089768088189885 ], [ 2535969.069446889217943, 1153278.055676090298221 ], [ 2535971.56945917615667, 1153276.483745996374637 ], [ 2535974.590138915926218, 1153259.686847331002355 ], [ 2535984.948102901689708, 1153253.13963441317901 ], [ 2535989.84427422657609, 1153249.607793865026906 ], [ 2535993.620435154531151, 1153253.302938932552934 ], [ 2536017.930970805231482, 1153236.935218900674954 ], [ 2536071.921069322153926, 1153177.995345635572448 ], [ 2536081.828568468336016, 1153181.013868993381038 ], [ 2536129.488850357010961, 1153138.628639456583187 ], [ 2536133.092247543856502, 1153136.900525462115183 ], [ 2536128.74498805264011, 1153128.564383691176772 ], [ 2536150.199491114355624, 1153104.745708455564454 ], [ 2536158.921339812688529, 1153100.161692677764222 ] ] ] ] } },
{ "type": "Feature", "properties": { "osm_id": 519235841, "name": null, "type": "meadow", "area": 2382 }, "geometry": { "type": "MultiPolygon", "coordinates": [ [ [ [ 2538528.169980318285525, 1153253.384686189470813 ], [ 2538532.470509226899594, 1153252.240091063547879 ], [ 2538537.479158546775579, 1153251.310597652103752 ], [ 2538535.149274131748825, 1153245.575757978949696 ], [ 2538541.928323819302022, 1153240.692692152922973 ], [ 2538546.673093923833221, 1153232.717644031625241 ], [ 2538554.958945516031235, 1153230.36500451550819 ], [ 2538553.265182312577963, 1153223.056136838393286 ], [ 2538555.01297176303342, 1153218.391300978371873 ], [ 2538558.669114803429693, 1153215.007654402870685 ], [ 2538560.762279071379453, 1153213.352031091693789 ], [ 2538581.336009335704148, 1153194.053566121030599 ], [ 2538594.82873786566779, 1153204.899377403082326 ], [ 2538604.366631124634296, 1153196.664165409514681 ], [ 2538597.608973196242005, 1153189.384799925610423 ], [ 2538587.127041204366833, 1153183.333041439997032 ], [ 2538565.601953452918679, 1153174.881736303446814 ], [ 2538557.380531778093427, 1153182.792267196346074 ], [ 2538552.063145474530756, 1153200.055967498105019 ], [ 2538549.390068523585796, 1153202.02880470501259 ], [ 2538546.714491992723197, 1153203.757091777864844 ], [ 2538536.2823156863451, 1153209.322315720841289 ], [ 2538527.54125706339255, 1153208.433435506653041 ], [ 2538511.969076909590513, 1153213.339797369670123 ], [ 2538510.49223309988156, 1153230.230719062034041 ], [ 2538524.889560120645911, 1153235.742009754292667 ], [ 2538528.169980318285525, 1153253.384686189470813 ] ] ] ] } },
{ "type": "Feature", "properties": { "osm_id": 520319277, "name": null, "type": "construction", "area": 7264 }, "geometry": { "type": "MultiPolygon", "coordinates": [ [ [ [ 2538863.14170263055712, 1153122.77573715755716 ], [ 2538879.561045269481838, 1153121.89718816219829 ], [ 2538878.683935313951224, 1153108.087524169124663 ], [ 2538878.540092051494867, 1153103.753308635437861 ], [ 2538873.448212410323322, 1153104.060804011300206 ], [ 2538872.638573077041656, 1153090.850779171800241 ], [ 2538872.361579705961049, 1153086.251107419840991 ], [ 2538881.609784923493862, 1153085.690104701323435 ], [ 2538881.73010636633262, 1153087.712197510525584 ], [ 2538904.658920781686902, 1153086.322819792665541 ], [ 2538904.503395941108465, 1153083.856399587588385 ], [ 2538909.296295046806335, 1153083.574204898672178 ], [ 2538911.535403291229159, 1153083.42915017879568 ], [ 2538941.488691558595747, 1153081.623865626985207 ], [ 2538976.901839158963412, 1153079.474229434505105 ], [ 2538977.020999642554671, 1153081.385164378909394 ], [ 2538988.753849403001368, 1153080.676803358830512 ], [ 2538998.538917389232665, 1153080.088294754736125 ], [ 2539002.979227936360985, 1153079.087141618365422 ], [ 2539002.325580198783427, 1153067.609789799898863 ], [ 2539002.203831957653165, 1153065.443186884978786 ], [ 2539005.06946975691244, 1153048.404897100524977 ], [ 2539004.768994692247361, 1153043.74987310427241 ], [ 2538986.285292226821184, 1153043.114878103602678 ], [ 2538952.804390564095229, 1153035.328349785879254 ], [ 2538950.905338298063725, 1153035.714510424528271 ], [ 2538941.990244093816727, 1153036.594417184358463 ], [ 2538937.646942857652903, 1153037.327818226534873 ], [ 2538921.046035835053772, 1153037.730015644337982 ], [ 2538915.904786133207381, 1153037.715579772833735 ], [ 2538905.528860210441053, 1153037.554265709826723 ], [ 2538901.984845650848001, 1153037.657006217632443 ], [ 2538844.40676396433264, 1153059.743309712037444 ], [ 2538844.56080034840852, 1153060.553292026277632 ], [ 2538856.515475660096854, 1153123.109977144980803 ], [ 2538863.14170263055712, 1153122.77573715755716 ] ] ] ] } },
{ "type": "Feature", "properties": { "osm_id": 520321952, "name": null, "type": "construction", "area": 7764 }, "geometry": { "type": "MultiPolygon", "coordinates": [ [ [ [ 2538821.64933700626716, 1153175.937734907260165 ], [ 2538806.037153748329729, 1153178.453557281056419 ], [ 2538793.67478545056656, 1153187.395363913150504 ], [ 2538787.085480596404523, 1153207.162043680436909 ], [ 2538787.334600628353655, 1153221.822996703675017 ], [ 2538791.843626502435654, 1153239.631165827158839 ], [ 2538788.894332155119628, 1153263.451865804148838 ], [ 2538792.198875355534256, 1153274.501975951483473 ], [ 2538799.427244136575609, 1153272.28273516241461 ], [ 2538808.787371487822384, 1153286.506256841123104 ], [ 2538823.895511806476861, 1153301.582866155775264 ], [ 2538835.428105631377548, 1153308.380301341414452 ], [ 2538857.334772944450378, 1153328.023627057438716 ], [ 2538857.112044131848961, 1153331.772365442011505 ], [ 2538888.895343769341707, 1153365.923203177750111 ], [ 2538901.672277739271522, 1153354.009100636001676 ], [ 2538872.240667141973972, 1153303.636615217430517 ], [ 2538841.28198502259329, 1153244.252707563340664 ], [ 2538821.64933700626716, 1153175.937734907260165 ] ] ] ] } },
{ "type": "Feature", "properties": { "osm_id": 521160367, "name": null, "type": "construction", "area": 980 }, "geometry": { "type": "MultiPolygon", "coordinates": [ [ [ [ 2536386.359630680643022, 1153135.169858273584396 ], [ 2536391.657026730943471, 1153137.615139448782429 ], [ 2536393.598700874019414, 1153160.117976301349699 ], [ 2536430.96548365149647, 1153156.331785714952275 ], [ 2536429.735591383650899, 1153130.741950937313959 ], [ 2536386.359630680643022, 1153135.169858273584396 ] ] ] ] } },
{ "type": "Feature", "properties": { "osm_id": 552145553, "name": null, "type": "grass", "area": 62 }, "geometry": { "type": "MultiPolygon", "coordinates": [ [ [ [ 2538630.036463645286858, 1152616.254536943510175 ], [ 2538633.523548303637654, 1152594.773984170285985 ], [ 2538633.263004842214286, 1152594.809996439144015 ], [ 2538630.563579883426428, 1152602.497266644379124 ], [ 2538627.992872044909745, 1152607.75968966819346 ], [ 2538624.32796017639339, 1152611.076675892574713 ], [ 2538627.049042627215385, 1152616.029355535283685 ], [ 2538630.036463645286858, 1152616.254536943510175 ] ] ] ] } },
{ "type": "Feature", "properties": { "osm_id": 552145554, "name": null, "type": "grass", "area": 162 }, "geometry": { "type": "MultiPolygon", "coordinates": [ [ [ [ 2538595.093318025581539, 1152630.863685753196478 ], [ 2538602.982400067150593, 1152627.147769526112825 ], [ 2538611.439345026854426, 1152624.182026843773201 ], [ 2538617.963701417203993, 1152622.836904454044998 ], [ 2538624.233422636520118, 1152622.105832126224414 ], [ 2538623.980152403004467, 1152617.594865312101319 ], [ 2538619.966931987553835, 1152612.355223751161247 ], [ 2538594.304257431998849, 1152629.493225510464981 ], [ 2538595.093318025581539, 1152630.863685753196478 ] ] ] ] } },
{ "type": "Feature", "properties": { "osm_id": 552918765, "name": null, "type": "commercial", "area": 30685 }, "geometry": { "type": "MultiPolygon", "coordinates": [ [ [ [ 2536574.501354828011245, 1152881.643837546696886 ], [ 2536507.65224730828777, 1152913.867013616254553 ], [ 2536509.809951665345579, 1152917.635168863460422 ], [ 2536458.33694511372596, 1152946.01666689151898 ], [ 2536463.388551823794842, 1152960.037586065242067 ], [ 2536423.262010372709483, 1152974.347371535375714 ], [ 2536435.873656236566603, 1153008.110197355039418 ], [ 2536394.926352590788156, 1153024.585590319009498 ], [ 2536402.269476486835629, 1153043.407055320683867 ], [ 2536380.868634760379791, 1153048.491814375389367 ], [ 2536378.964601260144264, 1153043.320255113532767 ], [ 2536301.87285180343315, 1153071.774317969102412 ], [ 2536288.186535759828985, 1153077.111145514762029 ], [ 2536267.943475764710456, 1153084.262943874113262 ], [ 2536243.997978341765702, 1153092.487993113929406 ], [ 2536209.646250329911709, 1153111.429394063074142 ], [ 2536221.664036588277668, 1153146.987952640047297 ], [ 2536152.651759488042444, 1153174.491054898826405 ], [ 2536098.51124285440892, 1153202.047998963389546 ], [ 2536060.394375284668058, 1153232.647761602886021 ], [ 2536066.174714124761522, 1153251.629980631638318 ], [ 2536073.854177885688841, 1153247.9018357435707 ], [ 2536099.342966133728623, 1153233.356245991773903 ], [ 2536160.098782217130065, 1153197.980342088732868 ], [ 2536164.449056068435311, 1153192.164306940278038 ], [ 2536158.917763690464199, 1153186.486611847998574 ], [ 2536166.311362639069557, 1153181.838898226385936 ], [ 2536175.387245375197381, 1153184.588480771984905 ], [ 2536234.958677250891924, 1153149.592791423900053 ], [ 2536278.608102623838931, 1153131.898100420366973 ], [ 2536291.345030976925045, 1153126.771425038110465 ], [ 2536352.958556303754449, 1153096.824697148054838 ], [ 2536421.863453343510628, 1153062.632511401781812 ], [ 2536435.666238571517169, 1153055.96069689001888 ], [ 2536510.396128898952156, 1153018.861921010306105 ], [ 2536612.40046353591606, 1152982.699180293129757 ], [ 2536574.501354828011245, 1152881.643837546696886 ] ] ] ] } },
{ "type": "Feature", "properties": { "osm_id": 554040705, "name": null, "type": "construction", "area": 796 }, "geometry": { "type": "MultiPolygon", "coordinates": [ [ [ [ 2537438.854812572244555, 1154922.296799628296867 ], [ 2537458.669545071199536, 1154906.159561933483928 ], [ 2537439.487117609940469, 1154875.475846417248249 ], [ 2537424.77791506703943, 1154889.825679380446672 ], [ 2537435.135525617748499, 1154901.04617382818833 ], [ 2537428.215645394288003, 1154908.344410292804241 ], [ 2537438.854812572244555, 1154922.296799628296867 ] ] ] ] } },
{ "type": "Feature", "properties": { "osm_id": 554994570, "name": "Merle Planteur", "type": "allotments", "area": 126 }, "geometry": { "type": "MultiPolygon", "coordinates": [ [ [ [ 2539805.916450609453022, 1154476.859064504969865 ], [ 2539809.259750109165907, 1154471.355941533343866 ], [ 2539800.302463441621512, 1154468.588605881901458 ], [ 2539790.212036829441786, 1154471.402316326508299 ], [ 2539788.878285297192633, 1154473.80586531967856 ], [ 2539793.10003854194656, 1154478.64396211411804 ], [ 2539799.748555629979819, 1154476.087092749308795 ], [ 2539805.916450609453022, 1154476.859064504969865 ] ] ] ] } },
{ "type": "Feature", "properties": { "osm_id": 562328601, "name": null, "type": "recreation_groun", "area": 129 }, "geometry": { "type": "MultiPolygon", "coordinates": [ [ [ [ 2539805.449697425588965, 1154340.712438176618889 ], [ 2539816.318419367540628, 1154336.6903095417656 ], [ 2539816.359099365305156, 1154330.030750616220757 ], [ 2539809.445283275097609, 1154327.565322487149388 ], [ 2539801.450473863631487, 1154332.82601272710599 ], [ 2539805.449697425588965, 1154340.712438176618889 ] ] ] ] } },
{ "type": "Feature", "properties": { "osm_id": 574854771, "name": null, "type": "apiary", "area": 176 }, "geometry": { "type": "MultiPolygon", "coordinates": [ [ [ [ 2542182.648713390342891, 1154795.050132649485022 ], [ 2542186.618734494317323, 1154793.088663351954892 ], [ 2542190.183986868243665, 1154789.71922426042147 ], [ 2542192.067570464685559, 1154784.576123896054924 ], [ 2542187.899311358574778, 1154779.491272861603647 ], [ 2542182.482103547547013, 1154777.742452432634309 ], [ 2542175.866503107827157, 1154785.376867567654699 ], [ 2542179.281046826858073, 1154792.647912735119462 ], [ 2542182.648713390342891, 1154795.050132649485022 ] ] ] ] } },
{ "type": "Feature", "properties": { "osm_id": 578461896, "name": null, "type": "residential", "area": 25120 }, "geometry": { "type": "MultiPolygon", "coordinates": [ [ [ [ 2536574.501354828011245, 1152881.643837546696886 ], [ 2536612.40046353591606, 1152982.699180293129757 ], [ 2536802.535912995692343, 1152919.563079839106649 ], [ 2536799.912066483404487, 1152821.848575963405892 ], [ 2536795.382499398197979, 1152818.727828044677153 ], [ 2536774.191350247245282, 1152819.050823895493522 ], [ 2536773.746257073711604, 1152808.83883384661749 ], [ 2536725.330777970142663, 1152819.531794319162145 ], [ 2536613.801441686227918, 1152861.640683124074712 ], [ 2536572.911458501126617, 1152877.869665744248778 ], [ 2536574.501354828011245, 1152881.643837546696886 ] ] ] ] } },
{ "type": "Feature", "properties": { "osm_id": 584875513, "name": null, "type": "grass", "area": 18105 }, "geometry": { "type": "MultiPolygon", "coordinates": [ [ [ [ 2535829.628282798454165, 1151770.508314167615026 ], [ 2535833.88805558392778, 1151779.867964098230004 ], [ 2535835.804607903584838, 1151789.008055811282247 ], [ 2535836.725740843918175, 1151799.80411762627773 ], [ 2535835.984565453138202, 1151808.73912394605577 ], [ 2535833.77697705058381, 1151818.345700313569978 ], [ 2535828.959195877891034, 1151828.602709656581283 ], [ 2535821.796622615773231, 1151839.207160426070914 ], [ 2535812.799501652363688, 1151847.630012178560719 ], [ 2535803.978375873528421, 1151853.127179897157475 ], [ 2535803.111535436008126, 1151860.351487958338112 ], [ 2535803.891873525921255, 1151867.30250592646189 ], [ 2535805.42002183245495, 1151866.663620667066425 ], [ 2535807.95745636895299, 1151865.669322819681838 ], [ 2535812.424387698993087, 1151864.96569883916527 ], [ 2535814.035351526457816, 1151869.206372370477766 ], [ 2535810.541993875522166, 1151870.522158563137054 ], [ 2535810.78689219802618, 1151871.175456367665902 ], [ 2535815.395321969408542, 1151881.565266789402813 ], [ 2535820.578298682812601, 1151893.294123446801677 ], [ 2535836.146539699286222, 1151895.796010765479878 ], [ 2535849.313263047486544, 1151893.331959824310616 ], [ 2535880.592873978894204, 1151890.17438825732097 ], [ 2535902.156374096870422, 1151890.633627373958007 ], [ 2535913.406540633179247, 1151888.368033385602757 ], [ 2535941.305887969210744, 1151879.132378604961559 ], [ 2535951.177235931623727, 1151876.392396966228262 ], [ 2535955.110054549761117, 1151868.779688325477764 ], [ 2535943.9938422315754, 1151748.243460009107366 ], [ 2535943.492594101466238, 1151740.099913395941257 ], [ 2535943.290168793871999, 1151738.39002602477558 ], [ 2535889.542949481867254, 1151742.798555078916252 ], [ 2535841.512564107775688, 1151747.102064098231494 ], [ 2535839.648855339735746, 1151747.944631318328902 ], [ 2535829.628282798454165, 1151770.508314167615026 ] ] ] ] } },
{ "type": "Feature", "properties": { "osm_id": 584875841, "name": null, "type": "grass", "area": 10403 }, "geometry": { "type": "MultiPolygon", "coordinates": [ [ [ [ 2535798.805894894525409, 1151711.627408765256405 ], [ 2535799.856308448594064, 1151711.52725045918487 ], [ 2535802.335576673038304, 1151710.111119592096657 ], [ 2535828.558135570026934, 1151768.040610168362036 ], [ 2535838.335904902778566, 1151746.457829266786575 ], [ 2535838.269487923476845, 1151745.269000407075509 ], [ 2535848.826104428153485, 1151744.155761963920668 ], [ 2535847.190340844914317, 1151733.278389507671818 ], [ 2535871.88698161393404, 1151730.969257072545588 ], [ 2535886.534025186207145, 1151731.257673183688894 ], [ 2535888.191626084037125, 1151733.396722412900999 ], [ 2535896.045636740513146, 1151718.515983145916834 ], [ 2535893.552553893998265, 1151689.13764617103152 ], [ 2535892.662344977259636, 1151689.147141789784655 ], [ 2535891.466963706538081, 1151674.218408890301362 ], [ 2535892.29471381707117, 1151674.109524777857587 ], [ 2535888.94412422273308, 1151632.700435820501298 ], [ 2535873.570142479147762, 1151634.798843202879652 ], [ 2535845.395458207465708, 1151619.057444400154054 ], [ 2535852.972369027789682, 1151605.535903437994421 ], [ 2535840.605482887011021, 1151598.864199206931517 ], [ 2535825.402205067686737, 1151601.861397865694016 ], [ 2535812.242134458385408, 1151615.787232367089018 ], [ 2535819.323794204741716, 1151634.955436985008419 ], [ 2535819.399760860018432, 1151654.287396149244159 ], [ 2535801.588825081009418, 1151673.254536297405139 ], [ 2535787.244223910849541, 1151693.385349228512496 ], [ 2535791.678274958860129, 1151701.086648752214387 ], [ 2535793.097838225308806, 1151700.33774915128015 ], [ 2535798.066353207919747, 1151709.934380766935647 ], [ 2535798.805894894525409, 1151711.627408765256405 ] ] ] ] } },
{ "type": "Feature", "properties": { "osm_id": 584911614, "name": null, "type": "recreation_groun", "area": 5891 }, "geometry": { "type": "MultiPolygon", "coordinates": [ [ [ [ 2536150.636087202467024, 1151844.353681629057974 ], [ 2536158.788342899642885, 1151944.921944816131145 ], [ 2536237.74189223581925, 1151914.134082011179999 ], [ 2536231.778223094530404, 1151898.911249917466193 ], [ 2536228.671467797830701, 1151897.610155511181802 ], [ 2536226.668442510534078, 1151898.3429094706662 ], [ 2536209.601975494064391, 1151855.900806538993493 ], [ 2536204.983751874417067, 1151857.539583414793015 ], [ 2536203.711775915231556, 1151854.117880214005709 ], [ 2536201.123096100054681, 1151843.061541884904727 ], [ 2536191.77354776347056, 1151842.193608308210969 ], [ 2536153.544069215655327, 1151845.000934794312343 ], [ 2536150.636087202467024, 1151844.353681629057974 ] ] ] ] } },
{ "type": "Feature", "properties": { "osm_id": 587877221, "name": null, "type": "construction", "area": 47658 }, "geometry": { "type": "MultiPolygon", "coordinates": [ [ [ [ 2537215.913106155116111, 1154729.861334967426956 ], [ 2537285.450011347886175, 1154581.954804052365944 ], [ 2537206.862521647009999, 1154552.403702629264444 ], [ 2537249.346552403178066, 1154447.369482659501955 ], [ 2537238.398530604783446, 1154412.053458239417523 ], [ 2537220.395059002563357, 1154389.462515328545123 ], [ 2537071.918747769203037, 1154554.238280583871529 ], [ 2536999.620162509847432, 1154599.275779869407415 ], [ 2537003.968790172133595, 1154651.113998912973329 ], [ 2537215.913106155116111, 1154729.861334967426956 ] ] ] ] } },
{ "type": "Feature", "properties": { "osm_id": 587877222, "name": null, "type": "construction", "area": 55954 }, "geometry": { "type": "MultiPolygon", "coordinates": [ [ [ [ 2537492.571049342863262, 1155081.202123585855588 ], [ 2537481.550007771234959, 1155030.522515081334859 ], [ 2537456.055519880261272, 1154981.472197833005339 ], [ 2537406.547817935235798, 1154929.203619330655783 ], [ 2537373.839041727595031, 1154907.132358513539657 ], [ 2537332.208119400311261, 1154891.624541212338954 ], [ 2537313.437654922250658, 1154912.24263443145901 ], [ 2537287.017672711052001, 1154917.99917957233265 ], [ 2537258.688600530382246, 1154884.921290127793327 ], [ 2537218.449947962071747, 1154907.253662772243842 ], [ 2537180.373507426120341, 1154897.190505071543157 ], [ 2537152.78013389185071, 1154982.147495230659842 ], [ 2537228.150656819343567, 1155022.203829649835825 ], [ 2537265.378190735820681, 1155095.021431642817333 ], [ 2537266.118459868244827, 1155117.425906679593027 ], [ 2537410.565562314353883, 1155149.870788207510486 ], [ 2537492.571049342863262, 1155081.202123585855588 ] ] ] ] } },
{ "type": "Feature", "properties": { "osm_id": 588632688, "name": null, "type": "grass", "area": 69 }, "geometry": { "type": "MultiPolygon", "coordinates": [ [ [ [ 2539434.211862169206142, 1152864.911341536091641 ], [ 2539431.080220839940012, 1152865.587702395860106 ], [ 2539429.100507527124137, 1152856.4582749013789 ], [ 2539425.115120462607592, 1152857.699101184960455 ], [ 2539424.028291318099946, 1152859.499913663137704 ], [ 2539424.300094632897526, 1152861.342614300781861 ], [ 2539427.081227355636656, 1152866.239457564661279 ], [ 2539432.367125927470624, 1152869.932638260768726 ], [ 2539435.203285740688443, 1152870.393202102743089 ], [ 2539434.211862169206142, 1152864.911341536091641 ] ] ] ] } },
{ "type": "Feature", "properties": { "osm_id": 593475030, "name": null, "type": "grass", "area": 1098 }, "geometry": { "type": "MultiPolygon", "coordinates": [ [ [ [ 2535573.183825140818954, 1158185.018454132601619 ], [ 2535583.927957338280976, 1158180.289519010577351 ], [ 2535587.080325380899012, 1158167.54871746734716 ], [ 2535589.697143896482885, 1158152.768095654901117 ], [ 2535576.141075605992228, 1158144.809097736142576 ], [ 2535564.219401515554637, 1158144.836984331719577 ], [ 2535553.883665004279464, 1158149.761680023279041 ], [ 2535550.636114781256765, 1158162.914858329342678 ], [ 2535563.121446751058102, 1158176.83300209697336 ], [ 2535573.183825140818954, 1158185.018454132601619 ] ] ] ] } },
{ "type": "Feature", "properties": { "osm_id": 609679106, "name": null, "type": "construction", "area": 697 }, "geometry": { "type": "MultiPolygon", "coordinates": [ [ [ [ 2537134.225331053603441, 1153907.589733742177486 ], [ 2537164.290740991011262, 1153897.125227147946134 ], [ 2537138.280816094949841, 1153874.295865592546761 ], [ 2537124.613281383179128, 1153879.119217483093962 ], [ 2537134.225331053603441, 1153907.589733742177486 ] ] ] ] } },
{ "type": "Feature", "properties": { "osm_id": 646793813, "name": null, "type": "commercial", "area": 9067 }, "geometry": { "type": "MultiPolygon", "coordinates": [ [ [ [ 2536713.455434775911272, 1152967.026000567479059 ], [ 2536668.528680323623121, 1152983.88606779021211 ], [ 2536640.500739559531212, 1152991.452177905011922 ], [ 2536588.076965935528278, 1153008.9922365329694 ], [ 2536548.095346673391759, 1153022.488107246346772 ], [ 2536528.541857588570565, 1153029.587272762553766 ], [ 2536518.541258149780333, 1153034.462187789613381 ], [ 2536520.428616569377482, 1153046.782306276028976 ], [ 2536647.90907878940925, 1153040.545293336501345 ], [ 2536660.015154081396759, 1153039.583875965792686 ], [ 2536715.037480209488422, 1153037.091950635425746 ], [ 2536739.242713122162968, 1153027.2207103704568 ], [ 2536713.455434775911272, 1152967.026000567479059 ] ] ] ] } },
{ "type": "Feature", "properties": { "osm_id": 647666441, "name": null, "type": "industrial", "area": 16764 }, "geometry": { "type": "MultiPolygon", "coordinates": [ [ [ [ 2538899.159339179750532, 1153574.676268577575684 ], [ 2538930.75877054547891, 1153576.545050013810396 ], [ 2538947.752235268708318, 1153564.332486980594695 ], [ 2538953.770244561135769, 1153557.045201829634607 ], [ 2538956.262601130176336, 1153549.371294359909371 ], [ 2538954.458839963655919, 1153541.752156649483368 ], [ 2538856.226829204242676, 1153447.599603832466528 ], [ 2538841.035281562246382, 1153435.592093126382679 ], [ 2538829.007877096068114, 1153429.1554354140535 ], [ 2538825.534943041391671, 1153425.66666731913574 ], [ 2538823.920454965904355, 1153419.324109601322562 ], [ 2538793.351088415365666, 1153398.146052082534879 ], [ 2538787.945814453065395, 1153398.545752192847431 ], [ 2538778.427768876776099, 1153390.649518798803911 ], [ 2538776.182743407320231, 1153389.449512009276077 ], [ 2538748.924431253690273, 1153402.567631714511663 ], [ 2538729.693503470625728, 1153417.338278189301491 ], [ 2538722.152595646679401, 1153424.252221395494416 ], [ 2538725.166783875320107, 1153426.389319317648187 ], [ 2538777.167065531015396, 1153470.983620637562126 ], [ 2538784.863408148754388, 1153483.089569925796241 ], [ 2538793.948507016059011, 1153496.704427132150158 ], [ 2538805.943422244396061, 1153509.000071635469794 ], [ 2538818.066172576509416, 1153509.743741401936859 ], [ 2538899.159339179750532, 1153574.676268577575684 ] ] ] ] } },
{ "type": "Feature", "properties": { "osm_id": 647666446, "name": null, "type": "industrial", "area": 9863 }, "geometry": { "type": "MultiPolygon", "coordinates": [ [ [ [ 2538965.598014346323907, 1153608.819773365044966 ], [ 2538982.905396116897464, 1153622.985059594968334 ], [ 2539021.845519286114722, 1153649.637657754821703 ], [ 2539043.906904262024909, 1153683.198717348044738 ], [ 2539077.507119498215616, 1153671.340548733249307 ], [ 2539105.46535484213382, 1153661.474133966723457 ], [ 2539104.100742233451456, 1153640.387665156042203 ], [ 2539096.874744663480669, 1153623.129318631254137 ], [ 2539093.157516614999622, 1153616.707954277051613 ], [ 2539090.326244650408626, 1153611.400439262855798 ], [ 2539075.532073964830488, 1153593.851987790782005 ], [ 2539054.359816477634013, 1153580.637246799422428 ], [ 2539048.635868335142732, 1153579.10556733305566 ], [ 2539042.5337451887317, 1153576.599423455540091 ], [ 2539013.442001442424953, 1153564.021041286410764 ], [ 2539006.650963631924242, 1153561.677566676633433 ], [ 2539002.327202382963151, 1153559.008886246476322 ], [ 2538993.288521446753293, 1153554.442588301375508 ], [ 2538965.598014346323907, 1153608.819773365044966 ] ] ] ] } },
{ "type": "Feature", "properties": { "osm_id": 647671842, "name": null, "type": "industrial", "area": 11381 }, "geometry": { "type": "MultiPolygon", "coordinates": [ [ [ [ 2538677.599898937158287, 1153193.781776144867763 ], [ 2538661.550745392218232, 1153198.581446113064885 ], [ 2538650.242372048553079, 1153213.782851156545803 ], [ 2538638.18860770855099, 1153275.450378947425634 ], [ 2538646.057210374623537, 1153309.633016851963475 ], [ 2538655.753749703522772, 1153334.981115952366963 ], [ 2538666.458020250312984, 1153361.341718515148386 ], [ 2538675.150292887352407, 1153375.516266885446385 ], [ 2538691.91612563142553, 1153381.592985141789541 ], [ 2538696.279443338047713, 1153380.592388408957049 ], [ 2538701.999563014134765, 1153385.481147570535541 ], [ 2538706.505206839181483, 1153383.389627401949838 ], [ 2538713.396461161319166, 1153393.26915785879828 ], [ 2538720.674016098491848, 1153394.384457722306252 ], [ 2538749.039698978886008, 1153379.253836930962279 ], [ 2538700.305677684955299, 1153280.374851861502975 ], [ 2538705.570230089128017, 1153260.154668196104467 ], [ 2538691.844315605703741, 1153227.176786457886919 ], [ 2538677.599898937158287, 1153193.781776144867763 ] ] ] ] } },
{ "type": "Feature", "properties": { "osm_id": 666394310, "name": null, "type": "commercial", "area": 59914 }, "geometry": { "type": "MultiPolygon", "coordinates": [ [ [ [ 2535842.737515484914184, 1152924.487140729557723 ], [ 2535850.348515492398292, 1152924.427140725310892 ], [ 2535850.768515492323786, 1152924.40714072319679 ], [ 2535862.638515503145754, 1152925.797140723094344 ], [ 2535869.848515510093421, 1152927.32714071823284 ], [ 2535899.818515536375344, 1152933.767140717012808 ], [ 2535907.128515542950481, 1152935.057140717050061 ], [ 2535907.138515540398657, 1152945.637140722246841 ], [ 2535907.138515540398657, 1152946.527140721911564 ], [ 2535907.14851553644985, 1152964.778140729758888 ], [ 2535907.168515535537153, 1152967.028140732320026 ], [ 2535907.158515532501042, 1152979.478140735067427 ], [ 2535919.849515544716269, 1152979.458140735514462 ], [ 2535935.349515559151769, 1152979.438140731770545 ], [ 2535943.859515567310154, 1152979.468140731099993 ], [ 2535943.859515566844493, 1152981.778140731388703 ], [ 2535943.869515562430024, 1153001.44914073869586 ], [ 2535943.079515561461449, 1153001.419140740996227 ], [ 2535943.169515560846776, 1153006.549140741117299 ], [ 2535943.199515560176224, 1153008.33914074045606 ], [ 2535943.309515560045838, 1153008.339140741853043 ], [ 2535943.51951555814594, 1153018.069140747189522 ], [ 2535943.639515558257699, 1153018.069140747189522 ], [ 2535943.7095155576244, 1153021.759140745969489 ], [ 2535943.869515555910766, 1153029.770140755921602 ], [ 2535940.719515552744269, 1153030.990140752866864 ], [ 2535933.869515545666218, 1153033.630140753695741 ], [ 2535933.599515545647591, 1153033.740140761015937 ], [ 2535931.379515543580055, 1153034.680140758864582 ], [ 2535931.389515542890877, 1153035.030140759190544 ], [ 2535932.199515534099191, 1153078.80114077986218 ], [ 2535919.489515522029251, 1153079.112140782410279 ], [ 2535905.299515508580953, 1153079.452140785520896 ], [ 2535905.919515503104776, 1153107.923140799161047 ], [ 2535905.969515501987189, 1153112.883140799589455 ], [ 2535904.919515499845147, 1153117.803140806034207 ], [ 2535904.60353295924142, 1153118.664238825440407 ], [ 2536044.998793588485569, 1153061.484762750798836 ], [ 2536093.456755112390965, 1153038.479125281330198 ], [ 2536227.78503547841683, 1152970.371119658928365 ], [ 2536261.371459434740245, 1152949.370156199671328 ], [ 2536272.862388755194843, 1152907.758981283288449 ], [ 2536263.056150793563575, 1152876.701553107937798 ], [ 2536256.52009258326143, 1152853.002368798246607 ], [ 2536244.624942364636809, 1152806.614312554709613 ], [ 2536137.170181196648628, 1152839.772862856741995 ], [ 2536134.758039157371968, 1152845.301502267131582 ], [ 2536136.806371896527708, 1152852.472544731106609 ], [ 2536143.654594094958156, 1152854.234097949694842 ], [ 2536154.431357437279075, 1152854.519799853442237 ], [ 2536151.591854746453464, 1152871.826062711887062 ], [ 2536115.200002545490861, 1152883.741379232844338 ], [ 2536107.86694953404367, 1152886.176189607707784 ], [ 2536100.612196230795234, 1152882.984884701203555 ], [ 2536097.37230367725715, 1152874.89268320100382 ], [ 2536101.89732780912891, 1152868.174255688441917 ], [ 2536103.52193480078131, 1152860.030323339626193 ], [ 2536101.099524764344096, 1152855.208994125248864 ], [ 2536093.696820889599621, 1152851.819161321269348 ], [ 2536027.333729930687696, 1152874.715215678326786 ], [ 2536012.432663828600198, 1152879.854374483926222 ], [ 2536005.089136693160981, 1152893.551124350866303 ], [ 2536003.584808086045086, 1152900.726609302219003 ], [ 2536002.768486467655748, 1152909.818038916215301 ], [ 2536005.616953172255307, 1152914.290159098105505 ], [ 2536010.650335348211229, 1152922.174220574786887 ], [ 2535990.174056193325669, 1152936.266554684145376 ], [ 2535975.853713734075427, 1152941.877658600220457 ], [ 2535965.443858947139233, 1152945.045810983981937 ], [ 2535951.006044914014637, 1152946.111299664247781 ], [ 2535909.545368174556643, 1152938.838061381131411 ], [ 2535909.953251354862005, 1152927.438600252382457 ], [ 2535916.249013836029917, 1152926.326437257695943 ], [ 2535920.455707543063909, 1152922.879716757219285 ], [ 2535932.915109913330525, 1152900.345739466371015 ], [ 2535932.593026296701282, 1152882.372692892793566 ], [ 2535888.823490113019943, 1152880.260348537703976 ], [ 2535867.772147811483592, 1152877.127604627981782 ], [ 2535865.301255722995847, 1152891.506258603883907 ], [ 2535843.10591345699504, 1152886.873875053599477 ], [ 2535828.925356120802462, 1152892.639476823154837 ], [ 2535840.964569962117821, 1152924.505608889041469 ], [ 2535842.737515484914184, 1152924.487140729557723 ] ] ] ] } },
{ "type": "Feature", "properties": { "osm_id": 666394326, "name": null, "type": "residential", "area": 1504 }, "geometry": { "type": "MultiPolygon", "coordinates": [ [ [ [ 2535759.397515416145325, 1152882.527140724705532 ], [ 2535759.807515416294336, 1152882.927140721352771 ], [ 2535790.09751543821767, 1152912.688140735030174 ], [ 2535800.797515445854515, 1152923.208140733651817 ], [ 2535804.707515448331833, 1152927.048140732804313 ], [ 2535806.513637405820191, 1152928.800896974047646 ], [ 2535816.29383942252025, 1152924.169312705518678 ], [ 2535818.61754838982597, 1152919.730970495147631 ], [ 2535808.32684332318604, 1152895.260805753292516 ], [ 2535800.685817470308393, 1152881.067976334830746 ], [ 2535793.026993068866432, 1152876.702936320565641 ], [ 2535781.190769440494478, 1152875.651001987513155 ], [ 2535769.00375223858282, 1152878.393800258403644 ], [ 2535759.091830232180655, 1152882.226641067769378 ], [ 2535759.397515416145325, 1152882.527140724705532 ] ] ] ] } },
{ "type": "Feature", "properties": { "osm_id": 669427943, "name": null, "type": "industrial", "area": 1237 }, "geometry": { "type": "MultiPolygon", "coordinates": [ [ [ [ 2534797.914545947685838, 1152404.142611021175981 ], [ 2534828.184845814947039, 1152405.148317595943809 ], [ 2534829.081985347904265, 1152373.943725718418136 ], [ 2534826.843601021450013, 1152367.097571541322395 ], [ 2534817.032184559851885, 1152363.924411885207519 ], [ 2534800.971689004916698, 1152363.376019930234179 ], [ 2534796.26509004784748, 1152365.995159023907036 ], [ 2534796.243250663857907, 1152373.177107375813648 ], [ 2534798.459355668630451, 1152377.966810216195881 ], [ 2534797.914545947685838, 1152404.142611021175981 ] ] ] ] } },
{ "type": "Feature", "properties": { "osm_id": 670653593, "name": "Chantier centre administratif ECA", "type": "construction", "area": 12245 }, "geometry": { "type": "MultiPolygon", "coordinates": [ [ [ [ 2536767.108546112198383, 1154891.432372746989131 ], [ 2536796.621383983641863, 1154845.018842734862119 ], [ 2536838.80402105441317, 1154729.712516303639859 ], [ 2536830.120948079973459, 1154727.591506354743615 ], [ 2536775.78966512857005, 1154720.659022508421913 ], [ 2536746.831869928631932, 1154722.209005141165107 ], [ 2536721.011996557936072, 1154862.879747750470415 ], [ 2536723.791289687622339, 1154864.562514473916963 ], [ 2536767.108546112198383, 1154891.432372746989131 ] ] ] ] } }
]
}
